"Common_name","Scientific_name","Family_description","Family","Order","Sex","all_color"
"Abbott's Starling","Cinnyricinclus_femoralis","Starlings","Sturnidae","Passeriformes","M","brownish gray, dark gray, gray, medium cream, medium yellow-buff"
"Abert's Towhee","Pipilo_aberti","Buntings, American sparrows and allies","Emberizidae","Passeriformes","F","brownish gray, dark yellow-buff, medium-dark orange-buff, medium-dark rufous, medium-dark yellow-buff"
"Abert's Towhee","Pipilo_aberti","Buntings, American sparrows and allies","Emberizidae","Passeriformes","M","brownish gray, medium-dark rufous, medium-dark yellow-buff"
"Abyssinian Citril","Serinus_citrinelloides","Finches and Hawaiian honeycreepers","Fringillidae","Passeriformes","F","very pale cream, very pale orange-buff"
"Abyssinian Citril","Serinus_citrinelloides","Finches and Hawaiian honeycreepers","Fringillidae","Passeriformes","M","very pale cream, very pale orange-buff"
"Abyssinian Crimson-wing","Cryptospiza_salvadorii","Waxbills, grass finches, munias and allies","Estrildidae","Passeriformes","F","dark maroon, medium pinkish buff, medium red-brown, medium tan, medium-dark brown, medium-dark orange-buff, medium-dark rufous, pale buff, pale orange-buff, very pale buff, very pale cream, very pale orange-buff"
"Abyssinian Crimson-wing","Cryptospiza_salvadorii","Waxbills, grass finches, munias and allies","Estrildidae","Passeriformes","M","black, dark rufous, dark yellow-buff, medium buff, medium orange-buff, medium red-brown, medium tan, medium-dark red-brown, medium-dark rufous, pale buff, pale orange-buff, very pale buff, very pale cream"
"Acadian Flycatcher","Empidonax_virescens","Tyrant-flycatchers","Tyrannidae","Passeriformes","F","brownish gray, dark yellow-buff, gray, medium cream, medium yellow-buff, medium-dark yellow-buff, olive-gray, pale gray"
"Acorn Woodpecker","Melanerpes_formicivorus","Woodpeckers","Picidae","Piciformes","F","black, brownish gray, dark brown, dark gray, gray, medium cream, medium green, medium yellow-buff, medium-dark green, olive-gray"
"Adelaide's Warbler","Dendroica_adelaidae","New World warblers","Parulidae","Passeriformes","M","black, brownish gray, dark gray, gray, medium cream, medium yellow-buff, medium-dark yellow-buff, pale cream, pale gray, very dark yellow-buff"
"Adelie Penguin","Pygoscelis_adeliae","Penguins","Spheniscidae","Sphenisciformes","M","brownish gray, dark gray, gray, pale cream"
"African Firefinch","Lagonosticta_rubricata","Waxbills, grass finches, munias and allies","Estrildidae","Passeriformes","F","medium buff, medium orange-buff, medium pinkish buff, medium red-brown, medium tan, medium-dark brown, pale buff, pale pinkish buff, very pale buff, very pale orange-buff"
"African Firefinch","Lagonosticta_rubricata","Waxbills, grass finches, munias and allies","Estrildidae","Passeriformes","M","medium buff, medium pinkish buff, medium red-brown, medium tan, medium-dark brown, medium-dark red-brown, pale buff, pale orange-buff, pale pinkish buff, very pale buff, very pale orange-buff"
"African Olive-pigeon","Columba_arquatrix","Doves and pigeons","Columbidae","Columbiformes","M","brownish gray, dark gray, gray, pale gray"
"African Paradise-flycatcher","Terpsiphone_viridis","Monarchs","Monarchidae","Passeriformes","M","blue, brownish gray, dark blue, dark gray, dark rufous, gray, medium-dark orange-buff, medium-dark rufous, pale gray"
"African Pied Starling","Spreo_bicolor","Starlings","Sturnidae","Passeriformes","M","brownish gray, gray, medium cream, medium green, medium yellow-buff, medium-dark brown, medium-dark orange-buff, medium-dark rufous, medium-dark yellow-buff, olive-gray, pale cream"
"African Pygmy-goose","Nettapus_auritus","Ducks, geese and swans","Anatidae","Anseriformes","M","black, dark gray, dark olive, gray, medium green, medium orange-buff, medium-dark olive, medium-dark orange-buff, olive-gray, pale gray"
"African Pygmy-kingfisher","Ceyx_pictus","Kingfishers","Alcedinidae","Coraciiformes","M","dark purple, gray, medium cream, medium tan, medium yellow-buff, medium-dark dark purple"
"African River-martin","Pseudochelidon_eurystomina","Swallows and martins","Hirundinidae","Passeriformes","F","black, dark gray, gray"
"African River-martin","Pseudochelidon_eurystomina","Swallows and martins","Hirundinidae","Passeriformes","M","black, dark gray, gray"
"African Silverbill","Lonchura_cantans","Waxbills, grass finches, munias and allies","Estrildidae","Passeriformes","F","medium buff, medium pinkish buff, medium red-brown, medium tan, medium-dark maroon, pale buff, pale orange-buff, pale pinkish buff, very pale buff, very pale cream, very pale orange-buff"
"African Silverbill","Lonchura_cantans","Waxbills, grass finches, munias and allies","Estrildidae","Passeriformes","M","medium pinkish buff, medium red-brown, medium tan, medium-dark brown, medium-dark maroon, pale buff, pale orange-buff, very pale buff, very pale cream, very pale orange-buff"
"African Thrush","Turdus_pelios","Thrushes","Turdidae","Passeriformes","M","brownish gray, gray, medium cream, medium yellow-buff, medium-dark yellow-buff"
"African Yellow White-eye","Zosterops_senegalensis","White-eyes","Zosteropidae","Passeriformes","M","brownish gray, gray, medium cream, medium yellow-buff, medium-dark yellow-buff, pale cream"
"Agami Heron","Agamia_agami","Herons and egrets","Ardeidae","Pelecaniformes","M","black, brownish gray, dark brown, dark gray, dark rufous, gray, medium yellow-buff, olive-gray"
"Agami Heron","Agamia_agami","Herons and egrets","Ardeidae","Pelecaniformes",NA,"black, brownish gray, dark brown, dark gray, dark olive, dark rufous, gray, olive-gray"
"Akekee","Loxops_caeruleirostris","Finches and Hawaiian honeycreepers","Fringillidae","Passeriformes","M","gray, medium yellow-buff, medium-dark yellow-buff"
"Akepa","Loxops_coccineus","Finches and Hawaiian honeycreepers","Fringillidae","Passeriformes","M","brownish gray, dark brown, dark yellow-buff, medium yellow-buff, medium-dark brown, medium-dark orange-buff, medium-dark rufous, medium-dark yellow-buff"
"Alder Flycatcher","Empidonax_alnorum","Tyrant-flycatchers","Tyrannidae","Passeriformes","F","black, brownish gray, dark gray, dark yellow-buff, gray, medium cream, medium yellow-buff, medium-dark yellow-buff"
"Allen's Hummingbird","Selasphorus_sasin","Hummingbirds","Trochilidae","Apodiformes","F","brownish gray, gray, medium tan, medium yellow-buff, medium-dark brown, medium-dark orange-buff, medium-dark rufous, medium-dark yellow-buff"
"Allen's Hummingbird","Selasphorus_sasin","Hummingbirds","Trochilidae","Apodiformes","M","brownish gray, gray, medium cream, medium orange-buff, medium tan, medium yellow-buff, medium-dark brown, medium-dark orange-buff, medium-dark rufous, medium-dark yellow-buff"
"Alpine Citril Finch","Carduelis_citrinella","Finches and Hawaiian honeycreepers","Fringillidae","Passeriformes","F","very pale cream, very pale orange-buff"
"Alpine Citril Finch","Carduelis_citrinella","Finches and Hawaiian honeycreepers","Fringillidae","Passeriformes","M","brownish gray, dark yellow-buff, gray, medium cream, medium yellow-buff, medium-dark yellow-buff, very dark yellow-buff, very pale cream, very pale orange-buff"
"Alpine Munia","Lonchura_monticola","Waxbills, grass finches, munias and allies","Estrildidae","Passeriformes",NA,"dark maroon, gray, pale buff, very pale buff, very pale cream, very pale orange-buff"
"Altamira Oriole","Icterus_gularis","New World blackbirds","Icteridae","Passeriformes","F","dark gray, gray, medium yellow-buff, medium-dark yellow-buff"
"Altamira Oriole","Icterus_gularis","New World blackbirds","Icteridae","Passeriformes","M","dark gray, medium yellow-buff"
"Amazilia Hummingbird","Amazilia_amazilia","Hummingbirds","Trochilidae","Apodiformes","M","brownish gray, gray, medium yellow-buff, medium-dark green, medium-dark orange-buff, medium-dark yellow-buff"
"Amazon Kingfisher","Chloroceryle_amazona","Kingfishers","Alcedinidae","Coraciiformes","F","black, dark gray, gray, medium-dark green, medium-dark olive, medium-dark yellow-buff, olive-gray, pale gray"
"Amazon Kingfisher","Chloroceryle_amazona","Kingfishers","Alcedinidae","Coraciiformes","M","black, dark gray, dark olive, dark rufous, gray, medium-dark green, medium-dark olive, medium-dark rufous, medium-dark yellow-buff, olive-gray, pale gray"
"Amazonian Antshrike","Thamnophilus_amazonicus","Antbirds","Thamnophilidae","Passeriformes","F","brownish gray, dark gray, dark rufous, dark yellow-buff, gray, medium cream, medium yellow-buff, medium-dark orange-buff, medium-dark rufous, pale gray"
"Amazonian Antshrike","Thamnophilus_amazonicus","Antbirds","Thamnophilidae","Passeriformes","M","black, dark gray, gray, pale gray"
"Amazonian Barred Woodcreeper","Dendrocolaptes_certhia","Woodcreepers","Dendrocolaptidae","Passeriformes","F","brownish gray, dark gray, dark rufous, dark yellow-buff, gray, medium yellow-buff, medium-dark rufous, medium-dark yellow-buff"
"Amazonian Barred Woodcreeper","Dendrocolaptes_certhia","Woodcreepers","Dendrocolaptidae","Passeriformes","M","brownish gray, dark rufous, dark yellow-buff, gray, medium yellow-buff, medium-dark rufous, medium-dark yellow-buff"
"Amazonian Royal Flycatcher","Onychorhynchus_coronatus","Tyrant-flycatchers","Tyrannidae","Passeriformes","F","black, brownish gray, dark brown, dark gray, dark rufous, dark yellow-buff, gray, medium yellow-buff, medium-dark brown, medium-dark rufous, medium-dark yellow-buff"
"Amazonian Royal Flycatcher","Onychorhynchus_coronatus","Tyrant-flycatchers","Tyrannidae","Passeriformes","M","brownish gray, dark brown, dark gray, dark rufous, dark yellow-buff, gray, medium yellow-buff, medium-dark rufous, medium-dark yellow-buff"
"Amazonian Umbrellabird","Cephalopterus_ornatus","Cotingas","Cotingidae","Passeriformes","F","black, blue, brownish gray, dark blue, dark gray"
"Amazonian Umbrellabird","Cephalopterus_ornatus","Cotingas","Cotingidae","Passeriformes","M","black, blue, dark blue, dark gray, gray"
"American Black Duck","Anas_rubripes","Ducks, geese and swans","Anatidae","Anseriformes","F","blue, brownish gray, dark blue, dark gray, gray, medium yellow-buff, medium-dark rufous, medium-dark yellow-buff"
"American Crow","Corvus_brachyrhynchos","Crows and jays","Corvidae","Passeriformes","F","black, brownish gray, dark gray, gray"
"American Dipper","Cinclus_mexicanus","Dippers","Cinclidae","Passeriformes","F","brownish gray, gray"
"American Dusky Flycatcher","Empidonax_oberholseri","Tyrant-flycatchers","Tyrannidae","Passeriformes","F","brownish gray, dark gray, gray, medium cream, medium yellow-buff, medium-dark yellow-buff"
"American Flamingo","Phoenicopterus_ruber","Flamingos","Phoenicopteridae","Phoenicopteriformes","M","dark gray, gray, medium buff, medium cream, medium orange-buff, medium tan, pale cream"
"American Golden Plover","Pluvialis_dominica","Plovers","Charadriidae","Charadriiformes","F","brownish gray, dark gray, dark yellow-buff, gray, medium-dark yellow-buff"
"American Goldfinch","Carduelis_tristis","Finches and Hawaiian honeycreepers","Fringillidae","Passeriformes","F","black, brownish gray, dark gray, dark yellow-buff, gray, medium cream, medium yellow-buff, medium-dark yellow-buff, pale cream, very pale cream, very pale orange-buff"
"American Goldfinch","Carduelis_tristis","Finches and Hawaiian honeycreepers","Fringillidae","Passeriformes","M","dark blue, gray, medium cream, olive-gray, pale gray, very pale cream, very pale green, very pale orange-buff"
"American Kestrel","Falco_sparverius","Falcons and caracaras","Falconidae","Falconiformes","F","brownish gray, dark gray, dark rufous, gray, medium yellow-buff, medium-dark orange-buff, medium-dark rufous, medium-dark yellow-buff"
"American Oystercatcher","Haematopus_palliatus","Oystercatchers","Haematopodidae","Charadriiformes","F","brownish gray, dark gray, gray, pale gray"
"American Pipit","Anthus_rubescens","Wagtails and pipits","Motacillidae","Passeriformes","F","black, brownish gray, dark gray, gray, medium yellow-buff, medium-dark yellow-buff"
"American Pygmy Kingfisher","Chloroceryle_aenea","Kingfishers","Alcedinidae","Coraciiformes","F","brownish gray, dark gray, dark rufous, gray, medium yellow-buff, medium-dark olive, medium-dark orange-buff, medium-dark rufous, medium-dark yellow-buff, olive-gray, very dark rufous"
"American Pygmy Kingfisher","Chloroceryle_aenea","Kingfishers","Alcedinidae","Coraciiformes","M","black, brownish gray, dark brown, dark gray, dark rufous, gray, medium yellow-buff, medium-dark olive, medium-dark orange-buff, medium-dark rufous, medium-dark yellow-buff, olive-gray, pale cream"
"American Redstart","Setophaga_ruticilla","New World warblers","Parulidae","Passeriformes","F","black, brownish gray, dark gray, dark yellow-buff, gray, medium cream, medium orange-buff, medium yellow-buff, medium-dark orange-buff, medium-dark yellow-buff, pale cream, pale orange-buff"
"American Redstart","Setophaga_ruticilla","New World warblers","Parulidae","Passeriformes","M","black, brownish gray, dark gray, gray, medium cream, medium orange-buff, medium yellow-buff, medium-dark orange-buff, pale cream"
"American Robin","Turdus_migratorius","Thrushes","Turdidae","Passeriformes","F","black, brownish gray, dark gray, dark rufous, gray, medium orange-buff, medium yellow-buff, medium-dark orange-buff, medium-dark rufous, medium-dark yellow-buff"
"American Swallow-tailed Kite","Elanoides_forficatus","Osprey, kites, hawks and eagles","Accipitridae","Accipitriformes","F","brownish gray, gray"
"American Swallow-tailed Kite","Elanoides_forficatus","Osprey, kites, hawks and eagles","Accipitridae","Accipitriformes","M","dark gray, gray"
"American Swallow-tailed Kite","Elanoides_forficatus","Osprey, kites, hawks and eagles","Accipitridae","Accipitriformes",NA,"brownish gray, dark gray, gray, pale cream, pale gray"
"American Tree Sparrow","Spizella_arborea","Buntings, American sparrows and allies","Emberizidae","Passeriformes","F","black, brownish gray, dark brown, dark gray, dark rufous, dark yellow-buff, gray, medium-dark rufous, medium-dark yellow-buff, very dark rufous"
"American Treecreeper","Certhia_americana","Treecreepers","Certhiidae","Passeriformes","F","brownish gray, gray, medium yellow-buff, medium-dark orange-buff, medium-dark rufous, medium-dark yellow-buff, pale gray"
"American Treecreeper","Certhia_americana","Treecreepers","Certhiidae","Passeriformes","M","brownish gray, dark rufous, dark yellow-buff, gray, medium yellow-buff, medium-dark orange-buff, medium-dark rufous, medium-dark yellow-buff, pale gray"
"American White Pelican","Pelecanus_erythrorhynchos","Pelicans","Pelecanidae","Pelecaniformes",NA,"gray"
"American Wigeon","Anas_americana","Ducks, geese and swans","Anatidae","Anseriformes","F","brownish gray, dark gray, dark olive, dark yellow-buff, gray, medium yellow-buff, medium-dark green, medium-dark olive, medium-dark yellow-buff, olive-gray, pale gray"
"American Woodcock","Scolopax_minor","Sandpipers and allies","Scolopacidae","Charadriiformes","F","black, brownish gray, dark gray, dark rufous, dark yellow-buff, gray, medium yellow-buff, medium-dark orange-buff, medium-dark rufous, medium-dark yellow-buff"
"Amethyst Woodstar","Calliphlox_amethystina","Hummingbirds","Trochilidae","Apodiformes","F","brownish gray, dark gray, dark yellow-buff, gray, medium-dark orange-buff, medium-dark red-brown, medium-dark rufous, medium-dark yellow-buff"
"Amethyst Woodstar","Calliphlox_amethystina","Hummingbirds","Trochilidae","Apodiformes","M","brownish gray, dark gray, dark yellow-buff, gray, medium purple, medium red-brown, medium yellow-buff, medium-dark dark purple, medium-dark olive, medium-dark red-brown, medium-dark yellow-buff"
"Amethyst-throated Sunangel","Heliangelus_amethysticollis","Hummingbirds","Trochilidae","Apodiformes","M","brownish gray, dark gray, medium cream, medium-dark green, medium-dark olive, medium-dark yellow-buff"
"Amethyst-throated Sunangel","Heliangelus_amethysticollis","Hummingbirds","Trochilidae","Apodiformes",NA,"brownish gray, medium-dark olive, medium-dark yellow-buff, pale gray"
"Anambra Waxbill","Estrilda_poliopareia","Waxbills, grass finches, munias and allies","Estrildidae","Passeriformes","F","medium buff, medium orange-buff, medium tan, medium-dark orange-buff, medium-dark yellow-buff, pale cream, pale orange-buff, very pale buff, very pale cream, very pale orange-buff"
"Anambra Waxbill","Estrilda_poliopareia","Waxbills, grass finches, munias and allies","Estrildidae","Passeriformes","M","medium cream, medium tan, medium yellow-buff, medium-dark orange-buff, medium-dark rufous, medium-dark yellow-buff, pale buff, pale cream, very pale buff, very pale cream, very pale orange-buff"
"Ancient Murrelet","Synthliboramphus_antiquus","Auks","Alcidae","Charadriiformes","F","black, brownish gray, dark gray, gray, pale gray"
"Andaman Crake","Rallina_canningi","Rails, crakes and allies","Rallidae","Gruiformes","M","brownish gray, dark brown, dark gray, dark rufous, gray"
"Andaman Drongo","Dicrurus_andamanensis","Drongos","Dicruridae","Passeriformes","M","brownish gray, dark gray, gray"
"Andaman Hawk-owl","Ninox_affinis","Owls","Strigidae","Strigiformes","M","brownish gray, gray, medium-dark orange-buff, medium-dark rufous"
"Andaman Serpent-eagle","Spilornis_elgini","Osprey, kites, hawks and eagles","Accipitridae","Accipitriformes","M","brownish gray, dark gray, gray"
"Andean Cock-of-the-rock","Rupicola_peruvianus","Cotingas","Cotingidae","Passeriformes","F","black, brownish gray, dark brown, dark gray, dark rufous, gray, medium-dark brown, medium-dark orange-buff, medium-dark rufous, very dark rufous, very dark yellow-buff"
"Andean Cock-of-the-rock","Rupicola_peruvianus","Cotingas","Cotingidae","Passeriformes","M","black, brownish gray, dark brown, dark rufous, gray, medium-dark brown, medium-dark orange-buff, medium-dark rufous"
"Andean Emerald","Amazilia_franciae","Hummingbirds","Trochilidae","Apodiformes","M","gray, medium yellow-buff, medium-dark green, medium-dark yellow-buff, pale cream, pale gray, very pale cream"
"Andean Siskin","Carduelis_spinescens","Finches and Hawaiian honeycreepers","Fringillidae","Passeriformes","F","pale buff, very pale buff, very pale cream, very pale orange-buff"
"Andean Siskin","Carduelis_spinescens","Finches and Hawaiian honeycreepers","Fringillidae","Passeriformes","M","gray, medium tan, pale buff, very pale buff, very pale cream, very pale orange-buff"
"Anhinga","Anhinga_anhinga","Anhingas","Anhingidae","Suliformes","F","black, brownish gray, dark gray, dark rufous, dark yellow-buff, gray, medium yellow-buff, medium-dark yellow-buff, pale cream"
"Anhinga","Anhinga_anhinga","Anhingas","Anhingidae","Suliformes","M","black, brownish gray, dark gray, gray, medium yellow-buff, medium-dark yellow-buff"
"Anjouan Sunbird","Nectarinia_comorensis","Sunbirds","Nectariniidae","Passeriformes","F","brownish gray, dark gray, gray, medium yellow-buff"
"Anjouan Sunbird","Nectarinia_comorensis","Sunbirds","Nectariniidae","Passeriformes","M","black, blue, brownish gray, dark brown, dark gray, light blue, medium-dark rufous, pale green"
"Anna's Hummingbird","Calypte_anna","Hummingbirds","Trochilidae","Apodiformes","F","black, blue, brownish gray, dark brown, dark gray, dark maroon, dark yellow-buff, gray, medium green, medium-dark brown, medium-dark green, medium-dark maroon, medium-dark red-brown, medium-dark rufous, medium-dark yellow-buff"
"Antarctic Petrel","Thalassoica_antarctica","Petrels and shearwaters","Procellariidae","Procellariiformes","M","brownish gray, gray, pale cream"
"Antarctic Prion","Pachyptila_desolata","Petrels and shearwaters","Procellariidae","Procellariiformes","M","gray, pale gray"
"Antillean Siskin","Carduelis_dominicensis","Finches and Hawaiian honeycreepers","Fringillidae","Passeriformes","F","very pale cream, very pale orange-buff"
"Antillean Siskin","Carduelis_dominicensis","Finches and Hawaiian honeycreepers","Fringillidae","Passeriformes","M","gray, medium yellow-buff, pale gray, very pale cream, very pale orange-buff"
"Apapane","Himatione_sanguinea","Finches and Hawaiian honeycreepers","Fringillidae","Passeriformes","F","dark brown, medium-dark brown"
"Apapane","Himatione_sanguinea","Finches and Hawaiian honeycreepers","Fringillidae","Passeriformes","M","dark brown, medium-dark brown"
"Apostlebird","Struthidea_cinerea","Australian mudnesters","Corcoracidae","Passeriformes","F","brownish gray, dark gray, gray"
"Aquatic Warbler","Acrocephalus_paludicola","Old World warblers","Sylviidae","Passeriformes","F","brownish gray, dark gray, dark yellow-buff, medium cream, medium yellow-buff, medium-dark yellow-buff"
"Aquatic Warbler","Acrocephalus_paludicola","Old World warblers","Sylviidae","Passeriformes","M","black, brownish gray, dark gray, gray, medium yellow-buff, medium-dark yellow-buff"
"Arabian Waxbill","Estrilda_rufibarba","Waxbills, grass finches, munias and allies","Estrildidae","Passeriformes","F","dark brown, gray, medium buff, medium orange-buff, medium pinkish buff, medium red-brown, medium tan, medium-dark brown, medium-dark maroon, medium-dark red-brown, medium-dark rufous, pale buff, pale orange-buff, very pale buff, very pale cream, very pale orange-buff"
"Arabian Waxbill","Estrilda_rufibarba","Waxbills, grass finches, munias and allies","Estrildidae","Passeriformes","M","dark brown, dark maroon, gray, medium orange-buff, medium red-brown, medium tan, medium-dark brown, medium-dark red-brown, pale buff, pale orange-buff, very pale buff, very pale cream, very pale orange-buff"
"Archer's Robin-chat","Cossypha_archeri","Chats and Old World flycatchers","Muscicapidae","Passeriformes","F","black, brownish gray, dark rufous, dark yellow-buff, gray, medium-dark rufous, medium-dark yellow-buff, very dark rufous, very dark yellow-buff"
"Arctic Loon","Gavia_arctica","Loons or divers","Gaviidae","Gaviiformes","F","black, brownish gray, dark gray, gray, pale gray"
"Arctic Tern","Sterna_paradisaea","Gulls and terns","Laridae","Charadriiformes","F","black, dark gray, gray, pale gray"
"Arctic Warbler","Phylloscopus_borealis","Old World warblers","Sylviidae","Passeriformes","F","brownish gray, dark yellow-buff, gray, medium cream, medium yellow-buff"
"Arctic Warbler","Phylloscopus_borealis","Old World warblers","Sylviidae","Passeriformes","M","brownish gray, gray"
"Ash-breasted Sierra-finch","Phrygilus_plebejus","Buntings, American sparrows and allies","Emberizidae","Passeriformes","M","brownish gray, dark gray, gray"
"Ash-throated Flycatcher","Myiarchus_cinerascens","Tyrant-flycatchers","Tyrannidae","Passeriformes","F","brownish gray, gray, medium cream, medium orange-buff, medium yellow-buff, medium-dark yellow-buff, pale cream"
"Ash-throated Gnateater","Conopophaga_peruviana","Gnateaters","Conopophagidae","Passeriformes","F","black, brownish gray, dark gray, dark rufous, dark yellow-buff, gray, medium yellow-buff, medium-dark yellow-buff, very dark rufous"
"Ash-throated Gnateater","Conopophaga_peruviana","Gnateaters","Conopophagidae","Passeriformes","M","black, brownish gray, dark yellow-buff, gray, medium yellow-buff, medium-dark yellow-buff, pale gray"
"Ashy Flycatcher","Muscicapa_caerulescens","Chats and Old World flycatchers","Muscicapidae","Passeriformes","F","gray"
"Ashy Flycatcher","Muscicapa_caerulescens","Chats and Old World flycatchers","Muscicapidae","Passeriformes","M","gray"
"Ashy Starling","Cosmopsarus_unicolor","Starlings","Sturnidae","Passeriformes","M","brownish gray, gray, medium-dark yellow-buff, olive-gray"
"Ashy-crowned Sparrow-lark","Eremopterix_griseus","Larks","Alaudidae","Passeriformes","M","brownish gray, gray, medium yellow-buff, medium-dark yellow-buff"
"Asian Dollarbird","Eurystomus_orientalis","Rollers","Coraciidae","Coraciiformes","M","blue, dark gray, dark purple, gray, medium green, medium-dark green, medium-dark olive, olive-gray"
"Asian Glossy Starling","Aplonis_panayensis","Starlings","Sturnidae","Passeriformes","M","brownish gray, dark gray, gray, medium-dark green, olive-gray"
"Asian Green Broadbill","Calyptomena_viridis","Broadbills","Eurylaimidae","Passeriformes","M","dark gray, medium green, medium-dark green, medium-dark olive"
"Asian Koel","Eudynamys_scolopaceus","Cuckoos","Cuculidae","Cuculiformes","F","blue, brownish gray, dark blue, dark gray, gray, medium yellow-buff, medium-dark yellow-buff"
"Asian Paradise-flycatcher","Terpsiphone_paradisi","Monarchs","Monarchidae","Passeriformes","M","brownish gray, dark gray, gray, medium-dark orange-buff, medium-dark rufous"
"Asian Rosy-finch","Leucosticte_arctoa","Finches and Hawaiian honeycreepers","Fringillidae","Passeriformes","F","brownish gray, dark brown, dark gray, dark rufous, gray, medium-dark brown, medium-dark orange-buff, medium-dark rufous"
"Atlantic Puffin","Fratercula_arctica","Auks","Alcidae","Charadriiformes","F","brownish gray, dark gray, gray, pale gray"
"Auckland Islands Teal","Anas_aucklandica","Ducks, geese and swans","Anatidae","Anseriformes","M","brownish gray, dark rufous, gray, medium-dark rufous, medium-dark yellow-buff"
"Audubon's Oriole","Icterus_graduacauda","New World blackbirds","Icteridae","Passeriformes","F","gray, medium cream, medium yellow-buff, medium-dark yellow-buff, pale cream"
"Audubon's Oriole","Icterus_graduacauda","New World blackbirds","Icteridae","Passeriformes","M","gray, medium cream, medium yellow-buff, medium-dark yellow-buff, pale cream"
"Audubon's Shearwater","Puffinus_lherminieri","Petrels and shearwaters","Procellariidae","Procellariiformes","M","dark gray, gray"
"Australasian Bittern","Botaurus_poiciloptilus","Herons and egrets","Ardeidae","Pelecaniformes","M","brownish gray, dark gray, gray, medium yellow-buff, medium-dark yellow-buff"
"Australasian Gannet","Morus_serrator","Gannets and boobies","Sulidae","Suliformes","M","gray, medium cream, medium yellow-buff, pale cream"
"Australasian Grebe","Tachybaptus_novaehollandiae","Grebes","Podicipedidae","Podicipediformes","F","black, brownish gray, dark gray, gray, pale gray"
"Australasian Pipit","Anthus_novaeseelandiae","Wagtails and pipits","Motacillidae","Passeriformes","F","brownish gray, dark gray, dark yellow-buff, gray, medium cream, medium-dark yellow-buff, pale gray"
"Australasian Shoveler","Anas_rhynchotis","Ducks, geese and swans","Anatidae","Anseriformes","F","black, blue, brownish gray, dark gray, dark rufous, dark yellow-buff, gray, medium yellow-buff, medium-dark orange-buff, medium-dark rufous, medium-dark yellow-buff, olive-gray"
"Australian Brush-turkey","Alectura_lathami","Megapodes","Megapodiidae","Galliformes","F","brownish gray, dark gray, gray, medium-dark yellow-buff"
"Australian King-parrot","Alisterus_scapularis","Parrots","Psittacidae","Psittaciformes","F","dark brown, dark gray, dark olive, dark yellow-buff, gray, medium green, medium-dark brown, medium-dark green, medium-dark olive, medium-dark rufous, medium-dark yellow-buff, olive-gray, very dark olive"
"Australian Logrunner","Orthonyx_temminckii","Logrunners","Orthonychidae","Passeriformes","F","black, brownish gray, dark gray, dark rufous, dark yellow-buff, gray, medium-dark rufous, medium-dark yellow-buff, very dark yellow-buff"
"Australian Magpie","Gymnorhina_tibicen","Butcherbirds","Cracticidae","Passeriformes","F","black, dark gray, gray, pale gray"
"Australian Pratincole","Stiltia_isabella","Coursers and pratincoles","Glareolidae","Charadriiformes","F","brownish gray, dark gray, dark rufous, dark yellow-buff, gray, medium-dark rufous, medium-dark yellow-buff"
"Australian Raven","Corvus_coronoides","Crows and jays","Corvidae","Passeriformes","F","black, blue, dark gray, gray"
"Australian Reed-warbler","Acrocephalus_australis","Old World warblers","Sylviidae","Passeriformes","M","brownish gray, dark yellow-buff, gray, medium cream, medium yellow-buff, medium-dark yellow-buff"
"Australian Wood Duck","Chenonetta_jubata","Ducks, geese and swans","Anatidae","Anseriformes","F","black, brownish gray, dark gray, gray, pale gray"
"Azure Kingfisher","Alcedo_azurea","Kingfishers","Alcedinidae","Coraciiformes","M","blue, medium yellow-buff, medium-dark brown, medium-dark rufous, medium-dark yellow-buff"
"Azure-breasted Pitta","Pitta_steerii","Pittas","Pittidae","Passeriformes","F","dark gray, gray, light blue, medium green, medium-dark green, medium-dark olive, medium-dark orange-buff, medium-dark rufous"
"Azure-breasted Pitta","Pitta_steerii","Pittas","Pittidae","Passeriformes","M","black, dark gray, gray, light blue, medium green, medium-dark brown, medium-dark olive, medium-dark rufous, medium-dark yellow-buff, pale gray, pale green"
"Azure-rumped Tanager","Tangara_cabanisi","Tanagers","Thraupidae","Passeriformes",NA,"dark gray, gray, medium cream, medium green, medium yellow-buff, medium-dark yellow-buff, olive-gray, pale green"
"Azure-shouldered Tanager","Thraupis_cyanoptera","Tanagers","Thraupidae","Passeriformes","M","blue, brownish gray, dark gray, dark olive, gray, medium-dark green, medium-dark olive, medium-dark yellow-buff, olive-gray"
"Babbling Starling","Neocichla_gutturalis","Starlings","Sturnidae","Passeriformes","M","brownish gray, dark gray, gray, medium cream, medium yellow-buff, medium-dark yellow-buff, pale cream, pale gray"
"Bachman's Sparrow","Aimophila_aestivalis","Buntings, American sparrows and allies","Emberizidae","Passeriformes","F","dark rufous, gray, medium-dark yellow-buff"
"Bachman's Sparrow","Aimophila_aestivalis","Buntings, American sparrows and allies","Emberizidae","Passeriformes","M","brownish gray, dark rufous, gray, medium-dark yellow-buff"
"Baglafecht Weaver","Ploceus_baglafecht","Weavers and allies","Ploceidae","Passeriformes","F","black, brownish gray, dark gray, dark yellow-buff, gray, medium yellow-buff, medium-dark yellow-buff"
"Bahama Yellowthroat","Geothlypis_rostrata","New World warblers","Parulidae","Passeriformes","M","brownish gray, dark gray, dark yellow-buff, gray, medium yellow-buff, medium-dark yellow-buff"
"Baillon's Crake","Porzana_pusilla","Rails, crakes and allies","Rallidae","Gruiformes","M","brownish gray, gray"
"Baird's Sandpiper","Calidris_bairdii","Sandpipers and allies","Scolopacidae","Charadriiformes","F","brownish gray, dark gray, gray, medium-dark yellow-buff, pale cream, pale gray"
"Baird's Sparrow","Ammodramus_bairdii","Buntings, American sparrows and allies","Emberizidae","Passeriformes","F","gray, medium-dark yellow-buff"
"Baird's Sparrow","Ammodramus_bairdii","Buntings, American sparrows and allies","Emberizidae","Passeriformes","M","gray, medium yellow-buff, medium-dark yellow-buff"
"Bald Eagle","Haliaeetus_leucocephalus","Osprey, kites, hawks and eagles","Accipitridae","Accipitriformes","F","brownish gray, gray"
"Bald Eagle","Haliaeetus_leucocephalus","Osprey, kites, hawks and eagles","Accipitridae","Accipitriformes",NA,"gray"
"Baltimore Oriole","Icterus_galbula","New World blackbirds","Icteridae","Passeriformes","F","black, brownish gray, dark gray, dark yellow-buff, gray, medium cream, medium orange-buff, medium yellow-buff, medium-dark orange-buff, medium-dark yellow-buff"
"Bamboo Antshrike","Cymbilaimus_sanctaemariae","Antbirds","Thamnophilidae","Passeriformes","F","black, brownish gray, dark gray, dark rufous, dark yellow-buff, gray, medium cream, medium yellow-buff, medium-dark yellow-buff"
"Bamboo Antshrike","Cymbilaimus_sanctaemariae","Antbirds","Thamnophilidae","Passeriformes","M","black, dark gray, gray, pale gray"
"Bananaquit","Coereba_flaveola","Bananaquit","Coerebidae","Passeriformes","F","brownish gray, dark gray, gray, medium cream, medium yellow-buff, pale cream"
"Bananaquit","Coereba_flaveola","Bananaquit","Coerebidae","Passeriformes","M","black, brownish gray, dark gray, dark yellow-buff, gray, medium cream, medium yellow-buff, medium-dark yellow-buff, pale cream, pale gray"
"Band-rumped Swift","Chaetura_spinicaudus","Swifts","Apodidae","Apodiformes","M","brownish gray, dark gray, gray"
"Band-rumped Swift","Chaetura_spinicaudus","Swifts","Apodidae","Apodiformes",NA,"black, brownish gray, dark gray, gray"
"Band-tailed Antshrike","Sakesphorus_melanothorax","Antbirds","Thamnophilidae","Passeriformes","F","brownish gray, dark gray, dark rufous, gray, medium-dark brown, medium-dark rufous"
"Band-tailed Antshrike","Sakesphorus_melanothorax","Antbirds","Thamnophilidae","Passeriformes","M","black, brownish gray, dark gray, gray, pale gray"
"Band-tailed Barbthroat","Threnetes_ruckeri","Hummingbirds","Trochilidae","Apodiformes","M","brownish gray, dark gray, gray, medium green, medium-dark green, medium-dark orange-buff"
"Band-tailed Pigeon","Patagioenas_fasciata","Doves and pigeons","Columbidae","Columbiformes","F","brownish gray, dark gray, gray, medium-dark green, medium-dark olive, medium-dark yellow-buff, olive-gray"
"Band-tailed Seedeater","Catamenia_analis","Buntings, American sparrows and allies","Emberizidae","Passeriformes","M","brownish gray, dark gray, dark rufous, dark yellow-buff, gray, medium-dark yellow-buff"
"Band-tailed Sierra-finch","Phrygilus_alaudinus","Buntings, American sparrows and allies","Emberizidae","Passeriformes","M","brownish gray, dark gray, gray"
"Banded White-eye","Zosterops_vellalavella","White-eyes","Zosteropidae","Passeriformes","M","brownish gray, dark yellow-buff, gray, medium cream, medium yellow-buff, medium-dark yellow-buff"
"Bar-breasted Firefinch","Lagonosticta_rufopicta","Waxbills, grass finches, munias and allies","Estrildidae","Passeriformes","F","medium red-brown, medium tan, medium-dark red-brown, pale buff, pale pinkish buff, very pale buff, very pale orange-buff"
"Bar-breasted Firefinch","Lagonosticta_rufopicta","Waxbills, grass finches, munias and allies","Estrildidae","Passeriformes","M","medium buff, medium pinkish buff, medium red-brown, medium tan, medium-dark red-brown, pale buff, pale pinkish buff, very pale buff, very pale orange-buff"
"Bar-shouldered Dove","Geopelia_humeralis","Doves and pigeons","Columbidae","Columbiformes","F","brownish gray, dark gray, gray, medium-dark rufous, pale gray"
"Bar-tailed Godwit","Limosa_lapponica","Sandpipers and allies","Scolopacidae","Charadriiformes","F","brownish gray, gray, medium yellow-buff, medium-dark orange-buff, medium-dark rufous, medium-dark yellow-buff, pale cream"
"Bar-throated Apalis","Apalis_thoracica","Cisticolas and allies","Cisticolidae","Passeriformes","F","black, brownish gray, dark gray, dark yellow-buff, gray, medium yellow-buff, medium-dark yellow-buff"
"Bare-necked Fruitcrow","Gymnoderus_foetidus","Cotingas","Cotingidae","Passeriformes","F","dark gray, gray"
"Bare-necked Fruitcrow","Gymnoderus_foetidus","Cotingas","Cotingidae","Passeriformes","M","black, dark gray, gray, pale gray"
"Barn Owl","Tyto_alba","Barn owls","Tytonidae","Strigiformes","F","brownish gray, dark gray, gray, medium cream, medium yellow-buff, medium-dark orange-buff, medium-dark rufous, medium-dark yellow-buff, pale cream, pale gray"
"Barn Swallow","Hirundo_rustica","Swallows and martins","Hirundinidae","Passeriformes","F","black, brownish gray, dark gray, dark rufous, gray, medium yellow-buff, medium-dark orange-buff, medium-dark rufous, medium-dark yellow-buff"
"Barn Swallow","Hirundo_rustica","Swallows and martins","Hirundinidae","Passeriformes","M","brownish gray, dark gray, gray, medium cream, medium yellow-buff, medium-dark orange-buff, medium-dark rufous, pale cream"
"Barn Swallow","Hirundo_rustica","Swallows and martins","Hirundinidae","Passeriformes",NA,"black, blue, brownish gray, dark blue, dark gray, dark rufous, gray, medium cream, medium orange-buff, medium yellow-buff, medium-dark orange-buff, medium-dark rufous, medium-dark yellow-buff, pale cream"
"Barnacle Goose","Branta_leucopsis","Ducks, geese and swans","Anatidae","Anseriformes","F","black, brownish gray, dark gray, gray, medium yellow-buff, medium-dark yellow-buff, pale gray"
"Barred Antshrike","Thamnophilus_doliatus","Antbirds","Thamnophilidae","Passeriformes","F","brownish gray, dark brown, dark rufous, gray, medium cream, medium yellow-buff, medium-dark orange-buff, medium-dark rufous, medium-dark yellow-buff"
"Barred Antshrike","Thamnophilus_doliatus","Antbirds","Thamnophilidae","Passeriformes","M","dark gray, gray, pale gray"
"Barred Buttonquail","Turnix_suscitator","Buttonquails","Turnicidae","Charadriiformes","F","brownish gray, dark gray, dark rufous, dark yellow-buff, gray, medium yellow-buff, medium-dark rufous, medium-dark yellow-buff"
"Barred Forest-falcon","Micrastur_ruficollis","Falcons and caracaras","Falconidae","Falconiformes","F","brownish gray, dark gray, gray, medium yellow-buff"
"Bassian Thrush","Zoothera_lunulata","Thrushes","Turdidae","Passeriformes","M","brownish gray, dark gray, gray, medium yellow-buff, medium-dark rufous, medium-dark yellow-buff, pale gray"
"Bat Falcon","Falco_rufigularis","Falcons and caracaras","Falconidae","Falconiformes","F","dark gray, gray, medium cream, medium yellow-buff, medium-dark orange-buff, medium-dark rufous"
"Bat Falcon","Falco_rufigularis","Falcons and caracaras","Falconidae","Falconiformes","M","dark gray, gray, medium-dark orange-buff, medium-dark rufous, pale cream"
"Bat Falcon","Falco_rufigularis","Falcons and caracaras","Falconidae","Falconiformes",NA,"dark gray, gray, medium orange-buff, pale cream"
"Bay-breasted Warbler","Dendroica_castanea","New World warblers","Parulidae","Passeriformes","F","black, brownish gray, dark gray, dark rufous, dark yellow-buff, gray, medium cream, medium yellow-buff, medium-dark orange-buff, medium-dark rufous, medium-dark yellow-buff, pale cream, pale gray, very dark rufous, very dark yellow-buff"
"Bay-breasted Warbler","Dendroica_castanea","New World warblers","Parulidae","Passeriformes","M","brownish gray, dark brown, dark gray, dark rufous, gray, medium cream, medium yellow-buff, medium-dark rufous, medium-dark yellow-buff, pale cream"
"Bay-chested Warbling-finch","Poospiza_thoracica","Buntings, American sparrows and allies","Emberizidae","Passeriformes","M","brownish gray, dark gray, dark rufous, dark yellow-buff, gray, medium-dark yellow-buff"
"Bay-headed Tanager","Tangara_gyrola","Tanagers","Thraupidae","Passeriformes","F","dark gray, medium green, medium yellow-buff, medium-dark olive, medium-dark rufous, pale green"
"Bay-headed Tanager","Tangara_gyrola","Tanagers","Thraupidae","Passeriformes","M","brownish gray, dark brown, dark rufous, medium green, medium yellow-buff, medium-dark olive, pale green"
"Bay-headed Tanager","Tangara_gyrola","Tanagers","Thraupidae","Passeriformes",NA,"blue, brownish gray, dark brown, dark gray, dark olive, dark rufous, dark yellow-buff, gray, medium green, medium yellow-buff, medium-dark green, medium-dark olive, medium-dark rufous, medium-dark yellow-buff, olive-gray, pale cream"
"Baya Weaver","Ploceus_philippinus","Weavers and allies","Ploceidae","Passeriformes","F","brownish gray, dark yellow-buff, gray, medium yellow-buff, medium-dark yellow-buff"
"Beach Kingfisher","Todiramphus_saurophaga","Kingfishers","Alcedinidae","Coraciiformes","M","blue, gray, light blue, medium-dark olive, olive-gray, pale cream"
"Bearded Flycatcher","Myiobius_barbatus","Tyrant-flycatchers","Tyrannidae","Passeriformes","F","black, brownish gray, dark gray, dark yellow-buff, gray, medium cream, medium yellow-buff, medium-dark yellow-buff, olive-gray, pale cream, very dark yellow-buff"
"Bearded Flycatcher","Myiobius_barbatus","Tyrant-flycatchers","Tyrannidae","Passeriformes","M","brownish gray, dark gray, dark yellow-buff, gray, medium cream, medium yellow-buff, medium-dark yellow-buff, pale cream"
"Bearded Parrotbill","Panurus_biarmicus","Babblers and parrotbills","Timaliidae","Passeriformes","F","brownish gray, dark gray, dark yellow-buff, gray, medium-dark orange-buff, medium-dark rufous, medium-dark yellow-buff"
"Beautiful Firetail","Stagonopleura_bella","Waxbills, grass finches, munias and allies","Estrildidae","Passeriformes","F","black, brownish gray, dark brown, dark gray, gray, medium buff, medium red-brown, medium tan, medium-dark brown, medium-dark red-brown, pale buff, pale pinkish buff, very pale buff, very pale cream, very pale orange-buff"
"Beautiful Firetail","Stagonopleura_bella","Waxbills, grass finches, munias and allies","Estrildidae","Passeriformes","M","dark brown, dark yellow-buff, medium orange-buff, medium red-brown, medium tan, medium-dark orange-buff, medium-dark rufous, pale buff, very pale buff, very pale cream, very pale orange-buff"
"Beautiful Sunbird","Nectarinia_pulchella","Sunbirds","Nectariniidae","Passeriformes","F","brownish gray, gray, medium yellow-buff, medium-dark yellow-buff, pale cream"
"Beautiful Sunbird","Nectarinia_pulchella","Sunbirds","Nectariniidae","Passeriformes","M","black, dark gray, medium green, medium-dark orange-buff, medium-dark rufous, pale green"
"Beccari's Scrubwren","Sericornis_beccarii","Thornbills and gerygones","Acanthizidae","Passeriformes","F","brownish gray, dark rufous, dark yellow-buff, gray, medium yellow-buff, medium-dark yellow-buff"
"Belford's Melidectes","Melidectes_belfordi","Honeyeaters","Meliphagidae","Passeriformes","F","black, brownish gray, dark gray, gray"
"Bell's Vireo","Vireo_bellii","Vireos and allies","Vireonidae","Passeriformes","F","black, brownish gray, dark gray, gray, medium cream, medium yellow-buff, medium-dark yellow-buff, olive-gray, pale cream, pale gray"
"Belted Kingfisher","Megaceryle_alcyon","Kingfishers","Alcedinidae","Coraciiformes","F","black, dark gray, dark rufous, gray, medium yellow-buff, medium-dark orange-buff, medium-dark rufous, pale gray"
"Bendire's Thrasher","Toxostoma_bendirei","Mockingbirds and thrashers","Mimidae","Passeriformes","F","brownish gray, gray, medium yellow-buff, medium-dark yellow-buff"
"Bendire's Thrasher","Toxostoma_bendirei","Mockingbirds and thrashers","Mimidae","Passeriformes","M","brownish gray, gray, medium yellow-buff, medium-dark yellow-buff"
"Berthelot's Pipit","Anthus_berthelotii","Wagtails and pipits","Motacillidae","Passeriformes","M","brownish gray, gray, pale gray"
"Beryl-spangled Tanager","Tangara_nigroviridis","Tanagers","Thraupidae","Passeriformes","M","blue, dark blue, dark gray, dark olive, gray, medium green, medium yellow-buff, medium-dark green, medium-dark olive, medium-dark yellow-buff, olive-gray, pale green"
"Bewick's Wren","Thryomanes_bewickii","Wrens","Troglodytidae","Passeriformes","F","brownish gray, dark rufous, gray, medium-dark yellow-buff, pale gray"
"Bicknell's Thrush","Catharus_bicknelli","Thrushes","Turdidae","Passeriformes","F","brownish gray, dark rufous, dark yellow-buff, gray, pale gray"
"Bicknell's Thrush","Catharus_bicknelli","Thrushes","Turdidae","Passeriformes","M","brownish gray, dark yellow-buff, gray, pale gray"
"Bicoloured Antbird","Gymnopithys_leucaspis","Antbirds","Thamnophilidae","Passeriformes","F","brownish gray, dark rufous, gray, pale gray"
"Bicoloured Conebill","Conirostrum_bicolor","Tanagers","Thraupidae","Passeriformes","M","blue, dark gray, gray, medium yellow-buff, medium-dark yellow-buff, olive-gray"
"Bicoloured Hawk","Accipiter_bicolor","Osprey, kites, hawks and eagles","Accipitridae","Accipitriformes",NA,"brownish gray, dark gray, gray, medium-dark rufous"
"Bicoloured Mouse-warbler","Crateroscelis_nigrorufa","Thornbills and gerygones","Acanthizidae","Passeriformes","F","black, brownish gray, dark gray, dark yellow-buff, medium-dark rufous, medium-dark yellow-buff"
"Bicoloured Wren","Campylorhynchus_griseus","Wrens","Troglodytidae","Passeriformes","F","brownish gray, dark rufous, gray, medium-dark rufous, medium-dark yellow-buff, pale gray"
"Bicoloured Wren","Campylorhynchus_griseus","Wrens","Troglodytidae","Passeriformes","M","brownish gray, dark rufous, dark yellow-buff, gray, medium-dark rufous, medium-dark yellow-buff, pale gray"
"Bismarck Munia","Lonchura_melaena","Waxbills, grass finches, munias and allies","Estrildidae","Passeriformes","F","black, medium-dark brown, medium-dark maroon, very pale orange-buff"
"Bismarck Munia","Lonchura_melaena","Waxbills, grass finches, munias and allies","Estrildidae","Passeriformes","M","black, medium red-brown, medium-dark maroon, medium-dark red-brown, very dark maroon, very pale orange-buff"
"Black Berrypecker","Melanocharis_nigra","Berrypeckers","Melanocharitidae","Passeriformes","F","black, brownish gray, dark blue, dark gray, dark yellow-buff, gray, olive-gray"
"Black Bushbird","Neoctantes_niger","Antbirds","Thamnophilidae","Passeriformes","F","brownish gray, dark brown, dark gray, pale gray"
"Black Bushbird","Neoctantes_niger","Antbirds","Thamnophilidae","Passeriformes","M","dark gray, pale gray"
"Black Butcherbird","Cracticus_quoyi","Butcherbirds","Cracticidae","Passeriformes","F","black, dark gray, gray"
"Black Coucal","Centropus_grillii","Cuckoos","Cuculidae","Cuculiformes","M","black, brownish gray, dark gray, dark rufous, gray, medium-dark orange-buff, medium-dark rufous"
"Black Curassow","Crax_alector","Guans and curassows","Cracidae","Galliformes","F","dark gray, gray"
"Black Curassow","Crax_alector","Guans and curassows","Cracidae","Galliformes","M","dark gray, gray, medium-dark yellow-buff"
"Black Curassow","Crax_alector","Guans and curassows","Cracidae","Galliformes",NA,"dark gray, gray"
"Black Drongo","Dicrurus_macrocercus","Drongos","Dicruridae","Passeriformes","F","blue, dark gray, gray"
"Black Drongo","Dicrurus_macrocercus","Drongos","Dicruridae","Passeriformes","M","blue, dark blue, dark gray, gray"
"Black Fantail","Rhipidura_atra","Fantails","Rhipiduridae","Passeriformes","F","black, brownish gray, dark gray, dark rufous, dark yellow-buff, gray, medium-dark orange-buff, medium-dark rufous, medium-dark yellow-buff, very dark rufous"
"Black Flowerpiercer","Diglossa_humeralis","Tanagers","Thraupidae","Passeriformes","M","dark gray, gray"
"Black Guillemot","Cepphus_grylle","Auks","Alcidae","Charadriiformes","F","black, brownish gray, dark gray, gray, pale gray"
"Black Hawk-eagle","Spizaetus_tyrannus","Osprey, kites, hawks and eagles","Accipitridae","Accipitriformes","F","black, brownish gray, dark gray, olive-gray"
"Black Hawk-eagle","Spizaetus_tyrannus","Osprey, kites, hawks and eagles","Accipitridae","Accipitriformes","M","black, brownish gray, dark gray, gray, olive-gray"
"Black Kite","Milvus_migrans","Osprey, kites, hawks and eagles","Accipitridae","Accipitriformes","F","brownish gray, dark gray, dark rufous, gray, medium-dark rufous, medium-dark yellow-buff"
"Black Lory","Chalcopsitta_atra","Parrots","Psittacidae","Psittaciformes","M","blue, brownish gray, dark gray, gray"
"Black Manakin","Xenopipo_atronitens","Manakins","Pipridae","Passeriformes","M","black, brownish gray, dark gray, gray"
"Black Monarch","Monarcha_axillaris","Monarchs","Monarchidae","Passeriformes","F","black, brownish gray, dark gray, gray"
"Black Munia","Lonchura_stygia","Waxbills, grass finches, munias and allies","Estrildidae","Passeriformes","F","black, brownish gray, medium red-brown, medium-dark red-brown, medium-dark rufous, very pale cream, very pale orange-buff"
"Black Noddy","Anous_minutus","Gulls and terns","Laridae","Charadriiformes","M","brownish gray, dark gray, gray"
"Black Nunbird","Monasa_atra","Puffbirds","Bucconidae","Piciformes","F","dark gray, gray, medium-dark orange-buff, medium-dark rufous, pale gray"
"Black Nunbird","Monasa_atra","Puffbirds","Bucconidae","Piciformes","M","dark gray, gray, medium-dark orange-buff, medium-dark rufous, medium-dark yellow-buff, pale gray"
"Black Oystercatcher","Haematopus_bachmani","Oystercatchers","Haematopodidae","Charadriiformes","F","black, brownish gray, dark gray, gray"
"Black Phoebe","Sayornis_nigricans","Tyrant-flycatchers","Tyrannidae","Passeriformes","F","black, brownish gray, dark gray, gray"
"Black Pitohui","Pitohui_nigrescens","Shrike-thrushes and allies","Colluricinclidae","Passeriformes","F","black, brownish gray, dark gray, dark yellow-buff, gray, medium-dark yellow-buff"
"Black Rail","Laterallus_jamaicensis","Rails, crakes and allies","Rallidae","Gruiformes","M","brownish gray, dark gray, gray"
"Black Robin","Petroica_traversi","Australasian robins","Petroicidae","Passeriformes","M","brownish gray, dark gray"
"Black Scoter","Melanitta_nigra","Ducks, geese and swans","Anatidae","Anseriformes","F","black, brownish gray, dark gray, gray"
"Black Siskin","Carduelis_atrata","Finches and Hawaiian honeycreepers","Fringillidae","Passeriformes","F","gray, pale cream, pale orange-buff, very pale cream, very pale orange-buff"
"Black Siskin","Carduelis_atrata","Finches and Hawaiian honeycreepers","Fringillidae","Passeriformes","M","dark yellow-buff, gray, pale gray, very pale cream, very pale orange-buff"
"Black Storm-petrel","Oceanodroma_melania","Storm-petrels","Hydrobatidae","Procellariiformes","F","brownish gray, dark gray, gray"
"Black Sunbird","Nectarinia_aspasia","Sunbirds","Nectariniidae","Passeriformes","F","brownish gray, gray, medium yellow-buff"
"Black Sunbird","Nectarinia_aspasia","Sunbirds","Nectariniidae","Passeriformes","M","black, blue, dark blue, dark gray"
"Black Swan","Cygnus_atratus","Ducks, geese and swans","Anatidae","Anseriformes","F","black, brownish gray, dark gray, gray"
"Black Tern","Chlidonias_niger","Gulls and terns","Laridae","Charadriiformes","F","black, brownish gray, dark gray, gray"
"Black Vulture","Coragyps_atratus","New World vultures","Cathartidae","Accipitriformes","F","black, dark gray, gray, medium green, olive-gray"
"Black Vulture","Coragyps_atratus","New World vultures","Cathartidae","Accipitriformes",NA,"black, dark gray, gray, olive-gray"
"Black-and-chestnut Warbling Finch","Poospiza_whitii","Tanagers","Thraupidae","Passeriformes","M","brownish gray, dark gray, dark rufous, gray, medium-dark yellow-buff"
"Black-and-gold Tanager","Bangsia_melanochlamys","Tanagers","Thraupidae","Passeriformes","M","blue, brownish gray, dark gray, gray, medium yellow-buff, medium-dark yellow-buff, olive-gray"
"Black-and-red Broadbill","Cymbirhynchus_macrorhynchos","Broadbills","Eurylaimidae","Passeriformes","F","dark brown, dark gray, gray, medium-dark brown, pale gray"
"Black-and-red Broadbill","Cymbirhynchus_macrorhynchos","Broadbills","Eurylaimidae","Passeriformes","M","dark brown, dark gray, gray, medium-dark brown, pale gray"
"Black-and-rufous Warbling-finch","Poospiza_nigrorufa","Buntings, American sparrows and allies","Emberizidae","Passeriformes","M","brownish gray, dark gray, dark rufous, gray, medium-dark rufous, medium-dark yellow-buff"
"Black-and-white Hawk-eagle","Spizaetus_melanoleucus","Osprey, kites, hawks and eagles","Accipitridae","Accipitriformes","F","gray, pale gray"
"Black-and-white Hawk-eagle","Spizaetus_melanoleucus","Osprey, kites, hawks and eagles","Accipitridae","Accipitriformes","M","brownish gray, dark gray, gray, pale gray"
"Black-and-white Hawk-eagle","Spizaetus_melanoleucus","Osprey, kites, hawks and eagles","Accipitridae","Accipitriformes",NA,"dark gray, gray, pale gray, very pale cream"
"Black-and-white Monarch","Monarcha_barbatus","Monarchs","Monarchidae","Passeriformes","M","black, dark gray, gray, pale gray"
"Black-and-white Munia","Lonchura_bicolor","Waxbills, grass finches, munias and allies","Estrildidae","Passeriformes","F","dark maroon, medium red-brown, medium-dark maroon, medium-dark red-brown, pale pinkish buff, very pale cream"
"Black-and-white Munia","Lonchura_bicolor","Waxbills, grass finches, munias and allies","Estrildidae","Passeriformes","M","black, dark maroon, medium pinkish buff, medium red-brown, medium tan, medium-dark maroon, medium-dark red-brown, pale orange-buff, very pale cream"
"Black-and-white Seedeater","Sporophila_luctuosa","Buntings, American sparrows and allies","Emberizidae","Passeriformes","M","brownish gray, dark gray, dark yellow-buff, gray, medium yellow-buff, medium-dark yellow-buff"
"Black-and-white Tanager","Conothraupis_speculigera","Tanagers","Thraupidae","Passeriformes","M","brownish gray, dark gray, dark yellow-buff, gray, medium yellow-buff, medium-dark yellow-buff"
"Black-and-white Warbler","Mniotilta_varia","New World warblers","Parulidae","Passeriformes","F","black, brownish gray, dark gray, gray, medium yellow-buff, pale gray"
"Black-and-white Warbler","Mniotilta_varia","New World warblers","Parulidae","Passeriformes","M","black, brownish gray, dark gray, gray, pale gray"
"Black-and-yellow Broadbill","Eurylaimus_ochromalus","Broadbills","Eurylaimidae","Passeriformes",NA,"dark gray, gray, medium buff, pale cream, very pale cream"
"Black-and-yellow Tanager","Chrysothlypis_chrysomelas","Tanagers","Thraupidae","Passeriformes","M","black, brownish gray, dark gray, dark yellow-buff, gray, medium yellow-buff, medium-dark yellow-buff"
"Black-backed Bush-finch","Urothraupis_stolzmanni","Buntings, American sparrows and allies","Emberizidae","Passeriformes","M","dark gray, gray"
"Black-backed Butcherbird","Cracticus_mentalis","Butcherbirds","Cracticidae","Passeriformes","F","black, dark gray, gray, pale gray"
"Black-backed Tanager","Tangara_peruviana","Tanagers","Thraupidae","Passeriformes","M","brownish gray, dark gray, dark olive, dark yellow-buff, gray, medium green, medium yellow-buff, medium-dark green, medium-dark olive, medium-dark rufous, medium-dark yellow-buff, olive-gray"
"Black-backed Woodpecker","Picoides_arcticus","Woodpeckers","Picidae","Piciformes","F","black, dark gray, gray, medium cream, medium yellow-buff, medium-dark yellow-buff"
"Black-banded Woodcreeper","Dendrocolaptes_picumnus","Woodcreepers","Dendrocolaptidae","Passeriformes","F","brownish gray, dark brown, dark gray, dark rufous, dark yellow-buff, gray, medium yellow-buff, medium-dark rufous, medium-dark yellow-buff"
"Black-banded Woodcreeper","Dendrocolaptes_picumnus","Woodcreepers","Dendrocolaptidae","Passeriformes","M","brownish gray, dark rufous, dark yellow-buff, medium-dark yellow-buff"
"Black-bellied Cuckoo","Piaya_melanogaster","Cuckoos","Cuculidae","Cuculiformes","F","dark brown, dark gray, dark rufous, gray, medium yellow-buff, medium-dark orange-buff, medium-dark rufous"
"Black-bellied Cuckoo","Piaya_melanogaster","Cuckoos","Cuculidae","Cuculiformes","M","dark brown, dark gray, dark rufous, gray, medium orange-buff, medium-dark orange-buff, medium-dark rufous, pale gray"
"Black-bellied Cuckoo","Piaya_melanogaster","Cuckoos","Cuculidae","Cuculiformes",NA,"brownish gray, dark gray, dark rufous, gray, medium-dark orange-buff, medium-dark rufous"
"Black-bellied Cuckooshrike","Coracina_montana","Cuckoo-shrikes","Campephagidae","Passeriformes","F","black, brownish gray, dark gray, gray"
"Black-bellied Firefinch","Lagonosticta_rara","Waxbills, grass finches, munias and allies","Estrildidae","Passeriformes","F","medium pinkish buff, medium red-brown, medium tan, medium-dark brown, medium-dark maroon, medium-dark red-brown, pale buff, pale pinkish buff, very pale buff"
"Black-bellied Firefinch","Lagonosticta_rara","Waxbills, grass finches, munias and allies","Estrildidae","Passeriformes","M","medium pinkish buff, medium red-brown, medium tan, medium-dark maroon, medium-dark red-brown, pale buff, pale pinkish buff, very pale buff, very pale pinkish buff"
"Black-bellied Glossy-starling","Lamprotornis_corruscus","Starlings","Sturnidae","Passeriformes","M","blue, brownish gray, dark gray, dark purple, gray, medium-dark dark purple, medium-dark green, medium-dark olive, olive-gray"
"Black-bellied Seedcracker","Pyrenestes_ostrinus","Waxbills, grass finches, munias and allies","Estrildidae","Passeriformes","F","medium red-brown, pale buff, pale pinkish buff, very pale buff, very pale orange-buff, very pale pinkish buff"
"Black-bellied Seedcracker","Pyrenestes_ostrinus","Waxbills, grass finches, munias and allies","Estrildidae","Passeriformes","M","medium buff, medium pinkish buff, medium red-brown, medium-dark maroon, medium-dark red-brown, pale buff, pale pinkish buff, very pale buff, very pale pinkish buff"
"Black-bellied Storm-petrel","Fregetta_tropica","Storm-petrels","Hydrobatidae","Procellariiformes","M","brownish gray, dark gray, gray"
"Black-bellied Thorntail","Discosura_langsdorffi","Hummingbirds","Trochilidae","Apodiformes","M","blue, dark gray, gray, medium yellow-buff, medium-dark orange-buff"
"Black-bibbed Monarch","Monarcha_mundus","Monarchs","Monarchidae","Passeriformes","M","black, brownish gray, dark gray, gray, pale gray"
"Black-billed Cuckoo","Coccyzus_erythropthalmus","Cuckoos","Cuculidae","Cuculiformes","F","brownish gray, dark yellow-buff, gray, medium yellow-buff, medium-dark yellow-buff, very dark yellow-buff"
"Black-billed Cuckoo-dove","Macropygia_nigrirostris","Doves and pigeons","Columbidae","Columbiformes","M","brownish gray, dark brown, dark rufous, gray, medium orange-buff, medium yellow-buff, medium-dark brown, medium-dark orange-buff, medium-dark rufous, medium-dark yellow-buff"
"Black-billed Gull","Larus_bulleri","Gulls and terns","Laridae","Charadriiformes","M","gray, pale gray"
"Black-billed Magpie","Pica_hudsonia","Crows and jays","Corvidae","Passeriformes","M","blue, dark gray, gray, olive-gray"
"Black-billed Magpie","Pica_hudsonia","Crows and jays","Corvidae","Passeriformes",NA,"gray"
"Black-billed Magpie","Pica_pica","Crows and jays","Corvidae","Passeriformes","F","black, blue, brownish gray, dark gray, dark olive, gray, medium-dark olive, olive-gray, pale gray"
"Black-billed Nightingale-thrush","Catharus_gracilirostris","Thrushes","Turdidae","Passeriformes","M","black, brownish gray, dark gray, dark yellow-buff, gray"
"Black-billed Sicklebill","Epimachus_albertisi","Birds of paradise","Paradisaeidae","Passeriformes","F","brownish gray, dark gray, dark rufous, dark yellow-buff, gray, medium yellow-buff, medium-dark orange-buff, medium-dark yellow-buff, pale cream"
"Black-billed Treehunter","Thripadectes_melanorhynchus","Ovenbirds","Furnariidae","Passeriformes","F","brownish gray, dark gray, dark rufous, dark yellow-buff, medium-dark yellow-buff, very dark rufous"
"Black-billed Treehunter","Thripadectes_melanorhynchus","Ovenbirds","Furnariidae","Passeriformes","M","black, brownish gray, dark brown, dark gray, dark rufous, dark yellow-buff, medium-dark rufous, medium-dark yellow-buff, very dark rufous"
"Black-breasted Puffleg","Eriocnemis_nigrivestis","Hummingbirds","Trochilidae","Apodiformes","M","dark blue, dark gray, dark olive, light blue, olive-gray"
"Black-browed Triller","Lalage_atrovirens","Cuckoo-shrikes","Campephagidae","Passeriformes","F","black, brownish gray, dark gray, gray, pale gray"
"Black-capped Becard","Pachyramphus_marginatus","Cotingas","Cotingidae","Passeriformes","F","brownish gray, dark gray, dark rufous, dark yellow-buff, gray, medium cream, medium green, medium yellow-buff, medium-dark olive, medium-dark rufous, medium-dark yellow-buff, pale cream"
"Black-capped Becard","Pachyramphus_marginatus","Cotingas","Cotingidae","Passeriformes","M","black, blue, brownish gray, dark gray, gray, olive-gray"
"Black-capped Chickadee","Parus_atricapillus","Tits and chickadees","Paridae","Passeriformes","F","black, brownish gray, dark gray, gray, medium yellow-buff"
"Black-capped Flycatcher","Empidonax_atriceps","Tyrant-flycatchers","Tyrannidae","Passeriformes","F","dark gray, dark yellow-buff, gray, medium-dark yellow-buff, olive-gray"
"Black-capped Hemispingus","Hemispingus_atropileus","Tanagers","Thraupidae","Passeriformes","M","brownish gray, dark gray, dark yellow-buff, gray, medium yellow-buff, medium-dark yellow-buff"
"Black-capped Lory","Lorius_lory","Parrots","Psittacidae","Psittaciformes","F","blue, brownish gray, dark brown, dark gray, dark maroon, dark purple, dark yellow-buff, gray, medium cream, medium yellow-buff, medium-dark brown, medium-dark olive, medium-dark yellow-buff, pale cream"
"Black-capped Lory","Lorius_lory","Parrots","Psittacidae","Psittaciformes","M","blue, dark brown, dark purple, gray"
"Black-capped Parakeet","Pyrrhura_rupicola","Parrots","Psittacidae","Psittaciformes",NA,"brownish gray, dark yellow-buff, gray, medium cream, medium-dark brown, medium-dark olive, medium-dark orange-buff, medium-dark rufous, medium-dark yellow-buff"
"Black-capped Siskin","Carduelis_atriceps","Finches and Hawaiian honeycreepers","Fringillidae","Passeriformes","F","pale buff, very pale buff, very pale cream, very pale orange-buff"
"Black-capped Siskin","Carduelis_atriceps","Finches and Hawaiian honeycreepers","Fringillidae","Passeriformes","M","gray, very pale buff, very pale cream, very pale orange-buff"
"Black-capped Tanager","Tangara_heinei","Tanagers","Thraupidae","Passeriformes","M","blue, brownish gray, dark gray, dark olive, dark yellow-buff, gray, light blue, medium green, medium-dark green, medium-dark olive, medium-dark orange-buff, medium-dark yellow-buff, olive-gray"
"Black-capped Vireo","Vireo_atricapilla","Vireos and allies","Vireonidae","Passeriformes","F","black, brownish gray, dark gray, dark yellow-buff, gray, medium yellow-buff, medium-dark yellow-buff, pale gray"
"Black-capped Warbling-finch","Poospiza_melanoleuca","Buntings, American sparrows and allies","Emberizidae","Passeriformes","M","brownish gray, dark gray, gray"
"Black-cheeked Warbler","Basileuterus_melanogenys","New World warblers","Parulidae","Passeriformes","F","brownish gray, dark brown, dark rufous, gray, medium yellow-buff, medium-dark rufous, medium-dark yellow-buff, very dark rufous"
"Black-cheeked Waxbill","Estrilda_erythronotos","Waxbills, grass finches, munias and allies","Estrildidae","Passeriformes","F","dark maroon, medium buff, medium pinkish buff, medium red-brown, medium tan, medium-dark maroon, medium-dark orange-buff, medium-dark red-brown, pale buff, pale orange-buff, pale pinkish buff, very pale buff, very pale orange-buff"
"Black-cheeked Waxbill","Estrilda_erythronotos","Waxbills, grass finches, munias and allies","Estrildidae","Passeriformes","M","dark maroon, gray, medium red-brown, medium tan, medium-dark orange-buff, medium-dark rufous, pale buff, pale orange-buff, pale pinkish buff, very pale buff, very pale orange-buff"
"Black-chested Mountain-tanager","Buthraupis_eximia","Tanagers","Thraupidae","Passeriformes","M","black, blue, dark blue, dark gray, dark olive, dark yellow-buff, gray, medium yellow-buff, medium-dark olive, medium-dark yellow-buff, olive-gray"
"Black-chinned Antbird","Hypocnemoides_melanopogon","Antbirds","Thamnophilidae","Passeriformes","F","dark gray, gray, pale gray"
"Black-chinned Antbird","Hypocnemoides_melanopogon","Antbirds","Thamnophilidae","Passeriformes","M","dark gray, gray"
"Black-chinned Mountain-tanager","Anisognathus_notabilis","Tanagers","Thraupidae","Passeriformes","M","blue, dark gray, dark yellow-buff, gray, medium yellow-buff, medium-dark yellow-buff"
"Black-chinned Quail-Finch","Ortygospiza_gabonensis","Waxbills, grass finches, munias and allies","Estrildidae","Passeriformes","F","medium orange-buff, medium pinkish buff, medium red-brown, medium tan, medium-dark brown, medium-dark maroon, medium-dark red-brown, pale buff, pale pinkish buff, very pale buff, very pale cream, very pale orange-buff"
"Black-chinned Quail-Finch","Ortygospiza_gabonensis","Waxbills, grass finches, munias and allies","Estrildidae","Passeriformes","M","medium orange-buff, medium pinkish buff, medium red-brown, medium tan, medium-dark brown, medium-dark maroon, pale buff, pale orange-buff, pale pinkish buff, very pale buff, very pale orange-buff"
"Black-chinned Siskin","Carduelis_barbata","Finches and Hawaiian honeycreepers","Fringillidae","Passeriformes","F","very pale cream, very pale orange-buff"
"Black-chinned Siskin","Carduelis_barbata","Finches and Hawaiian honeycreepers","Fringillidae","Passeriformes","M","gray, pale gray, very pale cream, very pale orange-buff"
"Black-chinned Sparrow","Spizella_atrogularis","Buntings, American sparrows and allies","Emberizidae","Passeriformes","F","black, brownish gray, dark gray, dark rufous, dark yellow-buff, gray, medium-dark rufous, medium-dark yellow-buff"
"Black-collared Barbet","Lybius_torquatus","Toucans and barbets","Ramphastidae","Piciformes","M","dark gray, medium-dark brown, medium-dark yellow-buff"
"Black-collared Swallow","Atticora_melanoleuca","Swallows and martins","Hirundinidae","Passeriformes",NA,"black, brownish gray, dark gray, gray, medium yellow-buff, olive-gray"
"Black-cowled Saltator","Saltator_nigriceps","Grosbeaks, saltators and allies","Cardinalidae","Passeriformes","M","brownish gray, dark gray, gray, medium-dark yellow-buff"
"Black-crested Finch","Lophospingus_pusillus","Buntings, American sparrows and allies","Emberizidae","Passeriformes","M","brownish gray, dark gray, gray"
"Black-crested Titmouse","Baeolophus_atricristatus","Tits and chickadees","Paridae","Passeriformes","F","gray, pale cream"
"Black-crested Titmouse","Baeolophus_atricristatus","Tits and chickadees","Paridae","Passeriformes","M","gray, medium yellow-buff, pale cream"
"Black-crowned Night-heron","Nycticorax_nycticorax","Herons and egrets","Ardeidae","Pelecaniformes","F","brownish gray, dark gray, gray, olive-gray, pale gray"
"Black-crowned Tityra","Tityra_inquisitor","Cotingas","Cotingidae","Passeriformes","F","black, brownish gray, dark gray, dark rufous, gray, medium yellow-buff, medium-dark rufous, olive-gray, pale cream, pale gray"
"Black-crowned Tityra","Tityra_inquisitor","Cotingas","Cotingidae","Passeriformes","M","black, dark gray, gray, olive-gray, pale gray"
"Black-crowned Waxbill","Estrilda_nonnula","Waxbills, grass finches, munias and allies","Estrildidae","Passeriformes","F","medium red-brown, medium tan, medium-dark red-brown, pale buff, pale pinkish buff, very pale buff, very pale cream, very pale pinkish buff"
"Black-crowned Waxbill","Estrilda_nonnula","Waxbills, grass finches, munias and allies","Estrildidae","Passeriformes","M","dark maroon, medium buff, medium pinkish buff, medium red-brown, medium tan, medium-dark red-brown, pale buff, very pale buff, very pale cream, very pale green"
"Black-eared Fairy","Heliothryx_auritus","Hummingbirds","Trochilidae","Apodiformes","F","blue, brownish gray, dark gray, gray, medium green, medium-dark green, medium-dark olive, medium-dark yellow-buff, pale gray"
"Black-eared Fairy","Heliothryx_auritus","Hummingbirds","Trochilidae","Apodiformes","M","blue, dark gray, dark yellow-buff, gray, medium green, medium-dark olive, medium-dark yellow-buff, pale gray, pale green"
"Black-eared Hemispingus","Hemispingus_melanotis","Tanagers","Thraupidae","Passeriformes","M","brownish gray, dark gray, dark yellow-buff, gray, medium-dark rufous, medium-dark yellow-buff"
"Black-eared Seedeater","Serinus_mennelli","Finches and Hawaiian honeycreepers","Fringillidae","Passeriformes","F","olive-gray, pale gray, very pale cream, very pale orange-buff"
"Black-eared Seedeater","Serinus_mennelli","Finches and Hawaiian honeycreepers","Fringillidae","Passeriformes","M","gray, olive-gray, very pale cream, very pale green, very pale orange-buff"
"Black-faced Antbird","Myrmoborus_myotherinus","Antbirds","Thamnophilidae","Passeriformes","F","brownish gray, dark gray, dark rufous, gray, medium yellow-buff, medium-dark yellow-buff, pale gray"
"Black-faced Antbird","Myrmoborus_myotherinus","Antbirds","Thamnophilidae","Passeriformes","M","brownish gray, dark gray, gray, medium-dark yellow-buff, pale gray"
"Black-faced Antthrush","Formicarius_analis","Antthrushes and antpittas","Formicariidae","Passeriformes","F","black, brownish gray, dark gray, dark rufous, dark yellow-buff, gray, medium yellow-buff, medium-dark rufous, pale gray, very dark yellow-buff"
"Black-faced Antthrush","Formicarius_analis","Antthrushes and antpittas","Formicariidae","Passeriformes","M","black, brownish gray, dark gray, dark rufous, dark yellow-buff, gray, medium-dark orange-buff, medium-dark rufous, medium-dark yellow-buff, very dark yellow-buff"
"Black-faced Canary","Serinus_capistratus","Finches and Hawaiian honeycreepers","Fringillidae","Passeriformes","F","very pale cream, very pale orange-buff"
"Black-faced Canary","Serinus_capistratus","Finches and Hawaiian honeycreepers","Fringillidae","Passeriformes","M","brownish gray, gray, medium yellow-buff, medium-dark orange-buff, very pale cream, very pale orange-buff"
"Black-faced Cuckooshrike","Coracina_novaehollandiae","Cuckoo-shrikes","Campephagidae","Passeriformes","F","dark gray, gray"
"Black-faced Dacnis","Dacnis_lineata","Tanagers","Thraupidae","Passeriformes","F","brownish gray, dark gray, gray, medium-dark green, medium-dark olive, medium-dark yellow-buff, olive-gray, pale cream"
"Black-faced Dacnis","Dacnis_lineata","Tanagers","Thraupidae","Passeriformes","M","black, dark gray, light blue, medium green, pale green"
"Black-faced Dacnis","Dacnis_lineata","Tanagers","Thraupidae","Passeriformes",NA,"brownish gray, dark gray, dark yellow-buff, gray, light blue, medium green, medium yellow-buff, medium-dark green, medium-dark yellow-buff, olive-gray"
"Black-faced Grassquit","Tiaris_bicolor","Buntings, American sparrows and allies","Emberizidae","Passeriformes","M","brownish gray, dark gray, gray"
"Black-faced Hawk","Leucopternis_melanops","Osprey, kites, hawks and eagles","Accipitridae","Accipitriformes","F","brownish gray, dark gray, gray, olive-gray, pale gray"
"Black-faced Monarch","Monarcha_melanopsis","Monarchs","Monarchidae","Passeriformes","F","black, dark gray, gray, medium yellow-buff, medium-dark orange-buff, medium-dark rufous, medium-dark yellow-buff"
"Black-faced Munia","Lonchura_molucca","Waxbills, grass finches, munias and allies","Estrildidae","Passeriformes","F","medium pinkish buff, medium red-brown, medium tan, medium-dark red-brown, pale buff, pale pinkish buff, very pale buff, very pale cream, very pale orange-buff"
"Black-faced Munia","Lonchura_molucca","Waxbills, grass finches, munias and allies","Estrildidae","Passeriformes","M","medium pinkish buff, medium red-brown, medium-dark red-brown, pale buff, pale pinkish buff, very pale buff, very pale cream, very pale orange-buff"
"Black-faced Rufous Warbler","Bathmocercus_rufus","Old World warblers","Sylviidae","Passeriformes","M","brownish gray, dark gray, dark rufous, gray, medium-dark rufous"
"Black-faced Sheathbill","Chionis_minor","Sheathbills and allies","Chionidae","Charadriiformes","F","gray, pale gray"
"Black-faced Tanager","Schistochlamys_melanopis","Tanagers","Thraupidae","Passeriformes","M","brownish gray, dark gray, dark yellow-buff, gray, medium-dark yellow-buff"
"Black-faced Woodswallow","Artamus_cinereus","Woodswallows","Artamidae","Passeriformes","F","brownish gray, dark gray, gray"
"Black-fronted Dotterel","Elseyornis_melanops","Plovers","Charadriidae","Charadriiformes","F","brownish gray, dark gray, dark rufous, gray, medium-dark yellow-buff, pale gray"
"Black-fronted Nunbird","Monasa_nigrifrons","Puffbirds","Bucconidae","Piciformes","F","black, dark gray, gray"
"Black-fronted Nunbird","Monasa_nigrifrons","Puffbirds","Bucconidae","Piciformes","M","dark gray, gray"
"Black-fronted White-eye","Zosterops_minor","White-eyes","Zosteropidae","Passeriformes","F","brownish gray, dark yellow-buff, gray, medium-dark yellow-buff, pale gray"
"Black-goggled Tanager","Trichothraupis_melanops","Tanagers","Thraupidae","Passeriformes","M","brownish gray, dark gray, dark yellow-buff, gray, medium yellow-buff, medium-dark yellow-buff"
"Black-headed Antbird","Percnostola_rufifrons","Antbirds","Thamnophilidae","Passeriformes","F","brownish gray, dark gray, dark rufous, dark yellow-buff, gray, medium orange-buff, medium-dark orange-buff, medium-dark rufous"
"Black-headed Antbird","Percnostola_rufifrons","Antbirds","Thamnophilidae","Passeriformes","M","brownish gray, dark gray, gray"
"Black-headed Antthrush","Formicarius_nigricapillus","Antthrushes and antpittas","Formicariidae","Passeriformes","F","black, brownish gray, dark gray, gray"
"Black-headed Bunting","Emberiza_melanocephala","Buntings, American sparrows and allies","Emberizidae","Passeriformes","F","black, brownish gray, dark gray, dark rufous, dark yellow-buff, gray, medium cream, medium yellow-buff, medium-dark rufous, medium-dark yellow-buff, very dark rufous"
"Black-headed Canary","Serinus_alario","Finches and Hawaiian honeycreepers","Fringillidae","Passeriformes","F","very pale cream, very pale orange-buff"
"Black-headed Canary","Serinus_alario","Finches and Hawaiian honeycreepers","Fringillidae","Passeriformes","M","black, dark yellow-buff, gray, pale orange-buff, very pale cream, very pale orange-buff"
"Black-headed Greenfinch","Carduelis_ambigua","Finches and Hawaiian honeycreepers","Fringillidae","Passeriformes","F","very pale cream, very pale orange-buff"
"Black-headed Greenfinch","Carduelis_ambigua","Finches and Hawaiian honeycreepers","Fringillidae","Passeriformes","M","gray, very pale buff, very pale cream, very pale orange-buff"
"Black-headed Grosbeak","Pheucticus_melanocephalus","Grosbeaks, saltators and allies","Cardinalidae","Passeriformes","F","black, brownish gray, dark gray, dark yellow-buff, gray, medium yellow-buff, medium-dark rufous, medium-dark yellow-buff"
"Black-headed Hemispingus","Hemispingus_verticalis","Tanagers","Thraupidae","Passeriformes","M","brownish gray, dark gray, gray"
"Black-headed Mountain-finch","Leucosticte_brandti","Finches and Hawaiian honeycreepers","Fringillidae","Passeriformes","F","brownish gray, gray, medium-dark yellow-buff"
"Black-headed Mountain-finch","Leucosticte_brandti","Finches and Hawaiian honeycreepers","Fringillidae","Passeriformes","M","brownish gray, gray, medium-dark yellow-buff"
"Black-headed Paradise-flycatcher","Terpsiphone_rufiventer","Monarchs","Monarchidae","Passeriformes","M","black, brownish gray, dark blue, dark brown, dark gray, dark rufous, gray, medium-dark orange-buff, medium-dark rufous"
"Black-headed Parrot","Pionites_melanocephalus","Parrots","Psittacidae","Psittaciformes","F","blue, dark gray, gray, medium cream, medium green, medium orange-buff, medium yellow-buff, medium-dark green, medium-dark olive, medium-dark orange-buff, pale cream"
"Black-headed Parrot","Pionites_melanocephalus","Parrots","Psittacidae","Psittaciformes","M","blue, brownish gray, dark blue, dark gray, gray, medium cream, medium green, medium orange-buff, medium tan, medium yellow-buff, medium-dark green, medium-dark orange-buff"
"Black-headed Parrot","Pionites_melanocephalus","Parrots","Psittacidae","Psittaciformes",NA,"blue, dark gray, gray, medium cream, medium green, medium orange-buff, medium yellow-buff, medium-dark green, pale cream"
"Black-headed Saltator","Saltator_atriceps","Grosbeaks, saltators and allies","Cardinalidae","Passeriformes","M","black, brownish gray, dark gray, dark rufous, dark yellow-buff, gray, medium-dark yellow-buff, pale gray"
"Black-headed Siskin","Carduelis_notata","Finches and Hawaiian honeycreepers","Fringillidae","Passeriformes","F","dark yellow-buff, gray, medium-dark yellow-buff, very pale cream, very pale orange-buff"
"Black-headed Siskin","Carduelis_notata","Finches and Hawaiian honeycreepers","Fringillidae","Passeriformes","M","gray, pale gray, very pale cream, very pale green"
"Black-headed Tanager","Tangara_cyanoptera","Tanagers","Thraupidae","Passeriformes","M","blue, brownish gray, dark gray, gray, medium cream, medium green, medium yellow-buff, medium-dark green, medium-dark olive, medium-dark yellow-buff, olive-gray"
"Black-headed Waxbill","Estrilda_atricapilla","Waxbills, grass finches, munias and allies","Estrildidae","Passeriformes","F","medium pinkish buff, medium red-brown, pale pinkish buff, very pale buff, very pale cream, very pale orange-buff, very pale pinkish buff"
"Black-headed Waxbill","Estrilda_atricapilla","Waxbills, grass finches, munias and allies","Estrildidae","Passeriformes","M","medium pinkish buff, medium red-brown, medium tan, medium-dark red-brown, pale pinkish buff, very pale buff, very pale cream, very pale orange-buff"
"Black-headed Whistler","Pachycephala_monacha","Whistlers","Pachycephalidae","Passeriformes","M","black, brownish gray, dark gray, gray, pale gray"
"Black-hooded Oriole","Oriolus_xanthornus","Orioles and figbirds","Oriolidae","Passeriformes","M","dark gray, medium cream, medium yellow-buff, pale cream"
"Black-hooded Sierra-finch","Phrygilus_atriceps","Buntings, American sparrows and allies","Emberizidae","Passeriformes","M","brownish gray, dark gray, dark rufous, dark yellow-buff, gray, medium yellow-buff, medium-dark yellow-buff"
"Black-legged Dacnis","Dacnis_nigripes","Tanagers","Thraupidae","Passeriformes","M","brownish gray, dark gray, gray, medium green, medium yellow-buff, medium-dark green, medium-dark yellow-buff, olive-gray"
"Black-legged Kittiwake","Rissa_tridactyla","Gulls and terns","Laridae","Charadriiformes","F","gray, pale gray"
"Black-mantled Goshawk","Accipiter_melanochlamys","Osprey, kites, hawks and eagles","Accipitridae","Accipitriformes","M","brownish gray, dark gray, dark rufous, gray, medium-dark orange-buff, medium-dark rufous"
"Black-masked Finch","Coryphaspiza_melanotis","Buntings, American sparrows and allies","Emberizidae","Passeriformes","M","brownish gray, dark gray, dark yellow-buff, gray, medium yellow-buff, medium-dark yellow-buff"
"Black-necked Aracari","Pteroglossus_aracari","Toucans and barbets","Ramphastidae","Piciformes","F","black, dark brown, dark gray, gray, medium yellow-buff, olive-gray, pale cream, very pale cream"
"Black-necked Aracari","Pteroglossus_aracari","Toucans and barbets","Ramphastidae","Piciformes","M","dark brown, dark gray, gray, medium cream, medium yellow-buff, olive-gray, pale cream"
"Black-necked Grebe","Podiceps_nigricollis","Grebes","Podicipedidae","Podicipediformes","F","black, brownish gray, dark gray, gray, pale gray"
"Black-necked Swan","Cygnus_melancoryphus","Ducks, geese and swans","Anatidae","Anseriformes","F","black, brownish gray, dark gray, gray, pale gray"
"Black-rumped Waxbill","Estrilda_troglodytes","Waxbills, grass finches, munias and allies","Estrildidae","Passeriformes","F","medium buff, medium orange-buff, medium red-brown, medium tan, medium-dark brown, medium-dark maroon, medium-dark red-brown, pale buff, pale orange-buff, pale pinkish buff, very pale buff, very pale cream, very pale orange-buff"
"Black-rumped Waxbill","Estrilda_troglodytes","Waxbills, grass finches, munias and allies","Estrildidae","Passeriformes","M","dark maroon, gray, medium orange-buff, medium red-brown, medium-dark brown, medium-dark red-brown, pale buff, pale orange-buff, pale pinkish buff, very pale buff, very pale cream, very pale orange-buff"
"Black-sided Robin","Poecilodryas_hypoleuca","Australasian robins","Petroicidae","Passeriformes","F","black, brownish gray, dark gray, gray, pale gray"
"Black-spotted Barbet","Capito_niger","Toucans and barbets","Ramphastidae","Piciformes","F","black, brownish gray, dark brown, dark gray, dark rufous, dark yellow-buff, gray, medium cream, medium yellow-buff, medium-dark brown, medium-dark yellow-buff, pale cream"
"Black-spotted Barbet","Capito_niger","Toucans and barbets","Ramphastidae","Piciformes","M","black, brownish gray, dark brown, dark gray, dark yellow-buff, gray, medium cream, medium yellow-buff, medium-dark brown, medium-dark olive, medium-dark orange-buff, medium-dark yellow-buff, olive-gray, pale cream, very pale cream"
"Black-spotted Bare-eye","Phlegopsis_nigromaculata","Antbirds","Thamnophilidae","Passeriformes","F","black, brownish gray, dark gray, dark rufous, dark yellow-buff"
"Black-spotted Bare-eye","Phlegopsis_nigromaculata","Antbirds","Thamnophilidae","Passeriformes","M","black, brownish gray, dark brown, dark gray, dark yellow-buff, medium-dark rufous, medium-dark yellow-buff"
"Black-streaked Puffbird","Malacoptila_fulvogularis","Puffbirds","Bucconidae","Piciformes","M","brownish gray, dark gray, dark yellow-buff, gray, medium-dark yellow-buff"
"Black-streaked Puffbird","Malacoptila_fulvogularis","Puffbirds","Bucconidae","Piciformes",NA,"brownish gray, dark gray, gray, medium yellow-buff"
"Black-tailed Leaftosser","Sclerurus_caudacutus","Ovenbirds","Furnariidae","Passeriformes","F","brownish gray, dark gray, dark rufous, gray, medium-dark yellow-buff"
"Black-tailed Leaftosser","Sclerurus_caudacutus","Ovenbirds","Furnariidae","Passeriformes","M","brownish gray, dark gray, dark rufous, dark yellow-buff, gray, medium yellow-buff, medium-dark rufous, medium-dark yellow-buff"
"Black-tailed Tityra","Tityra_cayana","Cotingas","Cotingidae","Passeriformes","F","brownish gray, dark gray, gray, pale cream, pale gray"
"Black-tailed Tityra","Tityra_cayana","Cotingas","Cotingidae","Passeriformes","M","dark gray, gray, pale gray"
"Black-tailed Treecreeper","Climacteris_melanurus","Australian treecreepers","Climacteridae","Passeriformes","F","black, brownish gray, dark gray, dark rufous, dark yellow-buff, gray, medium-dark yellow-buff"
"Black-tailed Trogon","Trogon_melanurus","Trogons","Trogonidae","Trogoniformes","F","blue, brownish gray, dark brown, dark gray, dark olive, gray, medium tan, medium-dark brown, medium-dark green, medium-dark olive, olive-gray"
"Black-tailed Trogon","Trogon_melanurus","Trogons","Trogonidae","Trogoniformes","M","blue, dark gray, dark yellow-buff, medium tan, medium-dark brown, medium-dark green, medium-dark olive, olive-gray"
"Black-tailed Waxbill","Estrilda_perreini","Waxbills, grass finches, munias and allies","Estrildidae","Passeriformes","F","brownish gray, dark yellow-buff, gray, medium red-brown, medium tan, medium-dark brown, pale buff, very pale buff, very pale cream, very pale orange-buff"
"Black-tailed Waxbill","Estrilda_perreini","Waxbills, grass finches, munias and allies","Estrildidae","Passeriformes","M","gray, medium buff, medium orange-buff, medium tan, medium-dark yellow-buff, pale buff, pale orange-buff, pale pinkish buff, very pale buff, very pale cream, very pale orange-buff"
"Black-throated Antbird","Myrmeciza_atrothorax","Antbirds","Thamnophilidae","Passeriformes","F","brownish gray, dark gray, gray, medium yellow-buff, medium-dark orange-buff, medium-dark rufous, medium-dark yellow-buff, pale gray"
"Black-throated Antbird","Myrmeciza_atrothorax","Antbirds","Thamnophilidae","Passeriformes","M","brownish gray, dark gray, dark rufous, gray, pale gray"
"Black-throated Antshrike","Frederickena_viridis","Antbirds","Thamnophilidae","Passeriformes","F","brownish gray, dark rufous, gray, medium-dark rufous"
"Black-throated Antshrike","Frederickena_viridis","Antbirds","Thamnophilidae","Passeriformes","M","dark gray, gray"
"Black-throated Blue Warbler","Dendroica_caerulescens","New World warblers","Parulidae","Passeriformes","F","black, blue, brownish gray, dark blue, dark gray, dark yellow-buff, gray, medium cream, medium yellow-buff, medium-dark yellow-buff, olive-gray, pale cream, pale gray, very dark yellow-buff"
"Black-throated Blue Warbler","Dendroica_caerulescens","New World warblers","Parulidae","Passeriformes","M","black, blue, brownish gray, dark gray, gray, medium cream, olive-gray"
"Black-throated Brilliant","Heliodoxa_schreibersii","Hummingbirds","Trochilidae","Apodiformes","F","brownish gray, dark gray, dark purple, dark yellow-buff, gray, medium green, medium-dark dark purple, medium-dark green, medium-dark olive, medium-dark yellow-buff"
"Black-throated Brilliant","Heliodoxa_schreibersii","Hummingbirds","Trochilidae","Apodiformes","M","blue, brownish gray, dark gray, dark olive, dark purple, gray, medium-dark dark purple, medium-dark green, medium-dark olive, medium-dark yellow-buff, olive-gray"
"Black-throated Finch","Poephila_cincta","Waxbills, grass finches, munias and allies","Estrildidae","Passeriformes","F","black, brownish gray, dark gray, dark rufous, gray, medium orange-buff, medium pinkish buff, medium tan, medium-dark orange-buff, medium-dark red-brown, medium-dark rufous, pale pinkish buff, very pale buff, very pale cream, very pale green, very pale orange-buff"
"Black-throated Finch","Poephila_cincta","Waxbills, grass finches, munias and allies","Estrildidae","Passeriformes","M","medium pinkish buff, medium red-brown, medium tan, medium-dark red-brown, pale buff, very pale buff, very pale cream, very pale orange-buff"
"Black-throated Firefinch","Lagonosticta_larvata","Waxbills, grass finches, munias and allies","Estrildidae","Passeriformes","F","medium red-brown, medium tan, pale buff, very pale buff, very pale orange-buff"
"Black-throated Firefinch","Lagonosticta_larvata","Waxbills, grass finches, munias and allies","Estrildidae","Passeriformes","M","black, dark yellow-buff, medium buff, medium orange-buff, medium pinkish buff, medium red-brown, medium tan, medium-dark maroon, medium-dark orange-buff, medium-dark red-brown, medium-dark rufous, pale pinkish buff, very pale buff"
"Black-throated Flowerpiercer","Diglossa_brunneiventris","Tanagers","Thraupidae","Passeriformes","M","brownish gray, dark gray, dark rufous, gray, medium-dark rufous"
"Black-throated Green Warbler","Dendroica_virens","New World warblers","Parulidae","Passeriformes","F","black, brownish gray, dark gray, dark yellow-buff, gray, medium cream, medium yellow-buff, medium-dark yellow-buff, pale cream, pale gray, very dark yellow-buff"
"Black-throated Green Warbler","Dendroica_virens","New World warblers","Parulidae","Passeriformes","M","black, dark gray, dark yellow-buff, gray, medium cream, medium yellow-buff, medium-dark yellow-buff, olive-gray, pale cream, pale gray"
"Black-throated Grey Warbler","Dendroica_nigrescens","New World warblers","Parulidae","Passeriformes","F","black, brownish gray, dark gray, gray, medium cream, medium yellow-buff, pale gray"
"Black-throated Grey Warbler","Dendroica_nigrescens","New World warblers","Parulidae","Passeriformes","M","black, brownish gray, dark gray, gray, medium cream, medium yellow-buff, pale cream, pale gray"
"Black-throated Grosbeak","Saltator_fuliginosus","Grosbeaks, saltators and allies","Cardinalidae","Passeriformes","M","brownish gray, dark gray, gray"
"Black-throated Hermit","Phaethornis_atrimentalis","Hummingbirds","Trochilidae","Apodiformes","M","brownish gray, dark rufous, dark yellow-buff, gray, medium yellow-buff, medium-dark orange-buff, medium-dark yellow-buff"
"Black-throated Huet-huet","Pteroptochos_tarnii","Tapaculos","Rhinocryptidae","Passeriformes","F","brownish gray, dark gray, dark rufous, gray"
"Black-throated Huet-huet","Pteroptochos_tarnii","Tapaculos","Rhinocryptidae","Passeriformes","M","brownish gray, dark brown, dark gray, dark rufous, gray"
"Black-throated Mango","Anthracothorax_nigricollis","Hummingbirds","Trochilidae","Apodiformes","F","brownish gray, dark gray, dark yellow-buff, gray, medium-dark olive, medium-dark yellow-buff, olive-gray, pale cream"
"Black-throated Mango","Anthracothorax_nigricollis","Hummingbirds","Trochilidae","Apodiformes","M","black, blue, brownish gray, dark blue, dark gray, dark maroon, dark olive, dark yellow-buff, gray, light blue, medium-dark dark purple, medium-dark green, medium-dark olive, medium-dark yellow-buff, olive-gray"
"Black-throated Munia","Lonchura_kelaarti","Waxbills, grass finches, munias and allies","Estrildidae","Passeriformes","F","medium buff, medium pinkish buff, medium red-brown, medium tan, medium-dark brown, medium-dark maroon, medium-dark red-brown, pale buff, very pale buff, very pale cream, very pale orange-buff"
"Black-throated Munia","Lonchura_kelaarti","Waxbills, grass finches, munias and allies","Estrildidae","Passeriformes","M","medium buff, medium pinkish buff, medium red-brown, medium tan, medium-dark brown, medium-dark red-brown, pale buff, pale orange-buff, pale pinkish buff, very pale buff, very pale cream, very pale orange-buff"
"Black-throated Saltator","Saltator_atricollis","Grosbeaks, saltators and allies","Cardinalidae","Passeriformes","M","black, brownish gray, dark gray, gray, medium-dark yellow-buff"
"Black-throated Seedeater","Serinus_atrogularis","Finches and Hawaiian honeycreepers","Fringillidae","Passeriformes","F","gray, medium cream, medium yellow-buff, very pale cream, very pale orange-buff"
"Black-throated Seedeater","Serinus_atrogularis","Finches and Hawaiian honeycreepers","Fringillidae","Passeriformes","M","gray, medium cream, medium yellow-buff, very pale cream, very pale orange-buff"
"Black-throated Shrike-tanager","Lanio_aurantius","Tanagers","Thraupidae","Passeriformes","M","black, brownish gray, dark gray, dark rufous, dark yellow-buff, gray, medium yellow-buff, medium-dark yellow-buff, very dark yellow-buff"
"Black-throated Shrikebill","Clytorhynchus_nigrogularis","Monarchs","Monarchidae","Passeriformes","M","brownish gray, dark gray, dark rufous, gray, medium yellow-buff, medium-dark yellow-buff"
"Black-throated Sparrow","Amphispiza_bilineata","Buntings, American sparrows and allies","Emberizidae","Passeriformes","F","black, brownish gray, dark gray, gray, pale gray"
"Black-throated Trogon","Trogon_rufus","Trogons","Trogonidae","Trogoniformes","F","brownish gray, dark gray, gray, medium cream, medium yellow-buff, medium-dark rufous, medium-dark yellow-buff"
"Black-throated Trogon","Trogon_rufus","Trogons","Trogonidae","Trogoniformes","M","brownish gray, dark gray, dark olive, gray, medium cream, medium green, medium yellow-buff, medium-dark green, medium-dark olive, medium-dark yellow-buff, olive-gray, pale cream"
"Black-whiskered Vireo","Vireo_altiloquus","Vireos and allies","Vireonidae","Passeriformes","F","brownish gray, dark yellow-buff, gray, medium yellow-buff, medium-dark yellow-buff"
"Black-winged Monarch","Monarcha_frater","Monarchs","Monarchidae","Passeriformes","F","black, brownish gray, dark gray, dark rufous, gray, medium yellow-buff, medium-dark orange-buff, medium-dark rufous, medium-dark yellow-buff"
"Black-winged Petrel","Pterodroma_nigripennis","Petrels and shearwaters","Procellariidae","Procellariiformes","M","dark gray, gray"
"Black-winged Saltator","Saltator_atripennis","Grosbeaks, saltators and allies","Cardinalidae","Passeriformes","M","brownish gray, dark gray, dark yellow-buff, gray, medium-dark yellow-buff"
"Black-winged Stilt","Himantopus_himantopus","Stilts and avocets","Recurvirostridae","Charadriiformes","M","dark gray, gray, pale gray"
"Blackburnian Warbler","Dendroica_fusca","New World warblers","Parulidae","Passeriformes","F","black, brownish gray, dark gray, dark yellow-buff, gray, medium cream, medium yellow-buff, medium-dark orange-buff, medium-dark yellow-buff, pale cream, pale gray"
"Blackburnian Warbler","Dendroica_fusca","New World warblers","Parulidae","Passeriformes","M","black, brownish gray, dark gray, dark yellow-buff, gray, medium cream, medium yellow-buff, medium-dark orange-buff, medium-dark yellow-buff"
"Blackcap","Sylvia_atricapilla","Old World warblers","Sylviidae","Passeriformes","F","brownish gray, dark gray, dark rufous, dark yellow-buff, gray, medium cream"
"Blackish Antbird","Cercomacra_nigrescens","Antbirds","Thamnophilidae","Passeriformes","F","black, brownish gray, dark rufous, dark yellow-buff, medium-dark orange-buff, medium-dark rufous, medium-dark yellow-buff"
"Blackish Nightjar","Caprimulgus_nigrescens","Nightjars","Caprimulgidae","Caprimulgiformes","F","brownish gray, dark gray, gray, medium yellow-buff, medium-dark orange-buff, pale gray"
"Blackish Nightjar","Caprimulgus_nigrescens","Nightjars","Caprimulgidae","Caprimulgiformes","M","brownish gray, dark gray, medium yellow-buff, pale gray"
"Blackish-grey Antshrike","Thamnophilus_nigrocinereus","Antbirds","Thamnophilidae","Passeriformes","F","brownish gray, dark gray, dark yellow-buff, gray, medium yellow-buff, medium-dark orange-buff, medium-dark rufous, medium-dark yellow-buff"
"Blackish-grey Antshrike","Thamnophilus_nigrocinereus","Antbirds","Thamnophilidae","Passeriformes","M","brownish gray, dark gray, gray"
"Blackpoll Warbler","Dendroica_striata","New World warblers","Parulidae","Passeriformes","F","black, brownish gray, dark gray, dark yellow-buff, gray, medium cream, medium yellow-buff, medium-dark yellow-buff, pale cream, pale gray"
"Blackpoll Warbler","Dendroica_striata","New World warblers","Parulidae","Passeriformes","M","black, brownish gray, dark gray, gray, pale gray"
"Blue Bird-of-paradise","Paradisaea_rudolphi","Birds of paradise","Paradisaeidae","Passeriformes","F","black, blue, brownish gray, dark blue, dark gray, dark rufous, dark yellow-buff, gray, light blue, medium-dark green, medium-dark olive, medium-dark yellow-buff, olive-gray"
"Blue Bunting","Cyanocompsa_parellina","Grosbeaks, saltators and allies","Cardinalidae","Passeriformes","M","black, blue, brownish gray, dark blue, dark gray, dark yellow-buff, gray, light blue"
"Blue Chaffinch","Fringilla_teydea","Finches and Hawaiian honeycreepers","Fringillidae","Passeriformes","M","blue, brownish gray, dark gray, gray, pale gray"
"Blue Dacnis","Dacnis_cayana","Tanagers","Thraupidae","Passeriformes","F","brownish gray, dark gray, dark olive, gray, medium green, medium-dark green, olive-gray, pale green, very pale green"
"Blue Dacnis","Dacnis_cayana","Tanagers","Thraupidae","Passeriformes","M","black, blue, brownish gray, dark gray, dark olive, gray, light blue, medium green, medium-dark green, medium-dark olive, olive-gray, pale green, very pale green"
"Blue Duck","Hymenolaimus_malacorhynchos","Ducks, geese and swans","Anatidae","Anseriformes","M","brownish gray, gray"
"Blue Finch","Porphyrospiza_caerulescens","Buntings, American sparrows and allies","Emberizidae","Passeriformes","M","blue, brownish gray, dark gray, gray"
"Blue Grosbeak","Passerina_caerulea","Buntings, American sparrows and allies","Emberizidae","Passeriformes","F","blue, brownish gray, dark blue, dark gray, dark rufous, dark yellow-buff, gray, light blue, medium yellow-buff, medium-dark orange-buff, medium-dark rufous, medium-dark yellow-buff"
"Blue Ground-dove","Claravis_pretiosa","Doves and pigeons","Columbidae","Columbiformes","F","brownish gray, dark gray, dark rufous, dark yellow-buff, gray, medium-dark rufous, medium-dark yellow-buff, pale gray"
"Blue Jay","Cyanocitta_cristata","Crows and jays","Corvidae","Passeriformes","M","black, blue, brownish gray, dark blue, dark gray, gray, light blue, pale gray"
"Blue Jewel-babbler","Ptilorrhoa_caerulescens","Whipbirds, wedgebills and jewel-babblers","Eupetidae","Passeriformes","F","blue, gray, pale gray"
"Blue Jewel-babbler","Ptilorrhoa_caerulescens","Whipbirds, wedgebills and jewel-babblers","Eupetidae","Passeriformes","M","blue, gray, pale gray"
"Blue Noddy","Procelsterna_cerulea","Gulls and terns","Laridae","Charadriiformes","F","gray"
"Blue Petrel","Halobaena_caerulea","Petrels and shearwaters","Procellariidae","Procellariiformes","M","gray, pale gray"
"Blue Tit","Parus_caeruleus","Tits and chickadees","Paridae","Passeriformes","F","black, blue, dark blue, dark gray, dark yellow-buff, gray, medium yellow-buff, medium-dark yellow-buff, olive-gray, pale gray"
"Blue Whistling-thrush","Myophonus_caeruleus","Thrushes","Turdidae","Passeriformes","M","dark gray, dark purple, gray"
"Blue Whistling-thrush","Myophonus_caeruleus","Thrushes","Turdidae","Passeriformes",NA,"blue, gray, light blue"
"Blue-and-black Tanager","Tangara_vassorii","Tanagers","Thraupidae","Passeriformes","M","blue, brownish gray, dark blue, dark gray, dark olive, gray, light blue, medium-dark olive, olive-gray"
"Blue-and-gold Tanager","Bangsia_arcaei","Tanagers","Thraupidae","Passeriformes","M","blue, brownish gray, dark blue, dark gray, gray, medium yellow-buff, medium-dark yellow-buff"
"Blue-and-white Swallow","Pygochelidon_cyanoleuca","Swallows and martins","Hirundinidae","Passeriformes","F","brownish gray, dark gray, gray"
"Blue-and-white Swallow","Pygochelidon_cyanoleuca","Swallows and martins","Hirundinidae","Passeriformes","M","blue, brownish gray, dark blue, dark gray, gray, medium cream, pale cream, pale gray"
"Blue-and-yellow Macaw","Ara_ararauna","Parrots","Psittacidae","Psittaciformes","F","blue, dark gray, gray, light blue, medium cream, medium green, medium yellow-buff, medium-dark green, olive-gray, pale cream"
"Blue-and-yellow Macaw","Ara_ararauna","Parrots","Psittacidae","Psittaciformes","M","blue, dark gray, gray, light blue, medium cream, medium green, medium yellow-buff"
"Blue-and-yellow Macaw","Ara_ararauna","Parrots","Psittacidae","Psittaciformes",NA,"blue, gray, light blue, medium green, medium yellow-buff, pale cream"
"Blue-and-yellow Tanager","Thraupis_bonariensis","Tanagers","Thraupidae","Passeriformes","F","blue, brownish gray, dark gray, dark yellow-buff, gray, medium yellow-buff, medium-dark orange-buff, medium-dark yellow-buff, olive-gray"
"Blue-backed Conebill","Conirostrum_sitticolor","Tanagers","Thraupidae","Passeriformes","M","blue, dark blue, dark gray, dark rufous, gray, medium-dark rufous, medium-dark yellow-buff"
"Blue-backed Manakin","Chiroxiphia_pareola","Manakins","Pipridae","Passeriformes","F","brownish gray, dark gray, dark olive, dark yellow-buff, gray, medium yellow-buff, medium-dark green, medium-dark olive, medium-dark yellow-buff"
"Blue-backed Manakin","Chiroxiphia_pareola","Manakins","Pipridae","Passeriformes","M","black, blue, brownish gray, dark blue, dark brown, dark gray, dark olive, dark yellow-buff, gray, light blue, medium-dark olive, medium-dark yellow-buff, olive-gray, very dark yellow-buff"
"Blue-backed Tanager","Cyanicterus_cyanicterus","Tanagers","Thraupidae","Passeriformes","F","blue, brownish gray, gray, medium yellow-buff, medium-dark green, medium-dark olive, medium-dark yellow-buff, pale cream"
"Blue-backed Tanager","Cyanicterus_cyanicterus","Tanagers","Thraupidae","Passeriformes","M","blue, brownish gray, dark blue, dark gray, dark olive, gray, medium yellow-buff, medium-dark olive, medium-dark yellow-buff, olive-gray"
"Blue-billed Duck","Oxyura_australis","Ducks, geese and swans","Anatidae","Anseriformes","F","black, brownish gray, dark gray, dark yellow-buff, gray, medium-dark yellow-buff"
"Blue-black Grassquit","Volatinia_jacarina","Buntings, American sparrows and allies","Emberizidae","Passeriformes","M","black, blue, brownish gray, dark blue, dark gray, dark yellow-buff, gray, medium-dark yellow-buff"
"Blue-black Grosbeak","Cyanocompsa_cyanoides","Grosbeaks, saltators and allies","Cardinalidae","Passeriformes","F","brownish gray, dark gray, dark rufous, medium-dark rufous, medium-dark yellow-buff"
"Blue-black Grosbeak","Cyanocompsa_cyanoides","Grosbeaks, saltators and allies","Cardinalidae","Passeriformes","M","black, blue, brownish gray, dark blue, dark gray, dark rufous, dark yellow-buff, gray, light blue, medium-dark rufous, medium-dark yellow-buff, olive-gray"
"Blue-breasted Cordonbleu","Uraeginthus_angolensis","Waxbills, grass finches, munias and allies","Estrildidae","Passeriformes","F","gray, light blue, olive-gray, pale gray, very pale buff, very pale cream, very pale orange-buff, very pale pinkish buff, very pale purple"
"Blue-breasted Cordonbleu","Uraeginthus_angolensis","Waxbills, grass finches, munias and allies","Estrildidae","Passeriformes","M","gray, light blue, olive-gray, very pale buff, very pale pinkish buff, very pale purple"
"Blue-breasted Fairywren","Malurus_pulcherrimus","Australasian wrens","Maluridae","Passeriformes","F","black, blue, brownish gray, dark blue, dark brown, dark gray, dark purple, dark rufous, gray, medium-dark yellow-buff"
"Blue-browed Tanager","Tangara_cyanotis","Tanagers","Thraupidae","Passeriformes","M","blue, brownish gray, dark blue, dark gray, dark olive, gray, medium green, medium yellow-buff, medium-dark green, medium-dark olive, medium-dark yellow-buff, olive-gray"
"Blue-capped Cordonbleu","Uraeginthus_cyanocephalus","Waxbills, grass finches, munias and allies","Estrildidae","Passeriformes","F","light blue, medium orange-buff, medium-dark brown, pale buff, pale gray, pale orange-buff, very pale buff, very pale cream, very pale green, very pale orange-buff"
"Blue-capped Cordonbleu","Uraeginthus_cyanocephalus","Waxbills, grass finches, munias and allies","Estrildidae","Passeriformes","M","light blue, medium buff, medium orange-buff, medium tan, medium-dark brown, olive-gray, pale buff, pale gray, pale orange-buff, very pale buff, very pale green, very pale orange-buff"
"Blue-capped Tanager","Thraupis_cyanocephala","Tanagers","Thraupidae","Passeriformes","F","blue, brownish gray, dark blue, dark gray, dark yellow-buff, gray, medium-dark yellow-buff"
"Blue-cheeked Amazon","Amazona_dufresniana","Parrots","Psittacidae","Psittaciformes","F","blue, dark blue, dark gray, medium cream, medium green, medium yellow-buff, medium-dark green, medium-dark olive, medium-dark orange-buff, medium-dark yellow-buff, olive-gray, pale green"
"Blue-cheeked Amazon","Amazona_dufresniana","Parrots","Psittacidae","Psittaciformes","M","blue, dark gray, dark olive, light blue, medium green, medium yellow-buff, medium-dark green, medium-dark olive, medium-dark orange-buff, medium-dark yellow-buff, olive-gray"
"Blue-cheeked Amazon","Amazona_dufresniana","Parrots","Psittacidae","Psittaciformes",NA,"blue, brownish gray, dark blue, dark olive, gray, medium green, medium yellow-buff, medium-dark green, medium-dark olive, medium-dark yellow-buff"
"Blue-chested Hummingbird","Amazilia_amabilis","Hummingbirds","Trochilidae","Apodiformes","M","blue, gray, medium green, medium-dark rufous"
"Blue-chinned Sapphire","Chlorestes_notata","Hummingbirds","Trochilidae","Apodiformes","F","blue, brownish gray, dark blue, dark gray, gray, medium green, medium-dark green, medium-dark olive, medium-dark yellow-buff"
"Blue-chinned Sapphire","Chlorestes_notata","Hummingbirds","Trochilidae","Apodiformes","M","blue, dark blue, dark gray, dark olive, dark yellow-buff, gray, medium green, medium-dark green, medium-dark olive, medium-dark yellow-buff, pale cream"
"Blue-crested Flycatcher","Myiagra_azureocapilla","Monarchs","Monarchidae","Passeriformes","M","blue, brownish gray, dark gray, dark rufous, dark yellow-buff, gray, light blue, medium-dark orange-buff, medium-dark rufous, medium-dark yellow-buff, pale cream"
"Blue-crowned Manakin","Lepidothrix_coronata","Manakins","Pipridae","Passeriformes","F","black, blue, brownish gray, dark gray, dark olive, dark yellow-buff, gray, light blue, medium-dark green, medium-dark olive, medium-dark yellow-buff, olive-gray, very dark olive"
"Blue-crowned Motmot","Momotus_momota","Motmots","Momotidae","Coraciiformes","F","black, dark gray, dark olive, dark yellow-buff, gray, light blue, medium-dark green, medium-dark olive, medium-dark yellow-buff, olive-gray"
"Blue-crowned Motmot","Momotus_momota","Motmots","Momotidae","Coraciiformes","M","black, blue, brownish gray, dark gray, dark olive, dark yellow-buff, gray, light blue, medium green, medium yellow-buff, medium-dark dark purple, medium-dark green, medium-dark olive, medium-dark yellow-buff, olive-gray"
"Blue-crowned Motmot","Momotus_momota","Motmots","Momotidae","Coraciiformes",NA,"black, dark gray, dark yellow-buff, light blue, medium green, medium yellow-buff, medium-dark yellow-buff, olive-gray"
"Blue-crowned Woodnymph","Thalurania_colombica","Hummingbirds","Trochilidae","Apodiformes","M","blue, dark blue, dark gray, medium green, medium-dark dark purple, medium-dark olive"
"Blue-eared Barbet","Megalaima_australis","Toucans and barbets","Ramphastidae","Piciformes","M","dark brown, medium green, medium-dark olive, medium-dark yellow-buff"
"Blue-faced Honeyeater","Entomyzon_cyanotis","Honeyeaters","Meliphagidae","Passeriformes","F","brownish gray, dark gray, dark yellow-buff, gray, medium-dark yellow-buff, pale gray"
"Blue-faced Parrotfinch","Erythrura_trichroa","Waxbills, grass finches, munias and allies","Estrildidae","Passeriformes","F","pale pinkish buff, very pale buff, very pale cream, very pale orange-buff, very pale pinkish buff"
"Blue-faced Parrotfinch","Erythrura_trichroa","Waxbills, grass finches, munias and allies","Estrildidae","Passeriformes","M","medium purple, medium red-brown, medium tan, pale buff, pale pinkish buff, very pale buff, very pale cream, very pale green, very pale orange-buff, very pale pinkish buff"
"Blue-fronted Amazon","Amazona_aestiva","Parrots","Psittacidae","Psittaciformes","F","medium green, medium yellow-buff, medium-dark brown, medium-dark green, medium-dark yellow-buff, pale green"
"Blue-fronted Amazon","Amazona_aestiva","Parrots","Psittacidae","Psittaciformes","M","dark brown, light blue, medium cream, medium green, medium yellow-buff, medium-dark brown, medium-dark green, medium-dark olive, pale green"
"Blue-fronted Amazon","Amazona_aestiva","Parrots","Psittacidae","Psittaciformes",NA,"light blue, medium yellow-buff, medium-dark brown, medium-dark yellow-buff"
"Blue-fronted Lancebill","Doryfera_johannae","Hummingbirds","Trochilidae","Apodiformes","M","blue, dark blue, dark gray, gray, medium yellow-buff, medium-dark green, medium-dark yellow-buff"
"Blue-grey Gnatcatcher","Polioptila_caerulea","Gnatcatchers","Polioptilidae","Passeriformes","F","brownish gray, dark gray, gray, pale gray"
"Blue-grey Robin","Peneothello_cyanus","Australasian robins","Petroicidae","Passeriformes","F","black, blue, dark gray, gray"
"Blue-grey Tanager","Thraupis_episcopus","Tanagers","Thraupidae","Passeriformes","F","blue, light blue, medium green, olive-gray"
"Blue-grey Tanager","Thraupis_episcopus","Tanagers","Thraupidae","Passeriformes","M","blue, dark blue, dark gray, gray, light blue, medium green, medium-dark green, medium-dark olive, olive-gray, pale gray"
"Blue-grey Tanager","Thraupis_episcopus","Tanagers","Thraupidae","Passeriformes",NA,"blue, light blue, medium green, olive-gray"
"Blue-headed Parrot","Pionus_menstruus","Parrots","Psittacidae","Psittaciformes","F","blue, gray, light blue, medium green, medium yellow-buff, medium-dark brown, medium-dark green, medium-dark yellow-buff, pale green"
"Blue-headed Parrot","Pionus_menstruus","Parrots","Psittacidae","Psittaciformes","M","blue, light blue, medium green, medium-dark brown, medium-dark green, medium-dark yellow-buff"
"Blue-headed Parrot","Pionus_menstruus","Parrots","Psittacidae","Psittaciformes",NA,"blue, medium green, medium-dark brown, medium-dark green"
"Blue-headed Sapphire","Hylocharis_grayi","Hummingbirds","Trochilidae","Apodiformes","M","dark gray, gray, light blue, medium green, medium yellow-buff, medium-dark green"
"Blue-headed Sunbird","Nectarinia_alinae","Sunbirds","Nectariniidae","Passeriformes","F","black, blue, brownish gray, dark gray, gray, light blue, medium-dark olive, medium-dark yellow-buff"
"Blue-headed Sunbird","Nectarinia_alinae","Sunbirds","Nectariniidae","Passeriformes","M","black, blue, brownish gray, dark gray, dark yellow-buff, gray, light blue, medium-dark green, medium-dark yellow-buff"
"Blue-headed Vireo","Vireo_solitarius","Vireos and allies","Vireonidae","Passeriformes","F","black, brownish gray, dark gray, gray, medium cream, medium yellow-buff, medium-dark yellow-buff, olive-gray, pale gray"
"Blue-mantled Thornbill","Chalcostigma_stanleyi","Hummingbirds","Trochilidae","Apodiformes","M","blue, brownish gray, dark gray, gray, medium red-brown, medium-dark yellow-buff, olive-gray"
"Blue-necked Tanager","Tangara_cyanicollis","Tanagers","Thraupidae","Passeriformes","M","blue, dark blue, dark gray, dark olive, dark yellow-buff, light blue, medium green, medium orange-buff, medium yellow-buff, medium-dark green, medium-dark olive, medium-dark orange-buff, medium-dark yellow-buff, olive-gray"
"Blue-tailed Emerald","Chlorostilbon_mellisugus","Hummingbirds","Trochilidae","Apodiformes","M","blue, brownish gray, dark blue, dark gray, dark olive, gray, medium green, medium yellow-buff, medium-dark green, medium-dark olive, medium-dark orange-buff, medium-dark rufous, medium-dark yellow-buff, olive-gray, pale cream"
"Blue-throated Brown Sunbird","Nectarinia_cyanolaema","Sunbirds","Nectariniidae","Passeriformes","F","brownish gray, dark yellow-buff, gray, medium cream, medium yellow-buff, medium-dark yellow-buff"
"Blue-throated Brown Sunbird","Nectarinia_cyanolaema","Sunbirds","Nectariniidae","Passeriformes","M","black, brownish gray, dark gray, gray, light blue, medium cream"
"Blue-whiskered Tanager","Tangara_johannae","Tanagers","Thraupidae","Passeriformes","M","brownish gray, dark gray, dark olive, gray, medium green, medium yellow-buff, medium-dark green, medium-dark olive, medium-dark yellow-buff, olive-gray"
"Blue-winged Kookaburra","Dacelo_leachii","Kingfishers","Alcedinidae","Coraciiformes","F","blue, brownish gray, dark blue, dark gray, dark rufous, gray, light blue, medium green, medium yellow-buff, medium-dark rufous, medium-dark yellow-buff, olive-gray, pale gray"
"Blue-winged Leafbird","Chloropsis_cochinchinensis","Leafbirds","Chloropseidae","Passeriformes","M","blue, dark gray, medium green"
"Blue-winged Mountain-tanager","Anisognathus_somptuosus","Tanagers","Thraupidae","Passeriformes","M","black, blue, brownish gray, dark blue, dark brown, dark gray, dark rufous, dark yellow-buff, gray, medium orange-buff, medium yellow-buff, medium-dark orange-buff, medium-dark rufous, medium-dark yellow-buff, olive-gray, pale cream, very pale buff, very pale cream, very pale orange-buff"
"Blue-winged Teal","Anas_discors","Ducks, geese and swans","Anatidae","Anseriformes","F","black, blue, brownish gray, dark gray, gray, light blue, medium yellow-buff, medium-dark rufous, medium-dark yellow-buff, pale gray"
"Blue-winged Warbler","Vermivora_pinus","New World warblers","Parulidae","Passeriformes","F","brownish gray, dark gray, dark yellow-buff, gray, medium cream, medium yellow-buff, medium-dark yellow-buff"
"Blue-winged Warbler","Vermivora_pinus","New World warblers","Parulidae","Passeriformes","M","brownish gray, dark gray, dark yellow-buff, gray, medium cream, medium yellow-buff, medium-dark yellow-buff, pale cream"
"Bluethroat","Luscinia_svecica","Chats and Old World flycatchers","Muscicapidae","Passeriformes","M","blue, brownish gray, dark gray, dark rufous, gray, medium yellow-buff, medium-dark rufous, medium-dark yellow-buff"
"Bluish Flowerpiercer","Diglossa_caerulescens","Tanagers","Thraupidae","Passeriformes","M","dark gray, gray"
"Bluish-fronted Jacamar","Galbula_cyanescens","Jacamars","Galbulidae","Piciformes",NA,"medium yellow-buff, medium-dark green, medium-dark orange-buff, medium-dark yellow-buff"
"Boat-billed Flycatcher","Megarynchus_pitangua","Tyrant-flycatchers","Tyrannidae","Passeriformes","F","brownish gray, dark gray, dark yellow-buff, gray, medium cream, medium yellow-buff, medium-dark rufous, medium-dark yellow-buff, olive-gray, pale cream"
"Boat-billed Flycatcher","Megarynchus_pitangua","Tyrant-flycatchers","Tyrannidae","Passeriformes","M","brownish gray, dark gray, gray, medium cream, medium yellow-buff, medium-dark yellow-buff, olive-gray, pale cream"
"Boat-billed Heron","Cochlearius_cochlearius","Herons and egrets","Ardeidae","Pelecaniformes","F","brownish gray, dark gray, dark rufous, gray, medium yellow-buff, medium-dark orange-buff, medium-dark rufous, medium-dark yellow-buff"
"Boat-billed Tody-tyrant","Hemitriccus_josephinae","Tyrant-flycatchers","Tyrannidae","Passeriformes","F","brownish gray, dark yellow-buff, gray, medium yellow-buff, medium-dark yellow-buff, pale cream"
"Boat-billed Tody-tyrant","Hemitriccus_josephinae","Tyrant-flycatchers","Tyrannidae","Passeriformes","M","brownish gray, dark gray, dark yellow-buff, gray, medium cream, medium yellow-buff, medium-dark yellow-buff, pale cream"
"Boat-tailed Grackle","Quiscalus_major","New World blackbirds","Icteridae","Passeriformes","F","black, blue, brownish gray, dark blue, dark gray, dark rufous, dark yellow-buff, gray, medium yellow-buff, medium-dark rufous, medium-dark yellow-buff"
"Bobolink","Dolichonyx_oryzivorus","New World blackbirds","Icteridae","Passeriformes","F","black, brownish gray, dark yellow-buff, gray, medium cream, medium yellow-buff, medium-dark yellow-buff, very dark yellow-buff"
"Bobolink","Dolichonyx_oryzivorus","New World blackbirds","Icteridae","Passeriformes","M","black, brownish gray, dark gray, dark yellow-buff, gray, medium yellow-buff, medium-dark yellow-buff, very dark yellow-buff"
"Bohemian Waxwing","Bombycilla_garrulus","Waxwings","Bombycillidae","Passeriformes","F","black, brownish gray, dark gray, dark rufous, gray, medium cream, medium yellow-buff, medium-dark orange-buff, medium-dark rufous, medium-dark yellow-buff"
"Bolivian Blackbird","Oreopsar_bolivianus","New World blackbirds","Icteridae","Passeriformes","F","black, dark gray, gray"
"Bolivian Warbling-finch","Poospiza_boliviana","Buntings, American sparrows and allies","Emberizidae","Passeriformes","M","brownish gray, dark gray, dark rufous, gray, medium-dark rufous, medium-dark yellow-buff"
"Bonaparte's Gull","Larus_philadelphia","Gulls and terns","Laridae","Charadriiformes",NA,"gray"
"Booted Racket-tail","Ocreatus_underwoodii","Hummingbirds","Trochilidae","Apodiformes","M","blue, brownish gray, medium-dark green, medium-dark yellow-buff, pale gray"
"Boreal Chickadee","Parus_hudsonicus","Tits and chickadees","Paridae","Passeriformes","F","black, brownish gray, dark gray, gray, medium-dark rufous, medium-dark yellow-buff"
"Boreal Owl","Aegolius_funereus","Owls","Strigidae","Strigiformes","F","black, brownish gray, dark gray, gray"
"Botteri's Sparrow","Aimophila_botterii","Buntings, American sparrows and allies","Emberizidae","Passeriformes","F","brownish gray, dark gray, dark rufous, dark yellow-buff, gray, medium yellow-buff, medium-dark rufous, medium-dark yellow-buff"
"Bourke's Parrot","Neopsephotus_bourkii","Parrots","Psittacidae","Psittaciformes","M","brownish gray, gray, light blue, medium orange-buff, medium tan, medium yellow-buff, medium-dark orange-buff"
"Brambling","Fringilla_montifringilla","Finches and Hawaiian honeycreepers","Fringillidae","Passeriformes","F","brownish gray, gray, medium yellow-buff, medium-dark yellow-buff, pale cream"
"Bran-coloured Flycatcher","Myiophobus_fasciatus","Tyrant-flycatchers","Tyrannidae","Passeriformes","F","brownish gray, dark rufous, dark yellow-buff, gray, medium yellow-buff, medium-dark yellow-buff"
"Bran-coloured Flycatcher","Myiophobus_fasciatus","Tyrant-flycatchers","Tyrannidae","Passeriformes","M","brownish gray, dark rufous, dark yellow-buff, gray, medium yellow-buff, medium-dark rufous, medium-dark yellow-buff"
"Brassy-breasted Tanager","Tangara_desmaresti","Tanagers","Thraupidae","Passeriformes","M","brownish gray, dark gray, dark olive, dark yellow-buff, gray, medium green, medium yellow-buff, medium-dark green, medium-dark olive, medium-dark yellow-buff, olive-gray"
"Brazilian Tanager","Ramphocelus_bresilius","Tanagers","Thraupidae","Passeriformes","M","brownish gray, dark brown, dark gray, dark rufous, gray, medium-dark rufous"
"Brent Goose","Branta_bernicla","Ducks, geese and swans","Anatidae","Anseriformes","F","black, brownish gray, dark gray, gray"
"Brewer's Blackbird","Euphagus_cyanocephalus","New World blackbirds","Icteridae","Passeriformes","F","black, blue, brownish gray, dark blue, dark gray, gray, olive-gray"
"Brewer's Sparrow","Spizella_breweri","Buntings, American sparrows and allies","Emberizidae","Passeriformes","F","brownish gray, dark gray, dark yellow-buff, gray, medium-dark rufous, medium-dark yellow-buff"
"Bridled Titmouse","Baeolophus_wollweberi","Tits and chickadees","Paridae","Passeriformes","F","black, brownish gray, dark gray, gray"
"Bright-rumped Attila","Attila_spadiceus","Tyrant-flycatchers","Tyrannidae","Passeriformes","F","brownish gray, dark rufous, dark yellow-buff, gray, medium yellow-buff, medium-dark orange-buff, medium-dark rufous, medium-dark yellow-buff, pale cream"
"Bright-rumped Attila","Attila_spadiceus","Tyrant-flycatchers","Tyrannidae","Passeriformes","M","brownish gray, dark rufous, gray, medium yellow-buff, medium-dark rufous, medium-dark yellow-buff, pale cream, very pale cream"
"Bright-rumped Yellow-finch","Sicalis_uropygialis","Buntings, American sparrows and allies","Emberizidae","Passeriformes","M","brownish gray, dark gray, dark yellow-buff, gray, medium yellow-buff, medium-dark yellow-buff"
"Brimstone Canary","Serinus_sulphuratus","Finches and Hawaiian honeycreepers","Fringillidae","Passeriformes","F","very pale cream, very pale orange-buff"
"Brimstone Canary","Serinus_sulphuratus","Finches and Hawaiian honeycreepers","Fringillidae","Passeriformes","M","dark yellow-buff, gray, medium cream, medium yellow-buff, medium-dark yellow-buff, very pale cream, very pale orange-buff"
"Bristle-crowned Starling","Onychognathus_salvadorii","Starlings","Sturnidae","Passeriformes","M","blue, brownish gray, dark gray, dark rufous, gray, medium-dark orange-buff, medium-dark rufous"
"Bristle-thighed Curlew","Numenius_tahitiensis","Sandpipers and allies","Scolopacidae","Charadriiformes","M","brownish gray, medium cream, medium yellow-buff, medium-dark yellow-buff, pale cream"
"Broad-billed Flycatcher","Myiagra_ruficollis","Monarchs","Monarchidae","Passeriformes","M","blue, brownish gray, dark gray, gray, medium yellow-buff, medium-dark yellow-buff, pale gray"
"Broad-billed Motmot","Electron_platyrhynchum","Motmots","Momotidae","Coraciiformes","F","blue, brownish gray, dark olive, dark rufous, dark yellow-buff, gray, medium-dark green, medium-dark olive, medium-dark rufous, medium-dark yellow-buff, olive-gray"
"Broad-billed Prion","Pachyptila_vittata","Petrels and shearwaters","Procellariidae","Procellariiformes","M","gray, pale gray"
"Broad-winged Hawk","Buteo_platypterus","Osprey, kites, hawks and eagles","Accipitridae","Accipitriformes","F","brownish gray, dark gray, dark rufous, gray, medium yellow-buff, medium-dark rufous, medium-dark yellow-buff, pale gray"
"Bronze Ground-dove","Gallicolumba_beccarii","Doves and pigeons","Columbidae","Columbiformes","M","brownish gray, dark rufous, dark yellow-buff, gray, medium-dark rufous, medium-dark yellow-buff, pale gray"
"Bronze Munia","Lonchura_cucullata","Waxbills, grass finches, munias and allies","Estrildidae","Passeriformes","F","medium pinkish buff, medium red-brown, pale buff, pale pinkish buff, very pale buff, very pale cream, very pale orange-buff"
"Bronze Munia","Lonchura_cucullata","Waxbills, grass finches, munias and allies","Estrildidae","Passeriformes","M","medium pinkish buff, medium red-brown, medium tan, medium-dark brown, medium-dark maroon, pale buff, pale orange-buff, pale pinkish buff, very pale buff, very pale cream, very pale orange-buff"
"Bronze Sunbird","Nectarinia_kilimensis","Sunbirds","Nectariniidae","Passeriformes","F","black, brownish gray, dark gray, gray, medium cream, medium-dark yellow-buff, pale cream"
"Bronze Sunbird","Nectarinia_kilimensis","Sunbirds","Nectariniidae","Passeriformes","M","black, brownish gray, dark gray, medium green, medium orange-buff, pale cream"
"Bronze-tailed Glossy-starling","Lamprotornis_chalcurus","Starlings","Sturnidae","Passeriformes","M","blue, dark blue, dark gray, dark purple, light blue, medium green, medium-dark green, olive-gray, pale green"
"Bronze-tailed Plumeleteer","Chalybura_urochrysia","Hummingbirds","Trochilidae","Apodiformes","M","dark gray, gray, medium-dark green, medium-dark olive, medium-dark yellow-buff"
"Bronzy Hermit","Glaucis_aeneus","Hummingbirds","Trochilidae","Apodiformes","M","brownish gray, dark gray, gray, medium orange-buff, medium-dark rufous, medium-dark yellow-buff"
"Bronzy Inca","Coeligena_coeligena","Hummingbirds","Trochilidae","Apodiformes","M","black, brownish gray, dark brown, dark gray, dark rufous, dark yellow-buff, gray, medium green, medium-dark rufous, medium-dark yellow-buff, very dark rufous, very dark yellow-buff"
"Bronzy Jacamar","Galbula_leucogastra","Jacamars","Galbulidae","Piciformes","F","brownish gray, dark brown, dark gray, dark rufous, dark yellow-buff, gray, medium cream, medium yellow-buff, medium-dark green, medium-dark yellow-buff, olive-gray"
"Bronzy Jacamar","Galbula_leucogastra","Jacamars","Galbulidae","Piciformes","M","brownish gray, dark gray, dark olive, dark rufous, dark yellow-buff, gray, medium-dark brown, medium-dark yellow-buff, olive-gray"
"Brown Accentor","Prunella_fulvescens","Accentors","Prunellidae","Passeriformes","F","brownish gray, gray, medium yellow-buff, medium-dark rufous, medium-dark yellow-buff"
"Brown Accentor","Prunella_fulvescens","Accentors","Prunellidae","Passeriformes","M","brownish gray, gray, medium yellow-buff, medium-dark yellow-buff"
"Brown Booby","Sula_leucogaster","Gannets and boobies","Sulidae","Suliformes","M","brownish gray, gray"
"Brown Dipper","Cinclus_pallasii","Dippers","Cinclidae","Passeriformes","F","brownish gray"
"Brown Dipper","Cinclus_pallasii","Dippers","Cinclidae","Passeriformes","M","brownish gray, dark rufous"
"Brown Falcon","Falco_berigora","Falcons and caracaras","Falconidae","Falconiformes","F","brownish gray, dark gray, dark rufous, gray, medium yellow-buff, medium-dark orange-buff, medium-dark rufous, medium-dark yellow-buff"
"Brown Firefinch","Lagonosticta_nitidula","Waxbills, grass finches, munias and allies","Estrildidae","Passeriformes","F","medium buff, medium red-brown, medium-dark red-brown, pale buff, pale pinkish buff, very pale buff, very pale orange-buff"
"Brown Firefinch","Lagonosticta_nitidula","Waxbills, grass finches, munias and allies","Estrildidae","Passeriformes","M","medium buff, medium red-brown, medium tan, medium-dark brown, pale buff, very pale buff, very pale orange-buff"
"Brown Gerygone","Gerygone_mouki","Thornbills and gerygones","Acanthizidae","Passeriformes","F","brownish gray, dark gray, dark yellow-buff, gray"
"Brown Goshawk","Accipiter_fasciatus","Osprey, kites, hawks and eagles","Accipitridae","Accipitriformes","F","brownish gray, dark gray, gray, medium-dark orange-buff, medium-dark yellow-buff"
"Brown Hawk-owl","Ninox_scutulata","Owls","Strigidae","Strigiformes","M","brownish gray, gray, medium-dark rufous"
"Brown Inca","Coeligena_wilsoni","Hummingbirds","Trochilidae","Apodiformes","M","brownish gray, dark rufous, gray, medium-dark dark purple, medium-dark orange-buff, medium-dark yellow-buff"
"Brown Jacamar","Brachygalba_lugubris","Jacamars","Galbulidae","Piciformes","F","brownish gray, dark gray, gray, medium yellow-buff, olive-gray, very pale cream"
"Brown Jacamar","Brachygalba_lugubris","Jacamars","Galbulidae","Piciformes","M","brownish gray, dark gray, gray, medium cream, medium yellow-buff, medium-dark yellow-buff"
"Brown Jay","Cyanocorax_morio","Crows and jays","Corvidae","Passeriformes","F","black, brownish gray, dark gray, gray"
"Brown Noddy","Anous_stolidus","Gulls and terns","Laridae","Charadriiformes","F","black, brownish gray, dark gray, gray"
"Brown Oriole","Oriolus_szalayi","Orioles and figbirds","Oriolidae","Passeriformes","F","brownish gray, dark gray, gray, medium-dark yellow-buff"
"Brown Quail","Coturnix_ypsilophora","Grouse, pheasants and partridges","Phasianidae","Galliformes","M","brownish gray, dark gray, medium yellow-buff, medium-dark yellow-buff"
"Brown Shrike","Lanius_cristatus","Shrikes","Laniidae","Passeriformes","F","black, brownish gray, dark gray, dark yellow-buff, gray, medium yellow-buff, medium-dark yellow-buff"
"Brown Songlark","Cincloramphus_cruralis","Old World warblers","Sylviidae","Passeriformes","F","brownish gray, dark gray, dark yellow-buff, gray, medium yellow-buff, medium-dark yellow-buff"
"Brown Tanager","Orchesticus_abeillei","Tanagers","Thraupidae","Passeriformes","M","brownish gray, dark rufous, dark yellow-buff, gray, medium-dark rufous, medium-dark yellow-buff"
"Brown Teal","Anas_chlorotis","Ducks, geese and swans","Anatidae","Anseriformes","M","brownish gray, dark rufous, gray, medium-dark yellow-buff"
"Brown Thornbill","Acanthiza_pusilla","Thornbills and gerygones","Acanthizidae","Passeriformes","F","brownish gray, dark gray, dark yellow-buff, gray, medium yellow-buff, medium-dark yellow-buff"
"Brown Thrasher","Toxostoma_rufum","Mockingbirds and thrashers","Mimidae","Passeriformes","F","brownish gray, dark rufous, dark yellow-buff, gray, medium yellow-buff, medium-dark orange-buff, medium-dark rufous, medium-dark yellow-buff, very dark rufous"
"Brown Treecreeper","Climacteris_picumnus","Australian treecreepers","Climacteridae","Passeriformes","F","brownish gray, dark gray, gray, medium-dark yellow-buff"
"Brown Twinspot","Clytospiza_monteiri","Waxbills, grass finches, munias and allies","Estrildidae","Passeriformes","F","medium buff, medium orange-buff, medium pinkish buff, medium red-brown, medium tan, medium-dark red-brown, pale buff, pale pinkish buff, very pale buff, very pale cream, very pale orange-buff"
"Brown Twinspot","Clytospiza_monteiri","Waxbills, grass finches, munias and allies","Estrildidae","Passeriformes","M","medium pinkish buff, medium red-brown, medium tan, medium-dark red-brown, pale buff, pale pinkish buff, very pale buff, very pale orange-buff"
"Brown Violet-ear","Colibri_delphinae","Hummingbirds","Trochilidae","Apodiformes","F","blue, brownish gray, dark gray, dark purple, dark rufous, gray, medium-dark green, medium-dark olive"
"Brown Violet-ear","Colibri_delphinae","Hummingbirds","Trochilidae","Apodiformes","M","black, blue, brownish gray, dark gray, dark purple, dark rufous, gray, medium orange-buff, medium-dark green, medium-dark olive, medium-dark orange-buff, medium-dark rufous, medium-dark yellow-buff"
"Brown-backed Solitaire","Myadestes_occidentalis","Thrushes","Turdidae","Passeriformes","M","brownish gray, dark rufous, dark yellow-buff, gray, medium yellow-buff, medium-dark yellow-buff"
"Brown-bellied Antwren","Myrmotherula_gutturalis","Antbirds","Thamnophilidae","Passeriformes","F","black, brownish gray, dark gray, dark maroon, dark rufous, dark yellow-buff, gray, medium-dark yellow-buff, olive-gray, very dark olive"
"Brown-bellied Antwren","Myrmotherula_gutturalis","Antbirds","Thamnophilidae","Passeriformes","M","black, brownish gray, dark gray, dark maroon, dark rufous, dark yellow-buff, gray, medium-dark yellow-buff, olive-gray"
"Brown-capped Weaver","Ploceus_insignis","Weavers and allies","Ploceidae","Passeriformes","M","black, brownish gray, dark gray, dark rufous, gray, medium yellow-buff"
"Brown-chested Martin","Progne_tapera","Swallows and martins","Hirundinidae","Passeriformes","F","brownish gray, gray, pale cream"
"Brown-chested Martin","Progne_tapera","Swallows and martins","Hirundinidae","Passeriformes","M","brownish gray, dark gray, gray, pale gray"
"Brown-chested Martin","Progne_tapera","Swallows and martins","Hirundinidae","Passeriformes",NA,"brownish gray, gray"
"Brown-crested Flycatcher","Myiarchus_tyrannulus","Tyrant-flycatchers","Tyrannidae","Passeriformes","F","black, brownish gray, gray, medium cream, medium orange-buff, medium yellow-buff, medium-dark orange-buff, medium-dark rufous, medium-dark yellow-buff, pale cream"
"Brown-flanked Tanager","Thlypopsis_pectoralis","Tanagers","Thraupidae","Passeriformes","M","brownish gray, dark rufous, gray, medium-dark yellow-buff"
"Brown-headed Cowbird","Molothrus_ater","New World blackbirds","Icteridae","Passeriformes","F","black, brownish gray, gray, very dark yellow-buff"
"Brown-headed Cowbird","Molothrus_ater","New World blackbirds","Icteridae","Passeriformes","M","black, brownish gray, dark gray, dark yellow-buff, gray, medium-dark yellow-buff"
"Brown-headed Honeyeater","Melithreptus_brevirostris","Honeyeaters","Meliphagidae","Passeriformes","F","brownish gray, dark yellow-buff, gray, medium yellow-buff, medium-dark yellow-buff"
"Brown-headed Nuthatch","Sitta_pusilla","Nuthatches and Wallcreeper","Sittidae","Passeriformes","F","brownish gray, dark gray, dark rufous, gray, medium-dark yellow-buff"
"Brown-rumped Seedeater","Serinus_tristriatus","Finches and Hawaiian honeycreepers","Fringillidae","Passeriformes","F","brownish gray, gray, medium yellow-buff, medium-dark yellow-buff, very pale cream, very pale orange-buff"
"Brown-rumped Seedeater","Serinus_tristriatus","Finches and Hawaiian honeycreepers","Fringillidae","Passeriformes","M","olive-gray, pale gray, very pale cream, very pale green, very pale orange-buff"
"Brown-throated Treecreeper","Certhia_discolor","Treecreepers","Certhiidae","Passeriformes","F","dark rufous, gray, medium-dark rufous, medium-dark yellow-buff"
"Brown-throated Treecreeper","Certhia_discolor","Treecreepers","Certhiidae","Passeriformes","M","brownish gray, medium-dark rufous, medium-dark yellow-buff"
"Brushland Tinamou","Nothoprocta_cinerascens","Tinamous","Tinamidae","Tinamiformes","F","black, brownish gray, dark gray, dark rufous, gray, medium-dark rufous, medium-dark yellow-buff"
"Budgerigar","Melopsittacus_undulatus","Parrots","Psittacidae","Psittaciformes","F","blue, dark gray, dark olive, dark yellow-buff, gray, light blue, medium cream, medium green, medium yellow-buff, medium-dark green, medium-dark olive, medium-dark yellow-buff, olive-gray, pale cream, pale green"
"Buff-banded Rail","Gallirallus_philippensis","Rails, crakes and allies","Rallidae","Gruiformes","M","brownish gray, dark gray, dark rufous, gray, medium yellow-buff, medium-dark orange-buff, medium-dark rufous, medium-dark yellow-buff"
"Buff-bellied Tanager","Thlypopsis_inornata","Tanagers","Thraupidae","Passeriformes","M","brownish gray, dark gray, dark rufous, gray, medium yellow-buff, medium-dark yellow-buff"
"Buff-breasted Earthcreeper","Upucerthia_validirostris","Ovenbirds","Furnariidae","Passeriformes","F","brownish gray, dark yellow-buff, gray, medium yellow-buff, medium-dark rufous, medium-dark yellow-buff"
"Buff-breasted Earthcreeper","Upucerthia_validirostris","Ovenbirds","Furnariidae","Passeriformes","M","brownish gray, dark rufous, dark yellow-buff, gray, medium yellow-buff, medium-dark rufous, medium-dark yellow-buff"
"Buff-breasted Flycatcher","Empidonax_fulvifrons","Tyrant-flycatchers","Tyrannidae","Passeriformes","F","brownish gray, gray, medium-dark yellow-buff"
"Buff-breasted Flycatcher","Empidonax_fulvifrons","Tyrant-flycatchers","Tyrannidae","Passeriformes","M","brownish gray, gray, medium-dark yellow-buff"
"Buff-breasted Mountain-tanager","Dubusia_taeniata","Tanagers","Thraupidae","Passeriformes","M","blue, dark blue, dark gray, gray, medium yellow-buff, medium-dark yellow-buff"
"Buff-breasted Paradise-kingfisher","Tanysiptera_sylvia","Kingfishers","Alcedinidae","Coraciiformes","F","blue, dark blue, gray, medium yellow-buff, medium-dark yellow-buff"
"Buff-breasted Sandpiper","Tryngites_subruficollis","Sandpipers and allies","Scolopacidae","Charadriiformes","F","brownish gray, dark gray, gray, medium yellow-buff, medium-dark yellow-buff"
"Buff-breasted Wren","Thryothorus_leucotis","Wrens","Troglodytidae","Passeriformes","F","brownish gray, dark gray, gray, medium cream, medium-dark rufous, medium-dark yellow-buff, pale cream"
"Buff-breasted Wren","Thryothorus_leucotis","Wrens","Troglodytidae","Passeriformes","M","brownish gray, dark gray, dark rufous, dark yellow-buff, gray, medium cream, medium yellow-buff, medium-dark orange-buff, medium-dark rufous, medium-dark yellow-buff, pale gray"
"Buff-bridled Inca-finch","Incaspiza_laeta","Buntings, American sparrows and allies","Emberizidae","Passeriformes","M","brownish gray, dark gray, gray, medium yellow-buff, medium-dark yellow-buff"
"Buff-faced Scrubwren","Sericornis_perspicillatus","Thornbills and gerygones","Acanthizidae","Passeriformes","F","black, brownish gray, dark gray, dark yellow-buff, gray, medium yellow-buff, medium-dark yellow-buff"
"Buff-headed Coucal","Centropus_milo","Cuckoos","Cuculidae","Cuculiformes","M","brownish gray, dark gray, gray, olive-gray"
"Buff-rumped Thornbill","Acanthiza_reguloides","Thornbills and gerygones","Acanthizidae","Passeriformes","F","brownish gray, dark gray, gray, medium yellow-buff, medium-dark yellow-buff"
"Buff-tailed Coronet","Boissonneaua_flavescens","Hummingbirds","Trochilidae","Apodiformes","M","brownish gray, gray, medium green, medium yellow-buff, medium-dark green, medium-dark yellow-buff"
"Buff-tailed Sicklebill","Eutoxeres_condamini","Hummingbirds","Trochilidae","Apodiformes","F","brownish gray, dark gray, dark yellow-buff, gray, medium yellow-buff, medium-dark green, medium-dark orange-buff, medium-dark rufous, medium-dark yellow-buff, olive-gray"
"Buff-tailed Sicklebill","Eutoxeres_condamini","Hummingbirds","Trochilidae","Apodiformes","M","blue, brownish gray, dark gray, dark olive, dark yellow-buff, gray, medium yellow-buff, medium-dark green, medium-dark rufous, medium-dark yellow-buff, olive-gray, pale cream"
"Buff-throated Foliage-gleaner","Automolus_ochrolaemus","Ovenbirds","Furnariidae","Passeriformes","F","brownish gray, dark rufous, dark yellow-buff, medium cream, medium yellow-buff, medium-dark orange-buff, medium-dark rufous, medium-dark yellow-buff, pale cream"
"Buff-throated Foliage-gleaner","Automolus_ochrolaemus","Ovenbirds","Furnariidae","Passeriformes","M","brownish gray, dark rufous, dark yellow-buff, medium cream, medium yellow-buff, medium-dark orange-buff, medium-dark rufous, medium-dark yellow-buff"
"Buff-throated Saltator","Saltator_maximus","Grosbeaks, saltators and allies","Cardinalidae","Passeriformes","F","brownish gray, dark gray, dark yellow-buff, gray, medium yellow-buff, medium-dark yellow-buff, pale cream"
"Buff-throated Saltator","Saltator_maximus","Grosbeaks, saltators and allies","Cardinalidae","Passeriformes","M","brownish gray, dark gray, dark yellow-buff, gray, medium yellow-buff, medium-dark yellow-buff"
"Buff-throated Sunbird","Nectarinia_adelberti","Sunbirds","Nectariniidae","Passeriformes","F","brownish gray, gray, medium yellow-buff, pale cream"
"Buff-throated Sunbird","Nectarinia_adelberti","Sunbirds","Nectariniidae","Passeriformes","M","black, brownish gray, dark rufous, medium yellow-buff, medium-dark orange-buff"
"Buff-throated Woodcreeper","Xiphorhynchus_guttatus","Woodcreepers","Dendrocolaptidae","Passeriformes","F","brownish gray, dark gray, dark rufous, dark yellow-buff, gray, medium yellow-buff, medium-dark rufous, medium-dark yellow-buff, very dark rufous"
"Buff-throated Woodcreeper","Xiphorhynchus_guttatus","Woodcreepers","Dendrocolaptidae","Passeriformes","M","brownish gray, dark gray, dark rufous, dark yellow-buff, gray, medium yellow-buff, medium-dark orange-buff, medium-dark rufous, medium-dark yellow-buff"
"Buff-winged Starfrontlet","Coeligena_lutetiae","Hummingbirds","Trochilidae","Apodiformes","M","black, brownish gray, dark olive, dark yellow-buff, medium-dark green, medium-dark olive, medium-dark orange-buff"
"Bufflehead","Bucephala_albeola","Ducks, geese and swans","Anatidae","Anseriformes","F","black, blue, brownish gray, dark gray, dark purple, dark yellow-buff, gray, medium-dark yellow-buff, olive-gray, pale gray"
"Buffy-fronted Seedeater","Sporophila_frontalis","Buntings, American sparrows and allies","Emberizidae","Passeriformes","M","brownish gray, dark yellow-buff, gray, medium-dark yellow-buff"
"Buller's Albatross","Thalassarche_bulleri","Albatrosses","Diomedeidae","Procellariiformes","M","brownish gray, gray"
"Buller's Shearwater","Puffinus_bulleri","Petrels and shearwaters","Procellariidae","Procellariiformes","M","brownish gray, dark gray, gray, pale gray"
"Bullock's Oriole","Icterus_bullockii","New World blackbirds","Icteridae","Passeriformes","F","black, brownish gray, dark gray, dark yellow-buff, gray, medium cream, medium yellow-buff, medium-dark yellow-buff, pale gray"
"Burchell's Glossy-starling","Lamprotornis_australis","Starlings","Sturnidae","Passeriformes","M","blue, dark gray, dark purple, gray, light blue, medium green, medium-dark dark purple, medium-dark green, olive-gray"
"Burnished-buff Tanager","Tangara_cayana","Tanagers","Thraupidae","Passeriformes","F","brownish gray, dark gray, dark olive, dark rufous, dark yellow-buff, gray, medium green, medium yellow-buff, medium-dark green, medium-dark olive, medium-dark orange-buff, medium-dark rufous, medium-dark yellow-buff, olive-gray, pale cream"
"Burnished-buff Tanager","Tangara_cayana","Tanagers","Thraupidae","Passeriformes","M","brownish gray, dark gray, gray, light blue, medium green, medium yellow-buff, medium-dark green, medium-dark yellow-buff, olive-gray"
"Burnished-buff Tanager","Tangara_cayana","Tanagers","Thraupidae","Passeriformes",NA,"blue, brownish gray, dark gray, gray, medium green, medium yellow-buff, medium-dark green, medium-dark orange-buff, medium-dark yellow-buff, olive-gray, pale cream"
"Bush Thick-knee","Burhinus_grallarius","Thick-knees","Burhinidae","Charadriiformes","F","brownish gray, dark yellow-buff, gray, medium-dark yellow-buff, pale gray"
"Bush wren","Xenicus_longipes","New Zealand wrens","Acanthisittidae","Passeriformes","F","brownish gray, dark olive, dark rufous, dark yellow-buff, gray"
"Bush wren","Xenicus_longipes","New Zealand wrens","Acanthisittidae","Passeriformes","M","brownish gray, dark olive, dark yellow-buff, gray"
"Bushtit","Psaltriparus_minimus","Long-tailed Tits","Aegithalidae","Passeriformes","F","brownish gray, dark gray, gray, medium yellow-buff, medium-dark yellow-buff"
"Bushtit","Psaltriparus_minimus","Long-tailed Tits","Aegithalidae","Passeriformes","M","brownish gray, dark gray, gray, medium yellow-buff"
"Cactus Wren","Campylorhynchus_brunneicapillus","Wrens","Troglodytidae","Passeriformes","F","brownish gray, dark gray, gray, medium cream"
"Cactus Wren","Campylorhynchus_brunneicapillus","Wrens","Troglodytidae","Passeriformes","M","brownish gray, dark gray, gray"
"Caica Parrot","Pyrilia_caica","Parrots","Psittacidae","Psittaciformes","F","dark gray, medium green, medium yellow-buff, medium-dark green, medium-dark olive, medium-dark yellow-buff, pale green"
"Caica Parrot","Pyrilia_caica","Parrots","Psittacidae","Psittaciformes","M","blue, brownish gray, dark blue, dark gray, gray, medium cream, medium green, medium orange-buff, medium yellow-buff, medium-dark green, medium-dark yellow-buff, pale cream, pale green"
"Calandra Lark","Melanocorypha_calandra","Larks","Alaudidae","Passeriformes","M","brownish gray, dark gray, gray, medium cream, medium yellow-buff, medium-dark yellow-buff, pale cream"
"California Gull","Larus_californicus","Gulls and terns","Laridae","Charadriiformes","F","gray, pale gray"
"California Quail","Callipepla_californica","New World quails","Odontophoridae","Galliformes","F","black, brownish gray, dark gray, dark rufous, gray, medium yellow-buff, medium-dark yellow-buff"
"California Thrasher","Toxostoma_redivivum","Mockingbirds and thrashers","Mimidae","Passeriformes","F","brownish gray, gray, medium yellow-buff, medium-dark yellow-buff"
"California Thrasher","Toxostoma_redivivum","Mockingbirds and thrashers","Mimidae","Passeriformes","M","brownish gray, gray, medium yellow-buff, medium-dark yellow-buff"
"California Thrasher","Toxostoma_redivivum","Mockingbirds and thrashers","Mimidae","Passeriformes",NA,"brownish gray, gray, medium yellow-buff, medium-dark yellow-buff"
"California Towhee","Pipilo_crissalis","Buntings, American sparrows and allies","Emberizidae","Passeriformes","F","brownish gray, dark gray, dark rufous, gray, medium yellow-buff, medium-dark orange-buff, medium-dark rufous, medium-dark yellow-buff"
"Canada Goose","Branta_canadensis","Ducks, geese and swans","Anatidae","Anseriformes","M","black, brownish gray, dark gray, gray"
"Canada Warbler","Wilsonia_canadensis","New World warblers","Parulidae","Passeriformes","F","brownish gray, dark yellow-buff, gray, medium cream, medium yellow-buff, medium-dark yellow-buff, pale cream"
"Canada Warbler","Wilsonia_canadensis","New World warblers","Parulidae","Passeriformes","M","brownish gray, dark gray, gray, medium cream, medium yellow-buff, medium-dark yellow-buff, pale cream"
"Canary Flyrobin","Microeca_papuana","Australasian robins","Petroicidae","Passeriformes","F","black, brownish gray, dark yellow-buff, gray, medium yellow-buff, medium-dark yellow-buff, very dark yellow-buff"
"Canary Islands Chiffchaff","Phylloscopus_canariensis","Old World warblers","Sylviidae","Passeriformes","M","brownish gray, gray, medium cream, medium yellow-buff, medium-dark yellow-buff, pale cream"
"Canvasback","Aythya_valisineria","Ducks, geese and swans","Anatidae","Anseriformes","F","black, brownish gray, dark gray, dark rufous, gray, medium-dark yellow-buff, pale gray, very dark rufous"
"Canyon Towhee","Pipilo_fuscus","Buntings, American sparrows and allies","Emberizidae","Passeriformes","F","brownish gray, dark gray, dark rufous, gray, medium yellow-buff, medium-dark rufous, medium-dark yellow-buff"
"Canyon Wren","Catherpes_mexicanus","Wrens","Troglodytidae","Passeriformes","F","brownish gray, dark rufous, gray, medium-dark rufous, pale gray"
"Canyon Wren","Catherpes_mexicanus","Wrens","Troglodytidae","Passeriformes","M","brownish gray, dark rufous, gray, medium-dark yellow-buff, pale gray"
"Cape Canary","Serinus_canicollis","Finches and Hawaiian honeycreepers","Fringillidae","Passeriformes","F","very pale cream"
"Cape Canary","Serinus_canicollis","Finches and Hawaiian honeycreepers","Fringillidae","Passeriformes","M","very pale cream, very pale orange-buff"
"Cape May Warbler","Dendroica_tigrina","New World warblers","Parulidae","Passeriformes","F","black, brownish gray, dark gray, dark yellow-buff, gray, medium yellow-buff, medium-dark yellow-buff, very dark yellow-buff"
"Cape May Warbler","Dendroica_tigrina","New World warblers","Parulidae","Passeriformes","M","brownish gray, dark gray, dark rufous, dark yellow-buff, gray, medium cream, medium yellow-buff, medium-dark yellow-buff"
"Cape Petrel","Daption_capense","Petrels and shearwaters","Procellariidae","Procellariiformes","M","dark gray, gray, pale gray"
"Cape Robin-chat","Cossypha_caffra","Chats and Old World flycatchers","Muscicapidae","Passeriformes","F","black, brownish gray, dark gray, gray, medium-dark yellow-buff"
"Cape Siskin","Serinus_totta","Finches and Hawaiian honeycreepers","Fringillidae","Passeriformes","F","very pale cream, very pale orange-buff"
"Cape Siskin","Serinus_totta","Finches and Hawaiian honeycreepers","Fringillidae","Passeriformes","M","very pale cream, very pale orange-buff"
"Cape Verde Warbler","Acrocephalus_brevipennis","Old World warblers","Sylviidae","Passeriformes","M","brownish gray, dark yellow-buff, gray, medium yellow-buff, medium-dark yellow-buff"
"Capped Conebill","Conirostrum_albifrons","Tanagers","Thraupidae","Passeriformes","M","blue, brownish gray, dark blue, dark gray, dark olive, dark yellow-buff, gray, medium-dark olive, medium-dark yellow-buff, olive-gray"
"Capped Seedeater","Sporophila_bouvreuil","Buntings, American sparrows and allies","Emberizidae","Passeriformes","M","brownish gray, dark gray, dark rufous, gray, medium-dark orange-buff, medium-dark rufous, medium-dark yellow-buff"
"Capped White-eye","Zosterops_fuscicapilla","White-eyes","Zosteropidae","Passeriformes","M","brownish gray, dark gray, dark yellow-buff, gray, medium yellow-buff, medium-dark yellow-buff"
"Capuchinbird","Perissocephalus_tricolor","Cotingas","Cotingidae","Passeriformes","F","brownish gray, dark gray, dark rufous, dark yellow-buff, gray, medium-dark rufous, medium-dark yellow-buff"
"Capuchinbird","Perissocephalus_tricolor","Cotingas","Cotingidae","Passeriformes","M","brownish gray, dark gray, dark rufous, dark yellow-buff, gray, medium-dark rufous, medium-dark yellow-buff, olive-gray"
"Carbonated Sierra-finch","Phrygilus_carbonarius","Buntings, American sparrows and allies","Emberizidae","Passeriformes","M","brownish gray, dark gray, gray"
"Cardinal Lory","Chalcopsitta_cardinalis","Parrots","Psittacidae","Psittaciformes","M","brownish gray, dark brown, medium-dark brown, medium-dark rufous"
"Cardinal Myzomela","Myzomela_cardinalis","Honeyeaters","Meliphagidae","Passeriformes","M","brownish gray, dark brown, dark gray, gray, medium-dark brown"
"Carmelite Sunbird","Nectarinia_fuliginosa","Sunbirds","Nectariniidae","Passeriformes","F","brownish gray, dark gray, dark yellow-buff, medium cream, medium yellow-buff, medium-dark rufous, medium-dark yellow-buff"
"Carmelite Sunbird","Nectarinia_fuliginosa","Sunbirds","Nectariniidae","Passeriformes","M","black, brownish gray, dark gray, dark rufous, medium purple, medium-dark dark purple"
"Carolina Chickadee","Parus_carolinensis","Tits and chickadees","Paridae","Passeriformes","F","black, brownish gray, dark gray, gray, medium yellow-buff, medium-dark yellow-buff"
"Carolina Wren","Thryothorus_ludovicianus","Wrens","Troglodytidae","Passeriformes","F","brownish gray, dark rufous, gray, medium yellow-buff, medium-dark rufous, medium-dark yellow-buff"
"Carrion Crow","Corvus_corone","Crows and jays","Corvidae","Passeriformes","F","dark gray, gray"
"Caspian Tern","Sterna_caspia","Gulls and terns","Laridae","Charadriiformes","M","dark gray, gray, pale gray"
"Cassin's Auklet","Ptychoramphus_aleuticus","Auks","Alcidae","Charadriiformes",NA,"gray"
"Cassin's Finch","Carpodacus_cassinii","Finches and Hawaiian honeycreepers","Fringillidae","Passeriformes","F","brownish gray, dark brown, gray, medium-dark brown, medium-dark orange-buff, medium-dark rufous, medium-dark yellow-buff"
"Cassin's Kingbird","Tyrannus_vociferans","Tyrant-flycatchers","Tyrannidae","Passeriformes","F","brownish gray, dark gray, dark rufous, dark yellow-buff, gray, medium cream, medium orange-buff, medium yellow-buff, medium-dark orange-buff, medium-dark rufous, medium-dark yellow-buff, pale cream"
"Cassin's Sparrow","Aimophila_cassinii","Buntings, American sparrows and allies","Emberizidae","Passeriformes","F","brownish gray, dark gray, gray, medium-dark yellow-buff"
"Cattle Egret","Bubulcus_ibis","Herons and egrets","Ardeidae","Pelecaniformes","F","gray, medium orange-buff, medium yellow-buff, medium-dark yellow-buff, olive-gray, pale gray, pale orange-buff"
"Cattle Egret","Bubulcus_ibis","Herons and egrets","Ardeidae","Pelecaniformes","M","gray, medium orange-buff, pale gray"
"Cattle Egret","Bubulcus_ibis","Herons and egrets","Ardeidae","Pelecaniformes",NA,"gray, medium orange-buff, pale gray, pale orange-buff"
"Cave Swallow","Petrochelidon_fulva","Swallows and martins","Hirundinidae","Passeriformes","F","blue, dark gray, dark rufous, gray, medium yellow-buff, medium-dark orange-buff, medium-dark rufous, medium-dark yellow-buff, very dark rufous"
"Cave Swallow","Petrochelidon_fulva","Swallows and martins","Hirundinidae","Passeriformes","M","blue, brownish gray, dark gray, dark rufous, gray, medium-dark orange-buff, medium-dark rufous"
"Cayenne Jay","Cyanocorax_cayanus","Crows and jays","Corvidae","Passeriformes","F","dark gray, dark purple, gray"
"Cayenne Jay","Cyanocorax_cayanus","Crows and jays","Corvidae","Passeriformes","M","brownish gray, dark gray, gray, pale cream"
"Cayenne Jay","Cyanocorax_cayanus","Crows and jays","Corvidae","Passeriformes",NA,"black, brownish gray, dark gray, dark purple, gray"
"Cedar Waxwing","Bombycilla_cedrorum","Waxwings","Bombycillidae","Passeriformes","F","brownish gray, dark gray, dark rufous, gray, medium yellow-buff, medium-dark orange-buff, medium-dark rufous, medium-dark yellow-buff, very dark rufous"
"Cerulean Warbler","Dendroica_cerulea","New World warblers","Parulidae","Passeriformes","F","black, blue, brownish gray, dark blue, dark gray, gray, medium cream, medium green, medium yellow-buff, medium-dark green, medium-dark olive, medium-dark yellow-buff, olive-gray, pale cream, pale gray"
"Cerulean Warbler","Dendroica_cerulea","New World warblers","Parulidae","Passeriformes","M","black, blue, dark gray, gray, light blue, olive-gray, pale gray"
"Cerulean-capped Manakin","Lepidothrix_coeruleocapilla","Manakins","Pipridae","Passeriformes","F","black, dark gray, dark olive, gray, light blue, medium cream, medium yellow-buff, medium-dark olive, medium-dark yellow-buff, olive-gray"
"Cerulean-capped Manakin","Lepidothrix_coeruleocapilla","Manakins","Pipridae","Passeriformes","M","black, dark gray, light blue"
"Channel-billed Toucan","Ramphastos_vitellinus","Toucans and barbets","Ramphastidae","Piciformes","F","black, dark brown, dark gray, gray, medium orange-buff, medium yellow-buff, medium-dark brown, medium-dark orange-buff, medium-dark yellow-buff, pale gray"
"Channel-billed Toucan","Ramphastos_vitellinus","Toucans and barbets","Ramphastidae","Piciformes","M","black, dark brown, dark gray, gray, medium yellow-buff, medium-dark yellow-buff, pale gray"
"Channel-billed Toucan","Ramphastos_vitellinus","Toucans and barbets","Ramphastidae","Piciformes",NA,"dark brown, dark gray, medium yellow-buff, pale gray"
"Chapman's Swift","Chaetura_chapmani","Swifts","Apodidae","Apodiformes",NA,"brownish gray, dark gray, gray"
"Chatham Gerygone","Gerygone_albofrontata","Thornbills and gerygones","Acanthizidae","Passeriformes","M","brownish gray, dark yellow-buff, gray, medium cream, medium-dark rufous, pale cream, pale gray"
"Chatham Snipe","Coenocorypha_pusilla","Sandpipers and allies","Scolopacidae","Charadriiformes","M","dark rufous, medium cream, medium yellow-buff, medium-dark rufous, medium-dark yellow-buff"
"Cherrie's Tanager","Ramphocelus_costaricensis","Tanagers","Thraupidae","Passeriformes","M","black, brownish gray, dark brown, dark gray, dark rufous, dark yellow-buff, gray, medium-dark brown, medium-dark rufous, medium-dark yellow-buff"
"Chestnut Seedeater","Sporophila_cinnamomea","Buntings, American sparrows and allies","Emberizidae","Passeriformes","M","brownish gray, dark gray, dark rufous, gray, medium-dark yellow-buff"
"Chestnut Teal","Anas_castanea","Ducks, geese and swans","Anatidae","Anseriformes","F","black, brownish gray, dark gray, dark rufous, dark yellow-buff, gray, medium-dark rufous, medium-dark yellow-buff, olive-gray"
"Chestnut Woodpecker","Celeus_elegans","Woodpeckers","Picidae","Piciformes","F","brownish gray, dark gray, dark rufous, gray, medium cream, medium yellow-buff, medium-dark brown, medium-dark rufous, medium-dark yellow-buff, pale cream"
"Chestnut Woodpecker","Celeus_elegans","Woodpeckers","Picidae","Piciformes","M","brownish gray, dark brown, dark gray, dark rufous, dark yellow-buff, gray, medium cream, medium yellow-buff, medium-dark brown, medium-dark orange-buff, medium-dark rufous, medium-dark yellow-buff, pale cream"
"Chestnut-backed Chickadee","Parus_rufescens","Tits and chickadees","Paridae","Passeriformes","F","brownish gray, dark gray, dark rufous, gray"
"Chestnut-backed Chickadee","Parus_rufescens","Tits and chickadees","Paridae","Passeriformes","M","black, brownish gray, dark gray, dark rufous, gray"
"Chestnut-backed Tanager","Tangara_preciosa","Tanagers","Thraupidae","Passeriformes","M","brownish gray, dark gray, dark olive, dark rufous, dark yellow-buff, gray, medium green, medium-dark green, medium-dark olive, medium-dark orange-buff, medium-dark rufous, medium-dark yellow-buff, olive-gray"
"Chestnut-bellied Fantail","Rhipidura_hyperythra","Fantails","Rhipiduridae","Passeriformes","F","black, brownish gray, dark gray, dark yellow-buff, gray, medium yellow-buff, medium-dark rufous, medium-dark yellow-buff"
"Chestnut-bellied Flowerpiercer","Diglossa_gloriosissima","Tanagers","Thraupidae","Passeriformes","M","brownish gray, dark gray, dark rufous, dark yellow-buff, gray"
"Chestnut-bellied Monarch","Monarcha_castaneiventris","Monarchs","Monarchidae","Passeriformes","M","black, brownish gray, dark gray, dark rufous, gray, medium-dark rufous"
"Chestnut-bellied Mountain-tanager","Delothraupis_castaneoventris","Tanagers","Thraupidae","Passeriformes","M","blue, dark blue, dark gray, dark rufous, gray, medium-dark rufous, medium-dark yellow-buff"
"Chestnut-bellied Seedeater","Sporophila_castaneiventris","Buntings, American sparrows and allies","Emberizidae","Passeriformes","F","brownish gray, medium yellow-buff"
"Chestnut-bellied Seedeater","Sporophila_castaneiventris","Buntings, American sparrows and allies","Emberizidae","Passeriformes","M","brownish gray, dark brown, dark gray, dark rufous, dark yellow-buff, gray, medium yellow-buff, medium-dark rufous, medium-dark yellow-buff"
"Chestnut-bellied Starling","Lamprotornis_pulcher","Starlings","Sturnidae","Passeriformes","M","blue, brownish gray, dark gray, gray, medium green, medium orange-buff, medium yellow-buff, medium-dark green, medium-dark olive, medium-dark orange-buff, medium-dark rufous, medium-dark yellow-buff, olive-gray"
"Chestnut-belted Gnateater","Conopophaga_aurita","Gnateaters","Conopophagidae","Passeriformes","F","brownish gray, dark rufous, gray, medium cream, medium orange-buff, medium-dark rufous, medium-dark yellow-buff, pale gray"
"Chestnut-belted Gnateater","Conopophaga_aurita","Gnateaters","Conopophagidae","Passeriformes","M","brownish gray, dark gray, dark rufous, gray, medium yellow-buff, medium-dark rufous, medium-dark yellow-buff, pale gray"
"Chestnut-breasted Coronet","Boissonneaua_matthewsii","Hummingbirds","Trochilidae","Apodiformes","M","brownish gray, dark rufous, medium cream, medium-dark green, medium-dark rufous, medium-dark yellow-buff"
"Chestnut-breasted Mountain-finch","Poospiza_caesar","Buntings, American sparrows and allies","Emberizidae","Passeriformes","M","black, brownish gray, dark gray, dark rufous, dark yellow-buff, gray, medium-dark rufous"
"Chestnut-breasted Munia","Lonchura_castaneothorax","Waxbills, grass finches, munias and allies","Estrildidae","Passeriformes","F","brownish gray, dark rufous, dark yellow-buff, gray, medium-dark orange-buff, medium-dark rufous, medium-dark yellow-buff, pale gray"
"Chestnut-breasted Munia","Lonchura_castaneothorax","Waxbills, grass finches, munias and allies","Estrildidae","Passeriformes","M","dark brown, dark rufous, medium orange-buff, medium pinkish buff, medium red-brown, medium tan, medium-dark brown, medium-dark orange-buff, medium-dark rufous, pale buff, pale orange-buff, very pale buff, very pale cream, very pale orange-buff"
"Chestnut-breasted Negrofinch","Nigrita_bicolor","Waxbills, grass finches, munias and allies","Estrildidae","Passeriformes","F","black, brownish gray, dark yellow-buff, gray, medium orange-buff, medium tan, medium yellow-buff, medium-dark brown, medium-dark yellow-buff, pale buff, pale cream, pale orange-buff, very pale orange-buff"
"Chestnut-breasted Negrofinch","Nigrita_bicolor","Waxbills, grass finches, munias and allies","Estrildidae","Passeriformes","M","black, dark olive, medium orange-buff, medium pinkish buff, medium red-brown, medium tan, medium-dark brown, medium-dark red-brown, medium-dark yellow-buff, pale buff, pale gray, very pale buff, very pale orange-buff"
"Chestnut-breasted Quail-thrush","Cinclosoma_castaneothorax","Quail-thrushes","Cinclosomatidae","Passeriformes","F","black, brownish gray, dark blue, dark gray, dark rufous, dark yellow-buff, gray, medium yellow-buff, medium-dark orange-buff, medium-dark rufous, medium-dark yellow-buff, pale gray"
"Chestnut-capped Brush-finch","Arremon_brunneinucha","Buntings, American sparrows and allies","Emberizidae","Passeriformes","F","brownish gray, dark gray, dark rufous, dark yellow-buff, gray, pale gray, very dark rufous, very dark yellow-buff"
"Chestnut-capped Puffbird","Bucco_macrodactylus","Puffbirds","Bucconidae","Piciformes","F","brownish gray, dark gray, dark rufous, gray, medium cream, medium yellow-buff, medium-dark orange-buff, medium-dark yellow-buff"
"Chestnut-capped Puffbird","Bucco_macrodactylus","Puffbirds","Bucconidae","Piciformes","M","black, brownish gray, dark gray, dark rufous, gray, medium cream, medium yellow-buff, medium-dark rufous, medium-dark yellow-buff, pale cream"
"Chestnut-collared Longspur","Calcarius_ornatus","Buntings, American sparrows and allies","Emberizidae","Passeriformes","F","black, brownish gray, dark gray, dark yellow-buff, gray, medium yellow-buff, medium-dark yellow-buff"
"Chestnut-collared Swift","Streptoprocne_rutila","Swifts","Apodidae","Apodiformes",NA,"black, brownish gray, dark gray, dark rufous, gray"
"Chestnut-crowned Babbler","Pomatostomus_ruficeps","Australasian babblers","Pomatostomidae","Passeriformes","F","brownish gray, dark brown, dark gray, dark rufous, gray, pale gray"
"Chestnut-crowned Becard","Pachyramphus_castaneus","Cotingas","Cotingidae","Passeriformes","F","brownish gray, dark rufous, gray, medium yellow-buff, medium-dark rufous, medium-dark yellow-buff"
"Chestnut-crowned Becard","Pachyramphus_castaneus","Cotingas","Cotingidae","Passeriformes","M","brownish gray, dark rufous, gray, medium yellow-buff, medium-dark rufous, medium-dark yellow-buff"
"Chestnut-crowned Foliage-gleaner","Automolus_rufipileatus","Ovenbirds","Furnariidae","Passeriformes","F","brownish gray, dark brown, dark rufous, dark yellow-buff, medium yellow-buff, medium-dark orange-buff, medium-dark rufous, medium-dark yellow-buff"
"Chestnut-crowned Foliage-gleaner","Automolus_rufipileatus","Ovenbirds","Furnariidae","Passeriformes","M","brownish gray, dark rufous, medium yellow-buff, medium-dark orange-buff, medium-dark rufous, medium-dark yellow-buff"
"Chestnut-eared Aracari","Pteroglossus_castanotis","Toucans and barbets","Ramphastidae","Piciformes","F","black, brownish gray, dark brown, dark gray, dark yellow-buff, gray, medium cream, medium yellow-buff, olive-gray"
"Chestnut-eared Aracari","Pteroglossus_castanotis","Toucans and barbets","Ramphastidae","Piciformes","M","black, brownish gray, dark brown, dark gray, dark rufous, gray, medium cream, medium green, medium yellow-buff, olive-gray, pale green, very dark rufous"
"Chestnut-eared Aracari","Pteroglossus_castanotis","Toucans and barbets","Ramphastidae","Piciformes",NA,"black, brownish gray, dark brown, dark gray, gray, medium green, medium yellow-buff, medium-dark brown, olive-gray"
"Chestnut-flanked White-eye","Zosterops_erythropleurus","White-eyes","Zosteropidae","Passeriformes","M","brownish gray, dark rufous, gray, medium cream, medium yellow-buff, medium-dark rufous, medium-dark yellow-buff"
"Chestnut-fronted Macaw","Ara_severus","Parrots","Psittacidae","Psittaciformes","F","blue, medium green, medium yellow-buff, medium-dark brown, medium-dark green, medium-dark rufous, medium-dark yellow-buff"
"Chestnut-fronted Macaw","Ara_severus","Parrots","Psittacidae","Psittaciformes","M","blue, dark brown, dark yellow-buff, light blue, medium green, medium yellow-buff, medium-dark brown, medium-dark green, medium-dark olive, medium-dark yellow-buff, pale green"
"Chestnut-headed Oropendola","Psarocolius_wagleri","New World blackbirds","Icteridae","Passeriformes","F","brownish gray, dark gray, gray, medium yellow-buff"
"Chestnut-headed Tanager","Pyrrhocoma_ruficeps","Tanagers","Thraupidae","Passeriformes","M","brownish gray, dark gray, dark rufous, dark yellow-buff, gray, medium-dark yellow-buff"
"Chestnut-quilled Rock-pigeon","Petrophassa_rufipennis","Doves and pigeons","Columbidae","Columbiformes","F","gray, olive-gray"
"Chestnut-rumped Thornbill","Acanthiza_uropygialis","Thornbills and gerygones","Acanthizidae","Passeriformes","F","black, brownish gray, dark gray, gray"
"Chestnut-rumped Woodcreeper","Xiphorhynchus_pardalotus","Woodcreepers","Dendrocolaptidae","Passeriformes","F","brownish gray, dark rufous, dark yellow-buff, gray, medium yellow-buff, medium-dark rufous, medium-dark yellow-buff"
"Chestnut-rumped Woodcreeper","Xiphorhynchus_pardalotus","Woodcreepers","Dendrocolaptidae","Passeriformes","M","brownish gray, dark brown, dark gray, dark rufous, dark yellow-buff, gray, medium yellow-buff, medium-dark rufous, medium-dark yellow-buff"
"Chestnut-sided Warbler","Dendroica_pensylvanica","New World warblers","Parulidae","Passeriformes","F","black, brownish gray, dark gray, dark rufous, dark yellow-buff, gray, medium yellow-buff, medium-dark rufous, medium-dark yellow-buff, pale cream, pale gray"
"Chestnut-sided Warbler","Dendroica_pensylvanica","New World warblers","Parulidae","Passeriformes","M","brownish gray, dark gray, dark rufous, dark yellow-buff, gray, medium cream, medium yellow-buff, medium-dark yellow-buff, pale cream, very dark rufous"
"Chestnut-throated Seedeater","Sporophila_telasco","Buntings, American sparrows and allies","Emberizidae","Passeriformes","M","brownish gray, dark gray, dark rufous, gray, medium yellow-buff, medium-dark rufous, medium-dark yellow-buff"
"Chestnut-tipped Toucanet","Aulacorhynchus_derbianus","Toucans and barbets","Ramphastidae","Piciformes","F","blue, brownish gray, dark gray, dark olive, dark rufous, gray, medium green, medium yellow-buff, medium-dark green, medium-dark olive"
"Chestnut-tipped Toucanet","Aulacorhynchus_derbianus","Toucans and barbets","Ramphastidae","Piciformes","M","brownish gray, dark gray, gray, medium green, medium-dark green, medium-dark olive, medium-dark rufous, olive-gray"
"Chestnut-vented Conebill","Conirostrum_speciosum","Tanagers","Thraupidae","Passeriformes","F","black, brownish gray, dark gray, dark olive, gray, medium cream, medium yellow-buff, medium-dark green, medium-dark olive, medium-dark yellow-buff, olive-gray, pale cream, very dark olive"
"Chestnut-vented Conebill","Conirostrum_speciosum","Tanagers","Thraupidae","Passeriformes","M","black, blue, brownish gray, dark blue, dark gray, gray, light blue, medium-dark olive, medium-dark rufous, medium-dark yellow-buff, olive-gray"
"Chestnut-winged Hookbill","Ancistrops_strigilatus","Ovenbirds","Furnariidae","Passeriformes","F","brownish gray, dark gray, dark rufous, gray, medium yellow-buff"
"Chestnut-winged Hookbill","Ancistrops_strigilatus","Ovenbirds","Furnariidae","Passeriformes","M","brownish gray, dark gray, dark rufous, dark yellow-buff, gray, medium yellow-buff, medium-dark rufous, medium-dark yellow-buff"
"Chestnut-winged Starling","Onychognathus_fulgidus","Starlings","Sturnidae","Passeriformes","M","blue, brownish gray, dark brown, dark gray, dark rufous, gray"
"Chihuahuan Raven","Corvus_cryptoleucus","Crows and jays","Corvidae","Passeriformes","F","dark gray, gray"
"Chihuahuan Raven","Corvus_cryptoleucus","Crows and jays","Corvidae","Passeriformes","M","dark gray, gray"
"Chimney Swift","Chaetura_pelagica","Swifts","Apodidae","Apodiformes","F","black, brownish gray, dark gray, gray, medium-dark yellow-buff"
"Chinspot Batis","Batis_molitor","Shrike-flycatchers, wattle-eyes and batises","Platysteiridae","Passeriformes","F","black, dark gray, dark rufous, gray, medium-dark orange-buff, medium-dark rufous, medium-dark yellow-buff, pale gray, very dark rufous"
"Chipping Sparrow","Spizella_passerina","Buntings, American sparrows and allies","Emberizidae","Passeriformes","F","brownish gray, dark brown, dark rufous, dark yellow-buff, gray, medium-dark rufous, medium-dark yellow-buff, pale gray, very dark rufous"
"Chirruping Wedgebill","Psophodes_cristatus","Whipbirds, wedgebills and jewel-babblers","Eupetidae","Passeriformes","F","brownish gray, dark yellow-buff, gray, medium-dark yellow-buff"
"Chotoy Spinetail","Schoeniophylax_phryganophilus","Ovenbirds","Furnariidae","Passeriformes","F","brownish gray, dark gray, dark rufous, gray, medium yellow-buff, medium-dark rufous, medium-dark yellow-buff, very dark rufous"
"Chowchilla","Orthonyx_spaldingii","Logrunners","Orthonychidae","Passeriformes","F","black, brownish gray, dark gray, dark rufous, gray, medium-dark rufous"
"Christmas Island Imperial-pigeon","Ducula_whartoni","Doves and pigeons","Columbidae","Columbiformes","M","brownish gray, dark gray, dark rufous, gray, medium-dark rufous, olive-gray"
"Christmas Island Shearwater","Puffinus_nativitatis","Petrels and shearwaters","Procellariidae","Procellariiformes","M","brownish gray, dark gray"
"Chubb's Cisticola","Cisticola_chubbi","Cisticolas and allies","Cisticolidae","Passeriformes","F","brownish gray, dark rufous, dark yellow-buff, gray, pale gray"
"Chucao Tapaculo","Scelorchilus_rubecula","Tapaculos","Rhinocryptidae","Passeriformes","F","brownish gray, dark rufous, dark yellow-buff, medium-dark rufous, medium-dark yellow-buff"
"Chucao Tapaculo","Scelorchilus_rubecula","Tapaculos","Rhinocryptidae","Passeriformes","M","brownish gray, dark yellow-buff, medium-dark rufous, medium-dark yellow-buff"
"Cinderella Waxbill","Estrilda_thomensis","Waxbills, grass finches, munias and allies","Estrildidae","Passeriformes","F","medium tan, pale orange-buff, very pale buff, very pale cream, very pale orange-buff"
"Cinderella Waxbill","Estrilda_thomensis","Waxbills, grass finches, munias and allies","Estrildidae","Passeriformes","M","medium tan, pale buff, pale orange-buff, very pale buff, very pale cream, very pale orange-buff"
"Cinereous Antshrike","Thamnomanes_caesius","Antbirds","Thamnophilidae","Passeriformes","F","black, brownish gray, dark gray, dark olive, dark rufous, dark yellow-buff, gray, medium-dark orange-buff, medium-dark rufous, medium-dark yellow-buff, olive-gray, pale gray"
"Cinereous Antshrike","Thamnomanes_caesius","Antbirds","Thamnophilidae","Passeriformes","M","black, dark gray, dark olive, gray, olive-gray, very dark maroon"
"Cinereous Becard","Pachyramphus_rufus","Cotingas","Cotingidae","Passeriformes","F","brownish gray, dark rufous, dark yellow-buff, gray, medium cream, medium yellow-buff, medium-dark orange-buff, medium-dark rufous, medium-dark yellow-buff, pale cream"
"Cinereous Becard","Pachyramphus_rufus","Cotingas","Cotingidae","Passeriformes","M","black, brownish gray, dark gray, gray"
"Cinereous Conebill","Conirostrum_cinereum","Tanagers","Thraupidae","Passeriformes","M","brownish gray, dark gray, gray, medium yellow-buff, medium-dark yellow-buff"
"Cinereous Finch","Piezorhina_cinerea","Buntings, American sparrows and allies","Emberizidae","Passeriformes","M","brownish gray, dark gray, gray"
"Cinereous Mourner","Laniocera_hypopyrra","Cotingas","Cotingidae","Passeriformes","M","brownish gray, dark yellow-buff, gray, medium yellow-buff, medium-dark orange-buff, medium-dark yellow-buff"
"Cinereous Tinamou","Crypturellus_cinereus","Tinamous","Tinamidae","Tinamiformes","F","brownish gray"
"Cinereous Tinamou","Crypturellus_cinereus","Tinamous","Tinamidae","Tinamiformes",NA,"brownish gray, medium-dark rufous"
"Cinereous Warbling-finch","Poospiza_cinerea","Buntings, American sparrows and allies","Emberizidae","Passeriformes","M","brownish gray, dark gray, gray"
"Cinnamon Attila","Attila_cinnamomeus","Tyrant-flycatchers","Tyrannidae","Passeriformes","F","brownish gray, dark gray, dark rufous, medium cream, medium yellow-buff, medium-dark orange-buff, medium-dark rufous, medium-dark yellow-buff, pale cream"
"Cinnamon Attila","Attila_cinnamomeus","Tyrant-flycatchers","Tyrannidae","Passeriformes","M","brownish gray, dark rufous, medium cream, medium yellow-buff, medium-dark orange-buff, medium-dark rufous, medium-dark yellow-buff"
"Cinnamon Attila","Attila_cinnamomeus","Tyrant-flycatchers","Tyrannidae","Passeriformes",NA,"brownish gray, dark rufous, medium cream, medium yellow-buff, medium-dark orange-buff, medium-dark rufous, medium-dark yellow-buff"
"Cinnamon Ibon","Hypocryptadius_cinnamomeus","White-eyes","Zosteropidae","Passeriformes","F","dark rufous, medium yellow-buff, medium-dark rufous, medium-dark yellow-buff"
"Cinnamon Ibon","Hypocryptadius_cinnamomeus","White-eyes","Zosteropidae","Passeriformes","M","dark rufous, medium yellow-buff, medium-dark rufous"
"Cinnamon Quail-thrush","Cinclosoma_cinnamomeum","Quail-thrushes","Cinclosomatidae","Passeriformes","F","black, brownish gray, dark gray, dark rufous, gray, medium yellow-buff, medium-dark orange-buff, medium-dark rufous, medium-dark yellow-buff, pale gray"
"Cinnamon Tanager","Schistochlamys_ruficapillus","Tanagers","Thraupidae","Passeriformes","M","black, brownish gray, dark gray, gray, medium-dark yellow-buff"
"Cinnamon Warbling-finch","Poospiza_ornata","Buntings, American sparrows and allies","Emberizidae","Passeriformes","M","brownish gray, dark gray, dark rufous, dark yellow-buff, gray, medium-dark rufous, medium-dark yellow-buff"
"Cinnamon-bellied Flowerpiercer","Diglossa_baritula","Tanagers","Thraupidae","Passeriformes","M","brownish gray, dark gray, dark rufous, dark yellow-buff, gray, medium-dark rufous, medium-dark yellow-buff"
"Cinnamon-browed Melidectes","Melidectes_ochromelas","Honeyeaters","Meliphagidae","Passeriformes","F","black, brownish gray, dark gray, gray"
"Cinnamon-crested Spadebill","Platyrinchus_saturatus","Tyrant-flycatchers","Tyrannidae","Passeriformes","F","brownish gray, dark gray, dark rufous, dark yellow-buff, gray, medium cream, medium yellow-buff, medium-dark yellow-buff, pale cream, pale gray"
"Cinnamon-crested Spadebill","Platyrinchus_saturatus","Tyrant-flycatchers","Tyrannidae","Passeriformes","M","brownish gray, dark rufous, dark yellow-buff, gray, medium yellow-buff, medium-dark yellow-buff"
"Cinnamon-rumped Foliage-gleaner","Philydor_pyrrhodes","Ovenbirds","Furnariidae","Passeriformes","F","brownish gray, dark gray, dark rufous, dark yellow-buff, gray, medium orange-buff, medium yellow-buff, medium-dark orange-buff, medium-dark rufous, medium-dark yellow-buff"
"Cinnamon-rumped Foliage-gleaner","Philydor_pyrrhodes","Ovenbirds","Furnariidae","Passeriformes","M","brownish gray, dark gray, dark rufous, dark yellow-buff, gray, medium yellow-buff, medium-dark orange-buff, medium-dark rufous, medium-dark yellow-buff"
"Cinnamon-tailed Fantail","Rhipidura_fuscorufa","Fantails","Rhipiduridae","Passeriformes","M","brownish gray, dark gray, gray, medium orange-buff, medium yellow-buff, medium-dark orange-buff, medium-dark yellow-buff"
"Cinnamon-throated Woodcreeper","Dendrexetastes_rufigula","Woodcreepers","Dendrocolaptidae","Passeriformes","F","brownish gray, dark rufous, dark yellow-buff, gray, medium yellow-buff, medium-dark yellow-buff"
"Cinnamon-throated Woodcreeper","Dendrexetastes_rufigula","Woodcreepers","Dendrocolaptidae","Passeriformes","M","brownish gray, dark rufous, dark yellow-buff, gray, medium yellow-buff, medium-dark orange-buff, medium-dark rufous, medium-dark yellow-buff"
"Cirl Bunting","Emberiza_cirlus","Buntings, American sparrows and allies","Emberizidae","Passeriformes","F","brownish gray, dark gray, dark rufous, dark yellow-buff, gray, medium cream, medium yellow-buff, medium-dark rufous, medium-dark yellow-buff"
"Citron-headed Yellow-finch","Sicalis_luteocephala","Buntings, American sparrows and allies","Emberizidae","Passeriformes","M","brownish gray, dark gray, dark yellow-buff, gray, medium-dark yellow-buff"
"Clamorous Reed-warbler","Acrocephalus_stentoreus","Old World warblers","Sylviidae","Passeriformes","F","brownish gray, dark yellow-buff, gray, medium yellow-buff, medium-dark yellow-buff"
"Clark's Nutcracker","Nucifraga_columbiana","Crows and jays","Corvidae","Passeriformes","F","brownish gray, gray, pale gray"
"Clark's Nutcracker","Nucifraga_columbiana","Crows and jays","Corvidae","Passeriformes","M","brownish gray, gray, pale gray"
"Clay-coloured Sparrow","Spizella_pallida","Buntings, American sparrows and allies","Emberizidae","Passeriformes","F","black, brownish gray, dark gray, dark rufous, dark yellow-buff, gray, medium-dark yellow-buff"
"Clay-coloured Thrush","Turdus_grayi","Thrushes","Turdidae","Passeriformes","F","brownish gray, dark rufous, dark yellow-buff, gray, medium yellow-buff, medium-dark yellow-buff"
"Cliff Flycatcher","Hirundinea_ferruginea","Tyrant-flycatchers","Tyrannidae","Passeriformes",NA,"black, brownish gray, dark gray, dark rufous, gray, medium-dark rufous, medium-dark yellow-buff"
"Cliff Swallow","Petrochelidon_pyrrhonota","Swallows and martins","Hirundinidae","Passeriformes","M","black, blue, brownish gray, dark brown, dark gray, dark rufous, dark yellow-buff, gray, medium orange-buff, medium yellow-buff, medium-dark orange-buff, medium-dark rufous, medium-dark yellow-buff, pale gray, very dark rufous"
"Coal Tit","Parus_ater","Tits and chickadees","Paridae","Passeriformes","F","black, brownish gray, dark gray, dark yellow-buff, gray, medium-dark yellow-buff"
"Coal-crested Finch","Charitospiza_eucosma","Buntings, American sparrows and allies","Emberizidae","Passeriformes","M","black, brownish gray, dark gray, dark rufous, dark yellow-buff, gray, medium yellow-buff, medium-dark rufous, medium-dark yellow-buff"
"Cobalt-winged Parakeet","Brotogeris_cyanoptera","Parrots","Psittacidae","Psittaciformes","F","blue, dark olive, dark rufous, dark yellow-buff, medium green, medium-dark green, medium-dark olive, medium-dark orange-buff, medium-dark rufous, medium-dark yellow-buff, olive-gray"
"Cobb's Wren","Troglodytes_cobbi","Wrens","Troglodytidae","Passeriformes","M","brownish gray, dark yellow-buff, gray, medium yellow-buff, medium-dark yellow-buff"
"Cochabamba Mountain-finch","Compsospiza_garleppi","Tanagers","Thraupidae","Passeriformes","M","brownish gray, dark gray, dark rufous, dark yellow-buff, gray, medium-dark rufous, medium-dark yellow-buff"
"Cockatiel","Nymphicus_hollandicus","Parrots","Psittacidae","Psittaciformes","F","black, brownish gray, dark gray, gray, medium cream, medium orange-buff, medium yellow-buff, medium-dark orange-buff, medium-dark yellow-buff, pale cream"
"Cocoa Thrush","Turdus_fumigatus","Thrushes","Turdidae","Passeriformes","F","black, brownish gray, dark gray, dark rufous, dark yellow-buff, gray, medium yellow-buff, medium-dark rufous, medium-dark yellow-buff, olive-gray, very dark yellow-buff"
"Cocoa Thrush","Turdus_fumigatus","Thrushes","Turdidae","Passeriformes","M","black, brownish gray, dark rufous, dark yellow-buff, gray, medium cream, medium yellow-buff, medium-dark rufous, medium-dark yellow-buff, olive-gray"
"Cocos Finch","Pinaroloxias_inornata","Buntings, American sparrows and allies","Emberizidae","Passeriformes","M","black, brownish gray, dark gray, gray, medium yellow-buff, medium-dark yellow-buff"
"Collared Apalis","Oreolais_ruwenzorii","Cisticolas and allies","Cisticolidae","Passeriformes","F","dark gray, gray, medium-dark yellow-buff"
"Collared Flycatcher","Ficedula_albicollis","Chats and Old World flycatchers","Muscicapidae","Passeriformes","F","black, brownish gray, dark gray, gray, medium yellow-buff, pale gray"
"Collared Forest-falcon","Micrastur_semitorquatus","Falcons and caracaras","Falconidae","Falconiformes","F","brownish gray, dark gray, gray, medium cream, medium yellow-buff, olive-gray, pale cream, pale gray"
"Collared Forest-falcon","Micrastur_semitorquatus","Falcons and caracaras","Falconidae","Falconiformes","M","brownish gray, dark gray, gray, medium cream, medium yellow-buff, medium-dark yellow-buff, pale gray"
"Collared Gnatwren","Microbates_collaris","Gnatcatchers","Polioptilidae","Passeriformes","F","brownish gray, dark gray, dark yellow-buff, gray, medium-dark rufous, pale gray"
"Collared Gnatwren","Microbates_collaris","Gnatcatchers","Polioptilidae","Passeriformes","M","brownish gray, dark gray, gray, pale gray"
"Collared Gnatwren","Microbates_collaris","Gnatcatchers","Polioptilidae","Passeriformes",NA,"brownish gray, gray, pale gray"
"Collared Inca","Coeligena_torquata","Hummingbirds","Trochilidae","Apodiformes","M","brownish gray, dark gray, gray, medium-dark green, medium-dark olive, pale gray"
"Collared Kingfisher","Todiramphus_chloris","Kingfishers","Alcedinidae","Coraciiformes","M","blue, gray, medium cream, medium-dark green, medium-dark olive, pale cream"
"Collared Puffbird","Bucco_capensis","Puffbirds","Bucconidae","Piciformes","F","brownish gray, dark gray, dark rufous, gray, medium cream, medium yellow-buff, medium-dark orange-buff, medium-dark rufous, medium-dark yellow-buff"
"Collared Puffbird","Bucco_capensis","Puffbirds","Bucconidae","Piciformes","M","black, brownish gray, dark gray, dark rufous, gray, medium cream, medium yellow-buff, medium-dark orange-buff, medium-dark rufous, medium-dark yellow-buff, pale cream"
"Collared Sparrowhawk","Accipiter_cirrocephalus","Osprey, kites, hawks and eagles","Accipitridae","Accipitriformes","F","brownish gray, dark gray, gray, medium-dark rufous, medium-dark yellow-buff"
"Collared Sunbird","Anthreptes_collaris","Sunbirds","Nectariniidae","Passeriformes","F","black, blue, brownish gray, dark gray, gray, medium green, medium yellow-buff, medium-dark olive, medium-dark yellow-buff, pale cream, pale green"
"Collared Sunbird","Anthreptes_collaris","Sunbirds","Nectariniidae","Passeriformes","M","black, blue, dark gray, dark olive, dark purple, dark yellow-buff, gray, medium cream, medium green, medium yellow-buff, pale cream, pale green"
"Collared Towhee","Pipilo_ocai","Buntings, American sparrows and allies","Emberizidae","Passeriformes","F","brownish gray, dark rufous, dark yellow-buff, gray, medium-dark yellow-buff, very dark rufous"
"Collared Trogon","Trogon_collaris","Trogons","Trogonidae","Trogoniformes","F","brownish gray, dark gray, dark rufous, dark yellow-buff, gray, medium tan, medium-dark brown, medium-dark yellow-buff, pale gray"
"Collared Trogon","Trogon_collaris","Trogons","Trogonidae","Trogoniformes","M","brownish gray, dark brown, dark gray, gray, light blue, medium cream, medium-dark brown, medium-dark green, medium-dark olive, medium-dark yellow-buff, pale gray"
"Collared Warbling-finch","Poospiza_hispaniolensis","Buntings, American sparrows and allies","Emberizidae","Passeriformes","M","brownish gray, dark gray, dark rufous, gray, medium-dark yellow-buff"
"Common Bronzewing","Phaps_chalcoptera","Doves and pigeons","Columbidae","Columbiformes","F","brownish gray, dark brown, dark gray, dark rufous, dark yellow-buff, gray, medium yellow-buff, medium-dark orange-buff, medium-dark rufous, medium-dark yellow-buff, very dark rufous"
"Common Bulbul","Pycnonotus_barbatus","Bulbuls","Pycnonotidae","Passeriformes","F","black, brownish gray, dark gray, dark yellow-buff, gray"
"Common Buzzard","Buteo_buteo","Osprey, kites, hawks and eagles","Accipitridae","Accipitriformes","F","brownish gray, dark gray, gray"
"Common Cactus-finch","Geospiza_scandens","Buntings, American sparrows and allies","Emberizidae","Passeriformes","M","brownish gray, dark gray, gray"
"Common Chiffchaff","Phylloscopus_collybita","Old World warblers","Sylviidae","Passeriformes","F","brownish gray, dark yellow-buff, gray, medium yellow-buff, medium-dark yellow-buff"
"Common Coot","Fulica_atra","Rails, crakes and allies","Rallidae","Gruiformes","M","brownish gray, dark gray, gray"
"Common Crane","Grus_grus","Cranes","Gruidae","Gruiformes","F","brownish gray, dark gray, gray"
"Common Diuca-finch","Diuca_diuca","Buntings, American sparrows and allies","Emberizidae","Passeriformes","M","brownish gray, dark gray, dark rufous, gray, medium-dark rufous, medium-dark yellow-buff"
"Common Diving-petrel","Pelecanoides_urinatrix","Diving-petrels","Pelecanoididae","Procellariiformes","F","black, dark gray, gray, pale cream, pale gray"
"Common Eider","Somateria_mollissima","Ducks, geese and swans","Anatidae","Anseriformes","F","brownish gray, dark gray, dark rufous, dark yellow-buff, gray, medium cream, medium green, medium yellow-buff, medium-dark yellow-buff, olive-gray, pale gray"
"Common Fiscal","Lanius_collaris","Shrikes","Laniidae","Passeriformes","F","black, dark gray, gray, pale gray"
"Common Goldeneye","Bucephala_clangula","Ducks, geese and swans","Anatidae","Anseriformes",NA,"gray"
"Common Gonolek","Laniarius_barbarus","Helmetshrikes, bushshrikes and puffbacks","Malaconotidae","Passeriformes","F","dark gray, medium-dark brown, medium-dark yellow-buff"
"Common Gonolek","Laniarius_barbarus","Helmetshrikes, bushshrikes and puffbacks","Malaconotidae","Passeriformes","M","dark gray, gray, medium yellow-buff, medium-dark brown, medium-dark yellow-buff"
"Common Grackle","Quiscalus_quiscula","New World blackbirds","Icteridae","Passeriformes","F","black, blue, brownish gray, dark blue, dark gray, dark purple, dark yellow-buff, gray, medium-dark rufous, medium-dark yellow-buff, olive-gray"
"Common Grenadier","Uraeginthus_granatinus","Waxbills, grass finches, munias and allies","Estrildidae","Passeriformes","F","medium red-brown, medium tan, pale buff, pale pinkish buff, very pale buff, very pale cream, very pale orange-buff, very pale pinkish buff, very pale purple"
"Common Grenadier","Uraeginthus_granatinus","Waxbills, grass finches, munias and allies","Estrildidae","Passeriformes","M","medium pinkish buff, medium purple, medium red-brown, medium tan, medium-dark brown, medium-dark maroon, pale buff, pale orange-buff, pale pinkish buff, pale purple, very pale buff, very pale orange-buff, very pale pinkish buff, very pale purple"
"Common Ground-dove","Columbina_passerina","Doves and pigeons","Columbidae","Columbiformes","F","black, brownish gray, dark brown, dark gray, dark rufous, gray, medium-dark yellow-buff"
"Common Guillemot","Uria_aalge","Auks","Alcidae","Charadriiformes","F","brownish gray, dark gray, gray, pale gray"
"Common Kestrel","Falco_tinnunculus","Falcons and caracaras","Falconidae","Falconiformes","M","brownish gray, dark gray, dark rufous, gray, medium yellow-buff, medium-dark orange-buff, medium-dark rufous, medium-dark yellow-buff, pale cream"
"Common Kingfisher","Alcedo_atthis","Kingfishers","Alcedinidae","Coraciiformes","M","blue, gray, light blue, medium cream, medium green, medium yellow-buff, medium-dark orange-buff, medium-dark rufous, olive-gray, pale cream"
"Common Loon","Gavia_immer","Loons or divers","Gaviidae","Gaviiformes","F","black, brownish gray, dark gray, gray, pale gray"
"Common Merganser","Mergus_merganser","Ducks, geese and swans","Anatidae","Anseriformes","F","black, brownish gray, dark gray, dark rufous, gray, medium yellow-buff, medium-dark yellow-buff, olive-gray, pale gray"
"Common Moorhen","Gallinula_chloropus","Rails, crakes and allies","Rallidae","Gruiformes","F","black, brownish gray, dark gray, gray"
"Common Myna","Acridotheres_tristis","Starlings","Sturnidae","Passeriformes","F","brownish gray, dark gray, gray, pale gray"
"Common Nighthawk","Chordeiles_minor","Nightjars","Caprimulgidae","Caprimulgiformes","F","black, brownish gray, dark gray, gray, medium yellow-buff, medium-dark yellow-buff, pale gray"
"Common Paradise-kingfisher","Tanysiptera_galatea","Kingfishers","Alcedinidae","Coraciiformes","M","blue, dark blue, dark gray, dark purple, gray, light blue, medium cream, pale gray"
"Common Pauraque","Nyctidromus_albicollis","Nightjars","Caprimulgidae","Caprimulgiformes","F","brownish gray, dark gray, dark rufous, gray, medium cream, medium yellow-buff, medium-dark orange-buff, medium-dark rufous, pale gray"
"Common Pauraque","Nyctidromus_albicollis","Nightjars","Caprimulgidae","Caprimulgiformes","M","brownish gray, dark gray, gray, medium yellow-buff, medium-dark orange-buff, medium-dark rufous, pale gray"
"Common Pheasant","Phasianus_colchicus","Grouse, pheasants and partridges","Phasianidae","Galliformes","F","blue, brownish gray, dark blue, dark brown, dark gray, dark olive, dark rufous, dark yellow-buff, gray, medium yellow-buff, medium-dark green, medium-dark olive, medium-dark orange-buff, medium-dark rufous, medium-dark yellow-buff, olive-gray"
"Common Quail","Coturnix_coturnix","Grouse, pheasants and partridges","Phasianidae","Galliformes","F","brownish gray, dark gray, dark yellow-buff, gray, medium yellow-buff, medium-dark yellow-buff"
"Common Raven","Corvus_corax","Crows and jays","Corvidae","Passeriformes","F","blue, dark gray, gray"
"Common Redpoll","Carduelis_flammea","Finches and Hawaiian honeycreepers","Fringillidae","Passeriformes","F","black, brownish gray, dark brown, dark gray, dark rufous, gray, medium orange-buff, medium tan, medium-dark brown, medium-dark orange-buff, medium-dark yellow-buff, pale gray, very pale buff, very pale cream, very pale orange-buff"
"Common Redpoll","Carduelis_flammea","Finches and Hawaiian honeycreepers","Fringillidae","Passeriformes","M","pale buff, very pale buff, very pale cream, very pale orange-buff"
"Common Redstart","Phoenicurus_phoenicurus","Chats and Old World flycatchers","Muscicapidae","Passeriformes","F","brownish gray, dark gray, dark rufous, gray, medium-dark orange-buff, medium-dark rufous, medium-dark yellow-buff, pale gray"
"Common Ringed Plover","Charadrius_hiaticula","Plovers","Charadriidae","Charadriiformes","F","brownish gray, gray, medium yellow-buff, pale cream, pale gray"
"Common Rosefinch","Carpodacus_erythrinus","Finches and Hawaiian honeycreepers","Fringillidae","Passeriformes","F","brownish gray, dark brown, dark gray, dark rufous, dark yellow-buff, gray, medium yellow-buff, medium-dark brown, medium-dark orange-buff, medium-dark yellow-buff"
"Common Sandpiper","Actitis_hypoleucos","Sandpipers and allies","Scolopacidae","Charadriiformes","M","brownish gray, gray"
"Common Starling","Sturnus_vulgaris","Starlings","Sturnidae","Passeriformes","F","black, brownish gray, dark gray, dark yellow-buff, gray, medium-dark yellow-buff"
"Common Starling","Sturnus_vulgaris","Starlings","Sturnidae","Passeriformes","M","black, blue, brownish gray, dark gray, dark rufous, dark yellow-buff, gray, medium yellow-buff, medium-dark green, medium-dark olive, medium-dark red-brown, medium-dark yellow-buff, olive-gray"
"Common Stonechat","Saxicola_torquatus","Chats and Old World flycatchers","Muscicapidae","Passeriformes","F","black, brownish gray, dark gray, gray, medium yellow-buff, medium-dark orange-buff, medium-dark rufous, medium-dark yellow-buff, pale cream, pale gray"
"Common Swift","Apus_apus","Swifts","Apodidae","Apodiformes","M","brownish gray, dark gray, gray"
"Common Teal","Anas_crecca","Ducks, geese and swans","Anatidae","Anseriformes","F","black, brownish gray, dark gray, dark rufous, dark yellow-buff, gray, medium green, medium yellow-buff, medium-dark green, medium-dark olive, medium-dark rufous, medium-dark yellow-buff, pale gray"
"Common Tern","Sterna_hirundo","Gulls and terns","Laridae","Charadriiformes","F","black, brownish gray, dark gray, gray, olive-gray, pale cream, pale gray"
"Common Tody-flycatcher","Todirostrum_cinereum","Tyrant-flycatchers","Tyrannidae","Passeriformes","F","black, brownish gray, dark gray, gray, medium cream, medium yellow-buff, medium-dark yellow-buff, olive-gray, pale cream"
"Common Tody-flycatcher","Todirostrum_cinereum","Tyrant-flycatchers","Tyrannidae","Passeriformes","M","brownish gray, dark gray, gray, medium cream, medium yellow-buff, medium-dark yellow-buff, olive-gray, pale cream"
"Common Waxbill","Estrilda_astrild","Waxbills, grass finches, munias and allies","Estrildidae","Passeriformes","F","medium pinkish buff, medium red-brown, medium tan, medium-dark brown, pale buff, pale orange-buff, very pale buff, very pale cream, very pale orange-buff"
"Common Waxbill","Estrilda_astrild","Waxbills, grass finches, munias and allies","Estrildidae","Passeriformes","M","medium buff, medium orange-buff, medium pinkish buff, medium red-brown, medium tan, pale buff, pale orange-buff, very pale buff, very pale cream, very pale orange-buff"
"Common White Tern","Gygis_alba","Gulls and terns","Laridae","Charadriiformes","M","gray"
"Common Whitethroat","Sylvia_communis","Old World warblers","Sylviidae","Passeriformes","F","brownish gray, dark gray, dark yellow-buff, gray, medium yellow-buff, medium-dark yellow-buff, pale gray"
"Common Wood-pigeon","Columba_palumbus","Doves and pigeons","Columbidae","Columbiformes","M","brownish gray, dark gray, gray, olive-gray, pale cream"
"Common Yellowthroat","Geothlypis_trichas","New World warblers","Parulidae","Passeriformes","F","black, brownish gray, dark gray, dark yellow-buff, gray, medium cream, medium yellow-buff, medium-dark yellow-buff, very dark yellow-buff"
"Common Yellowthroat","Geothlypis_trichas","New World warblers","Parulidae","Passeriformes","M","black, brownish gray, dark gray, dark yellow-buff, gray, medium cream, medium yellow-buff, medium-dark yellow-buff, pale cream"
"Comoro Olive-pigeon","Columba_pollenii","Doves and pigeons","Columbidae","Columbiformes","M","brownish gray, gray, pale gray"
"Connecticut Warbler","Oporornis_agilis","New World warblers","Parulidae","Passeriformes","M","brownish gray, dark yellow-buff, gray, medium yellow-buff, medium-dark yellow-buff"
"Cook's Petrel","Pterodroma_cookii","Petrels and shearwaters","Procellariidae","Procellariiformes","M","dark gray, gray, pale gray"
"Cooper's Hawk","Accipiter_cooperii","Osprey, kites, hawks and eagles","Accipitridae","Accipitriformes","M","brownish gray, gray, medium yellow-buff, medium-dark rufous, medium-dark yellow-buff"
"Copper Sunbird","Nectarinia_cuprea","Sunbirds","Nectariniidae","Passeriformes","F","black, brownish gray, dark yellow-buff, gray, medium cream, medium yellow-buff, medium-dark yellow-buff"
"Copper Sunbird","Nectarinia_cuprea","Sunbirds","Nectariniidae","Passeriformes","M","black, dark gray, dark maroon, medium red-brown, medium-dark brown"
"Copper-tailed Glossy-starling","Lamprotornis_cupreocauda","Starlings","Sturnidae","Passeriformes","M","blue, dark blue, dark purple, gray, light blue"
"Coraya Wren","Thryothorus_coraya","Wrens","Troglodytidae","Passeriformes","F","brownish gray, dark gray, dark rufous, gray, medium yellow-buff, medium-dark orange-buff, medium-dark rufous, medium-dark yellow-buff, pale gray"
"Coraya Wren","Thryothorus_coraya","Wrens","Troglodytidae","Passeriformes","M","brownish gray, dark gray, dark rufous, gray, medium yellow-buff, medium-dark rufous, medium-dark yellow-buff, pale gray"
"Cordilleran Flycatcher","Empidonax_occidentalis","Tyrant-flycatchers","Tyrannidae","Passeriformes","F","brownish gray, dark yellow-buff, gray, medium yellow-buff, medium-dark yellow-buff, pale cream"
"Cordilleran Flycatcher","Empidonax_occidentalis","Tyrant-flycatchers","Tyrannidae","Passeriformes","M","brownish gray, dark yellow-buff, gray, medium cream, medium yellow-buff, medium-dark yellow-buff"
"Corn Bunting","Miliaria_calandra","Buntings, American sparrows and allies","Emberizidae","Passeriformes","F","brownish gray, dark yellow-buff, gray, medium cream, medium yellow-buff, medium-dark yellow-buff"
"Corncrake","Crex_crex","Rails, crakes and allies","Rallidae","Gruiformes","F","brownish gray, dark gray, dark rufous, dark yellow-buff, gray, medium yellow-buff, medium-dark orange-buff, medium-dark rufous, medium-dark yellow-buff"
"Correndera Pipit","Anthus_correndera","Wagtails and pipits","Motacillidae","Passeriformes","M","black, brownish gray, dark yellow-buff, gray, medium yellow-buff, medium-dark yellow-buff"
"Cory's Shearwater","Calonectris_diomedea","Petrels and shearwaters","Procellariidae","Procellariiformes","M","brownish gray, gray, pale cream"
"Couch's Kingbird","Tyrannus_couchii","Tyrant-flycatchers","Tyrannidae","Passeriformes","F","gray, medium cream, medium orange-buff, medium yellow-buff, medium-dark yellow-buff"
"Couch's Kingbird","Tyrannus_couchii","Tyrant-flycatchers","Tyrannidae","Passeriformes","M","gray, medium cream, medium orange-buff, medium yellow-buff, medium-dark yellow-buff, pale cream"
"Crescent Honeyeater","Phylidonyris_pyrrhopterus","Honeyeaters","Meliphagidae","Passeriformes","F","brownish gray, dark gray, dark yellow-buff, gray, medium yellow-buff, medium-dark yellow-buff"
"Crescent-chested Warbler","Parula_superciliosa","New World warblers","Parulidae","Passeriformes","F","brownish gray, dark gray, dark yellow-buff, gray, medium yellow-buff, medium-dark yellow-buff"
"Crested Bellbird","Oreoica_gutturalis","Shrike-thrushes and allies","Colluricinclidae","Passeriformes","F","black, brownish gray, dark gray, gray, medium-dark yellow-buff"
"Crested Berrypecker","Paramythia_montium","Berrypeckers","Melanocharitidae","Passeriformes","F","blue, dark gray, dark olive, dark yellow-buff, gray, medium yellow-buff, medium-dark yellow-buff"
"Crested Berrypecker","Paramythia_montium","Berrypeckers","Melanocharitidae","Passeriformes","M","black, brownish gray, dark gray, dark olive, dark yellow-buff, gray, medium-dark yellow-buff"
"Crested Eagle","Morphnus_guianensis","Osprey, kites, hawks and eagles","Accipitridae","Accipitriformes","F","black, brownish gray, dark gray, gray, olive-gray, pale gray"
"Crested Eagle","Morphnus_guianensis","Osprey, kites, hawks and eagles","Accipitridae","Accipitriformes",NA,"black, brownish gray, dark gray, gray, medium-dark rufous, olive-gray"
"Crested Lark","Galerida_cristata","Larks","Alaudidae","Passeriformes","F","brownish gray, dark rufous, dark yellow-buff, gray, medium-dark yellow-buff, pale gray"
"Crested Oropendola","Psarocolius_decumanus","New World blackbirds","Icteridae","Passeriformes","F","brownish gray, dark gray, dark rufous, pale cream"
"Crested Oropendola","Psarocolius_decumanus","New World blackbirds","Icteridae","Passeriformes","M","black, brownish gray, dark gray, medium cream, medium yellow-buff, pale cream, very dark rufous"
"Crested Oropendola","Psarocolius_decumanus","New World blackbirds","Icteridae","Passeriformes",NA,"black, brownish gray, dark gray, gray"
"Crested Partridge","Rollulus_rouloul","Grouse, pheasants and partridges","Phasianidae","Galliformes","M","brownish gray, dark gray, gray, olive-gray"
"Crested Pigeon","Ocyphaps_lophotes","Doves and pigeons","Columbidae","Columbiformes","F","brownish gray, dark gray, gray, pale gray"
"Crested Quetzal","Pharomachrus_antisianus","Trogons","Trogonidae","Trogoniformes","M","medium-dark brown, medium-dark green, medium-dark olive"
"Crested Serpent-eagle","Spilornis_cheela","Osprey, kites, hawks and eagles","Accipitridae","Accipitriformes","M","brownish gray, dark gray, gray, medium-dark yellow-buff"
"Crested Shrike-tit","Falcunculus_frontatus","Shrike-tits","Falcunculidae","Passeriformes","F","black, dark gray, dark yellow-buff, gray, medium yellow-buff, medium-dark yellow-buff"
"Crimson Chat","Epthianura_tricolor","Honeyeaters","Meliphagidae","Passeriformes","F","brownish gray, dark brown, dark gray, dark rufous, gray, medium tan, medium-dark brown, medium-dark rufous"
"Crimson Finch","Neochmia_phaeton","Waxbills, grass finches, munias and allies","Estrildidae","Passeriformes","F","black, brownish gray, dark brown, dark gray, dark rufous, gray, medium red-brown, medium tan, medium yellow-buff, medium-dark brown, medium-dark red-brown, medium-dark yellow-buff, pale buff, very pale buff, very pale cream, very pale orange-buff"
"Crimson Finch","Neochmia_phaeton","Waxbills, grass finches, munias and allies","Estrildidae","Passeriformes","M","medium pinkish buff, medium red-brown, pale buff, pale pinkish buff, very pale buff"
"Crimson Fruitcrow","Haematoderus_militaris","Cotingas","Cotingidae","Passeriformes","F","brownish gray, dark brown, dark gray, dark maroon, gray, medium-dark brown"
"Crimson Fruitcrow","Haematoderus_militaris","Cotingas","Cotingidae","Passeriformes","M","black, brownish gray, dark brown, dark gray, dark maroon, gray, medium-dark brown, very dark maroon"
"Crimson Rosella","Platycercus_elegans","Parrots","Psittacidae","Psittaciformes","F","blue, brownish gray, dark blue, dark brown, dark purple, light blue, medium-dark brown"
"Crimson Seedcracker","Pyrenestes_sanguineus","Waxbills, grass finches, munias and allies","Estrildidae","Passeriformes","F","medium buff, medium pinkish buff, medium red-brown, medium tan, pale buff, pale pinkish buff, very pale buff, very pale orange-buff"
"Crimson Seedcracker","Pyrenestes_sanguineus","Waxbills, grass finches, munias and allies","Estrildidae","Passeriformes","M","medium pinkish buff, medium red-brown, medium-dark brown, medium-dark red-brown, pale buff, pale pinkish buff, very pale buff"
"Crimson Sunbird","Aethopyga_siparaja","Sunbirds","Nectariniidae","Passeriformes","F","black, brownish gray, dark yellow-buff, gray, medium yellow-buff, medium-dark yellow-buff"
"Crimson Sunbird","Aethopyga_siparaja","Sunbirds","Nectariniidae","Passeriformes","M","black, brownish gray, dark brown, dark gray, dark yellow-buff, gray, light blue, medium-dark brown, medium-dark dark purple, medium-dark orange-buff"
"Crimson Topaz","Topaza_pella","Hummingbirds","Trochilidae","Apodiformes","F","brownish gray, dark gray, gray, medium cream, medium green, medium yellow-buff, medium-dark green, medium-dark olive, medium-dark yellow-buff"
"Crimson Topaz","Topaza_pella","Hummingbirds","Trochilidae","Apodiformes","M","black, brownish gray, dark brown, dark gray, dark rufous, gray, medium-dark brown, medium-dark maroon, medium-dark yellow-buff"
"Crimson-backed Tanager","Ramphocelus_dimidiatus","Tanagers","Thraupidae","Passeriformes","M","brownish gray, dark brown, dark gray, dark rufous, gray"
"Crimson-breasted Finch","Rhodospingus_cruentus","Buntings, American sparrows and allies","Emberizidae","Passeriformes","M","brownish gray, dark brown, dark gray, gray, medium yellow-buff, medium-dark brown, medium-dark orange-buff, medium-dark rufous, medium-dark yellow-buff"
"Crimson-collared Tanager","Ramphocelus_sanguinolentus","Tanagers","Thraupidae","Passeriformes","M","black, brownish gray, dark brown, dark gray"
"Crimson-crested Woodpecker","Campephilus_melanoleucos","Woodpeckers","Picidae","Piciformes","F","brownish gray, dark brown, dark gray, gray, medium cream, medium yellow-buff, medium-dark brown, medium-dark yellow-buff, pale gray"
"Crimson-fronted Barbet","Megalaima_rubricapillus","Toucans and barbets","Ramphastidae","Piciformes","M","dark gray, medium green, medium yellow-buff, medium-dark brown, medium-dark green, medium-dark olive"
"Crimson-fronted Cardinal","Paroaria_baeri","Buntings, American sparrows and allies","Emberizidae","Passeriformes","M","brownish gray, dark brown, dark gray, gray"
"Crimson-hooded Myzomela","Myzomela_kuehni","Honeyeaters","Meliphagidae","Passeriformes","M","brownish gray, dark brown, gray, medium-dark brown"
"Crimson-rumped Waxbill","Estrilda_rhodopyga","Waxbills, grass finches, munias and allies","Estrildidae","Passeriformes","F","medium orange-buff, medium tan, medium-dark brown, pale buff, pale orange-buff, very pale buff, very pale cream, very pale orange-buff"
"Crimson-rumped Waxbill","Estrilda_rhodopyga","Waxbills, grass finches, munias and allies","Estrildidae","Passeriformes","M","medium tan, medium-dark brown, medium-dark red-brown, pale buff, pale orange-buff, very pale buff, very pale cream, very pale orange-buff"
"Crinkle-collared Manucode","Manucodia_chalybatus","Birds of paradise","Paradisaeidae","Passeriformes","M","black, blue, dark blue, dark gray, gray, light blue, medium-dark dark purple, olive-gray"
"Cuban Bullfinch","Melopyrrha_nigra","Buntings, American sparrows and allies","Emberizidae","Passeriformes","M","black, brownish gray, dark gray, gray"
"Cuban Grassquit","Tiaris_canorus","Buntings, American sparrows and allies","Emberizidae","Passeriformes","M","brownish gray, dark gray, dark yellow-buff, gray, medium yellow-buff, medium-dark yellow-buff"
"Cuckoo-roller","Leptosomus_discolor","Cuckoo-Roller","Leptosomidae","Leptosomiformes","M","dark gray, gray, medium-dark red-brown"
"Curl-crested Aracari","Pteroglossus_beauharnaesii","Toucans and barbets","Ramphastidae","Piciformes",NA,"black, brownish gray, dark brown, dark gray, gray, medium green, medium yellow-buff, medium-dark brown, medium-dark yellow-buff, olive-gray"
"Curl-crested Manucode","Manucodia_comrii","Birds of paradise","Paradisaeidae","Passeriformes","M","black, blue, dark blue, dark gray, dark purple, gray, light blue"
"Curve-billed Scythebill","Campylorhamphus_procurvoides","Woodcreepers","Dendrocolaptidae","Passeriformes","F","brownish gray, dark rufous, dark yellow-buff, gray, medium yellow-buff, medium-dark yellow-buff, very dark rufous"
"Curve-billed Scythebill","Campylorhamphus_procurvoides","Woodcreepers","Dendrocolaptidae","Passeriformes","M","brownish gray, dark rufous, dark yellow-buff, gray, medium yellow-buff, medium-dark rufous, medium-dark yellow-buff"
"Curve-billed Thrasher","Toxostoma_curvirostre","Mockingbirds and thrashers","Mimidae","Passeriformes","F","brownish gray, dark gray, gray"
"Cut-throat","Amadina_fasciata","Waxbills, grass finches, munias and allies","Estrildidae","Passeriformes","F","black, medium orange-buff, medium-dark brown, pale buff, pale orange-buff, very pale cream, very pale orange-buff"
"Cut-throat","Amadina_fasciata","Waxbills, grass finches, munias and allies","Estrildidae","Passeriformes","M","black, medium buff, medium red-brown, medium tan, medium yellow-buff, medium-dark brown, pale buff, pale cream, pale orange-buff, very pale buff, very pale cream, very pale orange-buff"
"Dark-eyed Junco","Junco_hyemalis","Buntings, American sparrows and allies","Emberizidae","Passeriformes","F","black, brownish gray, dark gray, gray"
"Dark-throated Seedeater","Sporophila_ruficollis","Buntings, American sparrows and allies","Emberizidae","Passeriformes","M","brownish gray, dark gray, dark rufous, dark yellow-buff, gray, medium-dark rufous, medium-dark yellow-buff"
"Deep-blue Flowerpiercer","Diglossa_glauca","Tanagers","Thraupidae","Passeriformes","M","black, blue, dark blue, dark gray, gray"
"Desert Finch","Rhodopechys_obsoletus","Finches and Hawaiian honeycreepers","Fringillidae","Passeriformes","F","gray, medium orange-buff, medium tan, medium yellow-buff, medium-dark yellow-buff"
"Desert Finch","Rhodopechys_obsoletus","Finches and Hawaiian honeycreepers","Fringillidae","Passeriformes","M","brownish gray, gray, medium orange-buff, medium tan, medium yellow-buff, medium-dark yellow-buff, pale gray"
"Diademed Tanager","Stephanophorus_diadematus","Tanagers","Thraupidae","Passeriformes","M","blue, brownish gray, dark blue, dark gray, gray, light blue"
"Diamond Firetail","Stagonopleura_guttata","Waxbills, grass finches, munias and allies","Estrildidae","Passeriformes","F","brownish gray, dark gray, gray, medium buff, medium orange-buff, medium red-brown, medium tan, pale gray, very pale buff, very pale cream, very pale orange-buff"
"Diamond Firetail","Stagonopleura_guttata","Waxbills, grass finches, munias and allies","Estrildidae","Passeriformes","M","medium orange-buff, medium pinkish buff, medium red-brown, medium tan, medium-dark brown, medium-dark maroon, medium-dark red-brown, pale buff, pale orange-buff, pale pinkish buff, very pale buff, very pale cream, very pale orange-buff"
"Dickcissel","Spiza_americana","Grosbeaks, saltators and allies","Cardinalidae","Passeriformes","F","black, brownish gray, dark gray, dark rufous, gray, medium cream, medium yellow-buff, medium-dark rufous, medium-dark yellow-buff, pale cream"
"Dimorphic Fantail","Rhipidura_brachyrhyncha","Fantails","Rhipiduridae","Passeriformes","F","brownish gray, dark gray, dark rufous, dark yellow-buff, gray, medium yellow-buff, medium-dark yellow-buff"
"Doherty's Bush-shrike","Telophorus_dohertyi","Helmetshrikes, bushshrikes and puffbacks","Malaconotidae","Passeriformes","F","black, dark brown, dark gray, dark yellow-buff, medium cream, medium yellow-buff, medium-dark brown, medium-dark yellow-buff"
"Doherty's Bush-shrike","Telophorus_dohertyi","Helmetshrikes, bushshrikes and puffbacks","Malaconotidae","Passeriformes","M","dark brown, dark gray, dark yellow-buff, medium cream, medium yellow-buff, medium-dark brown, medium-dark yellow-buff, pale cream"
"Dot-winged Antwren","Microrhopias_quixensis","Antbirds","Thamnophilidae","Passeriformes","F","black, brownish gray, dark gray, dark rufous, gray, olive-gray"
"Dot-winged Antwren","Microrhopias_quixensis","Antbirds","Thamnophilidae","Passeriformes","M","black, brownish gray, dark gray, olive-gray"
"Dotted Tanager","Tangara_varia","Tanagers","Thraupidae","Passeriformes","M","dark gray, dark olive, gray, medium green, medium-dark green, medium-dark olive, olive-gray"
"Double-banded Plover","Charadrius_bicinctus","Plovers","Charadriidae","Charadriiformes","F","brownish gray, dark brown, dark gray, dark rufous, dark yellow-buff, gray, medium-dark orange-buff, medium-dark rufous, medium-dark yellow-buff"
"Double-banded Pygmy-tyrant","Lophotriccus_vitiosus","Tyrant-flycatchers","Tyrannidae","Passeriformes","F","black, brownish gray, dark gray, dark yellow-buff, gray, medium yellow-buff, medium-dark yellow-buff"
"Double-banded Pygmy-tyrant","Lophotriccus_vitiosus","Tyrant-flycatchers","Tyrannidae","Passeriformes","M","black, brownish gray, dark gray, gray, medium yellow-buff, medium-dark yellow-buff, pale cream"
"Double-barred Finch","Taeniopygia_bichenovii","Waxbills, grass finches, munias and allies","Estrildidae","Passeriformes","F","medium orange-buff, medium red-brown, medium-dark brown, medium-dark maroon, pale buff, pale pinkish buff, very pale buff, very pale cream, very pale green, very pale orange-buff"
"Double-barred Finch","Taeniopygia_bichenovii","Waxbills, grass finches, munias and allies","Estrildidae","Passeriformes","M","medium red-brown, medium tan, medium-dark maroon, pale buff, pale orange-buff, very pale buff, very pale cream, very pale green, very pale orange-buff"
"Double-collared Seedeater","Sporophila_caerulescens","Buntings, American sparrows and allies","Emberizidae","Passeriformes","M","brownish gray, dark gray, gray, medium yellow-buff, medium-dark yellow-buff"
"Double-toothed Kite","Harpagus_bidentatus","Osprey, kites, hawks and eagles","Accipitridae","Accipitriformes","M","dark gray, gray, medium-dark orange-buff, medium-dark rufous, pale gray"
"Double-toothed Kite","Harpagus_bidentatus","Osprey, kites, hawks and eagles","Accipitridae","Accipitriformes",NA,"brownish gray, dark gray, gray, medium-dark rufous, pale cream"
"Downy Woodpecker","Picoides_pubescens","Woodpeckers","Picidae","Piciformes","F","black, dark brown, dark gray, gray, medium-dark brown, medium-dark yellow-buff, pale gray"
"Drab Hemispingus","Hemispingus_xanthophthalmus","Tanagers","Thraupidae","Passeriformes","M","brownish gray, gray"
"Drab Seedeater","Sporophila_simplex","Buntings, American sparrows and allies","Emberizidae","Passeriformes","M","brownish gray, gray, medium yellow-buff, medium-dark yellow-buff"
"Dubois's Seedeater","Sporophila_ardesiaca","Buntings, American sparrows and allies","Emberizidae","Passeriformes","M","brownish gray, dark gray, dark yellow-buff, gray, medium orange-buff, medium yellow-buff, medium-dark orange-buff, medium-dark rufous, medium-dark yellow-buff"
"Duida Grass-finch","Emberizoides_duidae","Buntings, American sparrows and allies","Emberizidae","Passeriformes","M","brownish gray, dark gray, dark yellow-buff, gray"
"Dull-coloured Grassquit","Tiaris_obscurus","Buntings, American sparrows and allies","Emberizidae","Passeriformes","M","brownish gray, dark yellow-buff, gray, medium-dark yellow-buff"
"Dunlin","Calidris_alpina","Sandpipers and allies","Scolopacidae","Charadriiformes","F","brownish gray, dark gray, dark rufous, gray, medium-dark rufous, medium-dark yellow-buff"
"Dusky Antbird","Cercomacra_tyrannina","Antbirds","Thamnophilidae","Passeriformes","F","brownish gray, dark gray, dark yellow-buff, gray, medium orange-buff, medium yellow-buff, medium-dark orange-buff, medium-dark rufous, medium-dark yellow-buff, pale gray"
"Dusky Antbird","Cercomacra_tyrannina","Antbirds","Thamnophilidae","Passeriformes","M","black, brownish gray, dark gray, gray"
"Dusky Crimson-wing","Cryptospiza_jacksoni","Waxbills, grass finches, munias and allies","Estrildidae","Passeriformes","F","black, brownish gray, dark brown, dark gray, dark rufous, gray, medium buff, medium pinkish buff, medium red-brown, medium tan, medium-dark brown, pale buff, very pale buff, very pale cream, very pale orange-buff"
"Dusky Crimson-wing","Cryptospiza_jacksoni","Waxbills, grass finches, munias and allies","Estrildidae","Passeriformes","M","dark brown, medium pinkish buff, medium red-brown, medium tan, medium-dark brown, medium-dark red-brown, pale buff, pale pinkish buff, very pale buff, very pale cream, very pale orange-buff"
"Dusky Grasswren","Amytornis_purnelli","Australasian wrens","Maluridae","Passeriformes","F","brownish gray, dark rufous, dark yellow-buff, gray, medium-dark orange-buff, medium-dark rufous, medium-dark yellow-buff"
"Dusky Grouse","Dendragapus_obscurus","Grouse, pheasants and partridges","Phasianidae","Galliformes","F","brownish gray, dark gray, gray"
"Dusky Moorhen","Gallinula_tenebrosa","Rails, crakes and allies","Rallidae","Gruiformes","F","black, brownish gray, dark gray, gray"
"Dusky Munia","Lonchura_fuscans","Waxbills, grass finches, munias and allies","Estrildidae","Passeriformes","F","medium buff, medium pinkish buff, medium red-brown, medium tan, medium-dark brown, medium-dark red-brown, pale buff, pale pinkish buff, very pale buff"
"Dusky Munia","Lonchura_fuscans","Waxbills, grass finches, munias and allies","Estrildidae","Passeriformes","M","medium buff, medium pinkish buff, medium red-brown, medium tan, medium-dark brown, medium-dark maroon, medium-dark red-brown, pale buff, pale orange-buff, pale pinkish buff, very pale buff, very pale orange-buff"
"Dusky Myzomela","Myzomela_obscura","Honeyeaters","Meliphagidae","Passeriformes","F","brownish gray, dark gray, gray, medium-dark yellow-buff"
"Dusky Parrot","Pionus_fuscus","Parrots","Psittacidae","Psittaciformes","F","blue, brownish gray, dark blue, dark brown, dark gray, dark purple, gray, medium tan, medium yellow-buff, medium-dark brown, medium-dark rufous, olive-gray"
"Dusky Parrot","Pionus_fuscus","Parrots","Psittacidae","Psittaciformes","M","blue, brownish gray, dark gray, dark purple, gray, medium cream, medium-dark brown, medium-dark dark purple, medium-dark maroon, medium-dark orange-buff, medium-dark red-brown, olive-gray, pale cream"
"Dusky Purpletuft","Iodopleura_fusca","Cotingas","Cotingidae","Passeriformes","M","black, brownish gray, dark gray, gray, medium-dark dark purple, olive-gray, pale gray"
"Dusky Robin","Melanodryas_vittata","Australasian robins","Petroicidae","Passeriformes","F","brownish gray, dark gray, gray"
"Dusky Twinspot","Euschistospiza_cinereovinacea","Waxbills, grass finches, munias and allies","Estrildidae","Passeriformes","F","medium buff, medium pinkish buff, medium red-brown, medium tan, medium-dark maroon, medium-dark red-brown, pale buff, pale orange-buff, pale pinkish buff, very pale buff, very pale orange-buff"
"Dusky Twinspot","Euschistospiza_cinereovinacea","Waxbills, grass finches, munias and allies","Estrildidae","Passeriformes","M","medium pinkish buff, medium red-brown, medium tan, medium-dark brown, medium-dark red-brown, pale buff, pale orange-buff, pale pinkish buff, very pale buff"
"Dusky Woodswallow","Artamus_cyanopterus","Woodswallows","Artamidae","Passeriformes","F","brownish gray, dark gray, gray"
"Dusky-billed Parrotlet","Forpus_modestus","Parrots","Psittacidae","Psittaciformes","F","dark olive, dark yellow-buff, medium green, medium yellow-buff, medium-dark green, medium-dark olive, medium-dark yellow-buff, pale green"
"Dusky-billed Parrotlet","Forpus_modestus","Parrots","Psittacidae","Psittaciformes","M","blue, brownish gray, dark blue, dark gray, gray, medium green, medium yellow-buff, medium-dark green, medium-dark olive, medium-dark yellow-buff"
"Dusky-capped Flycatcher","Myiarchus_tuberculifer","Tyrant-flycatchers","Tyrannidae","Passeriformes","F","black, brownish gray, dark gray, gray, medium cream, medium yellow-buff, medium-dark yellow-buff, pale cream, pale gray"
"Dusky-throated Antshrike","Thamnomanes_ardesiacus","Antbirds","Thamnophilidae","Passeriformes","F","black, brownish gray, dark gray, dark olive, dark rufous, gray, medium yellow-buff, medium-dark rufous, medium-dark yellow-buff, olive-gray, very dark maroon, very dark olive"
"Dusky-throated Antshrike","Thamnomanes_ardesiacus","Antbirds","Thamnophilidae","Passeriformes","M","black, dark gray, dark olive, gray, olive-gray, very dark olive"
"Dybowski's Twinspot","Euschistospiza_dybowskii","Waxbills, grass finches, munias and allies","Estrildidae","Passeriformes","F","medium buff, medium pinkish buff, medium red-brown, medium tan, medium-dark brown, medium-dark maroon, medium-dark red-brown, pale buff, pale pinkish buff, very pale buff, very pale orange-buff"
"Dybowski's Twinspot","Euschistospiza_dybowskii","Waxbills, grass finches, munias and allies","Estrildidae","Passeriformes","M","dark maroon, medium buff, medium pinkish buff, medium red-brown, medium tan, medium-dark brown, medium-dark maroon, medium-dark red-brown, pale buff, pale pinkish buff, very pale buff"
"Eared Dove","Zenaida_auriculata","Doves and pigeons","Columbidae","Columbiformes","M","brownish gray, gray, medium yellow-buff, medium-dark brown, medium-dark maroon, medium-dark orange-buff, medium-dark rufous, pale cream"
"Eastern Bluebird","Sialia_sialis","Thrushes","Turdidae","Passeriformes","F","blue, brownish gray, dark blue, dark gray, dark rufous, gray, medium yellow-buff, medium-dark orange-buff, medium-dark rufous, medium-dark yellow-buff, pale gray"
"Eastern Double-collared Sunbird","Nectarinia_mediocris","Sunbirds","Nectariniidae","Passeriformes","F","brownish gray, dark gray, gray, medium yellow-buff, medium-dark yellow-buff"
"Eastern Double-collared Sunbird","Nectarinia_mediocris","Sunbirds","Nectariniidae","Passeriformes","M","black, blue, brownish gray, dark gray, light blue, medium cream, medium green, medium-dark orange-buff, medium-dark yellow-buff, pale green"
"Eastern Kingbird","Tyrannus_tyrannus","Tyrant-flycatchers","Tyrannidae","Passeriformes","F","black, brownish gray, dark brown, dark gray, dark rufous, gray, medium orange-buff, medium yellow-buff, medium-dark brown, medium-dark orange-buff, medium-dark rufous, medium-dark yellow-buff, pale cream, pale gray"
"Eastern Meadowlark","Sturnella_magna","New World blackbirds","Icteridae","Passeriformes","M","black, brownish gray, dark gray, dark yellow-buff, gray, medium cream, medium yellow-buff, medium-dark yellow-buff, pale cream, very dark rufous"
"Eastern Paradise-whydah","Vidua_paradisaea","Indigobirds and allies","Viduidae","Passeriformes","F","black, brownish gray, dark gray, dark yellow-buff, gray, medium yellow-buff, medium-dark yellow-buff"
"Eastern Phoebe","Sayornis_phoebe","Tyrant-flycatchers","Tyrannidae","Passeriformes","F","brownish gray, dark yellow-buff, gray, medium yellow-buff, medium-dark yellow-buff, pale cream"
"Eastern Phoebe","Sayornis_phoebe","Tyrant-flycatchers","Tyrannidae","Passeriformes","M","brownish gray, dark yellow-buff, gray, medium cream, medium yellow-buff, medium-dark yellow-buff, olive-gray, pale cream, very dark yellow-buff"
"Eastern Rosella","Platycercus_eximius","Parrots","Psittacidae","Psittaciformes","M","dark brown, gray, light blue, medium green, medium yellow-buff, medium-dark brown, medium-dark olive, medium-dark yellow-buff"
"Eastern Spinebill","Acanthorhynchus_tenuirostris","Honeyeaters","Meliphagidae","Passeriformes","F","black, brownish gray, dark gray, dark rufous, dark yellow-buff, gray, medium-dark rufous, medium-dark yellow-buff"
"Eastern Towhee","Pipilo_erythrophthalmus","Buntings, American sparrows and allies","Emberizidae","Passeriformes","M","black, brownish gray, dark gray, dark rufous, dark yellow-buff, gray, medium yellow-buff, medium-dark rufous, medium-dark yellow-buff, pale gray, very dark yellow-buff"
"Eastern Whipbird","Psophodes_olivaceus","Whipbirds, wedgebills and jewel-babblers","Eupetidae","Passeriformes","F","black, brownish gray, dark gray, dark yellow-buff, gray"
"Eastern Wood-pewee","Contopus_virens","Tyrant-flycatchers","Tyrannidae","Passeriformes","F","brownish gray, dark yellow-buff, gray, medium cream, medium yellow-buff"
"Eastern Wood-pewee","Contopus_virens","Tyrant-flycatchers","Tyrannidae","Passeriformes","M","black, brownish gray, dark gray, gray, medium cream, medium yellow-buff, medium-dark yellow-buff, olive-gray, pale cream"
"Eastern Yellow Robin","Eopsaltria_australis","Australasian robins","Petroicidae","Passeriformes","F","black, brownish gray, dark gray, dark yellow-buff, gray, medium yellow-buff, medium-dark yellow-buff"
"Eaton's Pintail","Anas_eatoni","Ducks, geese and swans","Anatidae","Anseriformes","M","brownish gray, dark rufous, gray, medium yellow-buff, medium-dark rufous, medium-dark yellow-buff"
"Eclectus Parrot","Eclectus_roratus","Parrots","Psittacidae","Psittaciformes","F","blue, brownish gray, dark brown, dark olive, dark purple, medium green, medium-dark brown, medium-dark dark purple, medium-dark green, medium-dark olive, olive-gray"
"Ecuadorian Hillstar","Oreotrochilus_chimborazo","Hummingbirds","Trochilidae","Apodiformes","M","black, blue, brownish gray, dark gray, dark purple, gray, medium green, medium-dark dark purple, medium-dark green, medium-dark yellow-buff, olive-gray, pale gray"
"Ecuadorian Piedtail","Phlogophilus_hemileucurus","Hummingbirds","Trochilidae","Apodiformes","M","dark gray, gray, medium-dark green, medium-dark olive, pale gray"
"Elegant Sunbird","Aethopyga_duyvenbodei","Sunbirds","Nectariniidae","Passeriformes","M","blue, brownish gray, dark brown, dark gray, dark purple, dark rufous, dark yellow-buff, gray, light blue, medium green, medium yellow-buff, medium-dark olive, medium-dark yellow-buff, pale cream"
"Emerald Starling","Coccycolius_iris","Starlings","Sturnidae","Passeriformes","M","brownish gray, dark gray, dark maroon, dark olive, dark purple, gray, medium green, medium-dark dark purple, medium-dark green, medium-dark olive, medium-dark yellow-buff"
"Emerald Tanager","Tangara_florida","Tanagers","Thraupidae","Passeriformes","M","black, dark gray, dark olive, dark yellow-buff, gray, medium yellow-buff, medium-dark green, medium-dark olive, medium-dark yellow-buff, olive-gray"
"Emerald Toucanet","Aulacorhynchus_prasinus","Toucans and barbets","Ramphastidae","Piciformes","F","black, dark gray, dark olive, gray, medium green, medium-dark green, medium-dark olive, olive-gray, very dark olive"
"Emerald-bellied Puffleg","Eriocnemis_alinae","Hummingbirds","Trochilidae","Apodiformes","M","brownish gray, gray, medium green, medium-dark green"
"Emperor Fairywren","Malurus_cyanocephalus","Australasian wrens","Maluridae","Passeriformes","M","black, blue, dark purple, gray, light blue"
"Emperor Penguin","Aptenodytes_forsteri","Penguins","Spheniscidae","Sphenisciformes","F","black, brownish gray, dark gray, gray, pale gray"
"Empress Brilliant","Heliodoxa_imperatrix","Hummingbirds","Trochilidae","Apodiformes","M","dark gray, gray, medium purple, medium-dark olive, medium-dark yellow-buff"
"Epaulet Oriole","Icterus_cayanensis","New World blackbirds","Icteridae","Passeriformes","M","black, brownish gray, dark gray, gray, medium cream, medium yellow-buff, pale cream"
"Epaulet Oriole","Icterus_cayanensis","New World blackbirds","Icteridae","Passeriformes",NA,"black, brownish gray, dark gray, gray, medium cream, medium yellow-buff, pale cream"
"Erect-crested Penguin","Eudyptes_sclateri","Penguins","Spheniscidae","Sphenisciformes","M","brownish gray, dark gray, gray, medium cream, medium yellow-buff"
"Ethiopian Grosbeak-canary","Serinus_donaldsoni","Finches and Hawaiian honeycreepers","Fringillidae","Passeriformes","F","very pale cream, very pale orange-buff"
"Ethiopian Grosbeak-canary","Serinus_donaldsoni","Finches and Hawaiian honeycreepers","Fringillidae","Passeriformes","M","very pale cream, very pale green, very pale orange-buff"
"Ethiopian Siskin","Serinus_nigriceps","Finches and Hawaiian honeycreepers","Fringillidae","Passeriformes","F","very pale cream, very pale orange-buff"
"Ethiopian Siskin","Serinus_nigriceps","Finches and Hawaiian honeycreepers","Fringillidae","Passeriformes","M","gray, very pale cream, very pale orange-buff"
"Eurasian Blackbird","Turdus_merula","Thrushes","Turdidae","Passeriformes","F","black, brownish gray, dark gray, dark yellow-buff, gray, medium-dark rufous, medium-dark yellow-buff"
"Eurasian Chaffinch","Fringilla_coelebs","Finches and Hawaiian honeycreepers","Fringillidae","Passeriformes","F","brownish gray, dark gray, dark yellow-buff, gray, medium cream, medium orange-buff, medium yellow-buff, medium-dark orange-buff, medium-dark rufous, medium-dark yellow-buff, olive-gray, pale gray"
"Eurasian Collared-dove","Streptopelia_decaocto","Doves and pigeons","Columbidae","Columbiformes","F","brownish gray, gray, pale gray"
"Eurasian Dotterel","Eudromias_morinellus","Plovers","Charadriidae","Charadriiformes","F","brownish gray, dark yellow-buff, gray, medium-dark orange-buff, medium-dark rufous, medium-dark yellow-buff"
"Eurasian Golden Plover","Pluvialis_apricaria","Plovers","Charadriidae","Charadriiformes","F","brownish gray, dark gray, dark yellow-buff, gray, medium-dark yellow-buff"
"Eurasian Green Woodpecker","Picus_viridis","Woodpeckers","Picidae","Piciformes","M","brownish gray, gray, medium cream, medium-dark brown, medium-dark yellow-buff, pale cream"
"Eurasian Jackdaw","Corvus_monedula","Crows and jays","Corvidae","Passeriformes","F","black, blue, dark blue, dark gray, gray"
"Eurasian Jay","Garrulus_glandarius","Crows and jays","Corvidae","Passeriformes","M","brownish gray, gray, light blue, medium yellow-buff, medium-dark orange-buff"
"Eurasian Linnet","Carduelis_cannabina","Finches and Hawaiian honeycreepers","Fringillidae","Passeriformes","F","brownish gray, dark gray, dark rufous, gray, medium orange-buff, medium yellow-buff, medium-dark brown, medium-dark orange-buff, medium-dark rufous, medium-dark yellow-buff, olive-gray, pale gray, pale orange-buff, very pale cream, very pale orange-buff"
"Eurasian Linnet","Carduelis_cannabina","Finches and Hawaiian honeycreepers","Fringillidae","Passeriformes","M","gray, olive-gray, pale gray, pale orange-buff, very pale buff, very pale cream, very pale orange-buff"
"Eurasian Nightjar","Caprimulgus_europaeus","Nightjars","Caprimulgidae","Caprimulgiformes","M","brownish gray, medium yellow-buff, medium-dark yellow-buff"
"Eurasian Oystercatcher","Haematopus_ostralegus","Oystercatchers","Haematopodidae","Charadriiformes","F","black, brownish gray, dark gray, gray, pale gray"
"Eurasian Reed-warbler","Acrocephalus_scirpaceus","Old World warblers","Sylviidae","Passeriformes","F","brownish gray, dark yellow-buff, gray, medium yellow-buff, medium-dark yellow-buff"
"Eurasian Scaly Thrush","Zoothera_dauma","Thrushes","Turdidae","Passeriformes","F","black, brownish gray, dark gray, dark rufous, dark yellow-buff, gray, medium yellow-buff, medium-dark yellow-buff, pale gray"
"Eurasian Siskin","Carduelis_spinus","Finches and Hawaiian honeycreepers","Fringillidae","Passeriformes","F","very pale cream, very pale orange-buff"
"Eurasian Siskin","Carduelis_spinus","Finches and Hawaiian honeycreepers","Fringillidae","Passeriformes","M","gray, pale gray, very pale cream, very pale orange-buff"
"Eurasian Skylark","Alauda_arvensis","Larks","Alaudidae","Passeriformes","F","brownish gray, dark gray, dark rufous, dark yellow-buff, gray, medium cream, medium yellow-buff, medium-dark rufous, medium-dark yellow-buff, pale cream"
"Eurasian Sparrowhawk","Accipiter_nisus","Osprey, kites, hawks and eagles","Accipitridae","Accipitriformes","F","brownish gray, dark gray, gray, pale gray"
"Eurasian Three-toed Woodpecker","Picoides_tridactylus","Woodpeckers","Picidae","Piciformes",NA,"gray"
"Eurasian Tree Sparrow","Passer_montanus","Sparrows, snowfinches and allies","Passeridae","Passeriformes","F","brownish gray, dark gray, dark rufous, dark yellow-buff, gray, medium-dark rufous, medium-dark yellow-buff"
"Eurasian Treecreeper","Certhia_familiaris","Treecreepers","Certhiidae","Passeriformes","F","brownish gray, gray, medium-dark yellow-buff"
"Eurasian Woodcock","Scolopax_rusticola","Sandpipers and allies","Scolopacidae","Charadriiformes",NA,"pale gray"
"Eurasian Wryneck","Jynx_torquilla","Woodpeckers","Picidae","Piciformes","F","brownish gray, dark gray, dark rufous, gray, medium yellow-buff, medium-dark orange-buff, medium-dark rufous, medium-dark yellow-buff"
"European Bee-eater","Merops_apiaster","Bee-eaters","Meropidae","Coraciiformes","F","brownish gray, dark brown, dark rufous, dark yellow-buff, gray, medium cream, medium green, medium yellow-buff, medium-dark green, medium-dark olive, medium-dark orange-buff, medium-dark rufous, medium-dark yellow-buff, olive-gray, pale cream"
"European Goldfinch","Carduelis_carduelis","Finches and Hawaiian honeycreepers","Fringillidae","Passeriformes","F","black, brownish gray, dark brown, dark gray, dark rufous, gray, medium cream, medium yellow-buff, medium-dark rufous, medium-dark yellow-buff, pale cream, pale gray, very pale buff, very pale cream, very pale orange-buff"
"European Goldfinch","Carduelis_carduelis","Finches and Hawaiian honeycreepers","Fringillidae","Passeriformes","M","gray, medium tan, pale buff, pale gray, pale orange-buff, very pale buff, very pale cream, very pale green, very pale orange-buff"
"European Greenfinch","Carduelis_chloris","Finches and Hawaiian honeycreepers","Fringillidae","Passeriformes","F","brownish gray, dark gray, dark yellow-buff, gray, medium cream, medium yellow-buff, medium-dark yellow-buff, very pale cream, very pale orange-buff"
"European Greenfinch","Carduelis_chloris","Finches and Hawaiian honeycreepers","Fringillidae","Passeriformes","M","very pale buff, very pale cream, very pale orange-buff"
"European Pied Flycatcher","Ficedula_hypoleuca","Chats and Old World flycatchers","Muscicapidae","Passeriformes","F","brownish gray, dark gray, gray, medium-dark yellow-buff, pale gray"
"European Serin","Serinus_serinus","Finches and Hawaiian honeycreepers","Fringillidae","Passeriformes","F","brownish gray, gray, medium yellow-buff, medium-dark yellow-buff, very pale cream, very pale orange-buff"
"European Serin","Serinus_serinus","Finches and Hawaiian honeycreepers","Fringillidae","Passeriformes","M","very pale cream, very pale orange-buff"
"European Shag","Phalacrocorax_aristotelis","Cormorants","Phalacrocoracidae","Suliformes","M","brownish gray, dark gray, gray, olive-gray"
"Evening Grosbeak","Coccothraustes_vespertinus","Finches and Hawaiian honeycreepers","Fringillidae","Passeriformes","F","black, brownish gray, dark gray, dark yellow-buff, gray, medium yellow-buff, medium-dark yellow-buff"
"Fairy Prion","Pachyptila_turtur","Petrels and shearwaters","Procellariidae","Procellariiformes","M","gray, light blue, pale gray"
"Fan-tailed Berrypecker","Melanocharis_versteri","Berrypeckers","Melanocharitidae","Passeriformes","F","black, blue, dark blue, dark gray, dark yellow-buff, gray, light blue, medium-dark olive, olive-gray"
"Fan-tailed Grassbird","Schoenicola_brevirostris","Old World warblers","Sylviidae","Passeriformes","F","brownish gray, dark yellow-buff, gray, medium yellow-buff, medium-dark rufous, medium-dark yellow-buff"
"Fan-tailed Grassbird","Schoenicola_brevirostris","Old World warblers","Sylviidae","Passeriformes","M","brownish gray, dark gray, dark rufous, dark yellow-buff, medium yellow-buff, medium-dark rufous, medium-dark yellow-buff"
"Fasciated Antshrike","Cymbilaimus_lineatus","Antbirds","Thamnophilidae","Passeriformes","F","brownish gray, dark brown, dark gray, dark rufous, gray, medium orange-buff, medium yellow-buff, medium-dark orange-buff, medium-dark rufous, medium-dark yellow-buff"
"Fasciated Antshrike","Cymbilaimus_lineatus","Antbirds","Thamnophilidae","Passeriformes","M","brownish gray, dark gray, gray"
"Fawn-breasted Bowerbird","Chlamydera_cerviniventris","Bowerbirds","Ptilonorhynchidae","Passeriformes","F","black, brownish gray, dark rufous, dark yellow-buff, gray, medium cream, medium yellow-buff, medium-dark yellow-buff, very dark rufous"
"Fawn-breasted Brilliant","Heliodoxa_rubinoides","Hummingbirds","Trochilidae","Apodiformes","M","brownish gray, medium-dark green, medium-dark olive, medium-dark yellow-buff"
"Fawn-breasted Tanager","Pipraeidea_melanonota","Tanagers","Thraupidae","Passeriformes","M","blue, brownish gray, dark blue, dark gray, gray, medium-dark yellow-buff, olive-gray"
"Fawn-breasted Waxbill","Estrilda_paludicola","Waxbills, grass finches, munias and allies","Estrildidae","Passeriformes","F","dark brown, medium buff, medium orange-buff, medium pinkish buff, medium red-brown, medium tan, medium-dark rufous, pale buff, pale orange-buff, pale pinkish buff, very pale buff, very pale cream, very pale orange-buff, very pale pinkish buff"
"Fawn-breasted Waxbill","Estrilda_paludicola","Waxbills, grass finches, munias and allies","Estrildidae","Passeriformes","M","dark brown, dark rufous, medium buff, medium orange-buff, medium pinkish buff, medium red-brown, medium tan, medium-dark brown, medium-dark maroon, medium-dark orange-buff, medium-dark red-brown, medium-dark rufous, pale buff, pale orange-buff, pale pinkish buff, very pale buff, very pale cream, very pale orange-buff"
"Fernando Po Oliveback","Nesocharis_shelleyi","Waxbills, grass finches, munias and allies","Estrildidae","Passeriformes","F","black, gray, medium orange-buff, medium tan, medium-dark maroon, medium-dark red-brown, pale cream, pale orange-buff, very pale cream, very pale orange-buff"
"Fernando Po Oliveback","Nesocharis_shelleyi","Waxbills, grass finches, munias and allies","Estrildidae","Passeriformes","M","black, dark yellow-buff, gray, medium yellow-buff, medium-dark brown, medium-dark red-brown, medium-dark yellow-buff, olive-gray, pale cream, very pale cream, very pale orange-buff"
"Ferruginous-backed Antbird","Myrmeciza_ferruginea","Antbirds","Thamnophilidae","Passeriformes","F","brownish gray, dark gray, dark rufous, dark yellow-buff, gray, medium orange-buff, medium-dark orange-buff, medium-dark rufous, medium-dark yellow-buff, pale gray"
"Ferruginous-backed Antbird","Myrmeciza_ferruginea","Antbirds","Thamnophilidae","Passeriformes","M","brownish gray, dark gray, dark rufous, gray, medium orange-buff, medium yellow-buff, medium-dark orange-buff, medium-dark rufous, medium-dark yellow-buff, pale gray"
"Festive Coquette","Lophornis_chalybeus","Hummingbirds","Trochilidae","Apodiformes","M","brownish gray, gray, medium-dark green, medium-dark olive"
"Field Sparrow","Spizella_pusilla","Buntings, American sparrows and allies","Emberizidae","Passeriformes","F","brownish gray, dark rufous, gray, medium-dark rufous, medium-dark yellow-buff"
"Fieldfare","Turdus_pilaris","Thrushes","Turdidae","Passeriformes","F","brownish gray, dark gray, dark rufous, gray, medium yellow-buff, medium-dark yellow-buff"
"Fiery-tailed Awlbill","Avocettula_recurvirostris","Hummingbirds","Trochilidae","Apodiformes","M","black, dark gray, dark olive, gray, medium-dark green, medium-dark yellow-buff, olive-gray, pale green, very dark maroon, very dark olive"
"Fiji Goshawk","Accipiter_rufitorques","Osprey, kites, hawks and eagles","Accipitridae","Accipitriformes","M","brownish gray, gray, medium-dark orange-buff, medium-dark rufous"
"Fiji Shrikebill","Clytorhynchus_vitiensis","Monarchs","Monarchidae","Passeriformes","M","brownish gray, dark rufous, gray, medium-dark rufous, medium-dark yellow-buff"
"Fiordland Penguin","Eudyptes_pachyrhynchus","Penguins","Spheniscidae","Sphenisciformes","M","dark gray, gray, medium yellow-buff"
"Fire-fronted Serin","Serinus_pusillus","Finches and Hawaiian honeycreepers","Fringillidae","Passeriformes","F","very pale cream, very pale orange-buff"
"Fire-fronted Serin","Serinus_pusillus","Finches and Hawaiian honeycreepers","Fringillidae","Passeriformes","M","black, brownish gray, dark gray, dark rufous, gray, medium orange-buff, medium-dark orange-buff, medium-dark rufous, medium-dark yellow-buff, very dark yellow-buff, very pale cream, very pale orange-buff"
"Fire-maned Bowerbird","Sericulus_bakeri","Bowerbirds","Ptilonorhynchidae","Passeriformes","M","dark gray, medium yellow-buff, medium-dark rufous, pale cream, pale orange-buff"
"Fire-tailed Sunbird","Aethopyga_ignicauda","Sunbirds","Nectariniidae","Passeriformes","F","brownish gray, dark yellow-buff, gray, medium yellow-buff, medium-dark yellow-buff"
"Fire-tailed Sunbird","Aethopyga_ignicauda","Sunbirds","Nectariniidae","Passeriformes","M","black, blue, brownish gray, dark maroon, dark yellow-buff, medium cream, medium yellow-buff, medium-dark orange-buff, medium-dark rufous, medium-dark yellow-buff"
"Firecrest","Regulus_ignicapilla","Goldcrests and kinglets","Reguliidae","Passeriformes","F","black, brownish gray, dark gray, gray, medium yellow-buff, medium-dark orange-buff, medium-dark yellow-buff"
"Fischer's Starling","Spreo_fischeri","Starlings","Sturnidae","Passeriformes","M","brownish gray, gray, medium yellow-buff, olive-gray, pale cream"
"Fish Crow","Corvus_ossifragus","Crows and jays","Corvidae","Passeriformes","F","dark gray, gray"
"Fish Crow","Corvus_ossifragus","Crows and jays","Corvidae","Passeriformes","M","dark gray, gray"
"Five-coloured Munia","Lonchura_quinticolor","Waxbills, grass finches, munias and allies","Estrildidae","Passeriformes","M","medium red-brown, medium-dark orange-buff, pale buff, very pale cream, very pale orange-buff"
"Five-coloured Munia","Lonchura_quinticolor","Waxbills, grass finches, munias and allies","Estrildidae","Passeriformes",NA,"dark brown, medium orange-buff, medium pinkish buff, medium red-brown, medium tan, medium-dark brown, medium-dark orange-buff, medium-dark rufous, pale buff, very pale buff, very pale cream, very pale orange-buff"
"Flame Robin","Petroica_phoenicea","Australasian robins","Petroicidae","Passeriformes","M","brownish gray, gray, medium orange-buff, medium-dark orange-buff, medium-dark yellow-buff"
"Flame-breasted Fruit-dove","Ptilinopus_marchei","Doves and pigeons","Columbidae","Columbiformes","M","dark maroon, gray, medium orange-buff, medium-dark brown, pale gray"
"Flame-coloured Tanager","Piranga_bidentata","Grosbeaks, saltators and allies","Cardinalidae","Passeriformes","F","black, brownish gray, dark brown, dark gray, dark rufous, dark yellow-buff, gray, medium yellow-buff, medium-dark brown, medium-dark orange-buff, medium-dark rufous, medium-dark yellow-buff"
"Flame-crested Tanager","Tachyphonus_cristatus","Tanagers","Thraupidae","Passeriformes","F","brownish gray, dark yellow-buff, gray, medium yellow-buff, medium-dark yellow-buff"
"Flame-crested Tanager","Tachyphonus_cristatus","Tanagers","Thraupidae","Passeriformes","M","black, brownish gray, dark brown, dark gray, dark rufous, dark yellow-buff, gray, medium orange-buff, medium yellow-buff, medium-dark orange-buff, medium-dark rufous, medium-dark yellow-buff"
"Flame-faced Tanager","Tangara_parzudakii","Tanagers","Thraupidae","Passeriformes","M","blue, brownish gray, dark brown, dark gray, dark olive, dark rufous, dark yellow-buff, gray, medium green, medium-dark green, medium-dark olive, medium-dark yellow-buff, pale green, very dark rufous, very pale green"
"Flame-rumped Tanager","Ramphocelus_flammigerus","Tanagers","Thraupidae","Passeriformes","M","brownish gray, dark brown, dark gray, dark rufous, gray, medium-dark brown, medium-dark rufous, medium-dark yellow-buff"
"Flame-throated Warbler","Parula_gutturalis","New World warblers","Parulidae","Passeriformes","F","dark gray, gray, medium orange-buff, medium yellow-buff, medium-dark orange-buff, medium-dark rufous, medium-dark yellow-buff, pale gray"
"Floreana Mockingbird","Mimus_trifasciatus","Mockingbirds and thrashers","Mimidae","Passeriformes","M","brownish gray, dark rufous, gray, medium cream, medium yellow-buff, medium-dark yellow-buff"
"Florida Scrub-jay","Aphelocoma_coerulescens","Crows and jays","Corvidae","Passeriformes","F","black, blue, brownish gray, dark blue, dark gray, gray, light blue"
"Fluttering Shearwater","Puffinus_gavia","Petrels and shearwaters","Procellariidae","Procellariiformes","M","brownish gray, dark gray, gray, pale gray"
"Forest Canary","Serinus_scotops","Finches and Hawaiian honeycreepers","Fringillidae","Passeriformes","F","very pale cream"
"Forest Canary","Serinus_scotops","Finches and Hawaiian honeycreepers","Fringillidae","Passeriformes","M","medium yellow-buff, medium-dark yellow-buff, very pale cream, very pale orange-buff"
"Forest Elaenia","Myiopagis_gaimardii","Tyrant-flycatchers","Tyrannidae","Passeriformes","F","brownish gray, gray, medium yellow-buff, pale cream"
"Forest Elaenia","Myiopagis_gaimardii","Tyrant-flycatchers","Tyrannidae","Passeriformes","M","brownish gray, dark gray, dark yellow-buff, gray, medium cream, medium yellow-buff, medium-dark yellow-buff, olive-gray, pale cream, pale gray, very dark yellow-buff, very pale cream"
"Forest Honeyeater","Meliphaga_montana","Honeyeaters","Meliphagidae","Passeriformes","F","brownish gray, dark gray, dark yellow-buff, gray, medium-dark yellow-buff"
"Forest Kingfisher","Todiramphus_macleayii","Kingfishers","Alcedinidae","Coraciiformes","M","blue, dark purple, gray, light blue, medium cream, medium green, olive-gray, pale cream, pale gray"
"Forest Weaver","Ploceus_bicolor","Weavers and allies","Ploceidae","Passeriformes","F","black, dark gray, medium yellow-buff"
"Forest Weaver","Ploceus_bicolor","Weavers and allies","Ploceidae","Passeriformes","M","black, dark gray, medium yellow-buff"
"Fork-tailed Drongo","Dicrurus_adsimilis","Drongos","Dicruridae","Passeriformes","M","brownish gray, dark gray, gray"
"Fork-tailed Flycatcher","Tyrannus_savana","Tyrant-flycatchers","Tyrannidae","Passeriformes","F","brownish gray, dark gray, gray, medium cream, medium yellow-buff, medium-dark yellow-buff, pale gray"
"Fork-tailed Sunbird","Aethopyga_christinae","Sunbirds","Nectariniidae","Passeriformes","F","brownish gray, dark gray, dark yellow-buff, gray, medium yellow-buff, medium-dark yellow-buff"
"Fork-tailed Sunbird","Aethopyga_christinae","Sunbirds","Nectariniidae","Passeriformes","M","black, brownish gray, dark gray, dark rufous, gray, medium-dark green, medium-dark yellow-buff, pale green"
"Fork-tailed Woodnymph","Thalurania_furcata","Hummingbirds","Trochilidae","Apodiformes","F","black, brownish gray, dark blue, dark gray, dark olive, dark yellow-buff, gray, medium-dark green, medium-dark olive, medium-dark yellow-buff, olive-gray, pale gray"
"Fork-tailed Woodnymph","Thalurania_furcata","Hummingbirds","Trochilidae","Apodiformes","M","black, blue, brownish gray, dark blue, dark gray, dark olive, dark purple, dark rufous, dark yellow-buff, gray, medium green, medium-dark dark purple, medium-dark green, medium-dark olive, medium-dark yellow-buff, olive-gray, pale gray, pale green"
"Forster's Tern","Sterna_forsteri","Gulls and terns","Laridae","Charadriiformes","F","black, dark gray, gray, pale gray"
"Fox Sparrow","Passerella_iliaca","Buntings, American sparrows and allies","Emberizidae","Passeriformes","F","brownish gray, dark gray, dark rufous, gray, medium yellow-buff, medium-dark orange-buff, medium-dark rufous, medium-dark yellow-buff, pale gray"
"Friendly Fantail","Rhipidura_albolimbata","Fantails","Rhipiduridae","Passeriformes","F","black, brownish gray, dark gray, gray"
"Frilled Monarch","Arses_telescophthalmus","Monarchs","Monarchidae","Passeriformes","F","black, brownish gray, dark blue, dark gray, dark rufous, dark yellow-buff, gray, medium-dark rufous, medium-dark yellow-buff, pale gray, very dark rufous"
"Fuerteventura Stonechat","Saxicola_dacotiae","Chats and Old World flycatchers","Muscicapidae","Passeriformes","M","brownish gray, gray, medium cream, medium yellow-buff, medium-dark rufous, pale gray"
"Fulvous Shrike-tanager","Lanio_fulvus","Tanagers","Thraupidae","Passeriformes","F","black, brownish gray, dark gray, dark rufous, dark yellow-buff, gray, medium yellow-buff, medium-dark yellow-buff, very dark rufous, very dark yellow-buff"
"Fulvous Shrike-tanager","Lanio_fulvus","Tanagers","Thraupidae","Passeriformes","M","brownish gray, dark gray, dark rufous, gray, medium yellow-buff, medium-dark orange-buff, medium-dark rufous, medium-dark yellow-buff"
"Fulvous Whistling-duck","Dendrocygna_bicolor","Ducks, geese and swans","Anatidae","Anseriformes","F","brownish gray, dark gray, dark rufous, gray, medium yellow-buff, medium-dark orange-buff, medium-dark rufous, medium-dark yellow-buff"
"Fulvous-crested Tanager","Tachyphonus_surinamus","Tanagers","Thraupidae","Passeriformes","F","brownish gray, dark gray, dark yellow-buff, gray, medium yellow-buff, medium-dark yellow-buff"
"Fulvous-crested Tanager","Tachyphonus_surinamus","Tanagers","Thraupidae","Passeriformes","M","black, brownish gray, dark gray, dark rufous, dark yellow-buff, gray, medium yellow-buff, medium-dark orange-buff, medium-dark rufous, medium-dark yellow-buff, pale gray"
"Fulvous-headed Tanager","Thlypopsis_fulviceps","Tanagers","Thraupidae","Passeriformes","M","brownish gray, dark rufous, gray, medium yellow-buff, medium-dark rufous, medium-dark yellow-buff"
"Fuscous Honeyeater","Lichenostomus_fuscus","Honeyeaters","Meliphagidae","Passeriformes","F","brownish gray, gray, medium yellow-buff, medium-dark yellow-buff"
"Gadwall","Anas_strepera","Ducks, geese and swans","Anatidae","Anseriformes","M","brownish gray, dark gray, gray, medium cream, medium yellow-buff, medium-dark yellow-buff"
"Galapagos Dove","Zenaida_galapagoensis","Doves and pigeons","Columbidae","Columbiformes","M","brownish gray, dark gray, gray, medium yellow-buff, medium-dark brown, medium-dark maroon, medium-dark red-brown, medium-dark yellow-buff"
"Galapagos Hawk","Buteo_galapagoensis","Osprey, kites, hawks and eagles","Accipitridae","Accipitriformes","M","brownish gray, dark gray, gray, pale gray"
"Galapagos Rail","Laterallus_spilonotus","Rails, crakes and allies","Rallidae","Gruiformes","M","brownish gray, dark gray, gray"
"Gambel's Quail","Callipepla_gambelii","New World quails","Odontophoridae","Galliformes","F","black, brownish gray, dark gray, dark rufous, gray, medium yellow-buff, medium-dark yellow-buff"
"Gang-gang Cockatoo","Callocephalon_fimbriatum","Parrots","Psittacidae","Psittaciformes","F","brownish gray, dark brown, dark gray, gray, medium-dark brown, medium-dark rufous, olive-gray"
"Geelvink Pygmy-parrot","Micropsitta_geelvinkiana","Parrots","Psittacidae","Psittaciformes","M","blue, brownish gray, dark gray, gray, medium green, medium yellow-buff, medium-dark green, medium-dark olive, medium-dark yellow-buff, olive-gray"
"Gentoo Penguin","Pygoscelis_papua","Penguins","Spheniscidae","Sphenisciformes","M","brownish gray, dark gray, gray, pale cream"
"Giant Conebill","Oreomanes_fraseri","Tanagers","Thraupidae","Passeriformes","M","brownish gray, dark brown, dark gray, dark rufous, gray, very dark rufous"
"Giant Cowbird","Molothrus_oryzivorus","New World blackbirds","Icteridae","Passeriformes","F","black, dark gray"
"Giant Cowbird","Molothrus_oryzivorus","New World blackbirds","Icteridae","Passeriformes","M","black, dark gray, gray"
"Giant Honeyeater","Gymnomyza_viridis","Honeyeaters","Meliphagidae","Passeriformes","M","dark yellow-buff, medium-dark yellow-buff"
"Giant Hummingbird","Patagona_gigas","Hummingbirds","Trochilidae","Apodiformes","M","brownish gray, gray, medium-dark orange-buff, medium-dark rufous, medium-dark yellow-buff"
"Giant Sunbird","Nectarinia_thomensis","Sunbirds","Nectariniidae","Passeriformes","F","blue, brownish gray, dark gray, dark yellow-buff, gray, medium yellow-buff, medium-dark yellow-buff, olive-gray"
"Giant Sunbird","Nectarinia_thomensis","Sunbirds","Nectariniidae","Passeriformes","M","blue, brownish gray, dark gray, gray, light blue, medium-dark yellow-buff"
"Gila Woodpecker","Melanerpes_uropygialis","Woodpeckers","Picidae","Piciformes","F","brownish gray, gray, medium cream, medium yellow-buff, pale gray"
"Gila Woodpecker","Melanerpes_uropygialis","Woodpeckers","Picidae","Piciformes","M","brownish gray, gray, medium cream, medium yellow-buff, medium-dark brown, medium-dark yellow-buff, pale gray"
"Gilbert's Whistler","Pachycephala_inornata","Whistlers","Pachycephalidae","Passeriformes","F","black, brownish gray, dark gray, dark yellow-buff, gray, medium yellow-buff, medium-dark rufous, medium-dark yellow-buff"
"Gilded Flicker","Colaptes_chrysoides","Woodpeckers","Picidae","Piciformes","F","brownish gray, gray, pale cream"
"Gilded Flicker","Colaptes_chrysoides","Woodpeckers","Picidae","Piciformes","M","brownish gray, gray, medium-dark brown"
"Gilt-edged Tanager","Tangara_cyanoventris","Tanagers","Thraupidae","Passeriformes","M","brownish gray, dark gray, dark olive, dark yellow-buff, gray, medium green, medium-dark green, medium-dark olive, medium-dark yellow-buff, olive-gray"
"Glaucous Tanager","Thraupis_glaucocolpa","Tanagers","Thraupidae","Passeriformes","M","brownish gray, dark gray, gray, medium green, medium-dark green, medium-dark yellow-buff, olive-gray"
"Glaucous-winged Gull","Larus_glaucescens","Gulls and terns","Laridae","Charadriiformes","F","gray, pale gray"
"Glistening-green Tanager","Chlorochrysa_phoenicotis","Tanagers","Thraupidae","Passeriformes","M","brownish gray, dark gray, dark olive, dark rufous, dark yellow-buff, gray, medium green, medium-dark green, medium-dark olive, olive-gray"
"Glittering-throated Emerald","Amazilia_fimbriata","Hummingbirds","Trochilidae","Apodiformes","M","gray, medium yellow-buff, medium-dark green, medium-dark yellow-buff"
"Glossy Flowerpiercer","Diglossa_lafresnayii","Tanagers","Thraupidae","Passeriformes","M","blue, dark gray, gray"
"Glossy-backed Becard","Pachyramphus_surinamus","Cotingas","Cotingidae","Passeriformes","M","black, blue, dark gray, gray"
"Glossy-mantled Manucode","Manucodia_ater","Birds of paradise","Paradisaeidae","Passeriformes","F","black, blue, dark blue, dark gray, gray, light blue, olive-gray"
"Glowing Puffleg","Eriocnemis_vestita","Hummingbirds","Trochilidae","Apodiformes","M","dark gray, gray, medium-dark green, medium-dark yellow-buff, pale gray"
"Gold-ringed Tanager","Bangsia_aureocincta","Tanagers","Thraupidae","Passeriformes","M","brownish gray, dark gray, dark olive, dark yellow-buff, gray, medium-dark yellow-buff, olive-gray"
"Gold-whiskered Barbet","Megalaima_chrysopogon","Toucans and barbets","Ramphastidae","Piciformes","M","blue, gray, light blue, medium green, medium yellow-buff, medium-dark green, medium-dark maroon, medium-dark yellow-buff, pale green"
"Golden Bowerbird","Prionodura_newtoniana","Bowerbirds","Ptilonorhynchidae","Passeriformes","F","brownish gray, dark rufous, dark yellow-buff, gray, medium cream, medium yellow-buff, medium-dark yellow-buff, pale cream"
"Golden Eagle","Aquila_chrysaetos","Osprey, kites, hawks and eagles","Accipitridae","Accipitriformes","F","brownish gray, dark gray, dark yellow-buff, gray, medium yellow-buff, medium-dark yellow-buff"
"Golden Monarch","Monarcha_chrysomela","Monarchs","Monarchidae","Passeriformes","F","black, brownish gray, dark blue, dark gray, dark yellow-buff, gray, medium yellow-buff, medium-dark rufous, medium-dark yellow-buff"
"Golden Tanager","Tangara_arthus","Tanagers","Thraupidae","Passeriformes","F","black, dark gray, dark rufous, medium green, medium yellow-buff, medium-dark green, medium-dark olive, medium-dark rufous, medium-dark yellow-buff, very dark rufous"
"Golden Tanager","Tangara_arthus","Tanagers","Thraupidae","Passeriformes","M","black, brownish gray, dark gray, dark rufous, dark yellow-buff, gray, medium cream, medium yellow-buff, medium-dark green, medium-dark orange-buff, medium-dark yellow-buff, very dark rufous"
"Golden Whistler","Pachycephala_pectoralis","Whistlers","Pachycephalidae","Passeriformes","M","black, brownish gray, dark gray, dark yellow-buff, gray, medium cream, medium yellow-buff, medium-dark yellow-buff"
"Golden-backed Mountain-tanager","Buthraupis_aureodorsalis","Tanagers","Thraupidae","Passeriformes","M","blue, brownish gray, dark blue, dark gray, dark rufous, dark yellow-buff, medium-dark yellow-buff, very dark rufous, very dark yellow-buff"
"Golden-bellied Gerygone","Gerygone_sulphurea","Thornbills and gerygones","Acanthizidae","Passeriformes","F","brownish gray, medium cream, medium yellow-buff, pale cream"
"Golden-bellied Gerygone","Gerygone_sulphurea","Thornbills and gerygones","Acanthizidae","Passeriformes","M","brownish gray, medium yellow-buff, medium-dark yellow-buff, pale cream"
"Golden-billed Saltator","Saltator_aurantiirostris","Grosbeaks, saltators and allies","Cardinalidae","Passeriformes","M","brownish gray, dark gray, gray, medium yellow-buff, medium-dark yellow-buff"
"Golden-breasted Puffleg","Eriocnemis_mosquera","Hummingbirds","Trochilidae","Apodiformes","M","dark gray, dark olive, gray, medium-dark olive, medium-dark yellow-buff, olive-gray"
"Golden-breasted Starling","Cosmopsarus_regius","Starlings","Sturnidae","Passeriformes","M","blue, brownish gray, dark gray, dark maroon, dark purple, gray, light blue, medium cream, medium green, medium yellow-buff, medium-dark dark purple, medium-dark green, medium-dark yellow-buff, olive-gray"
"Golden-browed Warbler","Basileuterus_belli","New World warblers","Parulidae","Passeriformes","F","brownish gray, dark brown, dark rufous, dark yellow-buff, gray, medium yellow-buff, medium-dark yellow-buff, very dark rufous, very dark yellow-buff"
"Golden-chested Tanager","Bangsia_rothschildi","Tanagers","Thraupidae","Passeriformes","M","dark blue, dark gray, gray, medium-dark yellow-buff"
"Golden-chevroned Tanager","Thraupis_ornata","Tanagers","Thraupidae","Passeriformes","M","blue, brownish gray, dark gray, dark olive, gray, medium-dark olive, medium-dark yellow-buff, olive-gray"
"Golden-collared Honeycreeper","Iridophanes_pulcherrimus","Tanagers","Thraupidae","Passeriformes","M","black, blue, brownish gray, dark gray, dark olive, dark yellow-buff, gray, medium yellow-buff, medium-dark green, medium-dark olive, medium-dark yellow-buff, olive-gray"
"Golden-collared Tanager","Iridosornis_jelskii","Tanagers","Thraupidae","Passeriformes","M","black, brownish gray, dark blue, dark gray, dark rufous, dark yellow-buff, gray, medium-dark yellow-buff"
"Golden-collared Toucanet","Selenidera_reinwardtii","Toucans and barbets","Ramphastidae","Piciformes","F","brownish gray, dark brown, dark gray, dark rufous, dark yellow-buff, gray, medium yellow-buff, medium-dark brown, medium-dark yellow-buff"
"Golden-collared Toucanet","Selenidera_reinwardtii","Toucans and barbets","Ramphastidae","Piciformes","M","black, brownish gray, dark brown, dark gray, dark rufous, dark yellow-buff, gray, medium yellow-buff, medium-dark brown, medium-dark yellow-buff, olive-gray"
"Golden-collared Woodpecker","Veniliornis_cassini","Woodpeckers","Picidae","Piciformes","F","black, brownish gray, dark gray, dark yellow-buff, gray, medium yellow-buff, medium-dark yellow-buff"
"Golden-collared Woodpecker","Veniliornis_cassini","Woodpeckers","Picidae","Piciformes","M","brownish gray, dark brown, dark gray, gray, medium yellow-buff, medium-dark brown, medium-dark yellow-buff"
"Golden-crowned Kinglet","Regulus_satrapa","Goldcrests and kinglets","Regulidae","Passeriformes","M","black, brownish gray, dark yellow-buff, gray, medium yellow-buff, medium-dark yellow-buff, very dark yellow-buff"
"Golden-crowned Kinglet","Regulus_satrapa","Goldcrests and kinglets","Reguliidae","Passeriformes","M","brownish gray, dark yellow-buff, gray, medium yellow-buff, medium-dark orange-buff, medium-dark rufous, medium-dark yellow-buff"
"Golden-crowned Spadebill","Platyrinchus_coronatus","Tyrant-flycatchers","Tyrannidae","Passeriformes","F","brownish gray, dark gray, dark yellow-buff, gray, medium cream, medium yellow-buff, medium-dark rufous, medium-dark yellow-buff, olive-gray, pale cream"
"Golden-crowned Spadebill","Platyrinchus_coronatus","Tyrant-flycatchers","Tyrannidae","Passeriformes","M","brownish gray, dark gray, dark rufous, dark yellow-buff, gray, medium cream, medium yellow-buff, medium-dark yellow-buff, pale cream"
"Golden-crowned Sparrow","Zonotrichia_atricapilla","Buntings, American sparrows and allies","Emberizidae","Passeriformes","F","black, brownish gray, dark gray, dark yellow-buff, gray, medium-dark yellow-buff"
"Golden-crowned Tanager","Iridosornis_rufivertex","Tanagers","Thraupidae","Passeriformes","M","black, blue, brownish gray, dark blue, dark gray, dark rufous, medium-dark rufous, medium-dark yellow-buff, very dark rufous"
"Golden-eared Tanager","Tangara_chrysotis","Tanagers","Thraupidae","Passeriformes","M","black, dark gray, dark rufous, dark yellow-buff, gray, medium cream, medium green, medium orange-buff, medium yellow-buff, medium-dark green, medium-dark orange-buff, medium-dark rufous, medium-dark yellow-buff, pale cream, pale green"
"Golden-fronted Greenlet","Hylophilus_aurantiifrons","Vireos and allies","Vireonidae","Passeriformes","F","brownish gray, dark yellow-buff, gray, medium yellow-buff, medium-dark yellow-buff"
"Golden-fronted Woodpecker","Melanerpes_aurifrons","Woodpeckers","Picidae","Piciformes","F","brownish gray, dark brown, dark gray, gray, medium yellow-buff, medium-dark brown"
"Golden-green Woodpecker","Piculus_chrysochloros","Woodpeckers","Picidae","Piciformes","F","brownish gray, dark gray, dark yellow-buff, gray, medium yellow-buff, medium-dark yellow-buff"
"Golden-green Woodpecker","Piculus_chrysochloros","Woodpeckers","Picidae","Piciformes","M","brownish gray, dark brown, dark yellow-buff, gray, medium yellow-buff, medium-dark orange-buff, medium-dark yellow-buff, pale cream"
"Golden-headed Cisticola","Cisticola_exilis","Cisticolas and allies","Cisticolidae","Passeriformes","F","brownish gray, dark gray, dark yellow-buff, gray, medium yellow-buff, medium-dark yellow-buff"
"Golden-headed Manakin","Pipra_erythrocephala","Manakins","Pipridae","Passeriformes","F","brownish gray, dark yellow-buff, gray, medium cream, medium yellow-buff, medium-dark yellow-buff, pale cream"
"Golden-headed Manakin","Pipra_erythrocephala","Manakins","Pipridae","Passeriformes","M","black, blue, brownish gray, dark blue, dark gray, dark yellow-buff, gray, medium cream, medium tan, medium yellow-buff, medium-dark brown, medium-dark yellow-buff, olive-gray, pale cream, pale gray"
"Golden-headed Quetzal","Pharomachrus_auriceps","Trogons","Trogonidae","Trogoniformes","F","brownish gray, dark brown, dark gray, dark olive, dark rufous, dark yellow-buff, gray, medium-dark brown, medium-dark olive, medium-dark orange-buff, medium-dark rufous, medium-dark yellow-buff"
"Golden-hooded Tanager","Tangara_larvata","Tanagers","Thraupidae","Passeriformes","M","black, blue, brownish gray, dark blue, dark gray, dark rufous, dark yellow-buff, gray, light blue, medium green, medium orange-buff, medium yellow-buff, medium-dark green, medium-dark olive, medium-dark orange-buff, medium-dark rufous, medium-dark yellow-buff, olive-gray"
"Golden-naped Tanager","Tangara_ruficervix","Tanagers","Thraupidae","Passeriformes","F","blue, brownish gray, dark blue, dark gray, dark olive, dark rufous, dark yellow-buff, gray, light blue, medium green, medium yellow-buff, medium-dark green, medium-dark olive, medium-dark yellow-buff, olive-gray"
"Golden-naped Tanager","Tangara_ruficervix","Tanagers","Thraupidae","Passeriformes","M","black, blue, brownish gray, dark gray, light blue, medium yellow-buff, medium-dark green, olive-gray"
"Golden-olive Woodpecker","Colaptes_rubiginosus","Woodpeckers","Picidae","Piciformes","F","brownish gray, dark brown, dark gray, dark yellow-buff, gray, medium cream, medium yellow-buff, medium-dark yellow-buff"
"Golden-sided Euphonia","Euphonia_cayennensis","Tanagers","Thraupidae","Passeriformes","F","dark gray, gray, medium-dark yellow-buff"
"Golden-sided Euphonia","Euphonia_cayennensis","Tanagers","Thraupidae","Passeriformes","M","blue, dark blue, dark gray, gray, medium yellow-buff, medium-dark yellow-buff"
"Golden-spangled Piculet","Picumnus_exilis","Woodpeckers","Picidae","Piciformes","F","black, brownish gray, dark gray, dark yellow-buff, gray, medium yellow-buff, medium-dark yellow-buff"
"Golden-spangled Piculet","Picumnus_exilis","Woodpeckers","Picidae","Piciformes","M","brownish gray, dark gray, dark yellow-buff, gray, medium cream, medium yellow-buff, medium-dark orange-buff, medium-dark rufous, medium-dark yellow-buff"
"Golden-tailed Sapphire","Chrysuronia_oenone","Hummingbirds","Trochilidae","Apodiformes","M","dark gray, medium cream, medium green, medium-dark yellow-buff, pale green"
"Golden-winged Parakeet","Brotogeris_chrysoptera","Parrots","Psittacidae","Psittaciformes","F","dark gray, dark yellow-buff, gray, medium cream, medium green, medium yellow-buff, medium-dark green, medium-dark olive, medium-dark rufous, medium-dark yellow-buff"
"Golden-winged Parakeet","Brotogeris_chrysoptera","Parrots","Psittacidae","Psittaciformes","M","gray, medium green, medium orange-buff, medium yellow-buff, medium-dark green, medium-dark yellow-buff"
"Golden-winged Parakeet","Brotogeris_chrysoptera","Parrots","Psittacidae","Psittaciformes",NA,"blue, dark blue, dark gray, dark yellow-buff, gray, medium green, medium orange-buff, medium yellow-buff, medium-dark green, medium-dark olive, medium-dark yellow-buff"
"Golden-winged Sunbird","Nectarinia_reichenowi","Sunbirds","Nectariniidae","Passeriformes","F","brownish gray, dark yellow-buff, gray, medium cream, medium yellow-buff, medium-dark yellow-buff, pale cream"
"Golden-winged Sunbird","Nectarinia_reichenowi","Sunbirds","Nectariniidae","Passeriformes","M","black, brownish gray, dark gray, medium cream, medium-dark brown, medium-dark orange-buff, medium-dark rufous, medium-dark yellow-buff"
"Golden-winged Warbler","Vermivora_chrysoptera","New World warblers","Parulidae","Passeriformes","F","black, brownish gray, dark gray, dark yellow-buff, gray, medium cream, medium yellow-buff, medium-dark yellow-buff, pale cream, pale gray"
"Golden-winged Warbler","Vermivora_chrysoptera","New World warblers","Parulidae","Passeriformes","M","brownish gray, dark gray, gray, medium cream, medium yellow-buff, medium-dark yellow-buff, pale cream"
"Goldie's Bird-of-paradise","Paradisaea_decora","Birds of paradise","Paradisaeidae","Passeriformes","M","black, brownish gray, dark brown, dark gray, dark olive, gray, medium orange-buff, medium yellow-buff, medium-dark brown, medium-dark green, medium-dark orange-buff, medium-dark rufous, medium-dark yellow-buff"
"Gorgeted Sunangel","Heliangelus_strophianus","Hummingbirds","Trochilidae","Apodiformes","M","black, blue, brownish gray, dark gray, gray, medium-dark green, medium-dark olive, medium-dark yellow-buff, pale gray"
"Gough Bunting","Rowettia_goughensis","Buntings, American sparrows and allies","Emberizidae","Passeriformes","M","brownish gray, gray, medium-dark yellow-buff"
"Gould's Jewelfront","Heliodoxa_aurescens","Hummingbirds","Trochilidae","Apodiformes","F","brownish gray, dark gray, dark purple, dark rufous, dark yellow-buff, medium yellow-buff, medium-dark green, medium-dark olive, medium-dark yellow-buff"
"Gould's Jewelfront","Heliodoxa_aurescens","Hummingbirds","Trochilidae","Apodiformes","M","blue, brownish gray, dark brown, dark gray, dark olive, dark rufous, dark yellow-buff, gray, medium-dark green, medium-dark olive, medium-dark rufous, medium-dark yellow-buff, olive-gray, pale cream, pale green"
"Gould's Sunbird","Aethopyga_gouldiae","Sunbirds","Nectariniidae","Passeriformes","F","brownish gray, gray, medium yellow-buff, medium-dark yellow-buff"
"Gould's Sunbird","Aethopyga_gouldiae","Sunbirds","Nectariniidae","Passeriformes","M","black, blue, brownish gray, dark blue, dark brown, dark gray, dark rufous, dark yellow-buff, gray, light blue, medium cream, medium yellow-buff, medium-dark brown, medium-dark dark purple, medium-dark rufous, medium-dark yellow-buff, pale cream"
"Gouldian Finch","Erythrura_gouldiae","Waxbills, grass finches, munias and allies","Estrildidae","Passeriformes","F","black, blue, brownish gray, dark brown, dark gray, dark olive, dark purple, dark rufous, dark yellow-buff, gray, medium cream, medium green, medium purple, medium tan, medium yellow-buff, medium-dark brown, medium-dark dark purple, medium-dark green, medium-dark olive, medium-dark rufous, medium-dark yellow-buff, olive-gray, pale buff, pale cream, pale green, very pale buff, very pale cream, very pale orange-buff"
"Gouldian Finch","Erythrura_gouldiae","Waxbills, grass finches, munias and allies","Estrildidae","Passeriformes","M","dark maroon, gray, light blue, medium red-brown, medium tan, medium-dark orange-buff, medium-dark red-brown, medium-dark yellow-buff, pale buff, pale cream, very pale buff, very pale cream, very pale green, very pale orange-buff"
"Grace's Warbler","Dendroica_graciae","New World warblers","Parulidae","Passeriformes","F","brownish gray, dark gray, gray, medium yellow-buff, medium-dark yellow-buff"
"Graceful Honeyeater","Meliphaga_gracilis","Honeyeaters","Meliphagidae","Passeriformes","F","brownish gray, gray, medium yellow-buff, medium-dark yellow-buff"
"Grand Munia","Lonchura_grandis","Waxbills, grass finches, munias and allies","Estrildidae","Passeriformes",NA,"black, dark maroon, medium orange-buff, medium red-brown, medium-dark brown, medium-dark maroon, medium-dark red-brown, pale buff, very pale buff, very pale orange-buff"
"Grant's Bluebill","Spermophaga_poliogenys","Waxbills, grass finches, munias and allies","Estrildidae","Passeriformes","F","medium pinkish buff, medium tan, medium-dark red-brown, pale pinkish buff, very pale buff, very pale orange-buff"
"Grant's Bluebill","Spermophaga_poliogenys","Waxbills, grass finches, munias and allies","Estrildidae","Passeriformes","M","dark brown, dark maroon, gray, medium pinkish buff, medium red-brown, medium-dark maroon, medium-dark red-brown, pale buff, very pale buff"
"Grass-green Tanager","Chlorornis_riefferii","Tanagers","Thraupidae","Passeriformes","M","blue, brownish gray, dark blue, dark brown, dark gray, dark olive, dark rufous, dark yellow-buff, gray, medium green, medium-dark green, medium-dark olive, medium-dark yellow-buff, olive-gray, very dark rufous"
"Grasshopper Sparrow","Ammodramus_savannarum","Buntings, American sparrows and allies","Emberizidae","Passeriformes","F","black, brownish gray, dark gray, dark rufous, dark yellow-buff, gray, medium yellow-buff, medium-dark yellow-buff, pale gray"
"Grassland Yellow-finch","Sicalis_luteola","Buntings, American sparrows and allies","Emberizidae","Passeriformes","M","brownish gray, dark gray, dark yellow-buff, gray, medium yellow-buff, medium-dark yellow-buff"
"Gray's Malimbe","Malimbus_nitens","Weavers and allies","Ploceidae","Passeriformes","F","black, dark brown, dark gray, gray, medium-dark brown"
"Gray's Malimbe","Malimbus_nitens","Weavers and allies","Ploceidae","Passeriformes","M","black, dark brown, dark gray, gray, medium-dark brown"
"Gray-bellied Hawk","Accipiter_poliogaster","Osprey, kites, hawks and eagles","Accipitridae","Accipitriformes",NA,"brownish gray, dark gray, gray, medium cream, medium orange-buff, medium yellow-buff, medium-dark rufous, medium-dark yellow-buff, pale cream"
"Great Antshrike","Taraba_major","Antbirds","Thamnophilidae","Passeriformes","F","brownish gray, dark rufous, gray, medium-dark rufous, pale gray"
"Great Antshrike","Taraba_major","Antbirds","Thamnophilidae","Passeriformes","M","black, dark gray, gray, pale gray"
"Great Black-backed Gull","Larus_marinus","Gulls and terns","Laridae","Charadriiformes","F","dark gray, dark yellow-buff, gray, medium cream, medium yellow-buff, medium-dark yellow-buff, pale cream, pale gray, very pale cream"
"Great Black-hawk","Buteogallus_urubitinga","Osprey, kites, hawks and eagles","Accipitridae","Accipitriformes","F","brownish gray, dark gray, gray, olive-gray, pale gray"
"Great Blue Heron","Ardea_herodias","Herons and egrets","Ardeidae","Pelecaniformes","F","black, brownish gray, dark brown, dark gray, gray, medium-dark brown, medium-dark rufous, pale gray"
"Great Blue Turaco","Corythaeola_cristata","Turacos","Musophagidae","Musophagiformes","M","blue, dark gray, gray, medium yellow-buff, medium-dark rufous, medium-dark yellow-buff, olive-gray"
"Great Blue Turaco","Corythaeola_cristata","Turacos","Musophagidae","Musophagiformes",NA,"brownish gray, gray, medium yellow-buff, olive-gray"
"Great Bowerbird","Chlamydera_nuchalis","Bowerbirds","Ptilonorhynchidae","Passeriformes","F","blue, brownish gray, dark gray, gray, light blue, medium cream, medium orange-buff, medium purple, medium red-brown, medium yellow-buff, medium-dark dark purple, medium-dark orange-buff, medium-dark rufous, medium-dark yellow-buff, pale cream, pale orange-buff"
"Great Cormorant","Phalacrocorax_carbo","Cormorants","Phalacrocoracidae","Suliformes","M","brownish gray, dark gray, gray"
"Great Crested Flycatcher","Myiarchus_crinitus","Tyrant-flycatchers","Tyrannidae","Passeriformes","M","black, brownish gray, dark rufous, gray, medium cream, medium orange-buff, medium yellow-buff, medium-dark orange-buff, medium-dark rufous, medium-dark yellow-buff, pale cream"
"Great Curassow","Crax_rubra","Guans and curassows","Cracidae","Galliformes","F","brownish gray, dark gray, dark rufous, gray, medium-dark rufous, medium-dark yellow-buff, pale gray"
"Great Egret","Casmerodius_albus","Herons and egrets","Ardeidae","Pelecaniformes","F","gray, olive-gray, pale gray"
"Great Egret","Casmerodius_albus","Herons and egrets","Ardeidae","Pelecaniformes","M","gray, olive-gray, pale cream, pale gray"
"Great Egret","Casmerodius_albus","Herons and egrets","Ardeidae","Pelecaniformes",NA,"gray, olive-gray, pale cream, pale gray"
"Great Grey Owl","Strix_nebulosa","Owls","Strigidae","Strigiformes","F","black, brownish gray, dark gray, gray"
"Great Grey Shrike","Lanius_excubitor","Shrikes","Laniidae","Passeriformes","F","dark gray, gray, pale gray"
"Great Grey Shrike","Lanius_excubitor","Shrikes","Laniidae","Passeriformes","M","dark gray, gray, pale gray"
"Great Horned Owl","Bubo_virginianus","Owls","Strigidae","Strigiformes","F","brownish gray, dark gray, dark rufous, gray, medium-dark rufous, medium-dark yellow-buff, pale gray"
"Great Inca-finch","Incaspiza_pulchra","Buntings, American sparrows and allies","Emberizidae","Passeriformes","M","brownish gray, dark gray, dark rufous, gray, medium-dark yellow-buff"
"Great Iora","Aegithina_lafresnayei","Ioras","Aegithinidae","Passeriformes","F","dark yellow-buff, medium cream, medium yellow-buff, medium-dark olive, medium-dark yellow-buff"
"Great Iora","Aegithina_lafresnayei","Ioras","Aegithinidae","Passeriformes","M","dark yellow-buff, gray, medium cream, medium yellow-buff, medium-dark olive, medium-dark yellow-buff, olive-gray"
"Great Jacamar","Jacamerops_aureus","Jacamars","Galbulidae","Piciformes","F","blue, medium green, medium orange-buff, medium yellow-buff, medium-dark olive, medium-dark orange-buff, medium-dark yellow-buff"
"Great Jacamar","Jacamerops_aureus","Jacamars","Galbulidae","Piciformes","M","blue, dark brown, gray, medium green, medium orange-buff, medium yellow-buff, medium-dark brown, medium-dark green, medium-dark orange-buff, medium-dark rufous, medium-dark yellow-buff"
"Great Kiskadee","Pitangus_sulphuratus","Tyrant-flycatchers","Tyrannidae","Passeriformes","F","brownish gray, dark gray, dark rufous, dark yellow-buff, gray, medium cream, medium yellow-buff, medium-dark yellow-buff, pale cream, pale gray"
"Great Kiskadee","Pitangus_sulphuratus","Tyrant-flycatchers","Tyrannidae","Passeriformes","M","brownish gray, dark gray, dark rufous, dark yellow-buff, gray, medium cream, medium yellow-buff, medium-dark orange-buff, medium-dark rufous, medium-dark yellow-buff, olive-gray, pale cream"
"Great Kiskadee","Pitangus_sulphuratus","Tyrant-flycatchers","Tyrannidae","Passeriformes",NA,"brownish gray, dark gray, dark yellow-buff, gray, medium yellow-buff, medium-dark yellow-buff, olive-gray, pale cream, pale gray"
"Great Pampa-finch","Embernagra_platensis","Buntings, American sparrows and allies","Emberizidae","Passeriformes","M","brownish gray, dark gray, dark yellow-buff, gray, medium-dark yellow-buff"
"Great Reed-warbler","Acrocephalus_arundinaceus","Old World warblers","Sylviidae","Passeriformes","F","brownish gray, dark yellow-buff, gray, medium cream, medium yellow-buff, medium-dark rufous, medium-dark yellow-buff"
"Great Sapphirewing","Pterophanes_cyanopterus","Hummingbirds","Trochilidae","Apodiformes","M","blue, medium-dark green, medium-dark olive, olive-gray"
"Great Skua","Catharacta_skua","Skuas and jaegers","Stercorariidae","Charadriiformes","M","brownish gray, medium-dark yellow-buff"
"Great Spotted Kiwi","Apteryx_haastii","Kiwis","Apterygidae","Apterygiformes","M","brownish gray, gray, medium-dark rufous, medium-dark yellow-buff"
"Great Spotted Woodpecker","Dendrocopos_major","Woodpeckers","Picidae","Piciformes","M","dark gray, gray, medium yellow-buff, medium-dark brown"
"Great Tinamou","Tinamus_major","Tinamous","Tinamidae","Tinamiformes","F","brownish gray, dark brown, dark gray, dark rufous, dark yellow-buff, gray, medium cream, medium yellow-buff, medium-dark yellow-buff, pale gray"
"Great Tinamou","Tinamus_major","Tinamous","Tinamidae","Tinamiformes","M","brownish gray, dark rufous, medium cream, medium yellow-buff, pale gray"
"Great Tinamou","Tinamus_major","Tinamous","Tinamidae","Tinamiformes",NA,"brownish gray, dark rufous, gray, medium-dark yellow-buff, pale cream"
"Great Tit","Parus_major","Tits and chickadees","Paridae","Passeriformes","F","black, dark gray, dark yellow-buff, gray, medium yellow-buff, medium-dark yellow-buff, olive-gray"
"Great Woodswallow","Artamus_maximus","Woodswallows","Artamidae","Passeriformes","F","black, dark gray, gray, pale gray"
"Great-billed Hermit","Phaethornis_malaris","Hummingbirds","Trochilidae","Apodiformes","M","brownish gray, dark gray, gray, medium cream, medium yellow-buff, medium-dark yellow-buff, pale cream"
"Great-billed Hermit","Phaethornis_malaris","Hummingbirds","Trochilidae","Apodiformes",NA,"brownish gray, dark gray, dark yellow-buff, gray, medium yellow-buff, medium-dark yellow-buff"
"Great-billed Seed-finch","Oryzoborus_maximiliani","Buntings, American sparrows and allies","Emberizidae","Passeriformes","M","brownish gray, dark gray, dark yellow-buff, medium-dark yellow-buff"
"Great-tailed Grackle","Quiscalus_mexicanus","New World blackbirds","Icteridae","Passeriformes","F","black, blue, brownish gray, dark blue, dark gray, gray, medium yellow-buff, medium-dark yellow-buff"
"Great-winged Petrel","Pterodroma_macroptera","Petrels and shearwaters","Procellariidae","Procellariiformes","M","brownish gray, dark gray, gray"
"Greater Antillean Bullfinch","Loxigilla_violacea","Buntings, American sparrows and allies","Emberizidae","Passeriformes","M","black, dark brown, dark gray, dark rufous, gray, very dark rufous"
"Greater Black Coucal","Centropus_menbeki","Cuckoos","Cuculidae","Cuculiformes","M","brownish gray, dark gray, gray"
"Greater Blue-eared Glossy-starling","Lamprotornis_chalybaeus","Starlings","Sturnidae","Passeriformes","M","blue, dark gray, gray, light blue, medium green, medium-dark green, olive-gray"
"Greater Double-collared Sunbird","Nectarinia_afra","Sunbirds","Nectariniidae","Passeriformes","F","brownish gray, dark rufous, gray, medium yellow-buff, medium-dark yellow-buff"
"Greater Double-collared Sunbird","Nectarinia_afra","Sunbirds","Nectariniidae","Passeriformes","M","black, brownish gray, dark gray, gray, medium cream, medium yellow-buff, medium-dark orange-buff, pale green"
"Greater Flamingo","Phoenicopterus_roseus","Flamingos","Phoenicopteridae","Phoenicopteriformes","M","dark gray, gray, medium tan, pale gray"
"Greater Flowerpiercer","Diglossa_major","Tanagers","Thraupidae","Passeriformes","M","brownish gray, dark gray, dark rufous, gray"
"Greater Painted-snipe","Rostratula_benghalensis","Painted-snipes","Rostratulidae","Charadriiformes","F","brownish gray, dark gray, dark rufous, dark yellow-buff, gray, medium-dark rufous, medium-dark yellow-buff, pale gray"
"Greater Pewee","Contopus_pertinax","Tyrant-flycatchers","Tyrannidae","Passeriformes","F","brownish gray, gray, medium yellow-buff"
"Greater Pewee","Contopus_pertinax","Tyrant-flycatchers","Tyrannidae","Passeriformes","M","brownish gray, gray, medium yellow-buff, medium-dark yellow-buff"
"Greater Prairie-chicken","Tympanuchus_cupido","Grouse, pheasants and partridges","Phasianidae","Galliformes","F","brownish gray, dark gray, dark rufous, dark yellow-buff, gray, medium yellow-buff, medium-dark rufous, medium-dark yellow-buff"
"Greater Racket-tailed Drongo","Dicrurus_paradiseus","Drongos","Dicruridae","Passeriformes","M","blue, dark gray, gray"
"Greater Rhea","Rhea_americana","Rheas","Rheidae","Rheiformes",NA,"gray"
"Greater Roadrunner","Geococcyx_californianus","Cuckoos","Cuculidae","Cuculiformes","F","brownish gray, dark gray, dark rufous, gray, medium cream, medium yellow-buff, medium-dark rufous, medium-dark yellow-buff, olive-gray, pale gray"
"Greater Scaup","Aythya_marila","Ducks, geese and swans","Anatidae","Anseriformes","F","brownish gray, dark gray, dark rufous, gray, olive-gray, pale gray"
"Greater Swamp-warbler","Acrocephalus_rufescens","Old World warblers","Sylviidae","Passeriformes","M","brownish gray, dark yellow-buff, gray, medium-dark yellow-buff"
"Greater White-fronted Goose","Anser_albifrons","Ducks, geese and swans","Anatidae","Anseriformes","F","brownish gray, dark gray, dark yellow-buff, gray, medium-dark yellow-buff"
"Greater Yellow-finch","Sicalis_auriventris","Buntings, American sparrows and allies","Emberizidae","Passeriformes","M","brownish gray, dark yellow-buff, gray, medium yellow-buff, medium-dark orange-buff, medium-dark rufous, medium-dark yellow-buff"
"Greater Yellowlegs","Tringa_melanoleuca","Sandpipers and allies","Scolopacidae","Charadriiformes","F","brownish gray, dark gray, gray, pale gray"
"Green Aracari","Pteroglossus_viridis","Toucans and barbets","Ramphastidae","Piciformes","F","brownish gray, dark brown, dark gray, gray, medium yellow-buff, medium-dark yellow-buff, olive-gray, pale cream"
"Green Aracari","Pteroglossus_viridis","Toucans and barbets","Ramphastidae","Piciformes","M","black, brownish gray, dark brown, dark gray, gray, medium cream, medium yellow-buff, olive-gray"
"Green Avadavat","Amandava_formosa","Waxbills, grass finches, munias and allies","Estrildidae","Passeriformes","F","pale buff, pale cream, pale pinkish buff, very pale buff, very pale cream, very pale orange-buff"
"Green Avadavat","Amandava_formosa","Waxbills, grass finches, munias and allies","Estrildidae","Passeriformes","M","medium orange-buff, medium pinkish buff, medium tan, medium-dark brown, pale buff, very pale cream, very pale orange-buff"
"Green Catbird","Ailuroedus_crassirostris","Bowerbirds","Ptilonorhynchidae","Passeriformes","F","brownish gray, dark gray, dark olive, dark yellow-buff, gray, medium cream, medium green, medium orange-buff, medium yellow-buff, medium-dark green, medium-dark olive, medium-dark yellow-buff, olive-gray, pale cream, pale gray, pale green"
"Green Hermit","Phaethornis_guy","Hummingbirds","Trochilidae","Apodiformes","F","black, brownish gray, dark gray, dark yellow-buff, gray, medium-dark green, medium-dark olive, medium-dark orange-buff, medium-dark rufous, medium-dark yellow-buff, olive-gray"
"Green Hermit","Phaethornis_guy","Hummingbirds","Trochilidae","Apodiformes","M","black, brownish gray, dark gray, dark olive, dark rufous, dark yellow-buff, gray, medium-dark green, medium-dark olive, medium-dark yellow-buff, olive-gray"
"Green Honeycreeper","Chlorophanes_spiza","Tanagers","Thraupidae","Passeriformes","F","brownish gray, dark olive, dark yellow-buff, medium green, medium-dark green, medium-dark olive, medium-dark yellow-buff"
"Green Honeycreeper","Chlorophanes_spiza","Tanagers","Thraupidae","Passeriformes","M","black, blue, brownish gray, dark gray, dark olive, gray, medium green, medium-dark green, medium-dark olive, olive-gray"
"Green Ibis","Mesembrinibis_cayennensis","Ibises and spoonbills","Threskiornithidae","Pelecaniformes","F","brownish gray, dark gray, gray, olive-gray"
"Green Ibis","Mesembrinibis_cayennensis","Ibises and spoonbills","Threskiornithidae","Pelecaniformes",NA,"blue, brownish gray, dark gray, dark rufous, dark yellow-buff, gray, medium-dark olive, medium-dark rufous, medium-dark yellow-buff, olive-gray"
"Green Jay","Cyanocorax_yncas","Crows and jays","Corvidae","Passeriformes","F","black, blue, dark blue, dark gray, dark olive, gray, light blue, medium cream, medium green, medium yellow-buff, medium-dark green, medium-dark olive, medium-dark yellow-buff, olive-gray, pale cream, pale gray"
"Green Kingfisher","Chloroceryle_americana","Kingfishers","Alcedinidae","Coraciiformes","F","black, blue, brownish gray, dark gray, dark olive, dark rufous, dark yellow-buff, gray, medium cream, medium yellow-buff, medium-dark olive, medium-dark rufous, medium-dark yellow-buff, olive-gray, pale gray"
"Green Kingfisher","Chloroceryle_americana","Kingfishers","Alcedinidae","Coraciiformes","M","brownish gray, dark gray, dark rufous, dark yellow-buff, gray, medium-dark olive, medium-dark rufous, medium-dark yellow-buff, olive-gray, pale gray"
"Green Oriole","Oriolus_flavocinctus","Orioles and figbirds","Oriolidae","Passeriformes","F","dark gray, dark yellow-buff, gray, medium yellow-buff, medium-dark yellow-buff, very dark yellow-buff"
"Green Oropendola","Psarocolius_viridis","New World blackbirds","Icteridae","Passeriformes","F","black, dark gray, dark rufous, dark yellow-buff, gray, medium cream, medium-dark yellow-buff, olive-gray, pale cream"
"Green Oropendola","Psarocolius_viridis","New World blackbirds","Icteridae","Passeriformes","M","brownish gray, dark gray, dark rufous, medium cream, medium yellow-buff, medium-dark yellow-buff, olive-gray, pale cream"
"Green Pheasant","Phasianus_versicolor","Grouse, pheasants and partridges","Phasianidae","Galliformes","M","blue, brownish gray, gray, medium yellow-buff, medium-dark orange-buff, medium-dark rufous, medium-dark yellow-buff, olive-gray"
"Green Sunbird","Anthreptes_rectirostris","Sunbirds","Nectariniidae","Passeriformes","F","brownish gray, dark yellow-buff, gray, medium cream, medium-dark yellow-buff, pale cream"
"Green Sunbird","Anthreptes_rectirostris","Sunbirds","Nectariniidae","Passeriformes","M","brownish gray, gray, medium yellow-buff, medium-dark yellow-buff, pale green"
"Green Thorntail","Discosura_conversii","Hummingbirds","Trochilidae","Apodiformes","M","blue, gray, medium green, medium-dark green, medium-dark yellow-buff, pale green"
"Green Violet-ear","Colibri_thalassinus","Hummingbirds","Trochilidae","Apodiformes","M","blue, brownish gray, gray, medium green, medium yellow-buff, medium-dark green"
"Green Woodhoopoe","Phoeniculus_purpureus","Woodhoopoes","Phoeniculidae","Bucerotiformes","M","blue, dark gray, gray, medium-dark olive, olive-gray"
"Green-and-gold Tanager","Tangara_schrankii","Tanagers","Thraupidae","Passeriformes","M","dark gray, dark olive, dark yellow-buff, gray, medium green, medium yellow-buff, medium-dark green, medium-dark olive, medium-dark yellow-buff, olive-gray"
"Green-and-rufous Kingfisher","Chloroceryle_inda","Kingfishers","Alcedinidae","Coraciiformes","F","brownish gray, dark gray, dark rufous, dark yellow-buff, gray, medium cream, medium yellow-buff, medium-dark orange-buff, medium-dark rufous, medium-dark yellow-buff, olive-gray, pale cream"
"Green-and-rufous Kingfisher","Chloroceryle_inda","Kingfishers","Alcedinidae","Coraciiformes","M","brownish gray, dark gray, dark rufous, gray, medium orange-buff, medium yellow-buff, medium-dark orange-buff, medium-dark rufous, medium-dark yellow-buff"
"Green-backed Firecrown","Sephanoides_sephaniodes","Hummingbirds","Trochilidae","Apodiformes","M","brownish gray, dark brown, gray, medium-dark olive, medium-dark yellow-buff"
"Green-backed Gerygone","Gerygone_chloronota","Thornbills and gerygones","Acanthizidae","Passeriformes","F","brownish gray, dark yellow-buff, gray, medium-dark yellow-buff, pale gray"
"Green-backed Honeyeater","Glycichaera_fallax","Honeyeaters","Meliphagidae","Passeriformes","F","black, brownish gray, dark gray, gray, medium yellow-buff, medium-dark yellow-buff"
"Green-backed Trogon","Trogon_viridis","Trogons","Trogonidae","Trogoniformes","F","blue, brownish gray, dark gray, gray, medium cream, medium orange-buff, medium yellow-buff, medium-dark green, pale cream"
"Green-backed Trogon","Trogon_viridis","Trogons","Trogonidae","Trogoniformes","M","blue, dark gray, gray, light blue, medium cream, medium green, medium yellow-buff, medium-dark green, medium-dark olive, olive-gray"
"Green-backed Twinspot","Mandingoa_nitidula","Waxbills, grass finches, munias and allies","Estrildidae","Passeriformes","F","dark gray, dark yellow-buff, gray, medium tan, medium-dark rufous, medium-dark yellow-buff, pale buff, pale orange-buff, very pale cream, very pale orange-buff"
"Green-backed Twinspot","Mandingoa_nitidula","Waxbills, grass finches, munias and allies","Estrildidae","Passeriformes","M","medium pinkish buff, medium red-brown, medium yellow-buff, medium-dark orange-buff, pale buff, pale orange-buff, very pale cream, very pale orange-buff"
"Green-capped Tanager","Tangara_meyerdeschauenseei","Tanagers","Thraupidae","Passeriformes","M","blue, dark gray, dark olive, gray, medium green, medium-dark green, medium-dark olive, medium-dark yellow-buff, olive-gray"
"Green-crowned Brilliant","Heliodoxa_jacula","Hummingbirds","Trochilidae","Apodiformes","M","blue, dark olive, gray, medium-dark olive, medium-dark yellow-buff"
"Green-crowned Longbill","Toxorhamphus_novaeguineae","Berrypeckers","Melanocharitidae","Passeriformes","F","brownish gray, dark gray, dark yellow-buff, gray, medium yellow-buff, medium-dark yellow-buff"
"Green-faced Parrotfinch","Erythrura_viridifacies","Waxbills, grass finches, munias and allies","Estrildidae","Passeriformes","M","brownish gray, dark yellow-buff, medium orange-buff, medium red-brown, medium tan, medium yellow-buff, medium-dark olive, medium-dark yellow-buff, pale orange-buff, very pale buff, very pale cream"
"Green-fronted Lancebill","Doryfera_ludovicae","Hummingbirds","Trochilidae","Apodiformes","F","black, brownish gray, dark brown, dark gray, dark rufous, dark yellow-buff, gray, medium yellow-buff, medium-dark green, medium-dark rufous, medium-dark yellow-buff, olive-gray"
"Green-fronted Lancebill","Doryfera_ludovicae","Hummingbirds","Trochilidae","Apodiformes","M","black, brownish gray, dark gray, dark olive, dark rufous, dark yellow-buff, gray, medium green, medium yellow-buff, medium-dark green, medium-dark olive, medium-dark orange-buff, medium-dark yellow-buff, pale green"
"Green-headed Tanager","Tangara_seledon","Tanagers","Thraupidae","Passeriformes","M","black, blue, brownish gray, dark blue, dark gray, dark olive, dark yellow-buff, gray, medium green, medium yellow-buff, medium-dark green, medium-dark olive, medium-dark yellow-buff, olive-gray"
"Green-naped Tanager","Tangara_fucosa","Tanagers","Thraupidae","Passeriformes","M","blue, brownish gray, dark gray, gray, medium green, medium yellow-buff, medium-dark green, medium-dark olive, medium-dark yellow-buff, olive-gray"
"Green-tailed Goldenthroat","Polytmus_theresiae","Hummingbirds","Trochilidae","Apodiformes","M","gray, medium green, medium yellow-buff, medium-dark yellow-buff, pale gray, pale green"
"Green-tailed Sunbird","Aethopyga_nipalensis","Sunbirds","Nectariniidae","Passeriformes","F","brownish gray, dark yellow-buff, gray, medium yellow-buff, medium-dark yellow-buff"
"Green-tailed Sunbird","Aethopyga_nipalensis","Sunbirds","Nectariniidae","Passeriformes","M","black, blue, brownish gray, dark gray, dark rufous, dark yellow-buff, light blue, medium green, medium yellow-buff, medium-dark yellow-buff"
"Green-tailed Towhee","Pipilo_chlorurus","Buntings, American sparrows and allies","Emberizidae","Passeriformes","F","brownish gray, dark rufous, dark yellow-buff, gray, medium-dark rufous, medium-dark yellow-buff, pale gray"
"Green-tailed Trainbearer","Lesbia_nuna","Hummingbirds","Trochilidae","Apodiformes","M","brownish gray, dark gray, gray, medium green, medium-dark green, medium-dark yellow-buff"
"Green-throated Sunbird","Nectarinia_rubescens","Sunbirds","Nectariniidae","Passeriformes","F","brownish gray, gray, medium yellow-buff, medium-dark yellow-buff"
"Green-throated Sunbird","Nectarinia_rubescens","Sunbirds","Nectariniidae","Passeriformes","M","black, brownish gray, dark gray, medium green, medium-dark dark purple"
"Green-winged Pytilia","Pytilia_melba","Waxbills, grass finches, munias and allies","Estrildidae","Passeriformes","F","medium buff, pale buff, pale orange-buff, very pale buff, very pale cream, very pale orange-buff"
"Green-winged Pytilia","Pytilia_melba","Waxbills, grass finches, munias and allies","Estrildidae","Passeriformes","M","medium cream, medium yellow-buff, pale cream, pale orange-buff, very pale buff, very pale cream, very pale orange-buff"
"Green-winged Saltator","Saltator_similis","Grosbeaks, saltators and allies","Cardinalidae","Passeriformes","M","brownish gray, dark gray, dark yellow-buff, gray, medium-dark yellow-buff"
"Greenish Elaenia","Myiopagis_viridicata","Tyrant-flycatchers","Tyrannidae","Passeriformes","F","brownish gray, dark gray, dark yellow-buff, gray, medium cream, medium yellow-buff, medium-dark yellow-buff, olive-gray, very dark yellow-buff"
"Greenish Puffleg","Haplophaedia_aureliae","Hummingbirds","Trochilidae","Apodiformes","M","brownish gray, dark gray, dark rufous, gray, medium-dark green, medium-dark yellow-buff, pale gray"
"Greenish Schiffornis","Schiffornis_virescens","Cotingas","Cotingidae","Passeriformes","F","dark rufous, dark yellow-buff, gray, medium-dark yellow-buff"
"Greenish Schiffornis","Schiffornis_virescens","Cotingas","Cotingidae","Passeriformes","M","dark rufous, dark yellow-buff, gray, medium-dark yellow-buff"
"Greenish Yellow-finch","Sicalis_olivascens","Buntings, American sparrows and allies","Emberizidae","Passeriformes","M","brownish gray, dark yellow-buff, gray, medium-dark yellow-buff"
"Grenada Flycatcher","Myiarchus_nugator","Tyrant-flycatchers","Tyrannidae","Passeriformes","F","brownish gray, dark gray, gray, medium yellow-buff, medium-dark yellow-buff"
"Grey Antbird","Cercomacra_cinerascens","Antbirds","Thamnophilidae","Passeriformes","F","brownish gray, dark yellow-buff, gray, medium yellow-buff, medium-dark yellow-buff, pale gray"
"Grey Antbird","Cercomacra_cinerascens","Antbirds","Thamnophilidae","Passeriformes","M","brownish gray, dark gray, gray, medium yellow-buff, pale gray"
"Grey Antwren","Myrmotherula_menetriesii","Antbirds","Thamnophilidae","Passeriformes","F","black, brownish gray, dark gray, dark olive, dark yellow-buff, gray, medium yellow-buff, medium-dark yellow-buff, olive-gray, very dark maroon"
"Grey Antwren","Myrmotherula_menetriesii","Antbirds","Thamnophilidae","Passeriformes","M","black, dark gray, gray, olive-gray, very dark maroon"
"Grey Butcherbird","Cracticus_torquatus","Butcherbirds","Cracticidae","Passeriformes","F","black, brownish gray, dark gray, gray"
"Grey Catbird","Dumetella_carolinensis","Mockingbirds and thrashers","Mimidae","Passeriformes","F","black, brownish gray, dark gray, dark rufous, gray, medium-dark rufous"
"Grey Fantail","Rhipidura_fuliginosa","Fantails","Rhipiduridae","Passeriformes","F","black, brownish gray, dark gray, gray, medium yellow-buff, medium-dark yellow-buff"
"Grey Flycatcher","Empidonax_wrightii","Tyrant-flycatchers","Tyrannidae","Passeriformes","F","brownish gray, dark gray, gray, medium cream, medium yellow-buff, medium-dark yellow-buff, olive-gray, pale cream"
"Grey Francolin","Francolinus_pondicerianus","Grouse, pheasants and partridges","Phasianidae","Galliformes","M","brownish gray, dark rufous, gray, medium yellow-buff, medium-dark rufous, medium-dark yellow-buff"
"Grey Gerygone","Gerygone_igata","Thornbills and gerygones","Acanthizidae","Passeriformes","M","brownish gray, dark gray, gray, medium-dark yellow-buff"
"Grey Goshawk","Accipiter_novaehollandiae","Osprey, kites, hawks and eagles","Accipitridae","Accipitriformes","M","brownish gray, gray, medium orange-buff, medium-dark orange-buff, medium-dark rufous, pale gray"
"Grey Hawk","Buteo_nitidus","Osprey, kites, hawks and eagles","Accipitridae","Accipitriformes","F","brownish gray, dark gray, gray, medium yellow-buff, pale gray"
"Grey Hawk","Buteo_nitidus","Osprey, kites, hawks and eagles","Accipitridae","Accipitriformes","M","brownish gray, dark gray, gray, pale gray"
"Grey Hawk","Buteo_nitidus","Osprey, kites, hawks and eagles","Accipitridae","Accipitriformes",NA,"brownish gray, dark gray, gray, medium-dark rufous"
"Grey Jay","Perisoreus_canadensis","Crows and jays","Corvidae","Passeriformes","F","brownish gray, dark gray, gray"
"Grey Jay","Perisoreus_canadensis","Crows and jays","Corvidae","Passeriformes","M","brownish gray, dark gray, gray"
"Grey Kingbird","Tyrannus_dominicensis","Tyrant-flycatchers","Tyrannidae","Passeriformes","F","brownish gray, dark gray, gray, medium cream, medium yellow-buff, pale gray"
"Grey Kingbird","Tyrannus_dominicensis","Tyrant-flycatchers","Tyrannidae","Passeriformes","M","brownish gray, dark gray, gray, medium cream, medium yellow-buff"
"Grey Noddy","Procelsterna_albivitta","Gulls and terns","Laridae","Charadriiformes","M","gray, pale gray"
"Grey Partridge","Perdix_perdix","Grouse, pheasants and partridges","Phasianidae","Galliformes","M","brownish gray, dark rufous, gray, medium yellow-buff, medium-dark orange-buff, medium-dark yellow-buff"
"Grey Petrel","Procellaria_cinerea","Petrels and shearwaters","Procellariidae","Procellariiformes","M","brownish gray, gray"
"Grey Plover","Pluvialis_squatarola","Plovers","Charadriidae","Charadriiformes","F","brownish gray, dark gray, gray, pale gray"
"Grey Potoo","Nyctibius_griseus","Potoos","Nyctibiidae","Caprimulgiformes","F","brownish gray, dark gray, dark yellow-buff, gray, medium yellow-buff, medium-dark orange-buff, medium-dark rufous, medium-dark yellow-buff, pale gray"
"Grey Potoo","Nyctibius_griseus","Potoos","Nyctibiidae","Caprimulgiformes",NA,"brownish gray, gray"
"Grey Seedeater","Sporophila_intermedia","Buntings, American sparrows and allies","Emberizidae","Passeriformes","M","brownish gray, dark gray, gray, medium-dark yellow-buff"
"Grey Shrike-thrush","Colluricincla_harmonica","Shrike-thrushes and allies","Colluricinclidae","Passeriformes","F","brownish gray, dark gray, gray"
"Grey Swiftlet","Collocalia_amelis","Swifts","Apodidae","Apodiformes","F","brownish gray, dark gray, gray, medium yellow-buff"
"Grey Swiftlet","Collocalia_amelis","Swifts","Apodidae","Apodiformes","M","brownish gray, dark gray, gray"
"Grey Teal","Anas_gracilis","Ducks, geese and swans","Anatidae","Anseriformes","F","brownish gray, dark gray, dark yellow-buff, gray, medium yellow-buff, medium-dark yellow-buff, pale cream"
"Grey Vireo","Vireo_vicinior","Vireos and allies","Vireonidae","Passeriformes","F","brownish gray, gray"
"Grey Vireo","Vireo_vicinior","Vireos and allies","Vireonidae","Passeriformes","M","brownish gray, gray"
"Grey Whistler","Pachycephala_simplex","Whistlers","Pachycephalidae","Passeriformes","F","brownish gray, dark yellow-buff, gray"
"Grey-and-gold Tanager","Tangara_palmeri","Tanagers","Thraupidae","Passeriformes","M","blue, dark gray, gray, light blue, medium green, medium-dark green, olive-gray"
"Grey-backed Sparrow-lark","Eremopterix_verticalis","Larks","Alaudidae","Passeriformes","F","brownish gray, dark yellow-buff, gray, medium-dark yellow-buff"
"Grey-backed Tern","Sterna_lunata","Gulls and terns","Laridae","Charadriiformes","M","dark gray, gray, pale cream"
"Grey-bellied Flowerpiercer","Diglossa_carbonaria","Tanagers","Thraupidae","Passeriformes","M","brownish gray, dark gray, dark rufous, gray"
"Grey-breasted Martin","Progne_chalybea","Swallows and martins","Hirundinidae","Passeriformes","F","blue, brownish gray, dark gray, gray, pale cream"
"Grey-breasted Martin","Progne_chalybea","Swallows and martins","Hirundinidae","Passeriformes","M","black, blue, brownish gray, dark blue, dark gray, gray, pale gray"
"Grey-breasted Martin","Progne_chalybea","Swallows and martins","Hirundinidae","Passeriformes",NA,"blue, brownish gray, dark gray, gray"
"Grey-breasted Sabrewing","Campylopterus_largipennis","Hummingbirds","Trochilidae","Apodiformes","F","black, blue, brownish gray, dark gray, dark olive, dark yellow-buff, gray, medium-dark green, medium-dark olive, medium-dark yellow-buff, olive-gray, pale gray"
"Grey-breasted Sabrewing","Campylopterus_largipennis","Hummingbirds","Trochilidae","Apodiformes","M","brownish gray, dark gray, dark olive, dark yellow-buff, gray, medium green, medium-dark green, medium-dark olive, medium-dark yellow-buff, olive-gray, pale gray"
"Grey-breasted Seedsnipe","Thinocorus_orbignyianus","Seedsnipes","Thinocoridae","Charadriiformes","F","brownish gray, dark gray, dark rufous, dark yellow-buff, gray, medium-dark rufous, medium-dark yellow-buff, pale gray"
"Grey-capped Greenfinch","Carduelis_sinica","Finches and Hawaiian honeycreepers","Fringillidae","Passeriformes","F","brownish gray, dark yellow-buff, gray, medium cream, medium yellow-buff, medium-dark yellow-buff, very pale cream, very pale orange-buff"
"Grey-capped Greenfinch","Carduelis_sinica","Finches and Hawaiian honeycreepers","Fringillidae","Passeriformes","M","gray, very pale buff, very pale cream, very pale orange-buff"
"Grey-capped Hemispingus","Hemispingus_reyi","Tanagers","Thraupidae","Passeriformes","M","brownish gray, dark gray, dark yellow-buff, gray, medium-dark yellow-buff"
"Grey-cheeked Grass-finch","Emberizoides_ypiranganus","Buntings, American sparrows and allies","Emberizidae","Passeriformes","M","brownish gray, dark gray, dark yellow-buff, gray, medium-dark yellow-buff"
"Grey-cheeked Thrush","Catharus_minimus","Thrushes","Turdidae","Passeriformes","F","brownish gray, dark yellow-buff, gray, pale gray"
"Grey-chinned Hermit","Phaethornis_griseogularis","Hummingbirds","Trochilidae","Apodiformes","M","brownish gray, dark rufous, dark yellow-buff, gray, medium-dark yellow-buff"
"Grey-crested Finch","Lophospingus_griseocristatus","Buntings, American sparrows and allies","Emberizidae","Passeriformes","M","brownish gray, dark gray, gray"
"Grey-crowned Babbler","Pomatostomus_temporalis","Australasian babblers","Pomatostomidae","Passeriformes","F","brownish gray, dark gray, dark rufous, dark yellow-buff, gray, medium cream, medium yellow-buff, medium-dark rufous, medium-dark yellow-buff, pale gray"
"Grey-crowned Flycatcher","Tolmomyias_poliocephalus","Tyrant-flycatchers","Tyrannidae","Passeriformes","F","brownish gray, dark gray, gray, medium cream, medium yellow-buff, medium-dark yellow-buff, pale cream"
"Grey-crowned Munia","Lonchura_nevermanni","Waxbills, grass finches, munias and allies","Estrildidae","Passeriformes","M","medium pinkish buff, medium red-brown, medium tan, medium-dark red-brown, pale buff, very pale orange-buff"
"Grey-crowned Tetraka","Bernieria_cinereiceps","Old World warblers","Sylviidae","Passeriformes","F","brownish gray, dark gray, dark yellow-buff, gray, medium yellow-buff, medium-dark yellow-buff"
"Grey-fronted Dove","Leptotila_rufaxilla","Doves and pigeons","Columbidae","Columbiformes","F","brownish gray, dark rufous, gray, medium orange-buff, medium-dark orange-buff, pale cream"
"Grey-fronted Dove","Leptotila_rufaxilla","Doves and pigeons","Columbidae","Columbiformes","M","blue, brownish gray, dark gray, gray, medium orange-buff, medium-dark orange-buff, pale cream"
"Grey-green Fruit-dove","Ptilinopus_purpuratus","Doves and pigeons","Columbidae","Columbiformes","M","dark gray, dark olive, dark rufous, dark yellow-buff, gray, medium cream, medium yellow-buff, medium-dark yellow-buff, olive-gray, pale cream"
"Grey-headed Albatross","Thalassarche_chrysostoma","Albatrosses","Diomedeidae","Procellariiformes","M","brownish gray, gray"
"Grey-headed Munia","Lonchura_caniceps","Waxbills, grass finches, munias and allies","Estrildidae","Passeriformes","F","brownish gray, dark gray, dark rufous, dark yellow-buff, gray, medium-dark rufous, medium-dark yellow-buff"
"Grey-headed Munia","Lonchura_caniceps","Waxbills, grass finches, munias and allies","Estrildidae","Passeriformes",NA,"medium pinkish buff, medium red-brown, medium tan, medium-dark brown, pale buff, pale pinkish buff, very pale buff, very pale orange-buff"
"Grey-headed Negrofinch","Nigrita_canicapillus","Waxbills, grass finches, munias and allies","Estrildidae","Passeriformes","F","black, brownish gray, dark rufous, dark yellow-buff, medium red-brown, medium-dark brown, medium-dark maroon, medium-dark red-brown, medium-dark yellow-buff, very dark rufous, very pale cream"
"Grey-headed Negrofinch","Nigrita_canicapillus","Waxbills, grass finches, munias and allies","Estrildidae","Passeriformes","M","black, dark maroon, dark yellow-buff, medium red-brown, medium-dark maroon, medium-dark red-brown, pale buff, pale pinkish buff, very dark yellow-buff, very pale cream, very pale orange-buff"
"Grey-headed Robin","Heteromyias_albispecularis","Australasian robins","Petroicidae","Passeriformes","F","brownish gray, dark gray, gray"
"Grey-headed Silverbill","Lonchura_griseicapilla","Waxbills, grass finches, munias and allies","Estrildidae","Passeriformes","F","dark maroon, dark rufous, medium buff, medium tan, medium yellow-buff, medium-dark brown, pale buff, pale cream, very dark yellow-buff, very pale cream, very pale orange-buff"
"Grey-headed Silverbill","Lonchura_griseicapilla","Waxbills, grass finches, munias and allies","Estrildidae","Passeriformes","M","medium buff, medium orange-buff, medium red-brown, medium tan, medium-dark orange-buff, pale buff, very dark yellow-buff, very pale buff, very pale cream, very pale orange-buff"
"Grey-headed Tanager","Eucometis_penicillata","Tanagers","Thraupidae","Passeriformes","F","brownish gray, dark gray, dark yellow-buff, gray, medium yellow-buff, medium-dark orange-buff, medium-dark yellow-buff"
"Grey-headed Tanager","Eucometis_penicillata","Tanagers","Thraupidae","Passeriformes","M","brownish gray, dark yellow-buff, gray, medium yellow-buff, medium-dark yellow-buff"
"Grey-hooded Bush Tanager","Cnemoscopus_rubrirostris","Tanagers","Thraupidae","Passeriformes","M","brownish gray, dark gray, dark yellow-buff, gray, medium yellow-buff, medium-dark yellow-buff"
"Grey-hooded Flycatcher","Mionectes_rufiventris","Tyrant-flycatchers","Tyrannidae","Passeriformes","F","brownish gray, dark gray, dark yellow-buff, gray, medium yellow-buff, medium-dark yellow-buff, olive-gray"
"Grey-hooded Sierra-finch","Phrygilus_gayi","Buntings, American sparrows and allies","Emberizidae","Passeriformes","M","brownish gray, dark rufous, dark yellow-buff, gray, medium orange-buff, medium yellow-buff, medium-dark orange-buff, medium-dark rufous, medium-dark yellow-buff"
"Grey-necked Picathartes","Picathartes_oreas","Rockfowl","Picathartidae","Passeriformes","F","gray"
"Grey-necked Picathartes","Picathartes_oreas","Rockfowl","Picathartidae","Passeriformes","M","gray"
"Grey-necked Wood-rail","Aramides_cajanea","Rails, crakes and allies","Rallidae","Gruiformes","F","black, brownish gray, dark gray, dark rufous, dark yellow-buff, gray, medium-dark orange-buff, medium-dark rufous"
"Grey-necked Wood-rail","Aramides_cajanea","Rails, crakes and allies","Rallidae","Gruiformes","M","black, brownish gray, dark gray, dark rufous, dark yellow-buff, gray, medium yellow-buff, medium-dark rufous, medium-dark yellow-buff"
"Grey-necked Wood-rail","Aramides_cajanea","Rails, crakes and allies","Rallidae","Gruiformes",NA,"brownish gray, dark gray, dark rufous, gray, medium-dark rufous, medium-dark yellow-buff"
"Grey-rumped Swift","Chaetura_cinereiventris","Swifts","Apodidae","Apodiformes",NA,"black, brownish gray, dark gray, gray"
"Grey-tailed Tattler","Heteroscelus_brevipes","Sandpipers and allies","Scolopacidae","Charadriiformes","M","brownish gray, gray"
"Grey-throated Leaftosser","Sclerurus_albigularis","Ovenbirds","Furnariidae","Passeriformes","F","brownish gray, dark gray, dark rufous, gray"
"Grey-throated Leaftosser","Sclerurus_albigularis","Ovenbirds","Furnariidae","Passeriformes","M","brownish gray, dark gray, dark rufous, gray"
"Grey-throated Warbling-finch","Poospiza_cabanisi","Buntings, American sparrows and allies","Emberizidae","Passeriformes","M","brownish gray, dark gray, dark rufous, dark yellow-buff, gray, medium-dark yellow-buff, very dark rufous"
"Grey-winged Inca-finch","Incaspiza_ortizi","Buntings, American sparrows and allies","Emberizidae","Passeriformes","M","brownish gray, dark gray, gray"
"Grey-winged Longbill","Toxorhamphus_poliopterus","Berrypeckers","Melanocharitidae","Passeriformes","F","brownish gray, dark gray, dark yellow-buff, gray, medium yellow-buff, medium-dark yellow-buff"
"Grey-winged Trumpeter","Psophia_crepitans","Trumpeters","Psophiidae","Gruiformes","F","black, brownish gray, dark gray, dark purple, dark yellow-buff, medium-dark yellow-buff"
"Grey-winged Trumpeter","Psophia_crepitans","Trumpeters","Psophiidae","Gruiformes","M","black, blue, brownish gray, dark gray, dark yellow-buff, gray, medium-dark yellow-buff, olive-gray"
"Grey-winged Trumpeter","Psophia_crepitans","Trumpeters","Psophiidae","Gruiformes",NA,"black, brownish gray, dark blue, dark gray, dark purple, dark rufous, gray, medium-dark olive, medium-dark yellow-buff"
"Greyish Mourner","Rhytipterna_simplex","Tyrant-flycatchers","Tyrannidae","Passeriformes","F","brownish gray, dark gray, gray, medium cream, pale cream"
"Greyish Mourner","Rhytipterna_simplex","Tyrant-flycatchers","Tyrannidae","Passeriformes","M","brownish gray, gray, medium yellow-buff, pale cream"
"Greyish Saltator","Saltator_coerulescens","Grosbeaks, saltators and allies","Cardinalidae","Passeriformes","M","dark gray, dark yellow-buff, gray, medium-dark yellow-buff"
"Greyish Saltator","Saltator_coerulescens","Grosbeaks, saltators and allies","Cardinalidae","Passeriformes",NA,"brownish gray, dark gray, gray, medium yellow-buff, medium-dark yellow-buff"
"Groove-billed Ani","Crotophaga_sulcirostris","Cuckoos","Cuculidae","Cuculiformes","F","black, dark blue, dark gray, gray, olive-gray"
"Guam Rail","Gallirallus_owstoni","Rails, crakes and allies","Rallidae","Gruiformes","M","brownish gray, dark gray, dark rufous, dark yellow-buff, gray, pale gray"
"Guianan Cock-of-the-rock","Rupicola_rupicola","Cotingas","Cotingidae","Passeriformes","M","brownish gray, dark gray, dark rufous, gray, medium orange-buff, medium-dark orange-buff, medium-dark rufous, medium-dark yellow-buff, olive-gray, pale gray"
"Guianan Gnatcatcher","Polioptila_guianensis","Gnatcatchers","Polioptilidae","Passeriformes","F","black, dark gray, gray, olive-gray, pale gray"
"Guianan Puffbird","Notharchus_macrorhynchos","Puffbirds","Bucconidae","Piciformes","M","brownish gray, dark gray, gray"
"Guianan Puffbird","Notharchus_macrorhynchos","Puffbirds","Bucconidae","Piciformes",NA,"black, brownish gray, dark gray, gray"
"Guianan Red-cotinga","Phoenicircus_carnifex","Cotingas","Cotingidae","Passeriformes","F","brownish gray, dark brown, dark rufous, dark yellow-buff, medium-dark brown, medium-dark rufous, medium-dark yellow-buff"
"Guianan Red-cotinga","Phoenicircus_carnifex","Cotingas","Cotingidae","Passeriformes","M","brownish gray, dark brown, dark gray, dark rufous, gray, medium-dark brown, medium-dark rufous"
"Guianan Streaked Antwren","Myrmotherula_surinamensis","Antbirds","Thamnophilidae","Passeriformes","F","black, brownish gray, dark gray, dark rufous, gray, medium cream, medium yellow-buff, medium-dark orange-buff, medium-dark rufous, medium-dark yellow-buff"
"Guianan Streaked Antwren","Myrmotherula_surinamensis","Antbirds","Thamnophilidae","Passeriformes","M","black, brownish gray, dark gray, gray, pale gray"
"Guianan Toucanet","Selenidera_piperivora","Toucans and barbets","Ramphastidae","Piciformes","F","brownish gray, dark brown, dark gray, dark rufous, dark yellow-buff, gray, medium yellow-buff, medium-dark brown, medium-dark yellow-buff, very dark rufous"
"Guianan Toucanet","Selenidera_piperivora","Toucans and barbets","Ramphastidae","Piciformes","M","black, brownish gray, dark brown, dark gray, dark rufous, dark yellow-buff, gray, medium yellow-buff, medium-dark brown, medium-dark yellow-buff, olive-gray"
"Guianan Warbling-antbird","Hypocnemis_cantator","Antbirds","Thamnophilidae","Passeriformes","F","brownish gray, dark gray, dark rufous, dark yellow-buff, gray, medium orange-buff, medium yellow-buff, medium-dark orange-buff, medium-dark yellow-buff, pale gray"
"Guianan Warbling-antbird","Hypocnemis_cantator","Antbirds","Thamnophilidae","Passeriformes","M","brownish gray, dark gray, gray, medium orange-buff, medium-dark orange-buff, medium-dark rufous, medium-dark yellow-buff, pale gray"
"Guira Cuckoo","Guira_guira","Cuckoos","Cuculidae","Cuculiformes","F","brownish gray, dark gray, gray, medium yellow-buff, medium-dark rufous, medium-dark yellow-buff, olive-gray"
"Guira Tanager","Hemithraupis_guira","Tanagers","Thraupidae","Passeriformes","F","brownish gray, medium yellow-buff, medium-dark yellow-buff, pale cream"
"Guira Tanager","Hemithraupis_guira","Tanagers","Thraupidae","Passeriformes","M","brownish gray, dark gray, dark yellow-buff, medium cream, medium-dark yellow-buff, pale cream"
"Guira Tanager","Hemithraupis_guira","Tanagers","Thraupidae","Passeriformes",NA,"brownish gray, dark gray, dark rufous, dark yellow-buff, gray, medium yellow-buff, medium-dark yellow-buff"
"Hair-crested Drongo","Dicrurus_hottentottus","Drongos","Dicruridae","Passeriformes","F","black, blue, dark blue, dark gray, gray, light blue"
"Hairy Woodpecker","Picoides_villosus","Woodpeckers","Picidae","Piciformes","F","black, dark brown, dark gray, gray, medium-dark brown, medium-dark rufous, medium-dark yellow-buff, olive-gray, pale gray"
"Hall's Babbler","Pomatostomus_halli","Australasian babblers","Pomatostomidae","Passeriformes","F","black, brownish gray, dark gray, dark rufous, gray, medium yellow-buff, medium-dark yellow-buff, pale gray"
"Hammond's Flycatcher","Empidonax_hammondii","Tyrant-flycatchers","Tyrannidae","Passeriformes","F","brownish gray, dark gray, gray, medium cream, medium yellow-buff, medium-dark yellow-buff"
"Harlequin Duck","Histrionicus_histrionicus","Ducks, geese and swans","Anatidae","Anseriformes","F","brownish gray, dark gray, gray"
"Harpy Eagle","Harpia_harpyja","Osprey, kites, hawks and eagles","Accipitridae","Accipitriformes","M","brownish gray, dark gray, gray"
"Harpy Eagle","Harpia_harpyja","Osprey, kites, hawks and eagles","Accipitridae","Accipitriformes",NA,"brownish gray, dark gray, gray"
"Harris's Sparrow","Zonotrichia_querula","Buntings, American sparrows and allies","Emberizidae","Passeriformes","F","black, brownish gray, dark gray, dark yellow-buff, gray, medium-dark rufous, medium-dark yellow-buff, pale gray"
"Hartlaub's Turaco","Tauraco_hartlaubi","Turacos","Musophagidae","Musophagiformes","M","blue, gray, medium-dark green, medium-dark olive, pale gray, very dark maroon"
"Hartlaub's Turaco","Tauraco_hartlaubi","Turacos","Musophagidae","Musophagiformes",NA,"blue, dark purple, gray, medium yellow-buff, medium-dark green, olive-gray"
"Hawaiian Goose","Branta_sandvicensis","Ducks, geese and swans","Anatidae","Anseriformes","M","brownish gray, dark gray, gray, medium cream, medium yellow-buff, medium-dark yellow-buff, pale cream"
"Hawaiian Hawk","Buteo_solitarius","Osprey, kites, hawks and eagles","Accipitridae","Accipitriformes","M","brownish gray, dark gray, gray"
"Hawfinch","Coccothraustes_coccothraustes","Finches and Hawaiian honeycreepers","Fringillidae","Passeriformes","F","brownish gray, dark gray, gray, medium yellow-buff, medium-dark orange-buff, medium-dark yellow-buff"
"Hedge Accentor","Prunella_modularis","Accentors","Prunellidae","Passeriformes","F","brownish gray, dark gray, dark rufous, dark yellow-buff, gray, medium-dark rufous, medium-dark yellow-buff"
"Helmeted Friarbird","Philemon_buceroides","Honeyeaters","Meliphagidae","Passeriformes","F","brownish gray, gray, medium yellow-buff, medium-dark yellow-buff"
"Helmeted Guineafowl","Numida_meleagris","Guineafowl","Numididae","Galliformes","F","brownish gray, dark gray, gray, medium-dark yellow-buff"
"Helmeted Pygmy-tyrant","Lophotriccus_galeatus","Tyrant-flycatchers","Tyrannidae","Passeriformes","M","brownish gray, dark gray, dark yellow-buff, gray, medium cream, medium yellow-buff, medium-dark orange-buff, medium-dark rufous, medium-dark yellow-buff"
"Henslow's Sparrow","Ammodramus_henslowii","Buntings, American sparrows and allies","Emberizidae","Passeriformes","F","dark yellow-buff, gray, medium-dark yellow-buff"
"Henslow's Sparrow","Ammodramus_henslowii","Buntings, American sparrows and allies","Emberizidae","Passeriformes","M","dark yellow-buff, gray, medium yellow-buff, medium-dark yellow-buff"
"Hepatic Tanager","Piranga_flava","Grosbeaks, saltators and allies","Cardinalidae","Passeriformes","F","black, brownish gray, dark brown, dark rufous, dark yellow-buff, gray, medium orange-buff, medium yellow-buff, medium-dark brown, medium-dark orange-buff, medium-dark yellow-buff"
"Hermit Thrush","Catharus_guttatus","Thrushes","Turdidae","Passeriformes","F","brownish gray, dark gray, dark rufous, dark yellow-buff, gray, medium-dark rufous, medium-dark yellow-buff, pale gray"
"Hermit Warbler","Dendroica_occidentalis","New World warblers","Parulidae","Passeriformes","F","black, brownish gray, dark gray, dark yellow-buff, gray, medium cream, medium yellow-buff, medium-dark yellow-buff, pale gray, very dark yellow-buff"
"Hermit Warbler","Dendroica_occidentalis","New World warblers","Parulidae","Passeriformes","M","brownish gray, dark gray, gray, medium cream, medium yellow-buff, medium-dark yellow-buff, pale cream, pale gray"
"Herring Gull","Larus_argentatus","Gulls and terns","Laridae","Charadriiformes","F","brownish gray, dark yellow-buff, gray, medium yellow-buff, medium-dark yellow-buff, olive-gray, pale gray"
"Highland Guan","Penelopina_nigra","Guans and curassows","Cracidae","Galliformes","F","black, brownish gray, dark gray, dark rufous, dark yellow-buff, gray, medium-dark rufous, medium-dark yellow-buff"
"Hildebrandt's Starling","Lamprotornis_hildebrandti","Starlings","Sturnidae","Passeriformes","M","blue, dark purple, gray, medium yellow-buff, medium-dark orange-buff, medium-dark rufous, medium-dark yellow-buff, olive-gray"
"Hill Prinia","Prinia_atrogularis","Cisticolas and allies","Cisticolidae","Passeriformes","F","brownish gray, dark yellow-buff, gray, medium cream, medium yellow-buff, medium-dark yellow-buff"
"Hill Prinia","Prinia_atrogularis","Cisticolas and allies","Cisticolidae","Passeriformes","M","brownish gray, dark yellow-buff, gray, medium yellow-buff, medium-dark yellow-buff"
"Hill-forest Honeyeater","Meliphaga_orientalis","Honeyeaters","Meliphagidae","Passeriformes","M","brownish gray, dark yellow-buff, gray, medium cream, medium yellow-buff, medium-dark yellow-buff, pale cream"
"Himalayan Monal","Lophophorus_impejanus","Grouse, pheasants and partridges","Phasianidae","Galliformes","M","blue, brownish gray, dark gray, dark olive, medium green, medium tan, medium yellow-buff, medium-dark brown, medium-dark green, medium-dark orange-buff, olive-gray, pale green, very pale green"
"Hoary Puffleg","Haplophaedia_lugens","Hummingbirds","Trochilidae","Apodiformes","M","brownish gray, dark gray, dark rufous, gray, medium-dark yellow-buff"
"Hoary Redpoll","Carduelis_hornemanni","Finches and Hawaiian honeycreepers","Fringillidae","Passeriformes","F","brownish gray, dark brown, dark gray, dark rufous, dark yellow-buff, gray, medium tan, medium-dark orange-buff, medium-dark rufous, pale buff, pale orange-buff, very pale cream, very pale green, very pale orange-buff"
"Hoary Redpoll","Carduelis_hornemanni","Finches and Hawaiian honeycreepers","Fringillidae","Passeriformes","M","medium tan, medium-dark brown, very pale buff, very pale cream, very pale green, very pale orange-buff"
"Hoatzin","Opisthocomus_hoazin","Hoatzin","Opisthocomidae","Opisthocomiformes","F","brownish gray, dark gray, dark rufous, gray, medium yellow-buff, medium-dark orange-buff, medium-dark rufous, medium-dark yellow-buff"
"Hoatzin","Opisthocomus_hoazin","Hoatzin","Opisthocomidae","Opisthocomiformes","M","brownish gray, dark gray, dark rufous, gray, medium cream, medium yellow-buff, medium-dark orange-buff, medium-dark rufous, medium-dark yellow-buff, olive-gray, pale cream"
"Hoatzin","Opisthocomus_hoazin","Hoatzin","Opisthocomidae","Opisthocomiformes",NA,"brownish gray, dark rufous, gray, medium yellow-buff, medium-dark rufous, medium-dark yellow-buff, pale cream"
"Hooded Butcherbird","Cracticus_cassicus","Butcherbirds","Cracticidae","Passeriformes","F","black, dark gray, gray, pale gray"
"Hooded Cuckooshrike","Coracina_longicauda","Cuckoo-shrikes","Campephagidae","Passeriformes","F","black, dark gray, gray"
"Hooded Monarch","Monarcha_manadensis","Monarchs","Monarchidae","Passeriformes","M","black, blue, dark blue, dark gray, gray, pale gray"
"Hooded Mountain-tanager","Buthraupis_montana","Tanagers","Thraupidae","Passeriformes","F","black, blue, dark blue, dark gray, gray, light blue, medium yellow-buff, medium-dark yellow-buff, olive-gray"
"Hooded Munia","Lonchura_spectabilis","Waxbills, grass finches, munias and allies","Estrildidae","Passeriformes","F","black, brownish gray, dark gray, dark maroon, dark rufous, dark yellow-buff, gray, medium buff, medium pinkish buff, medium red-brown, medium tan, medium yellow-buff, medium-dark maroon, medium-dark red-brown, medium-dark rufous, medium-dark yellow-buff, very pale buff, very pale cream, very pale orange-buff"
"Hooded Munia","Lonchura_spectabilis","Waxbills, grass finches, munias and allies","Estrildidae","Passeriformes","M","dark brown, dark maroon, medium red-brown, medium tan, medium-dark brown, medium-dark maroon, medium-dark red-brown, medium-dark rufous, very pale buff, very pale cream, very pale orange-buff"
"Hooded Oriole","Icterus_cucullatus","New World blackbirds","Icteridae","Passeriformes","F","brownish gray, gray, medium cream, medium orange-buff, medium yellow-buff, medium-dark orange-buff, medium-dark rufous, medium-dark yellow-buff, pale cream"
"Hooded Parrot","Psephotus_dissimilis","Parrots","Psittacidae","Psittaciformes","M","brownish gray, gray, medium cream, medium green, medium yellow-buff, medium-dark orange-buff, medium-dark yellow-buff, olive-gray, pale green"
"Hooded Pitta","Pitta_sordida","Pittas","Pittidae","Passeriformes","F","dark gray, light blue, medium green, medium-dark brown, medium-dark green, medium-dark olive, medium-dark yellow-buff, pale green, very pale green"
"Hooded Pitta","Pitta_sordida","Pittas","Pittidae","Passeriformes","M","dark gray, light blue, medium green, medium-dark brown, medium-dark green, medium-dark olive, medium-dark yellow-buff, very pale green"
"Hooded Plover","Thinornis_rubricollis","Plovers","Charadriidae","Charadriiformes","F","brownish gray, dark gray, gray, pale gray"
"Hooded Robin","Melanodryas_cucullata","Australasian robins","Petroicidae","Passeriformes","F","black, brownish gray, dark gray, gray"
"Hooded Seedeater","Sporophila_melanops","Buntings, American sparrows and allies","Emberizidae","Passeriformes","F","brownish gray, gray, medium yellow-buff"
"Hooded Siskin","Carduelis_magellanica","Finches and Hawaiian honeycreepers","Fringillidae","Passeriformes","F","very pale cream, very pale orange-buff"
"Hooded Siskin","Carduelis_magellanica","Finches and Hawaiian honeycreepers","Fringillidae","Passeriformes","M","brownish gray, dark gray, gray, olive-gray, pale gray, very pale cream, very pale orange-buff"
"Hooded Tanager","Nemosia_pileata","Tanagers","Thraupidae","Passeriformes","F","dark gray, gray, medium cream"
"Hooded Tanager","Nemosia_pileata","Tanagers","Thraupidae","Passeriformes","M","blue, dark gray, gray, medium yellow-buff, medium-dark yellow-buff, olive-gray, pale gray"
"Hooded Warbler","Wilsonia_citrina","New World warblers","Parulidae","Passeriformes","F","black, brownish gray, dark gray, dark yellow-buff, gray, medium cream, medium yellow-buff, medium-dark yellow-buff, pale cream, very dark yellow-buff"
"Hooded Warbler","Wilsonia_citrina","New World warblers","Parulidae","Passeriformes","M","black, brownish gray, dark gray, dark yellow-buff, gray, medium cream, medium yellow-buff, medium-dark yellow-buff"
"Hooded Whistler","Pachycephala_implicata","Whistlers","Pachycephalidae","Passeriformes","M","brownish gray, dark gray, dark yellow-buff, gray, medium yellow-buff, medium-dark yellow-buff"
"Hook-billed Kite","Chondrohierax_uncinatus","Osprey, kites, hawks and eagles","Accipitridae","Accipitriformes","M","gray"
"Hook-billed Kite","Chondrohierax_uncinatus","Osprey, kites, hawks and eagles","Accipitridae","Accipitriformes",NA,"brownish gray, dark gray, gray, medium-dark rufous, pale cream"
"Hook-billed Vanga","Vanga_curvirostris","Vangas","Vangidae","Passeriformes","F","black, dark gray, gray, pale gray"
"Horned Grebe","Podiceps_auritus","Grebes","Podicipedidae","Podicipediformes",NA,"gray"
"Horned Lark","Eremophila_alpestris","Larks","Alaudidae","Passeriformes","M","black, brownish gray, dark gray, dark rufous, dark yellow-buff, gray, medium yellow-buff, medium-dark orange-buff, medium-dark rufous, medium-dark yellow-buff, pale gray"
"Horned Puffin","Fratercula_corniculata","Auks","Alcidae","Charadriiformes","F","brownish gray, dark gray, gray, pale gray"
"House Crow","Corvus_splendens","Crows and jays","Corvidae","Passeriformes","F","blue, brownish gray, dark gray, gray"
"House Finch","Carpodacus_mexicanus","Finches and Hawaiian honeycreepers","Fringillidae","Passeriformes","F","brownish gray, dark brown, dark gray, dark rufous, dark yellow-buff, gray, medium cream, medium tan, medium yellow-buff, medium-dark brown, medium-dark orange-buff, medium-dark rufous, medium-dark yellow-buff"
"House Sparrow","Passer_domesticus","Sparrows, snowfinches and allies","Passeridae","Passeriformes","F","black, brownish gray, dark brown, dark gray, dark rufous, gray, medium yellow-buff, medium-dark rufous, medium-dark yellow-buff"
"House Wren","Troglodytes_aedon","Wrens","Troglodytidae","Passeriformes","M","brownish gray, dark gray, dark rufous, dark yellow-buff, gray, medium yellow-buff, medium-dark orange-buff, medium-dark rufous, medium-dark yellow-buff"
"Huallaga Tanager","Ramphocelus_melanogaster","Tanagers","Thraupidae","Passeriformes","M","black, brownish gray, dark brown, dark gray, dark rufous, very dark rufous"
"Hudsonian Godwit","Limosa_haemastica","Sandpipers and allies","Scolopacidae","Charadriiformes","F","brownish gray, dark gray, gray, medium yellow-buff, medium-dark orange-buff, medium-dark rufous"
"Humblot's Sunbird","Nectarinia_humbloti","Sunbirds","Nectariniidae","Passeriformes","F","black, brownish gray, dark yellow-buff, gray, medium yellow-buff, medium-dark yellow-buff"
"Humblot's Sunbird","Nectarinia_humbloti","Sunbirds","Nectariniidae","Passeriformes","M","black, brownish gray, dark brown, dark gray, dark rufous, dark yellow-buff, gray, medium red-brown, medium yellow-buff, medium-dark brown, medium-dark dark purple, medium-dark maroon, medium-dark yellow-buff, pale cream"
"Hunter's Sunbird","Nectarinia_hunteri","Sunbirds","Nectariniidae","Passeriformes","F","brownish gray, dark gray, gray"
"Hunter's Sunbird","Nectarinia_hunteri","Sunbirds","Nectariniidae","Passeriformes","M","black, brownish gray, dark brown, dark gray, dark purple, medium green, medium-dark dark purple, medium-dark orange-buff, olive-gray, pale green"
"Hutton's Shearwater","Puffinus_huttoni","Petrels and shearwaters","Procellariidae","Procellariiformes","M","brownish gray, dark gray, gray, pale cream"
"Hutton's Vireo","Vireo_huttoni","Vireos and allies","Vireonidae","Passeriformes","F","brownish gray, dark gray, gray, medium yellow-buff, medium-dark yellow-buff"
"Iberian Chiffchaff","Phylloscopus_ibericus","Old World warblers","Sylviidae","Passeriformes","M","brownish gray, gray, medium cream, medium yellow-buff, medium-dark yellow-buff"
"Iiwi","Vestiaria_coccinea","Finches and Hawaiian honeycreepers","Fringillidae","Passeriformes","F","gray, medium-dark brown, medium-dark orange-buff, medium-dark rufous"
"Iiwi","Vestiaria_coccinea","Finches and Hawaiian honeycreepers","Fringillidae","Passeriformes","M","dark gray, gray, medium-dark brown, medium-dark rufous"
"Imitator Sparrowhawk","Accipiter_imitator","Osprey, kites, hawks and eagles","Accipitridae","Accipitriformes","M","brownish gray, dark gray, gray"
"Imperial Shag","Phalacrocorax_atriceps","Cormorants","Phalacrocoracidae","Suliformes","M","dark gray, gray, medium cream, pale cream"
"Inaccessible Bunting","Nesospiza_acunhae","Buntings, American sparrows and allies","Emberizidae","Passeriformes","M","brownish gray, dark yellow-buff, gray, medium-dark yellow-buff"
"Indian Pitta","Pitta_brachyura","Pittas","Pittidae","Passeriformes","M","blue, dark gray, gray, medium green, medium tan, medium yellow-buff, medium-dark olive, medium-dark yellow-buff, pale cream"
"Indigo Bunting","Passerina_cyanea","Buntings, American sparrows and allies","Emberizidae","Passeriformes","F","blue, brownish gray, dark blue, dark gray, dark yellow-buff, gray, light blue, medium green, medium yellow-buff, medium-dark green, medium-dark olive, medium-dark yellow-buff, olive-gray"
"Indigo Flowerpiercer","Diglossa_indigotica","Tanagers","Thraupidae","Passeriformes","M","brownish gray, dark blue, dark gray, gray"
"Inland Thornbill","Acanthiza_apicalis","Thornbills and gerygones","Acanthizidae","Passeriformes","F","brownish gray, dark gray, gray"
"Island Canary","Serinus_canaria","Finches and Hawaiian honeycreepers","Fringillidae","Passeriformes","F","very pale cream, very pale orange-buff"
"Island Canary","Serinus_canaria","Finches and Hawaiian honeycreepers","Fringillidae","Passeriformes","M","brownish gray, dark yellow-buff, gray, medium cream, medium yellow-buff, medium-dark yellow-buff, very pale cream, very pale orange-buff"
"Island Leaf-warbler","Phylloscopus_poliocephalus","Old World warblers","Sylviidae","Passeriformes","M","brownish gray, dark yellow-buff, gray, medium cream, medium yellow-buff, medium-dark yellow-buff, pale cream"
"Island Thrush","Turdus_poliocephalus","Thrushes","Turdidae","Passeriformes","M","brownish gray, dark gray"
"Ivory Gull","Pagophila_eburnea","Gulls and terns","Laridae","Charadriiformes","M","brownish gray, gray, pale gray"
"Ivory-billed Aracari","Pteroglossus_azara","Toucans and barbets","Ramphastidae","Piciformes","F","black, brownish gray, dark brown, dark gray, gray, medium cream, medium-dark brown, medium-dark yellow-buff, olive-gray"
"Jacky-winter","Microeca_fascinans","Australasian robins","Petroicidae","Passeriformes","F","black, brownish gray, dark gray, gray, pale gray"
"Jambu Fruit-dove","Ptilinopus_jambu","Doves and pigeons","Columbidae","Columbiformes","M","gray, medium red-brown, medium-dark maroon, medium-dark olive"
"Jameson's Antpecker","Parmoptila_jamesoni","Waxbills, grass finches, munias and allies","Estrildidae","Passeriformes","F","black, dark brown, medium orange-buff, medium tan, medium yellow-buff, medium-dark yellow-buff, pale buff, pale cream, pale orange-buff, very dark yellow-buff, very pale cream, very pale orange-buff"
"Jameson's Antpecker","Parmoptila_jamesoni","Waxbills, grass finches, munias and allies","Estrildidae","Passeriformes","M","black, medium orange-buff, medium red-brown, medium tan, medium yellow-buff, medium-dark yellow-buff, pale cream, pale orange-buff, very pale buff, very pale cream, very pale orange-buff"
"Jameson's Firefinch","Lagonosticta_rhodopareia","Waxbills, grass finches, munias and allies","Estrildidae","Passeriformes","F","dark brown, medium buff, medium orange-buff, medium pinkish buff, medium red-brown, medium tan, medium-dark brown, medium-dark rufous, pale buff, pale orange-buff, very pale buff, very pale cream, very pale orange-buff"
"Jameson's Firefinch","Lagonosticta_rhodopareia","Waxbills, grass finches, munias and allies","Estrildidae","Passeriformes","M","dark yellow-buff, medium buff, medium red-brown, medium tan, medium-dark brown, medium-dark orange-buff, medium-dark red-brown, medium-dark rufous, medium-dark yellow-buff, pale buff, pale orange-buff, very pale buff, very pale orange-buff"
"Japanese Grosbeak","Eophona_personata","Finches and Hawaiian honeycreepers","Fringillidae","Passeriformes","F","blue, brownish gray, dark gray, gray, pale gray"
"Japanese Grosbeak","Eophona_personata","Finches and Hawaiian honeycreepers","Fringillidae","Passeriformes","M","blue, brownish gray, gray, pale gray"
"Japanese Wagtail","Motacilla_grandis","Wagtails and pipits","Motacillidae","Passeriformes","F","black, dark gray, gray, pale gray"
"Japanese Wagtail","Motacilla_grandis","Wagtails and pipits","Motacillidae","Passeriformes","M","black, dark gray, gray, pale gray"
"Java Sparrow","Padda_oryzivora","Waxbills, grass finches, munias and allies","Estrildidae","Passeriformes","F","brownish gray, dark gray, dark maroon, gray, medium pinkish buff, medium red-brown, medium tan, medium-dark brown, medium-dark maroon, medium-dark red-brown, pale gray, very pale buff, very pale cream, very pale orange-buff"
"Java Sparrow","Padda_oryzivora","Waxbills, grass finches, munias and allies","Estrildidae","Passeriformes","M","dark maroon, medium pinkish buff, medium red-brown, medium-dark maroon, medium-dark red-brown, very pale buff, very pale cream, very pale orange-buff"
"Javan Munia","Lonchura_leucogastroides","Waxbills, grass finches, munias and allies","Estrildidae","Passeriformes","F","dark brown, dark maroon, medium buff, medium orange-buff, medium pinkish buff, medium red-brown, medium tan, medium-dark brown, medium-dark orange-buff, medium-dark red-brown, pale buff, pale orange-buff, very pale cream, very pale orange-buff"
"Javan Munia","Lonchura_leucogastroides","Waxbills, grass finches, munias and allies","Estrildidae","Passeriformes","M","dark maroon, medium buff, medium pinkish buff, medium red-brown, medium tan, medium-dark brown, medium-dark maroon, medium-dark orange-buff, medium-dark red-brown, very pale buff, very pale cream, very pale orange-buff"
"Johanna's Sunbird","Nectarinia_johannae","Sunbirds","Nectariniidae","Passeriformes","F","brownish gray, gray, medium cream, medium-dark yellow-buff, pale cream"
"Johanna's Sunbird","Nectarinia_johannae","Sunbirds","Nectariniidae","Passeriformes","M","black, dark brown, dark gray, dark olive, dark rufous, medium green, medium yellow-buff, olive-gray"
"Juan Fernandez Firecrown","Sephanoides_fernandensis","Hummingbirds","Trochilidae","Apodiformes","M","brownish gray, dark brown, dark rufous, dark yellow-buff, gray, medium-dark brown, medium-dark green, medium-dark olive, medium-dark rufous, medium-dark yellow-buff, pale gray"
"Juan Fernandez Petrel","Pterodroma_externa","Petrels and shearwaters","Procellariidae","Procellariiformes","M","brownish gray, gray"
"Jungle Babbler","Turdoides_striata","Babblers and parrotbills","Timaliidae","Passeriformes","M","brownish gray, medium yellow-buff, medium-dark yellow-buff"
"Jungle Bush-quail","Perdicula_asiatica","Grouse, pheasants and partridges","Phasianidae","Galliformes","F","brownish gray, dark gray, dark rufous, gray, medium-dark orange-buff, medium-dark rufous, medium-dark yellow-buff, very dark rufous"
"Jungle Hawk-owl","Ninox_theomacha","Owls","Strigidae","Strigiformes","M","brownish gray, dark rufous, medium-dark rufous"
"Kai Cicadabird","Coracina_dispar","Cuckoo-shrikes","Campephagidae","Passeriformes","M","black, brownish gray, dark gray, dark rufous, gray, medium yellow-buff"
"Kaka","Nestor_meridionalis","Parrots","Psittacidae","Psittaciformes","M","brownish gray, dark brown, dark rufous, medium-dark brown, medium-dark orange-buff, medium-dark rufous, medium-dark yellow-buff"
"Kakapo","Strigops_habroptila","Parrots","Psittacidae","Psittaciformes","M","gray, medium yellow-buff, medium-dark green, medium-dark olive, medium-dark yellow-buff"
"Kalij Pheasant","Lophura_leucomelanos","Grouse, pheasants and partridges","Phasianidae","Galliformes","F","black, blue, brownish gray, dark blue, dark gray, dark yellow-buff, gray, medium-dark rufous, medium-dark yellow-buff"
"Kea","Nestor_notabilis","Parrots","Psittacidae","Psittaciformes","M","brownish gray, dark brown, dark rufous, dark yellow-buff, gray, medium orange-buff, medium-dark olive, medium-dark yellow-buff, olive-gray"
"Kelp Gull","Larus_dominicanus","Gulls and terns","Laridae","Charadriiformes","M","gray, pale gray"
"Kenrick's Starling","Poeoptera_kenricki","Starlings","Sturnidae","Passeriformes","M","brownish gray, dark gray, gray, medium orange-buff, medium-dark orange-buff, medium-dark rufous"
"Kentucky Warbler","Oporornis_formosus","New World warblers","Parulidae","Passeriformes","F","black, brownish gray, dark gray, dark yellow-buff, gray, medium cream, medium yellow-buff, medium-dark yellow-buff, pale cream"
"Kentucky Warbler","Oporornis_formosus","New World warblers","Parulidae","Passeriformes","M","black, brownish gray, dark gray, dark yellow-buff, gray, medium cream, medium yellow-buff, medium-dark yellow-buff, pale cream"
"Kenya Violet-backed Sunbird","Anthreptes_orientalis","Sunbirds","Nectariniidae","Passeriformes","F","black, brownish gray, dark gray, dark purple, gray, pale gray"
"Kenya Violet-backed Sunbird","Anthreptes_orientalis","Sunbirds","Nectariniidae","Passeriformes","M","black, blue, brownish gray, dark gray, dark purple, gray, light blue, medium cream, medium green, medium yellow-buff, medium-dark dark purple, medium-dark green, pale gray, pale green"
"Kerguelen Petrel","Lugensa_brevirostris","Petrels and shearwaters","Procellariidae","Procellariiformes","M","brownish gray, gray"
"Kermadec Petrel","Pterodroma_neglecta","Petrels and shearwaters","Procellariidae","Procellariiformes","M","brownish gray, gray"
"Killdeer","Charadrius_vociferus","Plovers","Charadriidae","Charadriiformes","F","brownish gray, dark gray, dark rufous, gray, medium cream, pale gray"
"King Bird-of-paradise","Cicinnurus_regius","Birds of paradise","Paradisaeidae","Passeriformes","F","brownish gray, dark brown, dark olive, dark yellow-buff, gray, medium-dark brown, medium-dark green, medium-dark olive, medium-dark rufous, medium-dark yellow-buff, pale gray"
"King Penguin","Aptenodytes_patagonicus","Penguins","Spheniscidae","Sphenisciformes","M","brownish gray, dark gray, gray, medium cream, medium yellow-buff, medium-dark yellow-buff, pale cream"
"King Rail","Rallus_elegans","Rails, crakes and allies","Rallidae","Gruiformes","F","brownish gray, dark gray, dark rufous, gray, medium yellow-buff, medium-dark orange-buff, medium-dark rufous, medium-dark yellow-buff"
"King Vulture","Sarcoramphus_papa","New World vultures","Cathartidae","Accipitriformes","F","dark gray, gray, medium yellow-buff, olive-gray, pale cream"
"King Vulture","Sarcoramphus_papa","New World vultures","Cathartidae","Accipitriformes","M","dark gray, gray, medium cream, medium yellow-buff, pale cream"
"Klaas's Cuckoo","Chrysococcyx_klaas","Cuckoos","Cuculidae","Cuculiformes","M","gray, medium-dark olive, medium-dark yellow-buff, pale gray"
"Kokako","Callaeas_cinereus","Wattled crows","Callaeatidae","Passeriformes","M","dark gray, gray"
"La Sagra's Flycatcher","Myiarchus_sagrae","Tyrant-flycatchers","Tyrannidae","Passeriformes","F","brownish gray, dark gray, gray"
"Lacrimose Mountain-tanager","Anisognathus_lacrymosus","Tanagers","Thraupidae","Passeriformes","M","blue, brownish gray, dark blue, dark gray, dark yellow-buff, gray, medium yellow-buff, medium-dark yellow-buff"
"Ladder-backed Woodpecker","Picoides_scalaris","Woodpeckers","Picidae","Piciformes","F","brownish gray, dark brown, dark gray, gray, medium yellow-buff, medium-dark brown, medium-dark yellow-buff"
"Lapland Longspur","Calcarius_lapponicus","Buntings, American sparrows and allies","Emberizidae","Passeriformes","F","black, brownish gray, dark gray, dark yellow-buff, gray, medium-dark yellow-buff"
"Large Cactus-finch","Geospiza_conirostris","Buntings, American sparrows and allies","Emberizidae","Passeriformes","M","brownish gray, dark gray, gray, medium-dark yellow-buff"
"Large Ground-finch","Geospiza_magnirostris","Buntings, American sparrows and allies","Emberizidae","Passeriformes","M","brownish gray, dark gray, gray"
"Large Lifu White-eye","Zosterops_inornatus","White-eyes","Zosteropidae","Passeriformes","M","brownish gray, gray, medium yellow-buff, medium-dark yellow-buff"
"Large Pied Cormorant","Phalacrocorax_varius","Cormorants","Phalacrocoracidae","Suliformes","M","dark gray, gray, pale cream"
"Large Scrubwren","Sericornis_nouhuysi","Thornbills and gerygones","Acanthizidae","Passeriformes","F","brownish gray, dark gray, dark yellow-buff, gray, medium yellow-buff, medium-dark yellow-buff"
"Large Tree-finch","Camarhynchus_psittacula","Buntings, American sparrows and allies","Emberizidae","Passeriformes","M","brownish gray, dark gray, gray, medium yellow-buff, medium-dark yellow-buff"
"Large-billed Gerygone","Gerygone_magnirostris","Thornbills and gerygones","Acanthizidae","Passeriformes","F","brownish gray, dark gray, dark yellow-buff, gray, medium-dark yellow-buff"
"Large-billed Scrubwren","Sericornis_magnirostra","Thornbills and gerygones","Acanthizidae","Passeriformes","F","brownish gray, dark yellow-buff, gray, medium yellow-buff, medium-dark yellow-buff"
"Large-billed Seed-finch","Oryzoborus_crassirostris","Buntings, American sparrows and allies","Emberizidae","Passeriformes","M","brownish gray, dark gray, dark yellow-buff, gray, medium yellow-buff, medium-dark yellow-buff, pale gray"
"Large-footed Finch","Pezopetes_capitalis","Buntings, American sparrows and allies","Emberizidae","Passeriformes","F","black, brownish gray, dark gray, dark yellow-buff, gray, medium-dark yellow-buff"
"Lark Bunting","Calamospiza_melanocorys","Buntings, American sparrows and allies","Emberizidae","Passeriformes","F","black, brownish gray, dark gray, gray, medium-dark yellow-buff"
"Lark Sparrow","Chondestes_grammacus","Buntings, American sparrows and allies","Emberizidae","Passeriformes","F","brownish gray, dark rufous, gray, medium yellow-buff, medium-dark orange-buff, medium-dark rufous, medium-dark yellow-buff, pale gray"
"Laughing Dove","Stigmatopelia_senegalensis","Doves and pigeons","Columbidae","Columbiformes","F","brownish gray, gray, medium yellow-buff, medium-dark rufous, pale gray"
"Laughing Kookaburra","Dacelo_novaeguineae","Kingfishers","Alcedinidae","Coraciiformes","F","brownish gray, dark gray, dark rufous, gray, medium cream, medium-dark rufous, medium-dark yellow-buff"
"Lavender Waxbill","Estrilda_caerulescens","Waxbills, grass finches, munias and allies","Estrildidae","Passeriformes","F","medium buff, medium tan, pale buff, pale cream, pale orange-buff, very pale buff, very pale cream, very pale orange-buff"
"Lavender Waxbill","Estrilda_caerulescens","Waxbills, grass finches, munias and allies","Estrildidae","Passeriformes","M","gray, medium buff, medium orange-buff, medium pinkish buff, medium tan, medium yellow-buff, medium-dark brown, pale buff, pale cream, pale orange-buff, very pale buff, very pale cream, very pale orange-buff"
"Lawes's Parotia","Parotia_lawesii","Birds of paradise","Paradisaeidae","Passeriformes","F","black, blue, brownish gray, dark gray, dark rufous, gray, light blue, medium orange-buff, medium yellow-buff, medium-dark rufous, medium-dark yellow-buff, olive-gray, very dark rufous"
"Lawrence's Goldfinch","Carduelis_lawrencei","Finches and Hawaiian honeycreepers","Fringillidae","Passeriformes","F","very pale cream, very pale orange-buff"
"Lawrence's Goldfinch","Carduelis_lawrencei","Finches and Hawaiian honeycreepers","Fringillidae","Passeriformes","M","gray, pale gray, very pale cream, very pale orange-buff"
"Laysan Duck","Anas_laysanensis","Ducks, geese and swans","Anatidae","Anseriformes","M","brownish gray, dark gray, dark olive, dark rufous, gray, medium cream, medium yellow-buff, medium-dark orange-buff, medium-dark rufous, medium-dark yellow-buff, olive-gray, pale gray"
"Lazuli Bunting","Passerina_amoena","Buntings, American sparrows and allies","Emberizidae","Passeriformes","F","blue, dark olive, gray, light blue, medium cream, medium green, medium yellow-buff, medium-dark green, medium-dark olive, medium-dark yellow-buff, olive-gray, pale cream, pale green, very pale cream"
"Lazuline Sabrewing","Campylopterus_falcatus","Hummingbirds","Trochilidae","Apodiformes","M","blue, brownish gray, gray, medium green, medium-dark green, medium-dark olive, pale green"
"Le Conte's Sparrow","Ammodramus_leconteii","Buntings, American sparrows and allies","Emberizidae","Passeriformes","F","black, brownish gray, dark gray, dark rufous, dark yellow-buff, gray, medium yellow-buff, medium-dark orange-buff, medium-dark rufous, medium-dark yellow-buff"
"Le Conte's Thrasher","Toxostoma_lecontei","Mockingbirds and thrashers","Mimidae","Passeriformes","F","brownish gray, gray, medium yellow-buff, medium-dark yellow-buff"
"Le Conte's Thrasher","Toxostoma_lecontei","Mockingbirds and thrashers","Mimidae","Passeriformes","M","brownish gray, gray, medium yellow-buff, medium-dark yellow-buff"
"Leach's Storm-petrel","Oceanodroma_leucorhoa","Storm-petrels","Hydrobatidae","Procellariiformes","F","brownish gray, dark gray, gray, medium cream, medium yellow-buff"
"Leaden Flycatcher","Myiagra_rubecula","Monarchs","Monarchidae","Passeriformes","M","black, blue, brownish gray, dark gray, dark yellow-buff, gray, medium yellow-buff, medium-dark yellow-buff, pale gray"
"Least Auklet","Aethia_pusilla","Auks","Alcidae","Charadriiformes","F","brownish gray, dark gray, gray"
"Least Bittern","Ixobrychus_exilis","Herons and egrets","Ardeidae","Pelecaniformes","F","black, brownish gray, dark gray, gray, medium yellow-buff, medium-dark rufous, medium-dark yellow-buff, pale gray"
"Least Flycatcher","Empidonax_minimus","Tyrant-flycatchers","Tyrannidae","Passeriformes","F","brownish gray, dark gray, dark yellow-buff, gray, medium cream, medium yellow-buff, medium-dark yellow-buff"
"Least Flycatcher","Empidonax_minimus","Tyrant-flycatchers","Tyrannidae","Passeriformes","M","black, brownish gray, dark gray, dark yellow-buff, gray, medium cream, medium yellow-buff, medium-dark yellow-buff, pale cream"
"Least Sandpiper","Calidris_minutilla","Sandpipers and allies","Scolopacidae","Charadriiformes","F","brownish gray, dark gray, gray, pale gray"
"Least Tern","Sterna_antillarum","Gulls and terns","Laridae","Charadriiformes",NA,"gray"
"Lemon Dove","Aplopelia_larvata","Doves and pigeons","Columbidae","Columbiformes","M","brownish gray, dark gray, gray, medium yellow-buff, medium-dark brown, medium-dark orange-buff, medium-dark rufous, medium-dark yellow-buff, pale gray"
"Lemon-bellied Flyrobin","Microeca_flavigaster","Australasian robins","Petroicidae","Passeriformes","F","brownish gray, dark gray, dark yellow-buff, gray, medium cream, medium yellow-buff, medium-dark yellow-buff, pale cream"
"Lemon-breasted Berrypecker","Melanocharis_longicauda","Berrypeckers","Melanocharitidae","Passeriformes","F","blue, brownish gray, dark blue, dark gray, dark yellow-buff, gray, medium yellow-buff, medium-dark yellow-buff, olive-gray"
"Lemon-chested Greenlet","Hylophilus_thoracicus","Vireos and allies","Vireonidae","Passeriformes","F","brownish gray, dark yellow-buff, gray, medium yellow-buff, medium-dark yellow-buff"
"Lemon-chested Greenlet","Hylophilus_thoracicus","Vireos and allies","Vireonidae","Passeriformes","M","brownish gray, dark gray, dark yellow-buff, gray, medium yellow-buff, medium-dark yellow-buff"
"Lesser Antillean Bullfinch","Loxigilla_noctis","Buntings, American sparrows and allies","Emberizidae","Passeriformes","M","black, brownish gray, dark brown, dark gray, dark rufous, gray, medium-dark rufous, medium-dark yellow-buff, very dark rufous"
"Lesser Antillean Saltator","Saltator_albicollis","Grosbeaks, saltators and allies","Cardinalidae","Passeriformes","M","brownish gray, dark gray, dark yellow-buff, gray, medium yellow-buff, medium-dark yellow-buff"
"Lesser Antillean Swift","Chaetura_martinica","Swifts","Apodidae","Apodiformes","M","brownish gray, dark gray, gray, medium-dark yellow-buff"
"Lesser Antillean Tanager","Tangara_cucullata","Tanagers","Thraupidae","Passeriformes","M","blue, brownish gray, dark gray, dark olive, dark yellow-buff, gray, medium green, medium-dark green, medium-dark olive, medium-dark yellow-buff, olive-gray"
"Lesser Bird-of-paradise","Paradisaea_minor","Birds of paradise","Paradisaeidae","Passeriformes","F","black, brownish gray, dark brown, dark olive, dark rufous, dark yellow-buff, gray, medium cream, medium yellow-buff, medium-dark brown, medium-dark rufous, medium-dark yellow-buff, pale cream, very dark rufous"
"Lesser Black-backed Gull","Larus_fuscus","Gulls and terns","Laridae","Charadriiformes","F","gray, pale gray"
"Lesser Blue-eared Glossy-starling","Lamprotornis_chloropterus","Starlings","Sturnidae","Passeriformes","M","blue, brownish gray, dark blue, dark gray, gray, light blue, medium green, medium-dark green, medium-dark olive, olive-gray"
"Lesser Goldfinch","Carduelis_psaltria","Finches and Hawaiian honeycreepers","Fringillidae","Passeriformes","F","black, brownish gray, dark gray, dark yellow-buff, gray, medium yellow-buff, medium-dark yellow-buff, olive-gray, very pale cream, very pale orange-buff"
"Lesser Goldfinch","Carduelis_psaltria","Finches and Hawaiian honeycreepers","Fringillidae","Passeriformes","M","gray, light blue, olive-gray, pale gray, very pale cream, very pale green, very pale orange-buff"
"Lesser Ground-robin","Amalocichla_incerta","Australasian robins","Petroicidae","Passeriformes","F","black, brownish gray, dark gray, dark rufous, dark yellow-buff, gray, medium yellow-buff, medium-dark yellow-buff"
"Lesser Kiskadee","Pitangus_lictor","Tyrant-flycatchers","Tyrannidae","Passeriformes","F","brownish gray, dark gray, dark yellow-buff, gray, medium cream, medium yellow-buff, medium-dark orange-buff, medium-dark yellow-buff, pale cream"
"Lesser Kiskadee","Pitangus_lictor","Tyrant-flycatchers","Tyrannidae","Passeriformes","M","black, brownish gray, dark gray, dark rufous, dark yellow-buff, gray, medium cream, medium yellow-buff, medium-dark yellow-buff, pale cream"
"Lesser Nighthawk","Chordeiles_acutipennis","Nightjars","Caprimulgidae","Caprimulgiformes","F","brownish gray, dark gray, gray, medium cream, medium yellow-buff, medium-dark yellow-buff, pale gray"
"Lesser Sand Plover","Charadrius_mongolus","Plovers","Charadriidae","Charadriiformes","M","brownish gray, gray"
"Lesser Scaup","Aythya_affinis","Ducks, geese and swans","Anatidae","Anseriformes","F","black, brownish gray, dark gray, dark rufous, gray, pale gray"
"Lesser Seed-finch","Oryzoborus_angolensis","Buntings, American sparrows and allies","Emberizidae","Passeriformes","F","brownish gray, dark yellow-buff, medium-dark orange-buff, medium-dark rufous, medium-dark yellow-buff"
"Lesser Seed-finch","Oryzoborus_angolensis","Buntings, American sparrows and allies","Emberizidae","Passeriformes","M","black, brownish gray, dark gray, dark rufous, dark yellow-buff, gray, medium-dark yellow-buff"
"Lesser Seedcracker","Pyrenestes_minor","Waxbills, grass finches, munias and allies","Estrildidae","Passeriformes","F","dark rufous, medium buff, medium red-brown, medium-dark brown, pale buff, pale cream, very pale buff, very pale cream, very pale orange-buff"
"Lesser Seedcracker","Pyrenestes_minor","Waxbills, grass finches, munias and allies","Estrildidae","Passeriformes","M","medium orange-buff, medium pinkish buff, medium red-brown, medium tan, medium-dark brown, medium-dark maroon, medium-dark red-brown, pale buff, very pale buff"
"Lesser Spotted Woodpecker","Dendrocopos_minor","Woodpeckers","Picidae","Piciformes","M","dark brown, dark gray, gray, medium-dark yellow-buff"
"Lesser Swallow-tailed Swift","Panyptila_cayennensis","Swifts","Apodidae","Apodiformes","F","black, dark gray, pale gray"
"Lesser Swallow-tailed Swift","Panyptila_cayennensis","Swifts","Apodidae","Apodiformes","M","dark gray, gray, pale gray"
"Lesser Swallow-tailed Swift","Panyptila_cayennensis","Swifts","Apodidae","Apodiformes",NA,"black, dark gray, gray"
"Lesser Swamp-warbler","Acrocephalus_gracilirostris","Old World warblers","Sylviidae","Passeriformes","M","brownish gray, dark yellow-buff, gray, medium yellow-buff, medium-dark yellow-buff"
"Lesser Yellowlegs","Tringa_flavipes","Sandpipers and allies","Scolopacidae","Charadriiformes","F","brownish gray, dark gray, gray, pale gray"
"Lesson's Seedeater","Sporophila_bouvronides","Buntings, American sparrows and allies","Emberizidae","Passeriformes","M","brownish gray, dark gray, dark yellow-buff, gray, medium yellow-buff, medium-dark yellow-buff"
"Lewin's Honeyeater","Meliphaga_lewinii","Honeyeaters","Meliphagidae","Passeriformes","F","black, brownish gray, dark gray, dark yellow-buff, gray, medium-dark yellow-buff"
"Lewis's Woodpecker","Melanerpes_lewis","Woodpeckers","Picidae","Piciformes","M","gray, medium tan, medium-dark brown, olive-gray"
"Light-mantled Albatross","Phoebetria_palpebrata","Albatrosses","Diomedeidae","Procellariiformes","M","brownish gray, gray, medium yellow-buff"
"Lilac-breasted Roller","Coracias_caudatus","Rollers","Coraciidae","Coraciiformes","M","blue, dark gray, dark purple, gray, light blue, medium green, medium purple, medium-dark dark purple, medium-dark green, pale green"
"Lilac-tailed Parrotlet","Touit_batavicus","Parrots","Psittacidae","Psittaciformes","M","blue, dark gray, gray, medium cream, medium green, medium yellow-buff, medium-dark brown, medium-dark dark purple, medium-dark green"
"Lilac-tailed Parrotlet","Touit_batavicus","Parrots","Psittacidae","Psittaciformes",NA,"black, blue, brownish gray, dark gray, dark purple, gray, medium cream, medium green, medium yellow-buff, medium-dark brown, medium-dark dark purple, medium-dark green, medium-dark rufous, medium-dark yellow-buff, olive-gray, pale green"
"Limpkin","Aramus_guarauna","Limpkin","Aramidae","Gruiformes","F","brownish gray, dark gray, dark rufous, dark yellow-buff, gray, medium-dark yellow-buff"
"Lincoln's Sparrow","Melospiza_lincolnii","Buntings, American sparrows and allies","Emberizidae","Passeriformes","F","brownish gray, dark gray, dark rufous, dark yellow-buff, gray, medium yellow-buff, medium-dark rufous, medium-dark yellow-buff, very dark yellow-buff"
"Lineated Woodcreeper","Lepidocolaptes_albolineatus","Woodcreepers","Dendrocolaptidae","Passeriformes","M","brownish gray, dark rufous, dark yellow-buff, gray, medium yellow-buff, medium-dark yellow-buff"
"Lineated Woodcreeper","Lepidocolaptes_albolineatus","Woodcreepers","Dendrocolaptidae","Passeriformes",NA,"brownish gray, dark rufous, dark yellow-buff, gray, medium yellow-buff, medium-dark orange-buff, medium-dark yellow-buff"
"Lineated Woodpecker","Dryocopus_lineatus","Woodpeckers","Picidae","Piciformes","F","dark gray, gray, medium yellow-buff, medium-dark brown, medium-dark yellow-buff"
"Lined Forest-falcon","Micrastur_gilvicollis","Falcons and caracaras","Falconidae","Falconiformes","F","brownish gray, dark gray, gray, pale gray"
"Lined Forest-falcon","Micrastur_gilvicollis","Falcons and caracaras","Falconidae","Falconiformes","M","black, brownish gray, dark gray, gray, pale gray"
"Lined Seedeater","Sporophila_lineola","Buntings, American sparrows and allies","Emberizidae","Passeriformes","M","brownish gray, dark gray, dark yellow-buff, gray, medium yellow-buff, medium-dark yellow-buff"
"Little Auk","Alle_alle","Auks","Alcidae","Charadriiformes","F","black, brownish gray, dark gray, gray, pale gray"
"Little Black Cormorant","Phalacrocorax_sulcirostris","Cormorants","Phalacrocoracidae","Suliformes","F","black, brownish gray, dark gray, gray"
"Little Blue Heron","Egretta_caerulea","Herons and egrets","Ardeidae","Pelecaniformes","F","brownish gray, dark gray, gray"
"Little Buttonquail","Turnix_velox","Buttonquails","Turnicidae","Charadriiformes","F","brownish gray, dark gray, dark rufous, gray, medium yellow-buff, medium-dark orange-buff, medium-dark rufous, medium-dark yellow-buff, pale gray"
"Little Chachalaca","Ortalis_motmot","Guans and curassows","Cracidae","Galliformes","F","brownish gray, dark gray, dark rufous, dark yellow-buff, gray, medium-dark yellow-buff, very dark rufous"
"Little Chachalaca","Ortalis_motmot","Guans and curassows","Cracidae","Galliformes","M","brownish gray, dark gray, dark rufous, dark yellow-buff, gray, medium yellow-buff, medium-dark yellow-buff, very dark rufous"
"Little Cuckoo","Coccycua_minuta","Cuckoos","Cuculidae","Cuculiformes","F","brownish gray, dark brown, dark rufous, gray, medium yellow-buff, medium-dark rufous, very dark rufous"
"Little Cuckoo","Coccycua_minuta","Cuckoos","Cuculidae","Cuculiformes","M","brownish gray, dark rufous, gray, medium-dark rufous, medium-dark yellow-buff"
"Little Cuckoo","Coccycua_minuta","Cuckoos","Cuculidae","Cuculiformes",NA,"brownish gray, dark rufous, gray, medium yellow-buff, medium-dark orange-buff, medium-dark rufous"
"Little Eagle","Hieraaetus_morphnoides","Osprey, kites, hawks and eagles","Accipitridae","Accipitriformes","F","brownish gray, dark gray, gray, medium yellow-buff, medium-dark orange-buff, medium-dark yellow-buff, pale gray"
"Little Friarbird","Philemon_citreogularis","Honeyeaters","Meliphagidae","Passeriformes","F","brownish gray, dark gray, gray"
"Little Grassbird","Megalurus_gramineus","Old World warblers","Sylviidae","Passeriformes","F","brownish gray, dark gray, dark yellow-buff, gray, medium-dark yellow-buff"
"Little Green Sunbird","Nectarinia_seimundi","Sunbirds","Nectariniidae","Passeriformes","F","medium yellow-buff, medium-dark yellow-buff, pale cream"
"Little Green Sunbird","Nectarinia_seimundi","Sunbirds","Nectariniidae","Passeriformes","M","brownish gray, dark yellow-buff, gray, medium yellow-buff, medium-dark yellow-buff, pale cream"
"Little Hermit","Phaethornis_longuemareus","Hummingbirds","Trochilidae","Apodiformes","M","brownish gray, dark gray, gray, medium-dark orange-buff, medium-dark rufous, medium-dark yellow-buff"
"Little Hermit","Phaethornis_longuemareus","Hummingbirds","Trochilidae","Apodiformes",NA,"brownish gray, dark yellow-buff, gray, medium yellow-buff, medium-dark rufous, medium-dark yellow-buff"
"Little Inca-finch","Incaspiza_watkinsi","Buntings, American sparrows and allies","Emberizidae","Passeriformes","M","black, brownish gray, dark gray, dark rufous, gray, medium yellow-buff, medium-dark yellow-buff"
"Little Owl","Athene_noctua","Owls","Strigidae","Strigiformes","M","brownish gray, gray, medium-dark yellow-buff, pale gray"
"Little Penguin","Eudyptula_minor","Penguins","Spheniscidae","Sphenisciformes","F","brownish gray, dark gray, gray, pale gray"
"Little Pied Cormorant","Phalacrocorax_melanoleucos","Cormorants","Phalacrocoracidae","Suliformes","F","black, brownish gray, dark gray, gray, pale gray"
"Little Raven","Corvus_mellori","Crows and jays","Corvidae","Passeriformes","F","black, blue, dark blue, dark gray, gray"
"Little Ringed Plover","Charadrius_dubius","Plovers","Charadriidae","Charadriiformes","F","brownish gray, gray, pale gray"
"Little Shearwater","Puffinus_assimilis","Petrels and shearwaters","Procellariidae","Procellariiformes","M","dark gray, gray, pale gray"
"Little Shrike-thrush","Colluricincla_megarhyncha","Shrike-thrushes and allies","Colluricinclidae","Passeriformes","F","black, brownish gray, dark gray, dark yellow-buff, gray, medium yellow-buff, medium-dark yellow-buff"
"Little Spiderhunter","Arachnothera_longirostra","Sunbirds","Nectariniidae","Passeriformes","F","brownish gray, gray, medium yellow-buff, pale cream"
"Little Spiderhunter","Arachnothera_longirostra","Sunbirds","Nectariniidae","Passeriformes","M","brownish gray, dark gray, gray, medium yellow-buff, medium-dark yellow-buff, pale cream"
"Little Spotted Kiwi","Apteryx_owenii","Kiwis","Apterygidae","Apterygiformes","M","brownish gray, gray, medium-dark yellow-buff"
"Little Stint","Calidris_minuta","Sandpipers and allies","Scolopacidae","Charadriiformes","F","brownish gray, dark gray, dark rufous, dark yellow-buff, gray, medium-dark rufous, medium-dark yellow-buff, pale gray"
"Little Sunangel","Heliangelus_micraster","Hummingbirds","Trochilidae","Apodiformes","M","brownish gray, dark gray, dark olive, dark yellow-buff, medium-dark olive, medium-dark yellow-buff"
"Little Tinamou","Crypturellus_soui","Tinamous","Tinamidae","Tinamiformes","F","brownish gray, dark gray, dark rufous, gray, medium yellow-buff, medium-dark orange-buff, medium-dark rufous"
"Little Tinamou","Crypturellus_soui","Tinamous","Tinamidae","Tinamiformes","M","brownish gray, dark gray, dark rufous, gray, medium yellow-buff, medium-dark orange-buff, medium-dark rufous, medium-dark yellow-buff, pale cream"
"Little Wattlebird","Anthochaera_chrysoptera","Honeyeaters","Meliphagidae","Passeriformes","F","brownish gray, dark gray, gray"
"Little Woodpecker","Veniliornis_passerinus","Woodpeckers","Picidae","Piciformes","F","brownish gray, dark gray, dark yellow-buff, gray, medium-dark yellow-buff"
"Little Woodpecker","Veniliornis_passerinus","Woodpeckers","Picidae","Piciformes","M","brownish gray, dark brown, dark gray, dark yellow-buff, medium-dark brown, medium-dark yellow-buff"
"Little Woodstar","Chaetocercus_bombus","Hummingbirds","Trochilidae","Apodiformes","M","brownish gray, dark gray, gray, medium-dark green, medium-dark yellow-buff, pale gray"
"Little Woodswallow","Artamus_minor","Woodswallows","Artamidae","Passeriformes","F","black, brownish gray, dark gray, gray"
"Locust Finch","Ortygospiza_locustella","Waxbills, grass finches, munias and allies","Estrildidae","Passeriformes","F","medium buff, medium red-brown, medium tan, pale buff, pale pinkish buff, very pale buff, very pale cream"
"Locust Finch","Ortygospiza_locustella","Waxbills, grass finches, munias and allies","Estrildidae","Passeriformes","M","medium red-brown, medium tan, medium-dark red-brown, pale buff, pale pinkish buff, very pale buff, very pale orange-buff"
"Loggerhead Kingbird","Tyrannus_caudifasciatus","Tyrant-flycatchers","Tyrannidae","Passeriformes","F","black, brownish gray, dark gray, dark rufous, gray, medium-dark rufous, medium-dark yellow-buff, pale gray"
"Loggerhead Shrike","Lanius_ludovicianus","Shrikes","Laniidae","Passeriformes","F","dark gray, gray, pale gray"
"Loggerhead Shrike","Lanius_ludovicianus","Shrikes","Laniidae","Passeriformes","M","dark gray, gray, pale gray"
"Long-billed Dowitcher","Limnodromus_scolopaceus","Sandpipers and allies","Scolopacidae","Charadriiformes","F","brownish gray, dark gray, gray, medium orange-buff, medium yellow-buff, medium-dark orange-buff, medium-dark rufous, medium-dark yellow-buff"
"Long-billed Gnatwren","Ramphocaenus_melanurus","Gnatcatchers","Polioptilidae","Passeriformes","F","brownish gray, dark gray, gray, medium-dark rufous, medium-dark yellow-buff, pale gray"
"Long-billed Gnatwren","Ramphocaenus_melanurus","Gnatcatchers","Polioptilidae","Passeriformes","M","brownish gray, dark gray, dark rufous, dark yellow-buff, gray, medium yellow-buff, medium-dark yellow-buff, pale gray"
"Long-billed Green Sunbird","Nectarinia_notata","Sunbirds","Nectariniidae","Passeriformes","F","black, brownish gray, dark gray, gray, medium yellow-buff, medium-dark yellow-buff"
"Long-billed Green Sunbird","Nectarinia_notata","Sunbirds","Nectariniidae","Passeriformes","M","black, blue, dark gray"
"Long-billed Hermit","Phaethornis_longirostris","Hummingbirds","Trochilidae","Apodiformes","M","brownish gray, dark gray, gray, medium-dark yellow-buff, olive-gray"
"Long-billed Honeyeater","Melilestes_megarhynchus","Honeyeaters","Meliphagidae","Passeriformes","F","brownish gray, dark gray, dark yellow-buff, gray, medium-dark yellow-buff"
"Long-billed Spiderhunter","Arachnothera_robusta","Sunbirds","Nectariniidae","Passeriformes","F","brownish gray, dark gray, gray, medium yellow-buff, medium-dark yellow-buff, pale cream"
"Long-billed Spiderhunter","Arachnothera_robusta","Sunbirds","Nectariniidae","Passeriformes","M","brownish gray, gray, medium yellow-buff, medium-dark yellow-buff"
"Long-billed Starthroat","Heliomaster_longirostris","Hummingbirds","Trochilidae","Apodiformes","F","brownish gray, gray, medium yellow-buff, medium-dark brown, medium-dark green, medium-dark olive"
"Long-billed Starthroat","Heliomaster_longirostris","Hummingbirds","Trochilidae","Apodiformes","M","brownish gray, dark yellow-buff, gray, medium red-brown, medium-dark green, medium-dark olive, medium-dark rufous, medium-dark yellow-buff, olive-gray, pale cream, pale gray"
"Long-billed Thrasher","Toxostoma_longirostre","Mockingbirds and thrashers","Mimidae","Passeriformes","F","brownish gray, dark rufous, dark yellow-buff, gray, medium cream, medium-dark orange-buff, medium-dark rufous, medium-dark yellow-buff, pale cream, pale gray"
"Long-billed Thrasher","Toxostoma_longirostre","Mockingbirds and thrashers","Mimidae","Passeriformes","M","brownish gray, dark rufous, gray, medium-dark rufous, medium-dark yellow-buff"
"Long-billed Woodcreeper","Nasica_longirostris","Woodcreepers","Dendrocolaptidae","Passeriformes","M","brownish gray, dark rufous, gray, medium-dark rufous, medium-dark yellow-buff, pale cream"
"Long-billed Woodcreeper","Nasica_longirostris","Woodcreepers","Dendrocolaptidae","Passeriformes",NA,"brownish gray, dark rufous, gray, medium-dark yellow-buff"
"Long-eared Owl","Asio_otus","Owls","Strigidae","Strigiformes","F","black, brownish gray, dark gray, dark yellow-buff, gray, medium yellow-buff, medium-dark yellow-buff"
"Long-tailed Broadbill","Psarisomus_dalhousiae","Broadbills","Eurylaimidae","Passeriformes","F","blue, dark gray, light blue, medium cream, medium green, medium yellow-buff, medium-dark green, pale green"
"Long-tailed Broadbill","Psarisomus_dalhousiae","Broadbills","Eurylaimidae","Passeriformes","M","black, blue, dark gray, light blue, medium cream, medium green, medium yellow-buff, medium-dark green, pale cream, pale green"
"Long-tailed Duck","Clangula_hyemalis","Ducks, geese and swans","Anatidae","Anseriformes","F","brownish gray, dark gray, dark rufous, gray, medium-dark rufous, pale gray"
"Long-tailed Finch","Poephila_acuticauda","Waxbills, grass finches, munias and allies","Estrildidae","Passeriformes","F","medium pinkish buff, medium red-brown, medium tan, pale buff, pale orange-buff, pale pinkish buff, very pale buff, very pale cream, very pale orange-buff"
"Long-tailed Finch","Poephila_acuticauda","Waxbills, grass finches, munias and allies","Estrildidae","Passeriformes","M","medium pinkish buff, medium red-brown, medium tan, medium-dark red-brown, pale buff, pale pinkish buff, very pale buff, very pale cream, very pale orange-buff"
"Long-tailed Glossy-starling","Lamprotornis_caudatus","Starlings","Sturnidae","Passeriformes","M","black, blue, brownish gray, dark gray, dark purple, gray, light blue, medium green, medium-dark dark purple, medium-dark green, medium-dark rufous, medium-dark yellow-buff, olive-gray"
"Long-tailed Hermit","Phaethornis_superciliosus","Hummingbirds","Trochilidae","Apodiformes","F","brownish gray, gray, medium yellow-buff, medium-dark yellow-buff, pale gray"
"Long-tailed Hermit","Phaethornis_superciliosus","Hummingbirds","Trochilidae","Apodiformes","M","brownish gray, dark gray, dark yellow-buff, gray, medium cream, medium yellow-buff, medium-dark rufous, medium-dark yellow-buff"
"Long-tailed Hermit","Phaethornis_superciliosus","Hummingbirds","Trochilidae","Apodiformes",NA,"black, brownish gray, dark gray, dark yellow-buff, gray, medium cream, medium yellow-buff, medium-dark rufous, medium-dark yellow-buff, very dark yellow-buff"
"Long-tailed Jaeger","Stercorarius_longicaudus","Skuas and jaegers","Stercorariidae","Charadriiformes","F","brownish gray, dark gray, gray, pale gray"
"Long-tailed Koel","Eudynamys_taitensis","Cuckoos","Cuculidae","Cuculiformes","M","brownish gray, dark rufous, gray, medium yellow-buff, medium-dark rufous"
"Long-tailed Manakin","Chiroxiphia_linearis","Manakins","Pipridae","Passeriformes","F","black, blue, brownish gray, dark brown, dark gray, dark olive, dark yellow-buff, gray, light blue, medium yellow-buff, medium-dark olive, medium-dark yellow-buff, olive-gray"
"Long-tailed Mockingbird","Mimus_longicaudatus","Mockingbirds and thrashers","Mimidae","Passeriformes","M","brownish gray, dark gray, gray, pale gray"
"Long-tailed Parakeet","Psittacula_longicauda","Parrots","Psittacidae","Psittaciformes","M","blue, dark gray, gray, medium cream, medium green, medium yellow-buff, medium-dark green, medium-dark olive, medium-dark orange-buff, medium-dark yellow-buff, olive-gray"
"Long-tailed Reed-finch","Donacospiza_albifrons","Buntings, American sparrows and allies","Emberizidae","Passeriformes","M","brownish gray, dark gray, dark yellow-buff, gray, medium yellow-buff, medium-dark yellow-buff"
"Long-tailed Shrike","Lanius_schach","Shrikes","Laniidae","Passeriformes","F","black, dark gray, dark rufous, gray, medium-dark orange-buff, medium-dark rufous, medium-dark yellow-buff"
"Long-tailed Sylph","Aglaiocercus_kingi","Hummingbirds","Trochilidae","Apodiformes","F","blue, brownish gray, dark gray, dark olive, dark yellow-buff, gray, medium-dark green, medium-dark orange-buff, medium-dark rufous, medium-dark yellow-buff, olive-gray"
"Long-tailed Sylph","Aglaiocercus_kingi","Hummingbirds","Trochilidae","Apodiformes","M","blue, brownish gray, dark blue, dark gray, dark olive, dark yellow-buff, gray, medium green, medium-dark green, medium-dark olive, medium-dark yellow-buff, olive-gray"
"Long-tailed Tit","Aegithalos_caudatus","Long-tailed Tits","Aegithalidae","Passeriformes","F","brownish gray, dark gray, gray"
"Long-tailed Tit","Aegithalos_caudatus","Long-tailed Tits","Aegithalidae","Passeriformes","M","brownish gray, dark gray, gray"
"Long-tailed Tyrant","Colonia_colonus","Tyrant-flycatchers","Tyrannidae","Passeriformes","F","black, brownish gray, dark gray, gray"
"Long-tailed Tyrant","Colonia_colonus","Tyrant-flycatchers","Tyrannidae","Passeriformes",NA,"black, brownish gray, dark gray, gray"
"Long-tailed Woodcreeper","Deconychura_longicauda","Woodcreepers","Dendrocolaptidae","Passeriformes","F","brownish gray, dark rufous, dark yellow-buff, gray, medium yellow-buff, medium-dark yellow-buff, very dark rufous"
"Long-winged Antwren","Myrmotherula_longipennis","Antbirds","Thamnophilidae","Passeriformes","F","black, brownish gray, dark gray, dark rufous, dark yellow-buff, gray, medium yellow-buff, medium-dark rufous, medium-dark yellow-buff, very dark olive"
"Long-winged Antwren","Myrmotherula_longipennis","Antbirds","Thamnophilidae","Passeriformes","M","black, dark gray, gray, pale gray"
"Loria's Bird-of-paradise","Cnemophilus_loriae","Satin birds","Cnemophilidae","Passeriformes","F","black, brownish gray, dark gray, dark yellow-buff, gray, medium-dark yellow-buff, very dark yellow-buff"
"Louisiana Waterthrush","Seiurus_motacilla","New World warblers","Parulidae","Passeriformes","F","brownish gray, dark rufous, dark yellow-buff, gray, medium cream, medium yellow-buff, medium-dark yellow-buff, pale cream"
"Louisiana Waterthrush","Seiurus_motacilla","New World warblers","Parulidae","Passeriformes","M","brownish gray, dark rufous, dark yellow-buff, gray, medium cream, medium yellow-buff, medium-dark yellow-buff, pale cream"
"Lovely Cotinga","Cotinga_amabilis","Cotingas","Cotingidae","Passeriformes","F","black, blue, brownish gray, dark gray, dark maroon, dark purple, gray, light blue, olive-gray, very dark maroon"
"Lovely Fairywren","Malurus_amabilis","Australasian wrens","Maluridae","Passeriformes","F","black, blue, brownish gray, dark blue, dark brown, dark gray, dark rufous, gray"
"Lovely Sunbird","Aethopyga_shelleyi","Sunbirds","Nectariniidae","Passeriformes","F","dark gray, gray, medium yellow-buff, medium-dark yellow-buff, pale cream"
"Lovely Sunbird","Aethopyga_shelleyi","Sunbirds","Nectariniidae","Passeriformes","M","black, brownish gray, dark brown, dark gray, dark rufous, gray, light blue, medium orange-buff, medium-dark yellow-buff, pale cream"
"Lowland Peltops","Peltops_blainvillii","Butcherbirds","Cracticidae","Passeriformes","F","black, dark gray, gray"
"Lucy's Warbler","Vermivora_luciae","New World warblers","Parulidae","Passeriformes","F","brownish gray, dark gray, dark rufous, gray, medium cream, medium yellow-buff, pale cream"
"Lucy's Warbler","Vermivora_luciae","New World warblers","Parulidae","Passeriformes","M","brownish gray, dark rufous, gray, medium cream, medium yellow-buff, pale cream, very dark rufous"
"MacConnell's Flycatcher","Mionectes_macconnelli","Tyrant-flycatchers","Tyrannidae","Passeriformes","F","brownish gray, dark gray, dark yellow-buff, gray, medium cream, medium yellow-buff, medium-dark yellow-buff"
"MacConnell's Flycatcher","Mionectes_macconnelli","Tyrant-flycatchers","Tyrannidae","Passeriformes","M","black, brownish gray, dark gray, dark rufous, dark yellow-buff, gray, medium cream, medium yellow-buff, medium-dark yellow-buff, very dark yellow-buff"
"MacConnell's Spinetail","Synallaxis_macconnelli","Ovenbirds","Furnariidae","Passeriformes","F","brownish gray, dark brown, dark gray, dark rufous, gray, medium-dark rufous"
"MacConnell's Spinetail","Synallaxis_macconnelli","Ovenbirds","Furnariidae","Passeriformes","M","brownish gray, dark brown, dark gray, dark rufous, gray, medium-dark rufous"
"MacGillivray's Warbler","Oporornis_tolmiei","New World warblers","Parulidae","Passeriformes","F","brownish gray, dark gray, dark yellow-buff, gray, medium cream, medium yellow-buff, medium-dark yellow-buff, pale cream, very dark yellow-buff"
"MacGillivray's Warbler","Oporornis_tolmiei","New World warblers","Parulidae","Passeriformes","M","black, brownish gray, dark gray, dark yellow-buff, gray, medium cream, medium yellow-buff, medium-dark yellow-buff"
"Macaroni Penguin","Eudyptes_chrysolophus","Penguins","Spheniscidae","Sphenisciformes","M","brownish gray, dark gray, gray, medium yellow-buff, pale cream"
"Maccoa Duck","Oxyura_maccoa","Ducks, geese and swans","Anatidae","Anseriformes","F","black, brownish gray, dark brown, dark gray, dark rufous, gray, medium-dark rufous, medium-dark yellow-buff, pale gray"
"Macgregor's Bowerbird","Amblyornis_macgregoriae","Bowerbirds","Ptilonorhynchidae","Passeriformes","F","brownish gray, dark gray, dark rufous, dark yellow-buff, gray, medium orange-buff, medium yellow-buff, medium-dark orange-buff, medium-dark rufous, medium-dark yellow-buff, very dark yellow-buff"
"Mackinlay's Cuckoo-dove","Macropygia_mackinlayi","Doves and pigeons","Columbidae","Columbiformes","M","brownish gray, dark rufous, medium yellow-buff, medium-dark orange-buff, medium-dark rufous, medium-dark yellow-buff"
"Macleay's Honeyeater","Xanthotis_macleayanus","Honeyeaters","Meliphagidae","Passeriformes","F","brownish gray, dark gray, dark yellow-buff, gray, medium yellow-buff, medium-dark yellow-buff, very dark yellow-buff"
"Madagascar Bee-eater","Merops_superciliosus","Bee-eaters","Meropidae","Coraciiformes","M","medium green, medium yellow-buff, medium-dark rufous, medium-dark yellow-buff, pale cream"
"Madagascar Black Bulbul","Hypsipetes_madagascariensis","Bulbuls","Pycnonotidae","Passeriformes","M","dark gray, gray"
"Madagascar Coucal","Centropus_toulou","Cuckoos","Cuculidae","Cuculiformes","M","brownish gray, dark gray, dark rufous, gray, medium-dark rufous, olive-gray"
"Madagascar Magpie-robin","Copsychus_albospecularis","Chats and Old World flycatchers","Muscicapidae","Passeriformes","F","black, brownish gray, dark blue, dark gray, gray, pale gray"
"Madagascar Munia","Lonchura_nana","Waxbills, grass finches, munias and allies","Estrildidae","Passeriformes","F","dark rufous, dark yellow-buff, medium buff, medium orange-buff, medium pinkish buff, medium red-brown, medium yellow-buff, pale buff, pale orange-buff, pale pinkish buff, very pale buff, very pale cream, very pale orange-buff, very pale pinkish buff"
"Madagascar Munia","Lonchura_nana","Waxbills, grass finches, munias and allies","Estrildidae","Passeriformes","M","pale pinkish buff, very pale buff, very pale cream, very pale orange-buff, very pale pinkish buff"
"Madagascar Red Fody","Foudia_madagascariensis","Weavers and allies","Ploceidae","Passeriformes","F","brownish gray, dark brown, dark gray, dark rufous, dark yellow-buff, gray, medium-dark brown, medium-dark orange-buff, medium-dark rufous, medium-dark yellow-buff"
"Madagascar Starling","Saroglossa_aurata","Starlings","Sturnidae","Passeriformes","M","blue, brownish gray, dark gray, gray, medium yellow-buff, medium-dark orange-buff, medium-dark rufous, medium-dark yellow-buff, olive-gray, pale gray"
"Madagascar White-eye","Zosterops_maderaspatanus","White-eyes","Zosteropidae","Passeriformes","F","brownish gray, dark gray, dark yellow-buff, gray, medium yellow-buff, medium-dark yellow-buff"
"Madeira Kinglet","Regulus_madeirensis","Goldcrests and kinglets","Reguliidae","Passeriformes","M","brownish gray, dark gray, dark yellow-buff, gray, medium cream, medium yellow-buff, medium-dark yellow-buff, pale gray"
"Madeira Laurel Pigeon","Columba_trocaz","Doves and pigeons","Columbidae","Columbiformes","M","brownish gray, dark gray, gray, olive-gray"
"Magnificent Bird-of-paradise","Cicinnurus_magnificus","Birds of paradise","Paradisaeidae","Passeriformes","M","brownish gray, dark brown, dark gray, dark olive, dark rufous, dark yellow-buff, gray, medium yellow-buff, medium-dark green, medium-dark rufous, medium-dark yellow-buff, olive-gray, pale cream, very dark olive, very dark rufous, very pale cream"
"Magnificent Frigatebird","Fregata_magnificens","Frigatebirds","Fregatidae","Suliformes","F","black, brownish gray, dark gray, gray, olive-gray, pale gray"
"Magnificent Riflebird","Ptiloris_magnificus","Birds of paradise","Paradisaeidae","Passeriformes","F","black, blue, brownish gray, dark blue, dark gray, dark rufous, gray, light blue, olive-gray"
"Magnolia Warbler","Dendroica_magnolia","New World warblers","Parulidae","Passeriformes","F","black, brownish gray, dark gray, dark yellow-buff, gray, medium cream, medium yellow-buff, medium-dark yellow-buff, pale cream, pale gray, very dark yellow-buff"
"Magnolia Warbler","Dendroica_magnolia","New World warblers","Parulidae","Passeriformes","M","black, brownish gray, dark gray, dark yellow-buff, gray, medium cream, medium yellow-buff, medium-dark yellow-buff, pale gray"
"Magpie Munia","Lonchura_fringilloides","Waxbills, grass finches, munias and allies","Estrildidae","Passeriformes","F","black, dark brown, dark maroon, dark rufous, medium red-brown, medium tan, medium yellow-buff, medium-dark brown, medium-dark maroon, medium-dark orange-buff, medium-dark red-brown, medium-dark rufous, pale buff, pale orange-buff, very pale cream, very pale orange-buff"
"Magpie Munia","Lonchura_fringilloides","Waxbills, grass finches, munias and allies","Estrildidae","Passeriformes","M","dark maroon, gray, medium buff, medium pinkish buff, medium red-brown, medium tan, medium-dark maroon, medium-dark red-brown, pale buff, pale orange-buff, pale pinkish buff, very pale buff, very pale cream"
"Magpie Starling","Speculipastor_bicolor","Starlings","Sturnidae","Passeriformes","M","brownish gray, dark gray, gray, medium cream, medium yellow-buff, pale cream"
"Magpie Tanager","Cissopis_leverianus","Tanagers","Thraupidae","Passeriformes","M","black, dark blue, dark gray, gray"
"Magpie-lark","Grallina_cyanoleuca","Monarchs","Monarchidae","Passeriformes","F","black, dark gray, gray, pale gray"
"Makira Flycatcher","Myiagra_cervinicauda","Monarchs","Monarchidae","Passeriformes","M","black, blue, brownish gray, dark gray, gray, medium cream, medium yellow-buff, medium-dark rufous, medium-dark yellow-buff"
"Makira Thrush","Zoothera_margaretae","Thrushes","Turdidae","Passeriformes","M","brownish gray, dark yellow-buff, gray, medium yellow-buff, pale gray"
"Malachite Kingfisher","Alcedo_cristata","Kingfishers","Alcedinidae","Coraciiformes","M","blue, dark purple, gray, light blue, medium cream, medium green, medium orange-buff, medium yellow-buff, medium-dark dark purple, medium-dark orange-buff, medium-dark rufous, medium-dark yellow-buff, pale cream, pale gray"
"Malachite Sunbird","Nectarinia_famosa","Sunbirds","Nectariniidae","Passeriformes","F","brownish gray, medium cream, medium yellow-buff, medium-dark yellow-buff"
"Malachite Sunbird","Nectarinia_famosa","Sunbirds","Nectariniidae","Passeriformes","M","black, blue, dark gray, medium cream, medium green, medium-dark green, medium-dark olive, medium-dark yellow-buff, olive-gray, very dark olive"
"Malaita Fantail","Rhipidura_malaitae","Fantails","Rhipiduridae","Passeriformes","M","brownish gray, dark rufous, dark yellow-buff, medium yellow-buff, medium-dark orange-buff, medium-dark rufous, medium-dark yellow-buff"
"Mallard","Anas_platyrhynchos","Ducks, geese and swans","Anatidae","Anseriformes","F","blue, brownish gray, dark gray, dark olive, gray, medium yellow-buff, medium-dark green, medium-dark olive, medium-dark orange-buff, medium-dark rufous, medium-dark yellow-buff, olive-gray"
"Mandarin Duck","Aix_galericulata","Ducks, geese and swans","Anatidae","Anseriformes","M","blue, brownish gray, dark brown, dark gray, dark maroon, dark olive, dark purple, dark rufous, gray, medium orange-buff, medium-dark brown, medium-dark orange-buff, medium-dark rufous, medium-dark yellow-buff, olive-gray, pale gray"
"Mangrove Finch","Camarhynchus_heliobates","Buntings, American sparrows and allies","Emberizidae","Passeriformes","M","brownish gray, dark gray, gray, medium-dark yellow-buff"
"Mangrove Gerygone","Gerygone_levigaster","Thornbills and gerygones","Acanthizidae","Passeriformes","F","brownish gray, dark yellow-buff, gray"
"Mangrove Vireo","Vireo_pallens","Vireos and allies","Vireonidae","Passeriformes","F","brownish gray, dark gray, dark yellow-buff, gray, medium yellow-buff, medium-dark yellow-buff, pale cream"
"Many-coloured Chaco-finch","Saltatricula_multicolor","Buntings, American sparrows and allies","Emberizidae","Passeriformes","M","brownish gray, dark gray, gray, medium-dark orange-buff, medium-dark rufous, medium-dark yellow-buff"
"Many-coloured Fruit-dove","Ptilinopus_perousii","Doves and pigeons","Columbidae","Columbiformes","M","brownish gray, dark brown, dark maroon, dark yellow-buff, gray, medium cream, medium green, medium orange-buff, medium red-brown, medium yellow-buff, medium-dark brown, medium-dark green, medium-dark maroon, medium-dark olive, medium-dark red-brown, medium-dark rufous, medium-dark yellow-buff, olive-gray, pale cream"
"Many-spotted Hummingbird","Taphrospilus_hypostictus","Hummingbirds","Trochilidae","Apodiformes","M","gray, medium green, medium-dark green, medium-dark olive, olive-gray"
"Mao","Gymnomyza_samoensis","Honeyeaters","Meliphagidae","Passeriformes","M","dark gray, dark yellow-buff, gray, medium-dark yellow-buff"
"Marail Guan","Penelope_marail","Guans and curassows","Cracidae","Galliformes","F","brownish gray, dark gray, gray, medium yellow-buff, medium-dark yellow-buff"
"Marail Guan","Penelope_marail","Guans and curassows","Cracidae","Galliformes","M","brownish gray, dark gray, dark yellow-buff, gray, medium yellow-buff, medium-dark rufous, medium-dark yellow-buff, olive-gray"
"Marbled Godwit","Limosa_fedoa","Sandpipers and allies","Scolopacidae","Charadriiformes","F","brownish gray, dark rufous, dark yellow-buff, gray, medium yellow-buff, medium-dark orange-buff, medium-dark yellow-buff"
"Marbled Honeyeater","Pycnopygius_cinereus","Honeyeaters","Meliphagidae","Passeriformes","F","brownish gray, dark gray, gray"
"Marbled Wood-quail","Odontophorus_gujanensis","New World quails","Odontophoridae","Galliformes","F","brownish gray, dark gray, dark rufous, medium-dark rufous, medium-dark yellow-buff"
"Marbled Wood-quail","Odontophorus_gujanensis","New World quails","Odontophoridae","Galliformes","M","black, brownish gray, dark rufous, medium-dark yellow-buff"
"Marbled Wood-quail","Odontophorus_gujanensis","New World quails","Odontophoridae","Galliformes",NA,"brownish gray, dark rufous, medium-dark rufous, medium-dark yellow-buff"
"Marmora's Warbler","Sylvia_sarda","Old World warblers","Sylviidae","Passeriformes","M","brownish gray, dark gray, gray"
"Maroon Pigeon","Columba_thomensis","Doves and pigeons","Columbidae","Columbiformes","M","brownish gray, gray"
"Maroon-fronted Parrot","Rhynchopsitta_terrisi","Parrots","Psittacidae","Psittaciformes",NA,"brownish gray, medium green, medium-dark brown, medium-dark green, medium-dark yellow-buff"
"Marquesan Ground-dove","Gallicolumba_rubescens","Doves and pigeons","Columbidae","Columbiformes","M","brownish gray, dark brown, dark gray, gray, pale cream"
"Marquesan Reed-warbler","Acrocephalus_mendanae","Old World warblers","Sylviidae","Passeriformes","M","brownish gray, gray, medium cream, medium yellow-buff, medium-dark yellow-buff"
"Marsh Warbler","Acrocephalus_palustris","Old World warblers","Sylviidae","Passeriformes","F","brownish gray, dark yellow-buff, gray, medium yellow-buff, medium-dark yellow-buff"
"Marsh Wren","Cistothorus_palustris","Wrens","Troglodytidae","Passeriformes","F","black, brownish gray, dark gray, dark rufous, dark yellow-buff, gray, medium-dark yellow-buff, pale gray, very dark rufous"
"Masked Crimson Tanager","Ramphocelus_nigrogularis","Tanagers","Thraupidae","Passeriformes","M","black, brownish gray, dark brown, dark gray"
"Masked Finch","Poephila_personata","Waxbills, grass finches, munias and allies","Estrildidae","Passeriformes","F","medium pinkish buff, medium tan, pale buff, pale pinkish buff, very pale buff, very pale cream, very pale orange-buff"
"Masked Finch","Poephila_personata","Waxbills, grass finches, munias and allies","Estrildidae","Passeriformes","M","brownish gray, dark gray, dark rufous, gray, medium orange-buff, medium red-brown, medium-dark brown, medium-dark maroon, medium-dark orange-buff, medium-dark rufous, pale pinkish buff, very pale buff, very pale cream, very pale orange-buff"
"Masked Flowerpiercer","Diglossa_cyanea","Tanagers","Thraupidae","Passeriformes","M","blue, dark blue, dark gray, gray"
"Masked Lapwing","Vanellus_miles","Plovers","Charadriidae","Charadriiformes","M","brownish gray, dark gray, gray, pale cream"
"Masked Mountain-tanager","Buthraupis_wetmorei","Tanagers","Thraupidae","Passeriformes","M","blue, brownish gray, dark gray, dark yellow-buff, gray, medium-dark yellow-buff"
"Masked Saltator","Saltator_cinctus","Grosbeaks, saltators and allies","Cardinalidae","Passeriformes","M","black, brownish gray, dark gray, gray"
"Masked Shining-parrot","Prosopeia_personata","Parrots","Psittacidae","Psittaciformes","M","blue, dark gray, medium yellow-buff, medium-dark green, medium-dark olive, medium-dark orange-buff, medium-dark yellow-buff"
"Masked Tanager","Tangara_nigrocincta","Tanagers","Thraupidae","Passeriformes","M","blue, dark gray, gray, light blue, medium green, medium-dark green, medium-dark olive, olive-gray"
"Masked Tityra","Tityra_semifasciata","Cotingas","Cotingidae","Passeriformes","F","black, brownish gray, dark gray, gray, medium cream, medium yellow-buff"
"Masked Tityra","Tityra_semifasciata","Cotingas","Cotingidae","Passeriformes","M","dark gray, gray, medium yellow-buff, olive-gray, pale gray"
"Mauritius Kestrel","Falco_punctatus","Falcons and caracaras","Falconidae","Falconiformes","M","brownish gray, dark gray, gray, medium cream, medium yellow-buff, medium-dark orange-buff, medium-dark rufous"
"Mayotte Drongo","Dicrurus_waldenii","Drongos","Dicruridae","Passeriformes","M","dark gray, gray"
"Mayotte Sunbird","Nectarinia_coquerellii","Sunbirds","Nectariniidae","Passeriformes","F","brownish gray, dark gray, gray, medium cream, pale cream"
"Mayotte Sunbird","Nectarinia_coquerellii","Sunbirds","Nectariniidae","Passeriformes","M","black, dark gray, light blue, medium green, medium orange-buff, medium yellow-buff, pale cream"
"McCown's Longspur","Calcarius_mccownii","Buntings, American sparrows and allies","Emberizidae","Passeriformes","F","black, brownish gray, dark gray, dark rufous, dark yellow-buff, gray, medium-dark rufous, medium-dark yellow-buff"
"Meadow Pipit","Anthus_pratensis","Wagtails and pipits","Motacillidae","Passeriformes","F","brownish gray, dark gray, dark yellow-buff, gray, medium-dark yellow-buff"
"Mealy Amazon","Amazona_farinosa","Parrots","Psittacidae","Psittaciformes","F","blue, gray, medium green, medium-dark brown, medium-dark green, pale green"
"Mealy Amazon","Amazona_farinosa","Parrots","Psittacidae","Psittaciformes","M","blue, dark brown, dark gray, dark olive, dark purple, gray, medium green, medium yellow-buff, medium-dark brown, medium-dark green, medium-dark olive, medium-dark orange-buff, medium-dark yellow-buff, olive-gray, pale green"
"Mealy Amazon","Amazona_farinosa","Parrots","Psittacidae","Psittaciformes",NA,"black, blue, dark gray, dark purple, medium green, medium yellow-buff, medium-dark brown, pale green"
"Mediterranean Citril Finch","Carduelis_corsicana","Finches and Hawaiian honeycreepers","Fringillidae","Passeriformes","M","brownish gray, dark gray, gray, medium yellow-buff, medium-dark yellow-buff"
"Medium Ground-finch","Geospiza_fortis","Buntings, American sparrows and allies","Emberizidae","Passeriformes","M","brownish gray, dark gray, gray, medium-dark yellow-buff"
"Medium Tree-finch","Camarhynchus_pauper","Buntings, American sparrows and allies","Emberizidae","Passeriformes","M","brownish gray, dark gray, gray, medium-dark yellow-buff"
"Medium-billed Prion","Pachyptila_salvini","Petrels and shearwaters","Procellariidae","Procellariiformes","M","gray, pale gray"
"Meek's Lorikeet","Charmosyna_meeki","Parrots","Psittacidae","Psittaciformes","M","brownish gray, gray, medium cream, medium green, medium yellow-buff, medium-dark green, medium-dark olive, medium-dark yellow-buff"
"Merida Flowerpiercer","Diglossa_gloriosa","Tanagers","Thraupidae","Passeriformes","M","brownish gray, dark gray, dark rufous, gray"
"Merlin","Falco_columbarius","Falcons and caracaras","Falconidae","Falconiformes","F","black, brownish gray, dark gray, dark yellow-buff, gray, medium yellow-buff, medium-dark rufous, medium-dark yellow-buff, pale gray"
"Metallic Starling","Aplonis_metallica","Starlings","Sturnidae","Passeriformes","M","brownish gray, dark gray, dark olive, gray, medium-dark green, medium-dark olive, medium-dark red-brown, medium-dark yellow-buff, olive-gray"
"Metallic-green Tanager","Tangara_labradorides","Tanagers","Thraupidae","Passeriformes","M","brownish gray, dark gray, gray, light blue, medium green, medium-dark green, medium-dark yellow-buff, olive-gray, pale green"
"Meves's Glossy-starling","Lamprotornis_mevesii","Starlings","Sturnidae","Passeriformes","M","blue, brownish gray, dark gray, dark purple, gray, light blue, medium-dark brown, medium-dark dark purple, medium-dark green, medium-dark maroon, medium-dark orange-buff, medium-dark rufous, medium-dark yellow-buff, olive-gray"
"Mew Gull","Larus_canus","Gulls and terns","Laridae","Charadriiformes","F","gray, pale gray"
"Mexican Chickadee","Parus_sclateri","Tits and chickadees","Paridae","Passeriformes","F","black, brownish gray, dark gray, gray"
"Mexican Jay","Aphelocoma_ultramarina","Crows and jays","Corvidae","Passeriformes","F","blue, brownish gray, dark gray, gray"
"Meyer's Friarbird","Philemon_meyeri","Honeyeaters","Meliphagidae","Passeriformes","F","brownish gray, dark yellow-buff, gray, medium-dark yellow-buff"
"Mimic Honeyeater","Meliphaga_analoga","Honeyeaters","Meliphagidae","Passeriformes","F","black, brownish gray, dark yellow-buff, gray, medium yellow-buff, medium-dark yellow-buff"
"Mistletoebird","Dicaeum_hirundinaceum","Flowerpeckers","Dicaeidae","Passeriformes","F","blue, brownish gray, dark blue, dark gray, gray, medium-dark brown"
"Montezuma Oropendola","Psarocolius_montezuma","New World blackbirds","Icteridae","Passeriformes","F","brownish gray, dark brown, dark gray, dark rufous, gray, medium cream, medium yellow-buff"
"Moss-backed Tanager","Bangsia_edwardsi","Tanagers","Thraupidae","Passeriformes","M","blue, brownish gray, dark blue, dark gray, dark olive, dark yellow-buff, gray, medium-dark yellow-buff, olive-gray"
"Mottled Munia","Lonchura_hunsteini","Waxbills, grass finches, munias and allies","Estrildidae","Passeriformes","F","black, dark maroon, dark rufous, medium red-brown, medium tan, very pale orange-buff"
"Mottled Munia","Lonchura_hunsteini","Waxbills, grass finches, munias and allies","Estrildidae","Passeriformes","M","black, dark yellow-buff, medium orange-buff, medium red-brown, medium-dark orange-buff, medium-dark red-brown, very pale orange-buff"
"Mottled Owl","Strix_virgata","Owls","Strigidae","Strigiformes","F","brownish gray, dark gray, dark yellow-buff, gray, medium-dark rufous, medium-dark yellow-buff"
"Mottled Petrel","Pterodroma_inexpectata","Petrels and shearwaters","Procellariidae","Procellariiformes","M","gray, pale gray"
"Mountain Avocetbill","Opisthoprora_euryptera","Hummingbirds","Trochilidae","Apodiformes","M","brownish gray, dark gray, medium-dark green, medium-dark olive, medium-dark yellow-buff"
"Mountain Bluebird","Sialia_currucoides","Thrushes","Turdidae","Passeriformes","F","blue, brownish gray, dark blue, dark gray, gray, light blue, medium-dark yellow-buff"
"Mountain Chickadee","Parus_gambeli","Tits and chickadees","Paridae","Passeriformes","F","black, brownish gray, dark gray, gray"
"Mountain Firetail","Oreostruthus_fuliginosus","Waxbills, grass finches, munias and allies","Estrildidae","Passeriformes","M","black, medium tan, medium-dark brown, medium-dark maroon, very pale buff, very pale orange-buff"
"Mountain Gerygone","Gerygone_cinerea","Thornbills and gerygones","Acanthizidae","Passeriformes","F","brownish gray, dark gray, gray"
"Mountain Illadopsis","Illadopsis_pyrrhoptera","Babblers and parrotbills","Timaliidae","Passeriformes","F","black, brownish gray, dark gray, dark yellow-buff, gray"
"Mountain Mouse-warbler","Crateroscelis_robusta","Thornbills and gerygones","Acanthizidae","Passeriformes","F","black, brownish gray, dark gray, gray"
"Mountain Peltops","Peltops_montanus","Butcherbirds","Cracticidae","Passeriformes","F","black, dark gray, gray, pale gray"
"Mountain Velvetbreast","Lafresnaya_lafresnayi","Hummingbirds","Trochilidae","Apodiformes","M","black, brownish gray, dark olive, gray, medium green, medium yellow-buff, medium-dark green, medium-dark olive, pale gray"
"Mourning Dove","Zenaida_macroura","Doves and pigeons","Columbidae","Columbiformes","M","black, brownish gray, dark gray, dark rufous, dark yellow-buff, gray, medium yellow-buff, medium-dark orange-buff, medium-dark rufous, medium-dark yellow-buff"
"Mourning Sierra-finch","Phrygilus_fruticeti","Buntings, American sparrows and allies","Emberizidae","Passeriformes","M","brownish gray, dark gray, gray"
"Mourning Warbler","Oporornis_philadelphia","New World warblers","Parulidae","Passeriformes","F","black, brownish gray, dark gray, dark yellow-buff, gray, medium cream, medium yellow-buff, medium-dark yellow-buff, pale cream"
"Mourning Warbler","Oporornis_philadelphia","New World warblers","Parulidae","Passeriformes","M","brownish gray, dark gray, dark yellow-buff, gray, medium cream, medium yellow-buff, medium-dark yellow-buff, pale cream"
"Mouse-coloured Antshrike","Thamnophilus_murinus","Antbirds","Thamnophilidae","Passeriformes","F","brownish gray, dark rufous, dark yellow-buff, gray, medium cream, medium yellow-buff, medium-dark rufous, medium-dark yellow-buff, olive-gray, pale cream"
"Mouse-coloured Antshrike","Thamnophilus_murinus","Antbirds","Thamnophilidae","Passeriformes","M","brownish gray, dark gray, dark yellow-buff, gray, medium-dark yellow-buff, pale gray"
"Mouse-coloured Tyrannulet","Phaeomyias_murina","Tyrant-flycatchers","Tyrannidae","Passeriformes",NA,"brownish gray, gray, medium yellow-buff, medium-dark yellow-buff"
"Moustached Flowerpiercer","Diglossa_mystacalis","Tanagers","Thraupidae","Passeriformes","M","brownish gray, dark gray, dark rufous, dark yellow-buff, gray, medium yellow-buff, medium-dark rufous, medium-dark yellow-buff"
"Mulga Parrot","Psephotus_varius","Parrots","Psittacidae","Psittaciformes","M","brownish gray, dark rufous, gray, medium green, medium yellow-buff, medium-dark brown, medium-dark green, medium-dark yellow-buff"
"Multicoloured Tanager","Chlorochrysa_nitidissima","Tanagers","Thraupidae","Passeriformes","M","blue, dark gray, dark olive, gray, medium green, medium-dark green, medium-dark olive, medium-dark yellow-buff, olive-gray"
"Muscovy Duck","Cairina_moschata","Ducks, geese and swans","Anatidae","Anseriformes","F","black, brownish gray, dark gray, gray, olive-gray, pale gray"
"Musician Wren","Cyphorhinus_arada","Wrens","Troglodytidae","Passeriformes","F","brownish gray, dark gray, dark rufous, gray, medium cream, medium yellow-buff, medium-dark orange-buff, medium-dark rufous, medium-dark yellow-buff"
"Musician Wren","Cyphorhinus_arada","Wrens","Troglodytidae","Passeriformes","M","brownish gray, dark gray, dark rufous, gray, medium cream, medium orange-buff, medium yellow-buff, medium-dark orange-buff, medium-dark rufous, medium-dark yellow-buff"
"Musk Duck","Biziura_lobata","Ducks, geese and swans","Anatidae","Anseriformes","F","black, brownish gray, dark gray, gray"
"Musk Lorikeet","Glossopsitta_concinna","Parrots","Psittacidae","Psittaciformes","M","medium green, medium yellow-buff, medium-dark brown, medium-dark green, medium-dark orange-buff, medium-dark yellow-buff"
"Mute Swan","Cygnus_olor","Ducks, geese and swans","Anatidae","Anseriformes","M","gray, pale gray"
"Napo Sabrewing","Campylopterus_villaviscensio","Hummingbirds","Trochilidae","Apodiformes","M","blue, gray, medium-dark green, medium-dark olive"
"Narcondam Hornbill","Aceros_narcondami","Hornbills","Bucerotidae","Bucerotiformes","M","dark gray, gray, medium-dark rufous, olive-gray"
"Narina Trogon","Apaloderma_narina","Trogons","Trogonidae","Trogoniformes","F","brownish gray, dark olive, medium-dark brown, medium-dark olive, medium-dark yellow-buff"
"Narrow-tailed Starling","Poeoptera_lugubris","Starlings","Sturnidae","Passeriformes","M","blue, brownish gray, dark blue, dark gray, dark rufous, gray, medium-dark orange-buff, medium-dark rufous"
"Nashville Warbler","Vermivora_ruficapilla","New World warblers","Parulidae","Passeriformes","F","black, brownish gray, dark rufous, dark yellow-buff, gray, medium cream, medium yellow-buff, medium-dark yellow-buff, pale cream, very dark rufous, very dark yellow-buff"
"Nashville Warbler","Vermivora_ruficapilla","New World warblers","Parulidae","Passeriformes","M","black, brownish gray, dark rufous, dark yellow-buff, gray, medium cream, medium yellow-buff, medium-dark yellow-buff"
"Nelicourvi Weaver","Ploceus_nelicourvi","Weavers and allies","Ploceidae","Passeriformes","F","black, brownish gray, dark gray, dark yellow-buff, gray, medium yellow-buff, medium-dark yellow-buff"
"Nelson's Sparrow","Ammodramus_nelsoni","Buntings, American sparrows and allies","Emberizidae","Passeriformes","F","brownish gray, dark gray, dark yellow-buff, gray, medium-dark yellow-buff"
"Nelson's Sparrow","Ammodramus_nelsoni","Buntings, American sparrows and allies","Emberizidae","Passeriformes","M","brownish gray, dark gray, dark yellow-buff, gray, medium yellow-buff, medium-dark yellow-buff"
"Neotropic Cormorant","Phalacrocorax_brasilianus","Cormorants","Phalacrocoracidae","Suliformes","M","brownish gray, dark gray, gray, medium cream"
"Neotropic Cormorant","Phalacrocorax_brasilianus","Cormorants","Phalacrocoracidae","Suliformes",NA,"black, brownish gray, dark gray, gray"
"Neotropical River Warbler","Phaeothlypis_rivularis","New World warblers","Parulidae","Passeriformes","F","black, brownish gray, dark gray, dark yellow-buff, gray, medium yellow-buff, medium-dark orange-buff, medium-dark rufous, medium-dark yellow-buff, pale cream, pale orange-buff"
"Neotropical River Warbler","Phaeothlypis_rivularis","New World warblers","Parulidae","Passeriformes","M","black, brownish gray, dark blue, dark gray, dark rufous, dark yellow-buff, gray, medium cream, medium orange-buff, medium yellow-buff, medium-dark orange-buff, medium-dark rufous, medium-dark yellow-buff, pale cream"
"New Guinea White-eye","Zosterops_novaeguineae","White-eyes","Zosteropidae","Passeriformes","F","brownish gray, dark gray, dark yellow-buff, gray, medium yellow-buff, medium-dark yellow-buff, very dark yellow-buff"
"New Holland Honeyeater","Phylidonyris_novaehollandiae","Honeyeaters","Meliphagidae","Passeriformes","F","black, brownish gray, dark gray, gray"
"New Ireland Munia","Lonchura_forbesi","Waxbills, grass finches, munias and allies","Estrildidae","Passeriformes","M","black, medium buff, medium orange-buff, medium red-brown, medium-dark brown, medium-dark maroon, medium-dark red-brown, pale buff, pale orange-buff, very pale buff, very pale orange-buff"
"New Zealand Bellbird","Anthornis_melanura","Honeyeaters","Meliphagidae","Passeriformes","M","dark yellow-buff, gray, medium-dark yellow-buff"
"New Zealand Dotterel","Charadrius_obscurus","Plovers","Charadriidae","Charadriiformes","M","brownish gray, gray, medium yellow-buff, medium-dark orange-buff, pale gray"
"New Zealand Falcon","Falco_novaeseelandiae","Falcons and caracaras","Falconidae","Falconiformes","M","brownish gray, dark gray, gray, medium-dark yellow-buff"
"New Zealand Fernbird","Bowdleria_punctata","Old World warblers","Sylviidae","Passeriformes","M","brownish gray, dark yellow-buff, gray, medium yellow-buff, medium-dark yellow-buff"
"New Zealand Grebe","Poliocephalus_rufopectus","Grebes","Podicipedidae","Podicipediformes","M","brownish gray, dark gray, gray, medium-dark rufous"
"New Zealand King Shag","Phalacrocorax_carunculatus","Cormorants","Phalacrocoracidae","Suliformes","M","brownish gray, dark gray, gray, pale cream"
"New Zealand Pigeon","Hemiphaga_novaeseelandiae","Doves and pigeons","Columbidae","Columbiformes","M","brownish gray, dark gray, dark rufous, gray, medium-dark rufous, medium-dark yellow-buff, pale gray"
"New Zealand Robin","Petroica_australis","Australasian robins","Petroicidae","Passeriformes","M","dark gray, gray, pale cream"
"New Zealand Scaup","Aythya_novaeseelandiae","Ducks, geese and swans","Anatidae","Anseriformes","M","brownish gray, dark gray, medium-dark rufous, olive-gray"
"Newton's Sunbird","Nectarinia_newtonii","Sunbirds","Nectariniidae","Passeriformes","F","brownish gray, dark gray, gray, medium cream, medium yellow-buff, pale cream"
"Newton's Sunbird","Nectarinia_newtonii","Sunbirds","Nectariniidae","Passeriformes","M","black, blue, brownish gray, dark gray, gray, medium cream, medium green, medium yellow-buff, medium-dark yellow-buff, pale cream"
"Nicaraguan Seed-finch","Oryzoborus_nuttingi","Buntings, American sparrows and allies","Emberizidae","Passeriformes","M","brownish gray, dark gray, dark rufous, dark yellow-buff, gray"
"Nicobar Parakeet","Psittacula_caniceps","Parrots","Psittacidae","Psittaciformes","M","brownish gray, dark gray, gray, medium green, medium yellow-buff, medium-dark green, medium-dark olive, medium-dark yellow-buff, olive-gray"
"Nicobar Pigeon","Caloenas_nicobarica","Doves and pigeons","Columbidae","Columbiformes","M","dark gray, dark olive, dark rufous, gray, medium-dark yellow-buff, olive-gray"
"Noisy Friarbird","Philemon_corniculatus","Honeyeaters","Meliphagidae","Passeriformes","F","brownish gray, dark gray, gray, pale gray"
"Noisy Miner","Manorina_melanocephala","Honeyeaters","Meliphagidae","Passeriformes","F","brownish gray, dark gray, gray"
"Noisy Pitta","Pitta_versicolor","Pittas","Pittidae","Passeriformes","M","brownish gray, dark brown, dark gray, light blue, medium yellow-buff, medium-dark olive, medium-dark orange-buff, pale green"
"North-western Crow","Corvus_caurinus","Crows and jays","Corvidae","Passeriformes","F","black, dark gray, gray"
"North-western Crow","Corvus_caurinus","Crows and jays","Corvidae","Passeriformes","M","dark gray, gray"
"Northern Beardless-tyrannulet","Camptostoma_imberbe","Tyrant-flycatchers","Tyrannidae","Passeriformes","F","brownish gray, gray, medium yellow-buff, medium-dark yellow-buff"
"Northern Beardless-tyrannulet","Camptostoma_imberbe","Tyrant-flycatchers","Tyrannidae","Passeriformes","M","brownish gray, gray, medium yellow-buff"
"Northern Bobwhite","Colinus_virginianus","New World quails","Odontophoridae","Galliformes","M","brownish gray, gray, medium yellow-buff, medium-dark orange-buff"
"Northern Cardinal","Cardinalis_cardinalis","Grosbeaks, saltators and allies","Cardinalidae","Passeriformes","F","brownish gray, dark brown, dark gray, dark rufous, dark yellow-buff, gray, medium yellow-buff, medium-dark brown, medium-dark rufous, medium-dark yellow-buff"
"Northern Double-collared Sunbird","Nectarinia_preussi","Sunbirds","Nectariniidae","Passeriformes","F","brownish gray, gray, medium cream, medium yellow-buff, medium-dark yellow-buff"
"Northern Double-collared Sunbird","Nectarinia_preussi","Sunbirds","Nectariniidae","Passeriformes","M","black, blue, brownish gray, dark gray, medium cream, medium-dark orange-buff, olive-gray"
"Northern Fantail","Rhipidura_rufiventris","Fantails","Rhipiduridae","Passeriformes","M","brownish gray, dark gray, gray, medium cream, medium yellow-buff, pale cream, pale gray"
"Northern Flicker","Colaptes_auratus","Woodpeckers","Picidae","Piciformes","F","black, brownish gray, dark gray, dark rufous, gray, medium cream, medium orange-buff, medium yellow-buff, medium-dark brown, medium-dark orange-buff, medium-dark rufous, medium-dark yellow-buff, very dark rufous"
"Northern Fulmar","Fulmarus_glacialis","Petrels and shearwaters","Procellariidae","Procellariiformes","F","brownish gray, gray, medium cream, pale gray"
"Northern Goshawk","Accipiter_gentilis","Osprey, kites, hawks and eagles","Accipitridae","Accipitriformes","F","brownish gray, dark gray, gray, pale gray"
"Northern Harrier","Circus_cyaneus","Osprey, kites, hawks and eagles","Accipitridae","Accipitriformes","M","brownish gray, gray, medium yellow-buff, medium-dark orange-buff, medium-dark rufous, medium-dark yellow-buff, olive-gray"
"Northern Hawk Owl","Surnia_ulula","Owls","Strigidae","Strigiformes","F","brownish gray, dark gray, gray"
"Northern House-martin","Delichon_urbicum","Swallows and martins","Hirundinidae","Passeriformes","F","blue, brownish gray, dark blue, dark gray, gray, pale gray"
"Northern Jacana","Jacana_spinosa","Jacanas","Jacanidae","Charadriiformes","F","black, brownish gray, dark brown, dark gray, medium yellow-buff"
"Northern Mockingbird","Mimus_polyglottos","Mockingbirds and thrashers","Mimidae","Passeriformes","F","black, brownish gray, dark gray, gray, pale gray"
"Northern Parula","Parula_americana","New World warblers","Parulidae","Passeriformes","F","black, blue, brownish gray, dark gray, dark yellow-buff, gray, medium cream, medium yellow-buff, medium-dark olive, medium-dark yellow-buff, olive-gray, pale gray, very dark yellow-buff"
"Northern Parula","Parula_americana","New World warblers","Parulidae","Passeriformes","M","blue, brownish gray, dark gray, dark yellow-buff, gray, light blue, medium cream, medium yellow-buff, medium-dark green, medium-dark yellow-buff, olive-gray, pale gray"
"Northern Pintail","Anas_acuta","Ducks, geese and swans","Anatidae","Anseriformes","F","brownish gray, dark brown, dark gray, gray, medium yellow-buff, medium-dark brown, medium-dark rufous, medium-dark yellow-buff, pale cream, pale gray"
"Northern Rough-winged Swallow","Stelgidopteryx_serripennis","Swallows and martins","Hirundinidae","Passeriformes","F","brownish gray, gray, medium yellow-buff, medium-dark rufous, medium-dark yellow-buff"
"Northern Rough-winged Swallow","Stelgidopteryx_serripennis","Swallows and martins","Hirundinidae","Passeriformes","M","brownish gray, gray, medium-dark yellow-buff"
"Northern Shoveler","Anas_clypeata","Ducks, geese and swans","Anatidae","Anseriformes","F","black, brownish gray, dark gray, dark olive, gray, light blue, medium cream, medium yellow-buff, medium-dark green, medium-dark olive, medium-dark rufous, medium-dark yellow-buff, olive-gray, pale gray"
"Northern Slaty-antshrike","Thamnophilus_punctatus","Antbirds","Thamnophilidae","Passeriformes","F","brownish gray, dark rufous, gray, medium yellow-buff, medium-dark orange-buff, medium-dark yellow-buff, pale gray"
"Northern Slaty-antshrike","Thamnophilus_punctatus","Antbirds","Thamnophilidae","Passeriformes","M","black, brownish gray, dark gray, dark rufous, dark yellow-buff, gray, medium yellow-buff, medium-dark yellow-buff, pale gray, very dark rufous, very dark yellow-buff"
"Northern Waterthrush","Seiurus_noveboracensis","New World warblers","Parulidae","Passeriformes","F","brownish gray, dark gray, gray, medium cream, medium yellow-buff, medium-dark yellow-buff, pale gray"
"Northern Waterthrush","Seiurus_noveboracensis","New World warblers","Parulidae","Passeriformes","M","brownish gray, gray, medium cream, medium yellow-buff, medium-dark yellow-buff, pale cream"
"Northern Wheatear","Oenanthe_oenanthe","Chats and Old World flycatchers","Muscicapidae","Passeriformes","F","brownish gray, dark gray, gray, medium cream, medium yellow-buff, medium-dark yellow-buff, pale cream"
"Numfor Paradise-kingfisher","Tanysiptera_carolinae","Kingfishers","Alcedinidae","Coraciiformes","M","blue, dark blue, dark purple, gray, medium-dark dark purple, pale gray"
"Nuttall's Woodpecker","Picoides_nuttallii","Woodpeckers","Picidae","Piciformes","M","gray, medium-dark brown, pale gray"
"Oak Titmouse","Baeolophus_inornatus","Tits and chickadees","Paridae","Passeriformes","F","brownish gray, dark gray, gray"
"Ocellated Woodcreeper","Xiphorhynchus_ocellatus","Woodcreepers","Dendrocolaptidae","Passeriformes","F","brownish gray, dark gray, dark rufous, dark yellow-buff, gray, medium yellow-buff, medium-dark yellow-buff"
"Ocellated Woodcreeper","Xiphorhynchus_ocellatus","Woodcreepers","Dendrocolaptidae","Passeriformes","M","brownish gray, dark rufous, dark yellow-buff, gray, medium yellow-buff, medium-dark yellow-buff"
"Oleaginous Hemispingus","Hemispingus_frontalis","Tanagers","Thraupidae","Passeriformes","M","brownish gray, dark yellow-buff, gray, medium-dark yellow-buff"
"Olivaceous Flatbill","Rhynchocyclus_olivaceus","Tyrant-flycatchers","Tyrannidae","Passeriformes","F","brownish gray, dark gray, dark yellow-buff, gray, medium yellow-buff, medium-dark yellow-buff, pale cream, very pale cream"
"Olivaceous Flatbill","Rhynchocyclus_olivaceus","Tyrant-flycatchers","Tyrannidae","Passeriformes","M","brownish gray, dark gray, gray, medium yellow-buff, medium-dark yellow-buff, pale cream, very pale cream"
"Olivaceous Woodcreeper","Sittasomus_griseicapillus","Woodcreepers","Dendrocolaptidae","Passeriformes","F","brownish gray, dark gray, dark rufous, gray, medium-dark rufous, medium-dark yellow-buff"
"Olivaceous Woodcreeper","Sittasomus_griseicapillus","Woodcreepers","Dendrocolaptidae","Passeriformes","M","brownish gray, dark gray, dark rufous, dark yellow-buff, gray, medium-dark rufous, medium-dark yellow-buff"
"Olive Flyrobin","Microeca_flavovirescens","Australasian robins","Petroicidae","Passeriformes","F","brownish gray, dark gray, dark yellow-buff, gray, medium yellow-buff, medium-dark yellow-buff"
"Olive Sparrow","Arremonops_rufivirgatus","Buntings, American sparrows and allies","Emberizidae","Passeriformes","F","brownish gray, dark yellow-buff, gray, medium-dark yellow-buff, pale gray"
"Olive Straightbill","Timeliopsis_fulvigula","Honeyeaters","Meliphagidae","Passeriformes","F","brownish gray, dark yellow-buff, gray, medium-dark yellow-buff"
"Olive Sunbird","Nectarinia_olivacea","Sunbirds","Nectariniidae","Passeriformes","F","brownish gray, gray, medium yellow-buff, medium-dark yellow-buff"
"Olive Sunbird","Nectarinia_olivacea","Sunbirds","Nectariniidae","Passeriformes","M","brownish gray, gray, medium yellow-buff, medium-dark yellow-buff, pale cream"
"Olive Whistler","Pachycephala_olivacea","Whistlers","Pachycephalidae","Passeriformes","F","brownish gray, dark gray, dark yellow-buff, gray, medium-dark yellow-buff"
"Olive-backed Foliage-gleaner","Automolus_infuscatus","Ovenbirds","Furnariidae","Passeriformes","F","brownish gray, dark rufous, dark yellow-buff, gray, medium cream, medium yellow-buff, medium-dark yellow-buff, very dark rufous"
"Olive-backed Foliage-gleaner","Automolus_infuscatus","Ovenbirds","Furnariidae","Passeriformes","M","brownish gray, dark brown, dark rufous, dark yellow-buff, gray, medium cream, medium yellow-buff, medium-dark yellow-buff, pale cream"
"Olive-backed Oriole","Oriolus_sagittatus","Orioles and figbirds","Oriolidae","Passeriformes","F","brownish gray, dark yellow-buff, gray, medium-dark yellow-buff, pale gray"
"Olive-backed Sunbird","Nectarinia_jugularis","Sunbirds","Nectariniidae","Passeriformes","F","brownish gray, dark yellow-buff, gray, medium cream, medium yellow-buff, medium-dark yellow-buff"
"Olive-backed Sunbird","Nectarinia_jugularis","Sunbirds","Nectariniidae","Passeriformes","M","black, blue, brownish gray, dark blue, dark gray, dark yellow-buff, gray, medium cream, medium yellow-buff, medium-dark yellow-buff, very dark yellow-buff"
"Olive-backed Woodcreeper","Xiphorhynchus_triangularis","Woodcreepers","Dendrocolaptidae","Passeriformes","F","brownish gray, dark rufous, dark yellow-buff, gray, medium yellow-buff, medium-dark yellow-buff"
"Olive-backed Woodcreeper","Xiphorhynchus_triangularis","Woodcreepers","Dendrocolaptidae","Passeriformes","M","brownish gray, dark gray, dark rufous, dark yellow-buff, gray, medium-dark rufous, medium-dark yellow-buff"
"Olive-bellied Sunbird","Nectarinia_chloropygia","Sunbirds","Nectariniidae","Passeriformes","F","brownish gray, dark gray, gray, medium yellow-buff, medium-dark yellow-buff, pale cream"
"Olive-bellied Sunbird","Nectarinia_chloropygia","Sunbirds","Nectariniidae","Passeriformes","M","black, brownish gray, dark gray, medium green, medium-dark orange-buff, pale cream, pale green"
"Olive-capped Flowerpecker","Dicaeum_nigrilore","Flowerpeckers","Dicaeidae","Passeriformes","F","brownish gray, dark yellow-buff, gray, medium yellow-buff, medium-dark yellow-buff"
"Olive-capped Flowerpecker","Dicaeum_nigrilore","Flowerpeckers","Dicaeidae","Passeriformes","M","brownish gray, dark yellow-buff, gray, medium yellow-buff, medium-dark yellow-buff"
"Olive-crowned Flowerpecker","Dicaeum_pectorale","Flowerpeckers","Dicaeidae","Passeriformes","F","blue, brownish gray, dark blue, dark brown, dark gray, gray, medium yellow-buff, medium-dark brown, medium-dark yellow-buff"
"Olive-rumped Serin","Serinus_rothschildi","Finches and Hawaiian honeycreepers","Fringillidae","Passeriformes","F","very pale cream"
"Olive-rumped Serin","Serinus_rothschildi","Finches and Hawaiian honeycreepers","Fringillidae","Passeriformes","M","very pale cream, very pale orange-buff"
"Olive-sided Flycatcher","Contopus_cooperi","Tyrant-flycatchers","Tyrannidae","Passeriformes","F","brownish gray, dark gray, gray, medium cream, medium yellow-buff"
"Olive-spotted Hummingbird","Leucippus_chlorocercus","Hummingbirds","Trochilidae","Apodiformes","M","gray, medium-dark green, medium-dark yellow-buff"
"Omao","Myadestes_obscurus","Thrushes","Turdidae","Passeriformes","M","brownish gray, gray, medium yellow-buff, medium-dark yellow-buff"
"Opal-crowned Tanager","Tangara_callophrys","Tanagers","Thraupidae","Passeriformes","M","black, blue, dark blue, dark gray, medium cream, medium green, medium orange-buff, medium yellow-buff, medium-dark yellow-buff, pale cream, pale green"
"Opal-rumped Tanager","Tangara_velia","Tanagers","Thraupidae","Passeriformes","F","black, blue, brownish gray, dark gray, dark rufous, light blue"
"Opal-rumped Tanager","Tangara_velia","Tanagers","Thraupidae","Passeriformes","M","black, blue, brownish gray, dark blue, dark brown, dark gray, dark purple, dark rufous, gray, light blue, medium cream, medium green, medium yellow-buff, medium-dark dark purple, pale cream, pale green"
"Orange Chat","Epthianura_aurifrons","Honeyeaters","Meliphagidae","Passeriformes","F","black, brownish gray, dark gray, dark yellow-buff, gray, medium yellow-buff, medium-dark yellow-buff"
"Orange-billed Nightingale-thrush","Catharus_aurantiirostris","Thrushes","Turdidae","Passeriformes","F","brownish gray, dark gray, dark yellow-buff, gray"
"Orange-breasted Bunting","Passerina_leclancherii","Buntings, American sparrows and allies","Emberizidae","Passeriformes",NA,"blue, light blue, medium cream, medium green, medium yellow-buff, medium-dark green, pale cream, pale green, very pale cream"
"Orange-breasted Falcon","Falco_deiroleucus","Falcons and caracaras","Falconidae","Falconiformes",NA,"brownish gray, dark gray, gray, medium cream, medium-dark rufous, medium-dark yellow-buff"
"Orange-breasted Myzomela","Myzomela_jugularis","Honeyeaters","Meliphagidae","Passeriformes","M","dark brown, dark gray, medium cream, pale cream"
"Orange-breasted Sunbird","Nectarinia_violacea","Sunbirds","Nectariniidae","Passeriformes","F","brownish gray, dark yellow-buff, medium yellow-buff, medium-dark yellow-buff"
"Orange-breasted Sunbird","Nectarinia_violacea","Sunbirds","Nectariniidae","Passeriformes","M","black, brownish gray, dark gray, dark purple, dark rufous, dark yellow-buff, medium green, medium yellow-buff, medium-dark yellow-buff"
"Orange-browed Hemispingus","Hemispingus_calophrys","Tanagers","Thraupidae","Passeriformes","M","brownish gray, dark gray, dark yellow-buff, gray, medium-dark yellow-buff"
"Orange-cheeked Waxbill","Estrilda_melpoda","Waxbills, grass finches, munias and allies","Estrildidae","Passeriformes","F","medium buff, medium orange-buff, medium pinkish buff, medium red-brown, medium tan, medium-dark orange-buff, medium-dark red-brown, medium-dark rufous, pale buff, very pale buff, very pale cream, very pale orange-buff"
"Orange-cheeked Waxbill","Estrilda_melpoda","Waxbills, grass finches, munias and allies","Estrildidae","Passeriformes","M","dark yellow-buff, medium orange-buff, medium tan, medium yellow-buff, medium-dark brown, medium-dark red-brown, medium-dark yellow-buff, pale buff, pale orange-buff, very pale buff, very pale cream, very pale orange-buff"
"Orange-crowned Fairywren","Clytomyias_insignis","Australasian wrens","Maluridae","Passeriformes","F","brownish gray, dark rufous, gray, medium yellow-buff, medium-dark rufous, medium-dark yellow-buff"
"Orange-crowned Fairywren","Clytomyias_insignis","Australasian wrens","Maluridae","Passeriformes","M","brownish gray, dark rufous, dark yellow-buff, medium yellow-buff, medium-dark rufous"
"Orange-crowned Warbler","Vermivora_celata","New World warblers","Parulidae","Passeriformes","F","brownish gray, gray, medium yellow-buff, medium-dark yellow-buff, pale cream"
"Orange-crowned Warbler","Vermivora_celata","New World warblers","Parulidae","Passeriformes","M","brownish gray, dark gray, dark yellow-buff, gray, medium cream, medium yellow-buff, medium-dark rufous, medium-dark yellow-buff, pale cream"
"Orange-eared Tanager","Chlorochrysa_calliparaea","Tanagers","Thraupidae","Passeriformes","M","blue, brownish gray, dark blue, dark brown, dark gray, dark olive, dark purple, dark rufous, dark yellow-buff, gray, medium green, medium-dark green, medium-dark olive, medium-dark rufous, medium-dark yellow-buff, olive-gray, very dark olive"
"Orange-footed Megapode","Megapodius_reinwardt","Megapodes","Megapodiidae","Galliformes","F","black, brownish gray, dark gray, gray"
"Orange-fronted Yellow-finch","Sicalis_columbiana","Buntings, American sparrows and allies","Emberizidae","Passeriformes","M","brownish gray, dark rufous, dark yellow-buff, gray, medium yellow-buff, medium-dark rufous, medium-dark yellow-buff"
"Orange-headed Tanager","Thlypopsis_sordida","Tanagers","Thraupidae","Passeriformes","M","brownish gray, dark rufous, dark yellow-buff, gray, medium yellow-buff, medium-dark yellow-buff"
"Orange-throated Tanager","Wetmorethraupis_sterrhopteron","Tanagers","Thraupidae","Passeriformes","M","blue, brownish gray, dark gray, dark rufous, medium yellow-buff, medium-dark orange-buff, medium-dark rufous, medium-dark yellow-buff"
"Orange-winged Amazon","Amazona_amazonica","Parrots","Psittacidae","Psittaciformes","F","blue, dark gray, dark purple, light blue, medium cream, medium green, medium yellow-buff, medium-dark brown, medium-dark green, medium-dark orange-buff, pale cream, pale green"
"Orange-winged Amazon","Amazona_amazonica","Parrots","Psittacidae","Psittaciformes","M","dark gray, dark purple, light blue, medium cream, medium green, medium orange-buff, medium tan, medium-dark brown, medium-dark green, pale cream, pale green"
"Orange-winged Pytilia","Pytilia_afra","Waxbills, grass finches, munias and allies","Estrildidae","Passeriformes","F","dark rufous, medium orange-buff, medium red-brown, medium yellow-buff, medium-dark brown, medium-dark yellow-buff, pale buff, pale orange-buff, very pale buff, very pale cream, very pale orange-buff"
"Orange-winged Pytilia","Pytilia_afra","Waxbills, grass finches, munias and allies","Estrildidae","Passeriformes","M","medium buff, medium orange-buff, medium yellow-buff, pale buff, very pale buff, very pale cream, very pale orange-buff"
"Orangequit","Euneornis_campestris","Buntings, American sparrows and allies","Emberizidae","Passeriformes","M","blue, brownish gray, dark blue, dark gray, dark rufous, gray, medium-dark rufous"
"Orchard Oriole","Icterus_spurius","New World blackbirds","Icteridae","Passeriformes","F","black, brownish gray, dark brown, dark gray, dark rufous, dark yellow-buff, gray, medium yellow-buff, medium-dark rufous, medium-dark yellow-buff, very dark rufous"
"Oriental Darter","Anhinga_melanogaster","Anhingas","Anhingidae","Suliformes","F","brownish gray, dark gray, gray, medium-dark yellow-buff, pale cream"
"Oriental Magpie-robin","Copsychus_saularis","Chats and Old World flycatchers","Muscicapidae","Passeriformes","M","blue, dark blue, dark gray, gray, pale gray"
"Orinoco Saltator","Saltator_orenocensis","Grosbeaks, saltators and allies","Cardinalidae","Passeriformes","M","brownish gray, dark gray, gray, medium yellow-buff, medium-dark yellow-buff"
"Ornate Hawk-eagle","Spizaetus_ornatus","Osprey, kites, hawks and eagles","Accipitridae","Accipitriformes","F","brownish gray, dark gray, gray"
"Ornate Hawk-eagle","Spizaetus_ornatus","Osprey, kites, hawks and eagles","Accipitridae","Accipitriformes","M","brownish gray, dark gray, gray, medium-dark rufous"
"Ornate Hawk-eagle","Spizaetus_ornatus","Osprey, kites, hawks and eagles","Accipitridae","Accipitriformes",NA,"brownish gray, dark gray, gray, pale gray"
"Ornate Melidectes","Melidectes_torquatus","Honeyeaters","Meliphagidae","Passeriformes","F","black, brownish gray, dark gray, gray, medium yellow-buff, medium-dark yellow-buff"
"Osprey","Pandion_haliaetus","Osprey, kites, hawks and eagles","Accipitridae","Accipitriformes","F","black, brownish gray, dark gray, gray, pale gray"
"Ostrich","Struthio_camelus","Ostriches","Struthionidae","Struthioniformes","F","brownish gray, dark gray, gray"
"Ovenbird","Seiurus_aurocapilla","New World warblers","Parulidae","Passeriformes","F","brownish gray, dark gray, dark rufous, dark yellow-buff, gray, medium cream, medium yellow-buff, medium-dark rufous, medium-dark yellow-buff, pale gray"
"Ovenbird","Seiurus_aurocapilla","New World warblers","Parulidae","Passeriformes","M","brownish gray, dark gray, dark rufous, dark yellow-buff, gray, medium yellow-buff, medium-dark rufous, medium-dark yellow-buff, pale cream, pale gray"
"Pacific Baza","Aviceda_subcristata","Osprey, kites, hawks and eagles","Accipitridae","Accipitriformes","F","brownish gray, dark gray, gray, medium yellow-buff, pale gray"
"Pacific Black Duck","Anas_superciliosa","Ducks, geese and swans","Anatidae","Anseriformes","M","brownish gray, dark gray, gray, medium cream, medium green, medium yellow-buff, medium-dark green, medium-dark olive, medium-dark yellow-buff, pale cream"
"Pacific Reef-egret","Egretta_sacra","Herons and egrets","Ardeidae","Pelecaniformes","M","brownish gray, dark gray, gray, pale cream"
"Pacific Swallow","Hirundo_tahitica","Swallows and martins","Hirundinidae","Passeriformes","F","blue, brownish gray, dark blue, dark gray, dark rufous, gray, medium-dark orange-buff, medium-dark rufous, medium-dark yellow-buff, very dark rufous"
"Pacific-slope Flycatcher","Empidonax_difficilis","Tyrant-flycatchers","Tyrannidae","Passeriformes","F","brownish gray, dark gray, dark yellow-buff, gray, medium cream, medium yellow-buff, medium-dark yellow-buff, pale cream"
"Painted Bunting","Passerina_ciris","Buntings, American sparrows and allies","Emberizidae","Passeriformes","F","blue, brownish gray, dark brown, dark olive, dark purple, dark yellow-buff, gray, medium cream, medium green, medium orange-buff, medium tan, medium yellow-buff, medium-dark brown, medium-dark dark purple, medium-dark green, medium-dark maroon, medium-dark olive, medium-dark orange-buff, medium-dark red-brown, medium-dark rufous, medium-dark yellow-buff, olive-gray, pale cream, pale green, very dark yellow-buff"
"Painted Finch","Emblema_pictum","Waxbills, grass finches, munias and allies","Estrildidae","Passeriformes","F","black, dark maroon, gray, medium buff, medium orange-buff, medium red-brown, medium tan, medium-dark brown, medium-dark maroon, medium-dark red-brown, medium-dark rufous, pale buff, pale orange-buff, pale pinkish buff, very pale buff, very pale orange-buff"
"Painted Finch","Emblema_pictum","Waxbills, grass finches, munias and allies","Estrildidae","Passeriformes","M","black, dark maroon, gray, medium orange-buff, medium tan, medium-dark brown, medium-dark maroon, medium-dark red-brown, pale buff, pale orange-buff, very pale buff, very pale orange-buff"
"Painted Parakeet","Pyrrhura_picta","Parrots","Psittacidae","Psittaciformes","F","blue, brownish gray, dark brown, dark rufous, gray, medium green, medium yellow-buff, medium-dark brown, medium-dark green, medium-dark olive, medium-dark rufous, medium-dark yellow-buff, olive-gray"
"Painted Parakeet","Pyrrhura_picta","Parrots","Psittacidae","Psittaciformes","M","blue, brownish gray, dark brown, gray, medium green, medium orange-buff, medium yellow-buff, medium-dark brown, medium-dark green, medium-dark orange-buff, medium-dark rufous, medium-dark yellow-buff, olive-gray"
"Painted Parakeet","Pyrrhura_picta","Parrots","Psittacidae","Psittaciformes",NA,"blue, brownish gray, dark brown, dark rufous, gray, medium yellow-buff, medium-dark rufous, medium-dark yellow-buff"
"Painted Redstart","Myioborus_pictus","New World warblers","Parulidae","Passeriformes","F","black, dark brown, dark gray, gray, medium-dark brown, medium-dark orange-buff, medium-dark rufous, pale gray"
"Pale-billed Firefinch","Lagonosticta_landanae","Waxbills, grass finches, munias and allies","Estrildidae","Passeriformes","F","medium pinkish buff, medium-dark brown, medium-dark maroon, medium-dark red-brown, pale buff, pale pinkish buff, very pale buff, very pale cream, very pale orange-buff"
"Pale-billed Firefinch","Lagonosticta_landanae","Waxbills, grass finches, munias and allies","Estrildidae","Passeriformes","M","medium red-brown, medium tan, medium-dark brown, pale buff, pale orange-buff, pale pinkish buff, very pale buff, very pale orange-buff"
"Pale-billed Scrubwren","Sericornis_spilodera","Thornbills and gerygones","Acanthizidae","Passeriformes","F","black, brownish gray, dark gray, dark rufous, gray, medium yellow-buff, medium-dark yellow-buff"
"Pale-fronted Negrofinch","Nigrita_luteifrons","Waxbills, grass finches, munias and allies","Estrildidae","Passeriformes","F","black, blue, dark maroon, gray, medium red-brown, medium-dark olive, olive-gray, pale gray, pale orange-buff, very pale cream, very pale orange-buff"
"Pale-fronted Negrofinch","Nigrita_luteifrons","Waxbills, grass finches, munias and allies","Estrildidae","Passeriformes","M","black, dark brown, dark purple, gray, medium cream, medium red-brown, medium tan, medium-dark olive, medium-dark red-brown, very pale cream, very pale orange-buff"
"Pale-headed Munia","Lonchura_pallida","Waxbills, grass finches, munias and allies","Estrildidae","Passeriformes","F","medium buff, medium red-brown, pale pinkish buff, very pale buff, very pale cream, very pale orange-buff"
"Pale-headed Munia","Lonchura_pallida","Waxbills, grass finches, munias and allies","Estrildidae","Passeriformes","M","dark brown, medium buff, medium pinkish buff, medium red-brown, medium tan, pale buff, pale pinkish buff, very pale buff, very pale cream, very pale orange-buff"
"Pale-tailed Barbthroat","Threnetes_leucurus","Hummingbirds","Trochilidae","Apodiformes","F","brownish gray, dark gray, dark yellow-buff, gray, medium orange-buff, medium-dark orange-buff, medium-dark yellow-buff"
"Pale-tailed Barbthroat","Threnetes_leucurus","Hummingbirds","Trochilidae","Apodiformes","M","black, brownish gray, dark gray, dark yellow-buff, gray, medium orange-buff, medium yellow-buff, medium-dark olive, medium-dark orange-buff, medium-dark yellow-buff"
"Pale-throated Pampa-finch","Embernagra_longicauda","Buntings, American sparrows and allies","Emberizidae","Passeriformes","M","brownish gray, dark gray, dark yellow-buff, gray, medium-dark yellow-buff"
"Pale-winged Starling","Onychognathus_nabouroup","Starlings","Sturnidae","Passeriformes","M","blue, dark gray, gray, medium orange-buff, medium yellow-buff, medium-dark orange-buff, medium-dark rufous, medium-dark yellow-buff"
"Pale-winged Trumpeter","Psophia_leucoptera","Trumpeters","Psophiidae","Gruiformes","M","black, blue, brownish gray, dark gray, gray"
"Palestine Sunbird","Nectarinia_osea","Sunbirds","Nectariniidae","Passeriformes","F","black, blue, brownish gray, dark blue, dark gray, dark olive, dark purple, gray, medium green, medium-dark dark purple, medium-dark green, medium-dark olive, olive-gray"
"Palm Tanager","Thraupis_palmarum","Tanagers","Thraupidae","Passeriformes","F","blue, brownish gray, dark gray, gray, medium green, medium-dark green, medium-dark yellow-buff, olive-gray"
"Palm Tanager","Thraupis_palmarum","Tanagers","Thraupidae","Passeriformes","M","black, blue, brownish gray, dark gray, gray, medium green, medium yellow-buff, medium-dark green, medium-dark yellow-buff, olive-gray"
"Palm Warbler","Dendroica_palmarum","New World warblers","Parulidae","Passeriformes","F","black, brownish gray, dark gray, dark rufous, dark yellow-buff, gray, medium cream, medium yellow-buff, medium-dark yellow-buff, very dark rufous"
"Palm Warbler","Dendroica_palmarum","New World warblers","Parulidae","Passeriformes","M","brownish gray, dark rufous, dark yellow-buff, gray, medium cream, medium yellow-buff, medium-dark yellow-buff, pale cream"
"Papuan Hornbill","Aceros_plicatus","Hornbills","Bucerotidae","Bucerotiformes","M","dark gray, gray, medium yellow-buff, medium-dark yellow-buff"
"Papuan Lorikeet","Charmosyna_papou","Parrots","Psittacidae","Psittaciformes","M","blue, brownish gray, gray, medium cream, medium-dark brown, medium-dark olive"
"Papuan Parrotfinch","Erythrura_papuana","Waxbills, grass finches, munias and allies","Estrildidae","Passeriformes","F","medium red-brown, pale buff, pale orange-buff, very pale buff, very pale cream, very pale orange-buff"
"Papuan Parrotfinch","Erythrura_papuana","Waxbills, grass finches, munias and allies","Estrildidae","Passeriformes","M","gray, medium orange-buff, medium pinkish buff, medium tan, medium yellow-buff, medium-dark brown, pale cream, very pale buff, very pale cream, very pale orange-buff"
"Papuan Scrubwren","Sericornis_papuensis","Thornbills and gerygones","Acanthizidae","Passeriformes","F","black, brownish gray, dark gray, dark yellow-buff, gray, medium yellow-buff, medium-dark yellow-buff"
"Papyrus Canary","Serinus_koliensis","Finches and Hawaiian honeycreepers","Fringillidae","Passeriformes","F","very pale cream, very pale orange-buff"
"Papyrus Canary","Serinus_koliensis","Finches and Hawaiian honeycreepers","Fringillidae","Passeriformes","M","very pale cream, very pale orange-buff"
"Paradise Jacamar","Galbula_dea","Jacamars","Galbulidae","Piciformes","F","blue, brownish gray, dark gray, gray, medium-dark yellow-buff, olive-gray"
"Paradise Jacamar","Galbula_dea","Jacamars","Galbulidae","Piciformes","M","blue, brownish gray, dark gray, gray, medium-dark olive, medium-dark yellow-buff, olive-gray, pale gray"
"Paradise Jacamar","Galbula_dea","Jacamars","Galbulidae","Piciformes",NA,"blue, brownish gray, dark gray, gray, medium-dark green, medium-dark yellow-buff, pale gray"
"Paradise Riflebird","Ptiloris_paradiseus","Birds of paradise","Paradisaeidae","Passeriformes","M","black, medium green, medium-dark green, medium-dark olive, olive-gray"
"Paradise Shelduck","Tadorna_variegata","Ducks, geese and swans","Anatidae","Anseriformes","M","brownish gray, dark gray, dark rufous, gray, medium-dark olive, medium-dark rufous, pale cream"
"Paradise Tanager","Tangara_chilensis","Tanagers","Thraupidae","Passeriformes","F","black, blue, dark brown, dark gray, dark purple, medium cream, medium green, medium orange-buff, medium yellow-buff, medium-dark dark purple, pale cream, pale green"
"Paradise Tanager","Tangara_chilensis","Tanagers","Thraupidae","Passeriformes","M","black, blue, dark blue, dark brown, dark gray, dark purple, dark rufous, gray, light blue, medium cream, medium green, medium orange-buff, medium tan, medium yellow-buff, medium-dark brown, medium-dark dark purple, medium-dark green, medium-dark olive, medium-dark orange-buff, medium-dark rufous, medium-dark yellow-buff, pale cream, pale green, very pale cream, very pale green"
"Paradise Tanager","Tangara_chilensis","Tanagers","Thraupidae","Passeriformes",NA,"dark gray, light blue, medium green, medium orange-buff, pale cream, pale green"
"Paramo Seedeater","Catamenia_homochroa","Buntings, American sparrows and allies","Emberizidae","Passeriformes","M","brownish gray, dark gray, dark rufous, dark yellow-buff, gray, medium-dark yellow-buff"
"Parasitic Jaeger","Stercorarius_parasiticus","Skuas and jaegers","Stercorariidae","Charadriiformes","F","brownish gray, dark gray, gray, pale gray"
"Pardusco","Nephelornis_oneilli","Tanagers","Thraupidae","Passeriformes","M","brownish gray, dark gray, dark yellow-buff, gray, medium-dark yellow-buff"
"Parkinson's Petrel","Procellaria_parkinsoni","Petrels and shearwaters","Procellariidae","Procellariiformes","M","brownish gray, dark gray, gray"
"Parodi's Hemispingus","Hemispingus_parodii","Tanagers","Thraupidae","Passeriformes","M","brownish gray, dark gray, dark yellow-buff, gray, medium-dark yellow-buff"
"Parrot-billed Seedeater","Sporophila_peruviana","Buntings, American sparrows and allies","Emberizidae","Passeriformes","M","brownish gray, dark gray, gray, medium yellow-buff, medium-dark yellow-buff"
"Patagonian Sierra-finch","Phrygilus_patagonicus","Buntings, American sparrows and allies","Emberizidae","Passeriformes","M","brownish gray, dark gray, dark yellow-buff, gray, medium-dark yellow-buff"
"Patagonian Yellow-finch","Sicalis_lebruni","Buntings, American sparrows and allies","Emberizidae","Passeriformes","M","brownish gray, dark yellow-buff, gray, medium yellow-buff, medium-dark yellow-buff"
"Pavonine Cuckoo","Dromococcyx_pavoninus","Cuckoos","Cuculidae","Cuculiformes",NA,"black, brownish gray, dark gray, dark rufous, dark yellow-buff, gray, medium yellow-buff, medium-dark yellow-buff, pale cream"
"Pavonine Quetzal","Pharomachrus_pavoninus","Trogons","Trogonidae","Trogoniformes","F","brownish gray, dark gray, dark rufous, dark yellow-buff, gray, medium-dark brown, medium-dark green, medium-dark olive, medium-dark rufous, medium-dark yellow-buff"
"Pavonine Quetzal","Pharomachrus_pavoninus","Trogons","Trogonidae","Trogoniformes","M","black, brownish gray, dark gray, medium green, medium yellow-buff, medium-dark brown, medium-dark green, medium-dark olive, medium-dark orange-buff, medium-dark yellow-buff"
"Pearled Treerunner","Margarornis_squamiger","Ovenbirds","Furnariidae","Passeriformes","F","black, brownish gray, dark brown, dark gray, dark rufous, dark yellow-buff, gray, medium yellow-buff, medium-dark rufous, medium-dark yellow-buff, very dark rufous"
"Pearly-breasted Conebill","Conirostrum_margaritae","Tanagers","Thraupidae","Passeriformes","M","dark gray, gray"
"Pectoral Sandpiper","Calidris_melanotos","Sandpipers and allies","Scolopacidae","Charadriiformes","F","brownish gray, dark gray, dark rufous, gray, pale gray"
"Pectoral Sparrow","Arremon_taciturnus","Buntings, American sparrows and allies","Emberizidae","Passeriformes","F","brownish gray, dark gray, dark yellow-buff, gray, medium cream, medium yellow-buff, medium-dark yellow-buff, pale cream, pale gray"
"Pectoral Sparrow","Arremon_taciturnus","Buntings, American sparrows and allies","Emberizidae","Passeriformes","M","black, brownish gray, dark gray, dark yellow-buff, gray, medium cream, medium-dark yellow-buff, pale cream, pale gray"
"Peg-billed Finch","Acanthidops_bairdii","Buntings, American sparrows and allies","Emberizidae","Passeriformes","M","brownish gray, dark gray, gray, medium-dark yellow-buff"
"Pemba Sunbird","Nectarinia_pembae","Sunbirds","Nectariniidae","Passeriformes","M","black, blue, brownish gray, dark gray, dark purple, gray, medium cream, medium green, medium-dark dark purple, medium-dark green"
"Peregrine Falcon","Falco_peregrinus","Falcons and caracaras","Falconidae","Falconiformes","F","brownish gray, dark gray, gray, medium yellow-buff, medium-dark orange-buff, medium-dark yellow-buff, pale gray"
"Peruvian Sheartail","Thaumastura_cora","Hummingbirds","Trochilidae","Apodiformes","M","brownish gray, gray, medium green, medium-dark green, medium-dark yellow-buff, pale cream"
"Peruvian Sierra-finch","Phrygilus_punensis","Buntings, American sparrows and allies","Emberizidae","Passeriformes","M","brownish gray, dark gray, dark yellow-buff, gray, medium-dark yellow-buff"
"Peters's Twinspot","Hypargos_niveoguttatus","Waxbills, grass finches, munias and allies","Estrildidae","Passeriformes","F","medium red-brown, medium tan, pale buff, pale pinkish buff, very pale buff, very pale cream, very pale orange-buff"
"Peters's Twinspot","Hypargos_niveoguttatus","Waxbills, grass finches, munias and allies","Estrildidae","Passeriformes","M","medium pinkish buff, medium red-brown, medium tan, medium-dark maroon, medium-dark red-brown, pale buff, pale pinkish buff, very pale buff, very pale orange-buff"
"Pheasant Coucal","Centropus_phasianinus","Cuckoos","Cuculidae","Cuculiformes","F","brownish gray, dark gray, gray, medium cream, medium-dark yellow-buff, olive-gray"
"Philadelphia Vireo","Vireo_philadelphicus","Vireos and allies","Vireonidae","Passeriformes","F","brownish gray, dark gray, gray, medium cream, medium yellow-buff, medium-dark yellow-buff"
"Philippine Fairy-bluebird","Irena_cyanogastra","Fairy-bluebirds","Irenidae","Passeriformes","F","blue, dark blue, dark gray"
"Philippine Fairy-bluebird","Irena_cyanogastra","Fairy-bluebirds","Irenidae","Passeriformes","M","black, blue, dark blue, dark gray, light blue"
"Pictorella Munia","Heteromunia_pectoralis","Waxbills, grass finches, munias and allies","Estrildidae","Passeriformes","F","medium buff, medium orange-buff, medium pinkish buff, medium red-brown, medium tan, medium-dark brown, medium-dark maroon, medium-dark red-brown, pale buff, pale orange-buff, pale pinkish buff, very pale buff, very pale cream, very pale orange-buff"
"Pictorella Munia","Heteromunia_pectoralis","Waxbills, grass finches, munias and allies","Estrildidae","Passeriformes","M","dark maroon, medium pinkish buff, medium red-brown, medium tan, medium-dark brown, medium-dark orange-buff, medium-dark red-brown, pale buff, pale orange-buff, pale pinkish buff, very pale buff, very pale cream, very pale orange-buff"
"Pied Bushchat","Saxicola_caprata","Chats and Old World flycatchers","Muscicapidae","Passeriformes","F","brownish gray, dark gray, dark rufous, dark yellow-buff, gray, medium-dark yellow-buff"
"Pied Butcherbird","Cracticus_nigrogularis","Butcherbirds","Cracticidae","Passeriformes","F","black, dark gray, gray, pale gray"
"Pied Currawong","Strepera_graculina","Butcherbirds","Cracticidae","Passeriformes","M","dark gray, gray"
"Pied Honeyeater","Certhionyx_variegatus","Honeyeaters","Meliphagidae","Passeriformes","F","black, brownish gray, dark gray, dark yellow-buff, gray, pale gray"
"Pied Kingfisher","Ceryle_rudis","Kingfishers","Alcedinidae","Coraciiformes","F","black, dark gray, gray, pale gray"
"Pied Puffbird","Notharchus_tectus","Puffbirds","Bucconidae","Piciformes","F","black, brownish gray, dark gray, gray"
"Pied Puffbird","Notharchus_tectus","Puffbirds","Bucconidae","Piciformes","M","black, dark gray, gray, pale cream"
"Pied Puffbird","Notharchus_tectus","Puffbirds","Bucconidae","Piciformes",NA,"black, dark gray, gray, pale gray"
"Pied-billed Grebe","Podilymbus_podiceps","Grebes","Podicipedidae","Podicipediformes","F","brownish gray, dark gray, gray, pale gray"
"Pigeon Guillemot","Cepphus_columba","Auks","Alcidae","Charadriiformes","F","black, brownish gray, dark gray, gray, pale gray"
"Pileated Finch","Coryphospingus_pileatus","Buntings, American sparrows and allies","Emberizidae","Passeriformes","M","brownish gray, dark gray, gray, medium-dark brown"
"Pileated Woodpecker","Dryocopus_pileatus","Woodpeckers","Picidae","Piciformes","M","brownish gray, dark brown, dark gray, gray, medium-dark brown"
"Pilotbird","Pycnoptilus_floccosus","Thornbills and gerygones","Acanthizidae","Passeriformes","F","black, brownish gray, dark gray, dark yellow-buff, gray, medium-dark yellow-buff"
"Pin-tailed Green-pigeon","Treron_apicauda","Doves and pigeons","Columbidae","Columbiformes","M","gray, medium cream, medium yellow-buff, medium-dark yellow-buff, olive-gray, pale green"
"Pin-tailed Parrotfinch","Erythrura_prasina","Waxbills, grass finches, munias and allies","Estrildidae","Passeriformes","F","dark yellow-buff, medium red-brown, medium tan, medium yellow-buff, medium-dark brown, medium-dark orange-buff, medium-dark yellow-buff, pale buff, pale orange-buff, very pale buff, very pale cream, very pale orange-buff"
"Pin-tailed Parrotfinch","Erythrura_prasina","Waxbills, grass finches, munias and allies","Estrildidae","Passeriformes","M","dark yellow-buff, light blue, medium red-brown, medium tan, medium yellow-buff, medium-dark brown, medium-dark yellow-buff, pale buff, very pale buff, very pale cream, very pale orange-buff, very pale pinkish buff"
"Pine Flycatcher","Empidonax_affinis","Tyrant-flycatchers","Tyrannidae","Passeriformes","F","brownish gray, dark gray, gray, medium yellow-buff, medium-dark yellow-buff"
"Pine Grosbeak","Pinicola_enucleator","Finches and Hawaiian honeycreepers","Fringillidae","Passeriformes","M","brownish gray, gray, medium-dark brown, medium-dark yellow-buff"
"Pine Siskin","Carduelis_pinus","Finches and Hawaiian honeycreepers","Fringillidae","Passeriformes","F","black, brownish gray, dark gray, dark yellow-buff, gray, medium yellow-buff, medium-dark yellow-buff, very pale cream, very pale orange-buff"
"Pine Siskin","Carduelis_pinus","Finches and Hawaiian honeycreepers","Fringillidae","Passeriformes","M","pale cream, very pale cream, very pale orange-buff"
"Pine Warbler","Dendroica_pinus","New World warblers","Parulidae","Passeriformes","F","brownish gray, dark gray, dark yellow-buff, gray, medium cream, medium yellow-buff, medium-dark yellow-buff, pale cream, very dark yellow-buff"
"Pine Warbler","Dendroica_pinus","New World warblers","Parulidae","Passeriformes","M","brownish gray, dark yellow-buff, gray, medium yellow-buff, medium-dark yellow-buff"
"Pink Robin","Petroica_rodinogaster","Australasian robins","Petroicidae","Passeriformes","F","brownish gray, dark gray, dark maroon, gray, medium-dark maroon, medium-dark red-brown"
"Pink-billed Parrotfinch","Erythrura_kleinschmidti","Waxbills, grass finches, munias and allies","Estrildidae","Passeriformes","F","medium pinkish buff, medium red-brown, medium tan, medium-dark brown, medium-dark red-brown, pale cream, very pale buff, very pale cream, very pale orange-buff"
"Pink-spotted Fruit-dove","Ptilinopus_perlatus","Doves and pigeons","Columbidae","Columbiformes","M","dark olive, gray, medium yellow-buff, medium-dark green, medium-dark maroon, medium-dark olive, medium-dark red-brown, medium-dark yellow-buff, olive-gray, pale cream"
"Pink-throated Becard","Pachyramphus_minor","Cotingas","Cotingidae","Passeriformes","M","brownish gray, dark gray, gray, medium-dark brown"
"Pink-throated Twinspot","Hypargos_margaritatus","Waxbills, grass finches, munias and allies","Estrildidae","Passeriformes","F","medium pinkish buff, medium tan, medium-dark brown, pale buff, pale pinkish buff, very pale buff, very pale cream, very pale orange-buff"
"Pink-throated Twinspot","Hypargos_margaritatus","Waxbills, grass finches, munias and allies","Estrildidae","Passeriformes","M","medium buff, medium pinkish buff, medium red-brown, medium tan, medium-dark maroon, pale buff, pale orange-buff, pale pinkish buff, very pale buff, very pale orange-buff"
"Pintail Snipe","Gallinago_stenura","Sandpipers and allies","Scolopacidae","Charadriiformes","M","brownish gray, gray, medium cream, medium-dark yellow-buff"
"Pinyon Jay","Gymnorhinus_cyanocephalus","Crows and jays","Corvidae","Passeriformes","F","blue, dark blue, dark gray, gray"
"Piratic Flycatcher","Legatus_leucophaius","Tyrant-flycatchers","Tyrannidae","Passeriformes","F","brownish gray, dark gray, gray, medium cream, medium yellow-buff, medium-dark yellow-buff, pale cream"
"Piratic Flycatcher","Legatus_leucophaius","Tyrant-flycatchers","Tyrannidae","Passeriformes","M","brownish gray, dark gray, dark yellow-buff, gray, medium cream, medium yellow-buff, pale cream, pale gray"
"Piratic Flycatcher","Legatus_leucophaius","Tyrant-flycatchers","Tyrannidae","Passeriformes",NA,"brownish gray, gray, medium cream, medium yellow-buff, medium-dark yellow-buff"
"Pitcairn Reed-warbler","Acrocephalus_vaughani","Old World warblers","Sylviidae","Passeriformes","F","brownish gray, gray, medium cream, medium yellow-buff, pale cream, pale gray"
"Pitcairn Reed-warbler","Acrocephalus_vaughani","Old World warblers","Sylviidae","Passeriformes","M","brownish gray, gray, medium cream, medium yellow-buff, pale gray"
"Piura Hemispingus","Hemispingus_piurae","Tanagers","Thraupidae","Passeriformes","M","brownish gray, dark gray, dark rufous, dark yellow-buff, gray, medium-dark yellow-buff"
"Plain Chachalaca","Ortalis_vetula","Guans and curassows","Cracidae","Galliformes","F","brownish gray, dark gray, dark yellow-buff, gray, medium yellow-buff, medium-dark yellow-buff, olive-gray"
"Plain Greenbul","Andropadus_curvirostris","Bulbuls","Pycnonotidae","Passeriformes","F","brownish gray, dark yellow-buff, gray, medium-dark yellow-buff"
"Plain Greenbul","Andropadus_curvirostris","Bulbuls","Pycnonotidae","Passeriformes","M","brownish gray, dark yellow-buff, gray, medium-dark yellow-buff"
"Plain Sunbird","Anthreptes_simplex","Sunbirds","Nectariniidae","Passeriformes","F","dark yellow-buff, gray, medium yellow-buff, medium-dark yellow-buff"
"Plain Sunbird","Anthreptes_simplex","Sunbirds","Nectariniidae","Passeriformes","M","brownish gray, dark gray, dark yellow-buff, gray, medium yellow-buff, medium-dark yellow-buff"
"Plain Swift","Apus_unicolor","Swifts","Apodidae","Apodiformes","M","brownish gray, dark gray, gray, medium-dark yellow-buff"
"Plain White-eye","Zosterops_hypolais","White-eyes","Zosteropidae","Passeriformes","M","brownish gray, gray, medium yellow-buff, medium-dark yellow-buff"
"Plain Xenops","Xenops_minutus","Ovenbirds","Furnariidae","Passeriformes","F","black, brownish gray, dark rufous, dark yellow-buff, gray, medium yellow-buff, medium-dark orange-buff, medium-dark rufous, medium-dark yellow-buff"
"Plain Xenops","Xenops_minutus","Ovenbirds","Furnariidae","Passeriformes","M","brownish gray, dark gray, dark rufous, dark yellow-buff, gray, medium yellow-buff, medium-dark orange-buff, medium-dark rufous, medium-dark yellow-buff, olive-gray"
"Plain-brown Woodcreeper","Dendrocincla_fuliginosa","Woodcreepers","Dendrocolaptidae","Passeriformes","F","brownish gray, dark rufous, dark yellow-buff, medium-dark rufous, medium-dark yellow-buff"
"Plain-brown Woodcreeper","Dendrocincla_fuliginosa","Woodcreepers","Dendrocolaptidae","Passeriformes","M","brownish gray, dark rufous, dark yellow-buff, gray, medium-dark rufous, medium-dark yellow-buff, very dark rufous, very dark yellow-buff"
"Plain-coloured Seedeater","Catamenia_inornata","Buntings, American sparrows and allies","Emberizidae","Passeriformes","M","brownish gray, dark gray, dark rufous, dark yellow-buff, gray, medium yellow-buff, medium-dark orange-buff, medium-dark rufous, medium-dark yellow-buff"
"Plain-coloured Tanager","Tangara_inornata","Tanagers","Thraupidae","Passeriformes","M","blue, brownish gray, dark gray, gray, light blue, medium yellow-buff, medium-dark yellow-buff, olive-gray"
"Plain-tailed Warbling-finch","Poospiza_alticola","Buntings, American sparrows and allies","Emberizidae","Passeriformes","M","brownish gray, dark gray, dark rufous, dark yellow-buff, gray, medium-dark yellow-buff"
"Plain-throated Sunbird","Anthreptes_malacensis","Sunbirds","Nectariniidae","Passeriformes","F","brownish gray, gray, medium yellow-buff, medium-dark yellow-buff, pale cream"
"Plain-throated Sunbird","Anthreptes_malacensis","Sunbirds","Nectariniidae","Passeriformes","M","black, dark gray, dark yellow-buff, gray, medium yellow-buff, medium-dark orange-buff, medium-dark rufous, pale cream"
"Plum-headed Finch","Neochmia_modesta","Waxbills, grass finches, munias and allies","Estrildidae","Passeriformes","F","black, brownish gray, dark gray, dark yellow-buff, gray, medium red-brown, medium-dark yellow-buff, pale buff, pale gray, pale pinkish buff, very pale buff, very pale cream, very pale orange-buff"
"Plum-headed Finch","Neochmia_modesta","Waxbills, grass finches, munias and allies","Estrildidae","Passeriformes","M","medium buff, medium pinkish buff, medium red-brown, pale buff, pale pinkish buff, very pale buff, very pale cream, very pale orange-buff"
"Plum-throated Cotinga","Cotinga_maynana","Cotingas","Cotingidae","Passeriformes","M","gray, light blue, medium-dark dark purple"
"Plumbeous Kite","Ictinia_plumbea","Osprey, kites, hawks and eagles","Accipitridae","Accipitriformes","F","dark brown, dark gray, dark rufous, gray, medium-dark rufous"
"Plumbeous Kite","Ictinia_plumbea","Osprey, kites, hawks and eagles","Accipitridae","Accipitriformes","M","dark brown, dark gray, dark rufous, gray, medium-dark rufous"
"Plumbeous Pigeon","Patagioenas_plumbea","Doves and pigeons","Columbidae","Columbiformes","F","brownish gray, dark gray, gray, medium orange-buff, medium-dark orange-buff"
"Plumbeous Pigeon","Patagioenas_plumbea","Doves and pigeons","Columbidae","Columbiformes","M","brownish gray, dark gray, gray, medium orange-buff, medium-dark orange-buff"
"Plumbeous Seedeater","Sporophila_plumbea","Buntings, American sparrows and allies","Emberizidae","Passeriformes","M","brownish gray, dark gray, gray, medium-dark yellow-buff"
"Plumbeous Sierra-finch","Phrygilus_unicolor","Buntings, American sparrows and allies","Emberizidae","Passeriformes","M","dark gray, gray"
"Plumed Whistling-duck","Dendrocygna_eytoni","Ducks, geese and swans","Anatidae","Anseriformes","F","brownish gray, dark gray, dark yellow-buff, gray, medium-dark yellow-buff, pale gray"
"Plushcap","Catamblyrhynchus_diadema","Tanagers","Thraupidae","Passeriformes","M","brownish gray, dark gray, dark rufous, gray, medium-dark rufous, medium-dark yellow-buff"
"Pohnpei Fantail","Rhipidura_kubaryi","Fantails","Rhipiduridae","Passeriformes","M","brownish gray, dark gray, gray, pale gray"
"Pohnpei Lorikeet","Trichoglossus_rubiginosus","Parrots","Psittacidae","Psittaciformes","M","brownish gray, dark brown, gray, medium yellow-buff, medium-dark brown, medium-dark yellow-buff"
"Polynesian Starling","Aplonis_tabuensis","Starlings","Sturnidae","Passeriformes","M","brownish gray, gray"
"Polynesian Triller","Lalage_maculosa","Cuckoo-shrikes","Campephagidae","Passeriformes","M","dark gray, gray"
"Pomarine Jaeger","Stercorarius_pomarinus","Skuas and jaegers","Stercorariidae","Charadriiformes","F","black, brownish gray, dark gray, gray"
"Pompadour Cotinga","Xipholena_punicea","Cotingas","Cotingidae","Passeriformes","F","brownish gray, dark gray, gray, pale cream"
"Pompadour Cotinga","Xipholena_punicea","Cotingas","Cotingidae","Passeriformes","M","brownish gray, dark gray, dark maroon, gray, medium red-brown, medium-dark brown, medium-dark maroon, medium-dark red-brown, pale gray"
"Prairie Falcon","Falco_mexicanus","Falcons and caracaras","Falconidae","Falconiformes","F","brownish gray, dark gray, dark rufous, gray, medium yellow-buff, pale gray"
"Prairie Warbler","Dendroica_discolor","New World warblers","Parulidae","Passeriformes","F","brownish gray, dark gray, dark yellow-buff, gray, medium cream, medium yellow-buff, medium-dark rufous, medium-dark yellow-buff, pale cream, very dark yellow-buff"
"Prairie Warbler","Dendroica_discolor","New World warblers","Parulidae","Passeriformes","M","brownish gray, dark yellow-buff, gray, medium cream, medium yellow-buff, medium-dark yellow-buff, pale cream, very dark yellow-buff"
"Principe Glossy-starling","Lamprotornis_ornatus","Starlings","Sturnidae","Passeriformes","M","black, blue, brownish gray, dark blue, dark gray, dark maroon, dark purple, gray, light blue, medium green, medium yellow-buff, medium-dark dark purple, medium-dark green, medium-dark maroon, medium-dark olive, medium-dark rufous, medium-dark yellow-buff, olive-gray"
"Principe Seedeater","Serinus_rufobrunneus","Finches and Hawaiian honeycreepers","Fringillidae","Passeriformes","F","very pale cream, very pale orange-buff"
"Principe Seedeater","Serinus_rufobrunneus","Finches and Hawaiian honeycreepers","Fringillidae","Passeriformes","M","brownish gray, dark yellow-buff, medium yellow-buff, medium-dark rufous, medium-dark yellow-buff, very pale cream, very pale orange-buff"
"Principe Speirops","Speirops_leucophoeus","White-eyes","Zosteropidae","Passeriformes","M","brownish gray, gray"
"Principe Sunbird","Nectarinia_hartlaubii","Sunbirds","Nectariniidae","Passeriformes","F","brownish gray, dark gray, gray, medium yellow-buff, medium-dark yellow-buff"
"Principe Sunbird","Nectarinia_hartlaubii","Sunbirds","Nectariniidae","Passeriformes","M","black, blue, brownish gray, dark gray, dark yellow-buff, gray, light blue, medium yellow-buff, medium-dark yellow-buff"
"Protea Canary","Serinus_leucopterus","Finches and Hawaiian honeycreepers","Fringillidae","Passeriformes","M","very pale cream, very pale green, very pale orange-buff"
"Prothonotary Warbler","Protonotaria_citrea","New World warblers","Parulidae","Passeriformes","F","black, brownish gray, dark gray, dark yellow-buff, gray, medium cream, medium yellow-buff, medium-dark yellow-buff, pale cream, very dark yellow-buff"
"Prothonotary Warbler","Protonotaria_citrea","New World warblers","Parulidae","Passeriformes","M","black, brownish gray, dark gray, dark yellow-buff, gray, medium cream, medium yellow-buff, medium-dark yellow-buff, pale cream"
"Puerto Rican Bullfinch","Loxigilla_portoricensis","Buntings, American sparrows and allies","Emberizidae","Passeriformes","M","black, dark gray, dark rufous, medium-dark rufous"
"Puerto Rican Emerald","Chlorostilbon_maugaeus","Hummingbirds","Trochilidae","Apodiformes","M","blue, dark gray, dark olive, dark yellow-buff, gray, medium green, medium yellow-buff, medium-dark green, medium-dark yellow-buff"
"Puerto Rican Flycatcher","Myiarchus_antillarum","Tyrant-flycatchers","Tyrannidae","Passeriformes","M","black, brownish gray, dark gray, gray, medium cream, medium yellow-buff, medium-dark yellow-buff, pale cream, pale gray"
"Puerto Rican Vireo","Vireo_latimeri","Vireos and allies","Vireonidae","Passeriformes","F","brownish gray, dark gray, dark yellow-buff, gray, medium yellow-buff, medium-dark yellow-buff"
"Puna Miner","Geositta_punensis","Ovenbirds","Furnariidae","Passeriformes","F","brownish gray, gray, medium orange-buff, medium yellow-buff, medium-dark orange-buff, medium-dark yellow-buff"
"Puna Miner","Geositta_punensis","Ovenbirds","Furnariidae","Passeriformes","M","brownish gray, gray, medium yellow-buff, medium-dark orange-buff, medium-dark rufous, medium-dark yellow-buff"
"Puna Yellow-finch","Sicalis_lutea","Buntings, American sparrows and allies","Emberizidae","Passeriformes","M","brownish gray, dark yellow-buff, gray, medium yellow-buff, medium-dark yellow-buff"
"Purple Finch","Carpodacus_purpureus","Finches and Hawaiian honeycreepers","Fringillidae","Passeriformes","F","black, brownish gray, dark brown, gray, medium yellow-buff, medium-dark brown, medium-dark orange-buff, medium-dark rufous, medium-dark yellow-buff, pale gray, very dark rufous"
"Purple Glossy-starling","Lamprotornis_purpureus","Starlings","Sturnidae","Passeriformes","M","blue, dark purple, light blue, medium green, medium-dark dark purple, medium-dark green"
"Purple Grenadier","Uraeginthus_ianthinogaster","Waxbills, grass finches, munias and allies","Estrildidae","Passeriformes","F","light blue, medium orange-buff, medium red-brown, medium tan, medium-dark brown, medium-dark rufous, pale buff, pale orange-buff, pale purple, very pale buff, very pale cream, very pale orange-buff, very pale purple"
"Purple Grenadier","Uraeginthus_ianthinogaster","Waxbills, grass finches, munias and allies","Estrildidae","Passeriformes","M","medium orange-buff, medium purple, medium red-brown, medium tan, medium-dark orange-buff, pale buff, pale orange-buff, pale pinkish buff, pale purple, very pale buff, very pale orange-buff, very pale pinkish buff, very pale purple"
"Purple Honeycreeper","Cyanerpes_caeruleus","Tanagers","Thraupidae","Passeriformes","F","dark gray, dark olive, gray, medium green, medium yellow-buff, medium-dark green, medium-dark olive, olive-gray, pale cream, pale green"
"Purple Honeycreeper","Cyanerpes_caeruleus","Tanagers","Thraupidae","Passeriformes","M","black, blue, dark blue, dark gray, dark olive, dark purple, dark yellow-buff, gray, medium green, medium yellow-buff, medium-dark dark purple, medium-dark green, medium-dark olive, medium-dark yellow-buff, olive-gray"
"Purple Martin","Progne_subis","Swallows and martins","Hirundinidae","Passeriformes","F","black, blue, brownish gray, dark blue, dark gray, gray"
"Purple Sandpiper","Calidris_maritima","Sandpipers and allies","Scolopacidae","Charadriiformes","F","brownish gray, dark gray, gray"
"Purple Sunbird","Nectarinia_asiatica","Sunbirds","Nectariniidae","Passeriformes","F","brownish gray, dark gray, gray"
"Purple Sunbird","Nectarinia_asiatica","Sunbirds","Nectariniidae","Passeriformes","M","black, blue, dark gray, light blue"
"Purple Swamphen","Porphyrio_porphyrio","Rails, crakes and allies","Rallidae","Gruiformes","F","black, blue, brownish gray, dark blue, dark gray, gray"
"Purple-backed Thornbill","Ramphomicron_microrhynchum","Hummingbirds","Trochilidae","Apodiformes","M","brownish gray, dark gray, gray, medium-dark dark purple, medium-dark green, medium-dark yellow-buff"
"Purple-banded Sunbird","Nectarinia_bifasciata","Sunbirds","Nectariniidae","Passeriformes","F","brownish gray, dark gray, gray, medium yellow-buff"
"Purple-banded Sunbird","Nectarinia_bifasciata","Sunbirds","Nectariniidae","Passeriformes","M","black, brownish gray, dark gray, light blue, medium green, pale green"
"Purple-bibbed Whitetip","Urosticte_benjamini","Hummingbirds","Trochilidae","Apodiformes","M","brownish gray, medium green, medium-dark green, medium-dark olive, medium-dark red-brown, medium-dark yellow-buff, pale gray"
"Purple-breasted Cotinga","Cotinga_cotinga","Cotingas","Cotingidae","Passeriformes","F","brownish gray, dark gray, gray, medium cream, medium yellow-buff"
"Purple-breasted Cotinga","Cotinga_cotinga","Cotingas","Cotingidae","Passeriformes","M","blue, dark gray, dark maroon, gray, medium-dark dark purple, medium-dark red-brown"
"Purple-breasted Sunbird","Nectarinia_purpureiventris","Sunbirds","Nectariniidae","Passeriformes","F","brownish gray, dark gray, dark yellow-buff, gray, medium-dark yellow-buff"
"Purple-breasted Sunbird","Nectarinia_purpureiventris","Sunbirds","Nectariniidae","Passeriformes","M","black, blue, brownish gray, dark gray, gray, medium orange-buff, medium tan, medium yellow-buff, medium-dark dark purple, pale green"
"Purple-chested Hummingbird","Amazilia_rosenbergi","Hummingbirds","Trochilidae","Apodiformes","M","blue, brownish gray, dark gray, gray, medium green, medium-dark green, medium-dark yellow-buff"
"Purple-crowned Fairy","Heliothryx_barroti","Hummingbirds","Trochilidae","Apodiformes","M","black, blue, dark blue, gray, medium green, pale gray"
"Purple-crowned Fairywren","Malurus_coronatus","Australasian wrens","Maluridae","Passeriformes","F","blue, brownish gray, dark purple, dark yellow-buff, gray, medium yellow-buff, medium-dark dark purple, medium-dark yellow-buff, olive-gray, pale gray"
"Purple-gaped Honeyeater","Lichenostomus_cratitius","Honeyeaters","Meliphagidae","Passeriformes","F","brownish gray, dark gray, dark yellow-buff, gray, medium yellow-buff, medium-dark yellow-buff"
"Purple-headed Glossy-starling","Lamprotornis_purpureiceps","Starlings","Sturnidae","Passeriformes","M","black, blue, dark gray, dark maroon, dark purple, gray, light blue, medium green, medium-dark green, olive-gray"
"Purple-naped Sunbird","Hypogramma_hypogrammicum","Sunbirds","Nectariniidae","Passeriformes","F","brownish gray, dark yellow-buff, gray, medium-dark yellow-buff"
"Purple-naped Sunbird","Hypogramma_hypogrammicum","Sunbirds","Nectariniidae","Passeriformes","M","black, blue, brownish gray, dark yellow-buff, gray, medium yellow-buff, medium-dark yellow-buff"
"Purple-throated Euphonia","Euphonia_chlorotica","Tanagers","Thraupidae","Passeriformes","F","brownish gray, dark yellow-buff, gray, medium cream, medium yellow-buff, medium-dark yellow-buff"
"Purple-throated Euphonia","Euphonia_chlorotica","Tanagers","Thraupidae","Passeriformes","M","black, blue, brownish gray, dark gray, gray, medium cream, medium yellow-buff, medium-dark yellow-buff"
"Purple-throated Fruitcrow","Querula_purpurata","Cotingas","Cotingidae","Passeriformes","F","black, dark gray, gray"
"Purple-throated Fruitcrow","Querula_purpurata","Cotingas","Cotingidae","Passeriformes","M","black, brownish gray, dark brown, dark gray, dark maroon, gray, medium-dark brown, very dark maroon"
"Purple-throated Sunangel","Heliangelus_viola","Hummingbirds","Trochilidae","Apodiformes","M","brownish gray, gray, medium-dark green, medium-dark olive, medium-dark yellow-buff"
"Purple-throated Sunbird","Nectarinia_sperata","Sunbirds","Nectariniidae","Passeriformes","F","brownish gray, dark gray, dark yellow-buff, gray, medium cream, medium-dark yellow-buff"
"Purple-throated Sunbird","Nectarinia_sperata","Sunbirds","Nectariniidae","Passeriformes","M","black, brownish gray, dark brown, dark gray, dark rufous"
"Purple-throated Woodstar","Calliphlox_mitchellii","Hummingbirds","Trochilidae","Apodiformes","M","brownish gray, gray, medium green, medium yellow-buff, medium-dark rufous, medium-dark yellow-buff"
"Purple-winged Roller","Coracias_temminckii","Rollers","Coraciidae","Coraciiformes","F","brownish gray, dark purple, gray, medium green, medium-dark yellow-buff"
"Purplish-mantled Tanager","Iridosornis_porphyrocephalus","Tanagers","Thraupidae","Passeriformes","M","blue, brownish gray, dark blue, dark gray, dark rufous, dark yellow-buff, gray, medium yellow-buff, medium-dark yellow-buff, olive-gray"
"Pycroft's Petrel","Pterodroma_pycrofti","Petrels and shearwaters","Procellariidae","Procellariiformes","M","gray"
"Pygmy Antwren","Myrmotherula_brachyura","Antbirds","Thamnophilidae","Passeriformes","F","black, brownish gray, dark gray, gray, medium cream, medium yellow-buff, pale cream, very pale cream"
"Pygmy Antwren","Myrmotherula_brachyura","Antbirds","Thamnophilidae","Passeriformes","M","dark gray, gray, pale cream, pale gray, very pale cream"
"Pygmy Nuthatch","Sitta_pygmaea","Nuthatches and Wallcreeper","Sittidae","Passeriformes","F","dark gray, gray, medium yellow-buff, medium-dark yellow-buff"
"Pygmy Sunbird","Anthreptes_platurus","Sunbirds","Nectariniidae","Passeriformes","F","brownish gray, dark gray, medium cream, medium yellow-buff, medium-dark yellow-buff, pale cream"
"Pygmy Sunbird","Anthreptes_platurus","Sunbirds","Nectariniidae","Passeriformes","M","black, blue, brownish gray, dark gray, medium cream, medium pinkish buff, medium yellow-buff, pale green"
"Pyrrhuloxia","Cardinalis_sinuatus","Grosbeaks, saltators and allies","Cardinalidae","Passeriformes","F","brownish gray, dark brown, dark gray, gray, medium yellow-buff, medium-dark brown, medium-dark orange-buff, medium-dark yellow-buff"
"Quailfinch","Ortygospiza_atricollis","Waxbills, grass finches, munias and allies","Estrildidae","Passeriformes","F","dark brown, medium buff, medium orange-buff, medium red-brown, medium tan, medium-dark brown, medium-dark red-brown, pale buff, pale orange-buff, very pale orange-buff"
"Quailfinch","Ortygospiza_atricollis","Waxbills, grass finches, munias and allies","Estrildidae","Passeriformes","M","dark brown, dark maroon, medium orange-buff, medium red-brown, medium tan, medium-dark brown, medium-dark maroon, medium-dark red-brown, pale buff, pale orange-buff, very pale buff, very pale orange-buff"
"Racket-tailed Coquette","Discosura_longicaudus","Hummingbirds","Trochilidae","Apodiformes","F","brownish gray, dark gray, gray, medium yellow-buff, medium-dark yellow-buff, olive-gray, pale gray"
"Racket-tailed Coquette","Discosura_longicaudus","Hummingbirds","Trochilidae","Apodiformes","M","brownish gray, dark gray, dark olive, dark yellow-buff, gray, medium green, medium yellow-buff, medium-dark olive, medium-dark rufous, medium-dark yellow-buff, olive-gray, pale green"
"Raggiana Bird-of-paradise","Paradisaea_raggiana","Birds of paradise","Paradisaeidae","Passeriformes","M","black, brownish gray, dark brown, dark gray, dark olive, dark rufous, dark yellow-buff, gray, medium cream, medium orange-buff, medium yellow-buff, medium-dark brown, medium-dark olive, medium-dark orange-buff, medium-dark rufous, medium-dark yellow-buff"
"Raimondi's Yellow-finch","Sicalis_raimondii","Buntings, American sparrows and allies","Emberizidae","Passeriformes","M","brownish gray, dark yellow-buff, gray, medium yellow-buff, medium-dark yellow-buff"
"Rainbow Bee-eater","Merops_ornatus","Bee-eaters","Meropidae","Coraciiformes","F","blue, dark yellow-buff, medium green, medium yellow-buff, medium-dark green, medium-dark orange-buff, medium-dark rufous, medium-dark yellow-buff, olive-gray"
"Rainbow Lorikeet","Trichoglossus_haematodus","Parrots","Psittacidae","Psittaciformes","F","blue, brownish gray, dark brown, dark olive, dark purple, gray, light blue, medium cream, medium green, medium yellow-buff, medium-dark brown, medium-dark dark purple, medium-dark green, medium-dark olive, medium-dark orange-buff, medium-dark rufous, medium-dark yellow-buff, olive-gray"
"Rainbow Starfrontlet","Coeligena_iris","Hummingbirds","Trochilidae","Apodiformes","M","blue, brownish gray, dark brown, dark gray, medium-dark brown, medium-dark green, medium-dark orange-buff, medium-dark rufous, medium-dark yellow-buff"
"Rainbow-bearded Thornbill","Chalcostigma_herrani","Hummingbirds","Trochilidae","Apodiformes","M","blue, brownish gray, dark brown, dark gray, dark purple, dark rufous, gray, medium-dark olive, medium-dark yellow-buff"
"Rarotonga Starling","Aplonis_cinerascens","Starlings","Sturnidae","Passeriformes","M","brownish gray, gray"
"Razorbill","Alca_torda","Auks","Alcidae","Charadriiformes","F","black, brownish gray, dark gray, gray, pale gray"
"Red Avadavat","Amandava_amandava","Waxbills, grass finches, munias and allies","Estrildidae","Passeriformes","F","medium buff, medium pinkish buff, medium red-brown, medium tan, medium-dark brown, medium-dark maroon, medium-dark red-brown, pale buff, pale pinkish buff, very pale buff, very pale cream, very pale orange-buff"
"Red Avadavat","Amandava_amandava","Waxbills, grass finches, munias and allies","Estrildidae","Passeriformes","M","dark brown, medium buff, medium orange-buff, medium pinkish buff, medium red-brown, medium tan, medium-dark brown, medium-dark maroon, medium-dark red-brown, pale buff, pale pinkish buff, very pale buff, very pale orange-buff"
"Red Bishop","Euplectes_orix","Weavers and allies","Ploceidae","Passeriformes","F","black, brownish gray, dark brown, dark gray, dark yellow-buff, gray, medium cream, medium yellow-buff, medium-dark brown, medium-dark orange-buff, medium-dark rufous, medium-dark yellow-buff, pale gray, very dark yellow-buff"
"Red Crossbill","Loxia_curvirostra","Finches and Hawaiian honeycreepers","Fringillidae","Passeriformes","F","black, brownish gray, dark brown, dark gray, dark rufous, dark yellow-buff, gray, medium orange-buff, medium yellow-buff, medium-dark brown, medium-dark orange-buff, medium-dark rufous, medium-dark yellow-buff"
"Red Junglefowl","Gallus_gallus","Grouse, pheasants and partridges","Phasianidae","Galliformes","F","brownish gray, dark brown, dark gray, dark rufous, dark yellow-buff, gray, medium-dark orange-buff, medium-dark rufous, medium-dark yellow-buff, olive-gray"
"Red Knot","Calidris_canutus","Sandpipers and allies","Scolopacidae","Charadriiformes","F","brownish gray, dark gray, dark rufous, gray, medium orange-buff, medium-dark orange-buff, medium-dark rufous, medium-dark yellow-buff"
"Red Phalarope","Phalaropus_fulicarius","Sandpipers and allies","Scolopacidae","Charadriiformes","F","black, brownish gray, dark brown, dark gray, dark rufous, dark yellow-buff, gray, medium-dark rufous, medium-dark yellow-buff, very dark rufous"
"Red Siskin","Carduelis_cucullata","Finches and Hawaiian honeycreepers","Fringillidae","Passeriformes","F","very pale cream, very pale orange-buff"
"Red Siskin","Carduelis_cucullata","Finches and Hawaiian honeycreepers","Fringillidae","Passeriformes","M","gray, pale gray, very pale buff, very pale cream, very pale orange-buff"
"Red Wattlebird","Anthochaera_carunculata","Honeyeaters","Meliphagidae","Passeriformes","F","brownish gray, dark gray, gray, medium yellow-buff, medium-dark yellow-buff"
"Red-and-black Grosbeak","Periporphyrus_erythromelas","Grosbeaks, saltators and allies","Cardinalidae","Passeriformes","F","black, brownish gray, dark gray, dark yellow-buff, medium-dark yellow-buff"
"Red-and-black Grosbeak","Periporphyrus_erythromelas","Grosbeaks, saltators and allies","Cardinalidae","Passeriformes","M","black, brownish gray, dark brown, dark gray, medium-dark brown"
"Red-and-green Macaw","Ara_chloropterus","Parrots","Psittacidae","Psittaciformes","F","blue, brownish gray, dark brown, dark gray, light blue, medium green, medium yellow-buff, medium-dark brown, medium-dark green, medium-dark olive"
"Red-and-green Macaw","Ara_chloropterus","Parrots","Psittacidae","Psittaciformes","M","blue, brownish gray, dark brown, light blue, medium green, medium yellow-buff, medium-dark brown, medium-dark green, olive-gray"
"Red-backed Fairywren","Malurus_melanocephalus","Australasian wrens","Maluridae","Passeriformes","F","black, brownish gray, dark gray, dark yellow-buff, gray, medium yellow-buff, medium-dark brown, medium-dark rufous, medium-dark yellow-buff"
"Red-backed Sierra-finch","Phrygilus_dorsalis","Buntings, American sparrows and allies","Emberizidae","Passeriformes","M","brownish gray, dark gray, dark rufous, gray"
"Red-bearded Bee-eater","Nyctyornis_amictus","Bee-eaters","Meropidae","Coraciiformes","M","gray, medium green, medium purple, medium tan, medium yellow-buff, medium-dark brown, medium-dark green, medium-dark olive, medium-dark orange-buff, medium-dark red-brown, medium-dark yellow-buff, pale green"
"Red-bellied Pitta","Pitta_erythrogaster","Pittas","Pittidae","Passeriformes","M","blue, brownish gray, dark gray, dark rufous, light blue, medium-dark brown, olive-gray"
"Red-bellied Woodpecker","Melanerpes_carolinus","Woodpeckers","Picidae","Piciformes","F","black, brownish gray, dark brown, dark gray, dark yellow-buff, gray, medium orange-buff, medium yellow-buff, medium-dark brown, medium-dark orange-buff, medium-dark yellow-buff"
"Red-bellied Woodpecker","Melanerpes_carolinus","Woodpeckers","Picidae","Piciformes","M","black, brownish gray, dark rufous, gray, medium-dark rufous, medium-dark yellow-buff"
"Red-billed Firefinch","Lagonosticta_senegala","Waxbills, grass finches, munias and allies","Estrildidae","Passeriformes","F","medium pinkish buff, medium tan, medium-dark brown, pale buff, pale orange-buff, pale pinkish buff, very pale buff, very pale cream, very pale orange-buff"
"Red-billed Firefinch","Lagonosticta_senegala","Waxbills, grass finches, munias and allies","Estrildidae","Passeriformes","M","medium red-brown, medium tan, medium-dark brown, pale buff, pale pinkish buff, very pale buff, very pale orange-buff"
"Red-billed Pied Tanager","Lamprospiza_melanoleuca","Tanagers","Thraupidae","Passeriformes","F","black, dark gray, gray, medium yellow-buff, pale cream"
"Red-billed Pied Tanager","Lamprospiza_melanoleuca","Tanagers","Thraupidae","Passeriformes","M","black, dark gray, gray, olive-gray, pale gray"
"Red-billed Pigeon","Patagioenas_flavirostris","Doves and pigeons","Columbidae","Columbiformes","F","brownish gray, dark brown, dark gray, gray, medium-dark rufous"
"Red-billed Pytilia","Pytilia_lineata","Waxbills, grass finches, munias and allies","Estrildidae","Passeriformes","M","dark rufous, medium orange-buff, medium red-brown, pale buff, pale orange-buff, very pale buff, very pale cream, very pale orange-buff"
"Red-billed Scythebill","Campylorhamphus_trochilirostris","Woodcreepers","Dendrocolaptidae","Passeriformes","M","brownish gray, dark rufous, medium-dark rufous, medium-dark yellow-buff"
"Red-billed Scythebill","Campylorhamphus_trochilirostris","Woodcreepers","Dendrocolaptidae","Passeriformes",NA,"brownish gray, dark rufous, dark yellow-buff, gray, medium-dark rufous, medium-dark yellow-buff"
"Red-billed Woodcreeper","Hylexetastes_perrotii","Woodcreepers","Dendrocolaptidae","Passeriformes","M","brownish gray, dark rufous, dark yellow-buff, medium yellow-buff, medium-dark yellow-buff"
"Red-billed Woodcreeper","Hylexetastes_perrotii","Woodcreepers","Dendrocolaptidae","Passeriformes",NA,"brownish gray, dark rufous, dark yellow-buff, medium yellow-buff, medium-dark yellow-buff"
"Red-breasted Blackbird","Sturnella_militaris","New World blackbirds","Icteridae","Passeriformes","F","black, brownish gray, dark brown, dark gray, dark yellow-buff, gray, medium orange-buff, medium tan, medium yellow-buff, medium-dark brown, medium-dark orange-buff, medium-dark rufous, medium-dark yellow-buff"
"Red-breasted Merganser","Mergus_serrator","Ducks, geese and swans","Anatidae","Anseriformes","F","black, brownish gray, dark gray, dark yellow-buff, gray, medium-dark yellow-buff, pale cream, pale gray"
"Red-breasted Nuthatch","Sitta_canadensis","Nuthatches and Wallcreeper","Sittidae","Passeriformes","F","black, dark gray, dark yellow-buff, gray, medium-dark yellow-buff"
"Red-breasted Sapsucker","Sphyrapicus_ruber","Woodpeckers","Picidae","Piciformes","F","brownish gray, gray, medium yellow-buff, medium-dark brown"
"Red-breasted Toucan","Ramphastos_dicolorus","Toucans and barbets","Ramphastidae","Piciformes","M","dark brown, dark gray, medium yellow-buff"
"Red-browed Finch","Neochmia_temporalis","Waxbills, grass finches, munias and allies","Estrildidae","Passeriformes","F","brownish gray, dark gray, dark yellow-buff, gray, medium yellow-buff, medium-dark yellow-buff, pale buff, pale orange-buff, pale pinkish buff, very pale buff, very pale cream, very pale orange-buff"
"Red-browed Finch","Neochmia_temporalis","Waxbills, grass finches, munias and allies","Estrildidae","Passeriformes","M","medium pinkish buff, medium tan, medium-dark red-brown, pale buff, pale orange-buff, pale pinkish buff, very pale buff, very pale cream, very pale orange-buff"
"Red-browed Pardalote","Pardalotus_rubricatus","Pardalotes","Pardalotidae","Passeriformes","F","black, brownish gray, dark gray, dark yellow-buff, gray, medium cream, medium yellow-buff, medium-dark yellow-buff, pale cream, pale gray"
"Red-capped Cardinal","Paroaria_gularis","Buntings, American sparrows and allies","Emberizidae","Passeriformes","M","brownish gray, dark brown, dark gray, gray"
"Red-capped Lark","Calandrella_cinerea","Larks","Alaudidae","Passeriformes","F","brownish gray, dark gray, dark rufous, dark yellow-buff, gray, medium-dark orange-buff, medium-dark rufous, medium-dark yellow-buff, pale gray"
"Red-capped Manakin","Pipra_mentalis","Manakins","Pipridae","Passeriformes","F","black, brownish gray, dark brown, dark gray, dark yellow-buff, gray, medium yellow-buff, medium-dark brown, medium-dark rufous, medium-dark yellow-buff, olive-gray"
"Red-capped Plover","Charadrius_ruficapillus","Plovers","Charadriidae","Charadriiformes","F","black, brownish gray, dark gray, dark rufous, gray, medium-dark rufous, medium-dark yellow-buff, pale gray"
"Red-capped Robin","Petroica_goodenovii","Australasian robins","Petroicidae","Passeriformes","F","black, brownish gray, dark brown, dark gray, gray, medium-dark brown, pale gray, very dark rufous"
"Red-cheeked Cordonbleu","Uraeginthus_bengalus","Waxbills, grass finches, munias and allies","Estrildidae","Passeriformes","F","light blue, pale buff, pale gray, very pale buff, very pale cream, very pale orange-buff, very pale pinkish buff, very pale purple"
"Red-cheeked Cordonbleu","Uraeginthus_bengalus","Waxbills, grass finches, munias and allies","Estrildidae","Passeriformes","M","light blue, medium tan, medium-dark brown, pale buff, pale gray, pale orange-buff, pale pinkish buff, very pale buff, very pale orange-buff, very pale purple"
"Red-chested Buttonquail","Turnix_pyrrhothorax","Buttonquails","Turnicidae","Charadriiformes","F","brownish gray, dark rufous, dark yellow-buff, gray, medium yellow-buff, medium-dark rufous, medium-dark yellow-buff"
"Red-collared Myzomela","Myzomela_rosenbergii","Honeyeaters","Meliphagidae","Passeriformes","F","black, brownish gray, dark brown, dark gray, dark rufous, dark yellow-buff, gray, medium-dark yellow-buff, very dark rufous"
"Red-cowled Cardinal","Paroaria_dominicana","Buntings, American sparrows and allies","Emberizidae","Passeriformes","M","brownish gray, dark brown, dark gray, gray"
"Red-crested Cardinal","Paroaria_coronata","Buntings, American sparrows and allies","Emberizidae","Passeriformes","F","brownish gray, dark brown, dark gray, gray, medium-dark brown, pale gray"
"Red-crested Cotinga","Ampelion_rubrocristatus","Cotingas","Cotingidae","Passeriformes","F","brownish gray, dark brown, dark gray, gray, pale gray"
"Red-crested Cotinga","Ampelion_rubrocristatus","Cotingas","Cotingidae","Passeriformes","M","brownish gray, dark brown, dark gray, gray, pale gray"
"Red-crested Finch","Coryphospingus_cucullatus","Buntings, American sparrows and allies","Emberizidae","Passeriformes","M","brownish gray, dark brown, dark gray, dark rufous, gray, medium-dark brown, medium-dark orange-buff, medium-dark rufous"
"Red-eared Firetail","Stagonopleura_oculata","Waxbills, grass finches, munias and allies","Estrildidae","Passeriformes","F","black, brownish gray, dark brown, dark gray, dark yellow-buff, gray, medium orange-buff, medium red-brown, medium tan, medium-dark brown, pale buff, pale orange-buff, very pale buff, very pale cream, very pale orange-buff"
"Red-eared Firetail","Stagonopleura_oculata","Waxbills, grass finches, munias and allies","Estrildidae","Passeriformes","M","medium buff, medium orange-buff, medium pinkish buff, medium red-brown, medium tan, medium-dark brown, pale buff, pale orange-buff, pale pinkish buff, very pale buff, very pale cream, very pale orange-buff"
"Red-eared Parrotfinch","Erythrura_coloria","Waxbills, grass finches, munias and allies","Estrildidae","Passeriformes","M","medium green, medium orange-buff, medium pinkish buff, medium tan, medium-dark brown, medium-dark orange-buff, pale buff, pale cream, pale green, pale orange-buff, pale pinkish buff, very pale buff, very pale cream, very pale orange-buff"
"Red-eyed Vireo","Vireo_olivaceus","Vireos and allies","Vireonidae","Passeriformes","F","brownish gray, dark yellow-buff, gray, medium-dark yellow-buff"
"Red-eyed Vireo","Vireo_olivaceus","Vireos and allies","Vireonidae","Passeriformes","M","brownish gray, dark yellow-buff, gray, medium-dark yellow-buff"
"Red-eyed Vireo","Vireo_olivaceus","Vireos and allies","Vireonidae","Passeriformes",NA,"black, brownish gray, dark gray, dark yellow-buff, gray, medium-dark yellow-buff, pale gray"
"Red-faced Cisticola","Cisticola_erythrops","Cisticolas and allies","Cisticolidae","Passeriformes","F","brownish gray, dark yellow-buff, gray, medium yellow-buff, medium-dark yellow-buff"
"Red-faced Cisticola","Cisticola_erythrops","Cisticolas and allies","Cisticolidae","Passeriformes","M","brownish gray, dark yellow-buff, gray, medium yellow-buff, medium-dark yellow-buff"
"Red-faced Crimson-wing","Cryptospiza_reichenovii","Waxbills, grass finches, munias and allies","Estrildidae","Passeriformes","F","black, brownish gray, dark brown, dark gray, dark rufous, dark yellow-buff, gray, medium buff, medium red-brown, medium tan, medium-dark brown, medium-dark orange-buff, medium-dark red-brown, medium-dark yellow-buff, pale cream, very dark yellow-buff, very pale buff, very pale cream"
"Red-faced Crimson-wing","Cryptospiza_reichenovii","Waxbills, grass finches, munias and allies","Estrildidae","Passeriformes","M","medium orange-buff, medium pinkish buff, medium red-brown, medium tan, medium-dark brown, medium-dark maroon, medium-dark orange-buff, medium-dark rufous, pale buff, pale pinkish buff, very pale buff, very pale cream"
"Red-faced Pytilia","Pytilia_hypogrammica","Waxbills, grass finches, munias and allies","Estrildidae","Passeriformes","F","dark rufous, medium red-brown, pale buff, very pale buff, very pale cream, very pale orange-buff"
"Red-faced Pytilia","Pytilia_hypogrammica","Waxbills, grass finches, munias and allies","Estrildidae","Passeriformes","M","medium-dark orange-buff, pale buff, pale orange-buff, very pale buff, very pale orange-buff"
"Red-faced Warbler","Cardellina_rubrifrons","New World warblers","Parulidae","Passeriformes","F","black, brownish gray, dark gray, dark rufous, gray, medium-dark brown, medium-dark rufous, pale gray"
"Red-faced Warbler","Cardellina_rubrifrons","New World warblers","Parulidae","Passeriformes","M","black, brownish gray, dark gray, gray, medium-dark brown, medium-dark orange-buff, medium-dark rufous"
"Red-fan Parrot","Deroptyus_accipitrinus","Parrots","Psittacidae","Psittaciformes","F","brownish gray, dark brown, dark gray, dark olive, dark rufous, gray, light blue, medium cream, medium yellow-buff, medium-dark brown, medium-dark green, medium-dark olive, olive-gray"
"Red-fan Parrot","Deroptyus_accipitrinus","Parrots","Psittacidae","Psittaciformes","M","blue, brownish gray, dark brown, dark gray, dark rufous, light blue, medium cream, medium green, medium yellow-buff, medium-dark brown, medium-dark green, medium-dark olive, olive-gray"
"Red-flanked Lorikeet","Charmosyna_placentis","Parrots","Psittacidae","Psittaciformes","M","blue, medium green, medium yellow-buff, medium-dark brown, medium-dark green"
"Red-fronted Parakeet","Cyanoramphus_novaezelandiae","Parrots","Psittacidae","Psittaciformes","M","blue, dark brown, dark olive, medium-dark green, medium-dark olive, medium-dark rufous"
"Red-headed Bluebill","Spermophaga_ruficapilla","Waxbills, grass finches, munias and allies","Estrildidae","Passeriformes","F","dark maroon, gray, medium pinkish buff, medium red-brown, medium tan, medium-dark brown, medium-dark maroon, pale buff, very pale buff, very pale orange-buff"
"Red-headed Bluebill","Spermophaga_ruficapilla","Waxbills, grass finches, munias and allies","Estrildidae","Passeriformes","M","black, gray, medium buff, medium red-brown, medium tan, medium-dark red-brown, pale buff, very pale buff"
"Red-headed Finch","Amadina_erythrocephala","Waxbills, grass finches, munias and allies","Estrildidae","Passeriformes","F","medium buff, medium pinkish buff, medium red-brown, medium tan, medium-dark brown, medium-dark orange-buff, pale buff, pale orange-buff, very pale buff, very pale cream, very pale orange-buff"
"Red-headed Finch","Amadina_erythrocephala","Waxbills, grass finches, munias and allies","Estrildidae","Passeriformes","M","medium orange-buff, medium pinkish buff, medium tan, medium-dark brown, medium-dark orange-buff, pale buff, pale orange-buff, very pale buff, very pale cream, very pale orange-buff"
"Red-headed Myzomela","Myzomela_erythrocephala","Honeyeaters","Meliphagidae","Passeriformes","M","brownish gray, dark brown, dark gray, gray, medium-dark brown, medium-dark orange-buff, medium-dark rufous, pale gray"
"Red-headed Parrotfinch","Erythrura_cyaneovirens","Waxbills, grass finches, munias and allies","Estrildidae","Passeriformes","F","brownish gray, gray, light blue, medium buff, medium orange-buff, medium pinkish buff, medium red-brown, medium tan, medium yellow-buff, medium-dark brown, medium-dark orange-buff, medium-dark rufous, medium-dark yellow-buff, pale buff, pale green, pale pinkish buff, very pale buff, very pale cream, very pale green, very pale orange-buff, very pale pinkish buff, very pale purple"
"Red-headed Parrotfinch","Erythrura_cyaneovirens","Waxbills, grass finches, munias and allies","Estrildidae","Passeriformes","M","brownish gray, gray, light blue, medium buff, medium cream, medium pinkish buff, medium red-brown, medium tan, medium-dark brown, medium-dark olive, medium-dark orange-buff, medium-dark rufous, medium-dark yellow-buff, olive-gray, pale buff, pale cream, pale pinkish buff, pale purple, very pale buff, very pale cream, very pale green, very pale orange-buff, very pale pinkish buff, very pale purple"
"Red-headed Trogon","Harpactes_erythrocephalus","Trogons","Trogonidae","Trogoniformes",NA,"dark brown, gray, medium-dark brown, medium-dark rufous"
"Red-headed Woodpecker","Melanerpes_erythrocephalus","Woodpeckers","Picidae","Piciformes","F","black, brownish gray, dark brown, dark gray, dark rufous, gray, medium yellow-buff, medium-dark brown, medium-dark yellow-buff"
"Red-headed Woodpecker","Melanerpes_erythrocephalus","Woodpeckers","Picidae","Piciformes","M","black, brownish gray, dark blue, dark brown, dark gray, gray, medium yellow-buff, medium-dark brown, medium-dark yellow-buff"
"Red-kneed Dotterel","Erythrogonys_cinctus","Plovers","Charadriidae","Charadriiformes","F","black, brownish gray, dark gray, gray, pale gray"
"Red-legged Crake","Rallina_fasciata","Rails, crakes and allies","Rallidae","Gruiformes","M","brownish gray, dark gray, dark rufous, gray, medium yellow-buff, medium-dark orange-buff, medium-dark rufous, medium-dark yellow-buff"
"Red-legged Honeycreeper","Cyanerpes_cyaneus","Tanagers","Thraupidae","Passeriformes","F","brownish gray, dark gray, dark olive, gray, medium green, medium yellow-buff, medium-dark green, medium-dark olive, medium-dark yellow-buff, pale cream"
"Red-legged Honeycreeper","Cyanerpes_cyaneus","Tanagers","Thraupidae","Passeriformes","M","black, dark gray, medium cream, medium green, medium yellow-buff, medium-dark dark purple, medium-dark olive, olive-gray, pale cream, very pale green"
"Red-legged Honeycreeper","Cyanerpes_cyaneus","Tanagers","Thraupidae","Passeriformes",NA,"black, blue, brownish gray, dark blue, dark gray, dark olive, dark purple, dark yellow-buff, gray, light blue, medium green, medium yellow-buff, medium-dark green, medium-dark olive, medium-dark yellow-buff, olive-gray"
"Red-legged Partridge","Alectoris_rufa","Grouse, pheasants and partridges","Phasianidae","Galliformes","F","brownish gray, dark gray, dark rufous, gray, medium-dark orange-buff, medium-dark rufous, medium-dark yellow-buff"
"Red-legged Tinamou","Crypturellus_erythropus","Tinamous","Tinamidae","Tinamiformes","M","brownish gray, dark gray, dark rufous, dark yellow-buff, gray, medium cream, medium yellow-buff, medium-dark rufous, medium-dark yellow-buff"
"Red-legged Tinamou","Crypturellus_erythropus","Tinamous","Tinamidae","Tinamiformes",NA,"brownish gray, dark gray, dark rufous, medium cream, medium yellow-buff, medium-dark rufous, medium-dark yellow-buff"
"Red-lored Whistler","Pachycephala_rufogularis","Whistlers","Pachycephalidae","Passeriformes","F","brownish gray, dark gray, gray, medium yellow-buff, medium-dark rufous, medium-dark yellow-buff"
"Red-naped Sapsucker","Sphyrapicus_nuchalis","Woodpeckers","Picidae","Piciformes","F","brownish gray, dark brown, gray, medium cream, medium tan, medium yellow-buff, medium-dark brown, medium-dark orange-buff, pale cream, pale gray"
"Red-naped Sapsucker","Sphyrapicus_nuchalis","Woodpeckers","Picidae","Piciformes","M","brownish gray, gray, medium cream, medium-dark brown, pale cream"
"Red-necked Phalarope","Phalaropus_lobatus","Sandpipers and allies","Scolopacidae","Charadriiformes","F","brownish gray, dark gray, dark rufous, gray, medium-dark orange-buff, medium-dark rufous, medium-dark yellow-buff, pale gray"
"Red-necked Stint","Calidris_ruficollis","Sandpipers and allies","Scolopacidae","Charadriiformes","F","brownish gray, dark gray, dark rufous, gray, medium-dark orange-buff, medium-dark rufous, medium-dark yellow-buff, pale gray"
"Red-necked Tanager","Tangara_cyanocephala","Tanagers","Thraupidae","Passeriformes","M","blue, brownish gray, dark brown, dark gray, dark olive, dark rufous, dark yellow-buff, gray, light blue, medium green, medium-dark green, medium-dark olive, medium-dark rufous, medium-dark yellow-buff, olive-gray"
"Red-necked Woodpecker","Campephilus_rubricollis","Woodpeckers","Picidae","Piciformes","F","black, brownish gray, dark brown, dark gray, dark rufous, gray, medium cream, medium-dark brown, medium-dark orange-buff, medium-dark rufous"
"Red-necked Woodpecker","Campephilus_rubricollis","Woodpeckers","Picidae","Piciformes","M","dark brown, dark gray, dark rufous, gray, medium yellow-buff, medium-dark brown, medium-dark orange-buff, medium-dark rufous, very dark rufous"
"Red-rumped Cacique","Cacicus_haemorrhous","New World blackbirds","Icteridae","Passeriformes","F","black, dark gray, gray, medium tan, medium-dark brown"
"Red-rumped Cacique","Cacicus_haemorrhous","New World blackbirds","Icteridae","Passeriformes","M","black, dark gray, gray, medium tan, medium-dark brown"
"Red-rumped Parrot","Psephotus_haematonotus","Parrots","Psittacidae","Psittaciformes","F","blue, dark olive, dark yellow-buff, gray, medium green, medium yellow-buff, medium-dark brown, medium-dark green, medium-dark olive, medium-dark yellow-buff, olive-gray"
"Red-rumped Waxbill","Estrilda_charmosyna","Waxbills, grass finches, munias and allies","Estrildidae","Passeriformes","F","medium pinkish buff, medium red-brown, medium tan, medium-dark red-brown, pale buff, pale orange-buff, very pale buff, very pale cream, very pale orange-buff"
"Red-rumped Waxbill","Estrilda_charmosyna","Waxbills, grass finches, munias and allies","Estrildidae","Passeriformes","M","medium orange-buff, medium pinkish buff, medium red-brown, medium tan, pale buff, very pale buff, very pale cream, very pale orange-buff"
"Red-shouldered Glossy-starling","Lamprotornis_nitens","Starlings","Sturnidae","Passeriformes","M","blue, dark gray, gray, light blue, medium green, medium-dark green, olive-gray"
"Red-shouldered Hawk","Buteo_lineatus","Osprey, kites, hawks and eagles","Accipitridae","Accipitriformes","M","brownish gray, gray, medium orange-buff, medium yellow-buff, medium-dark orange-buff, medium-dark rufous, medium-dark yellow-buff"
"Red-shouldered Tanager","Tachyphonus_phoenicius","Tanagers","Thraupidae","Passeriformes","M","black, brownish gray, dark gray, dark rufous, gray, medium yellow-buff, medium-dark rufous, medium-dark yellow-buff"
"Red-stained Woodpecker","Veniliornis_affinis","Woodpeckers","Picidae","Piciformes","F","brownish gray, medium yellow-buff, medium-dark rufous, medium-dark yellow-buff"
"Red-stained Woodpecker","Veniliornis_affinis","Woodpeckers","Picidae","Piciformes","M","brownish gray, dark brown, medium yellow-buff, medium-dark rufous, medium-dark yellow-buff"
"Red-tailed Black-cockatoo","Calyptorhynchus_banksii","Parrots","Psittacidae","Psittaciformes","F","brownish gray, dark brown, dark gray, gray, medium-dark brown, medium-dark rufous, medium-dark yellow-buff"
"Red-tailed Comet","Sappho_sparganura","Hummingbirds","Trochilidae","Apodiformes","F","blue, brownish gray, dark brown, dark gray, dark maroon, dark olive, dark rufous, dark yellow-buff, gray, medium-dark brown, medium-dark green, medium-dark olive, medium-dark rufous, medium-dark yellow-buff"
"Red-tailed Hawk","Buteo_jamaicensis","Osprey, kites, hawks and eagles","Accipitridae","Accipitriformes","F","brownish gray, dark gray, dark rufous, gray, medium-dark rufous, pale gray"
"Red-tailed Laughingthrush","Garrulax_milnei","Babblers and parrotbills","Timaliidae","Passeriformes","F","brownish gray, dark brown, dark rufous, dark yellow-buff, gray, medium-dark brown"
"Red-tailed Laughingthrush","Garrulax_milnei","Babblers and parrotbills","Timaliidae","Passeriformes","M","brownish gray, dark brown, dark rufous, gray, medium-dark brown"
"Red-tailed Tropicbird","Phaethon_rubricauda","Tropicbirds","Phaethontidae","Phaethontiformes","M","gray, pale cream"
"Red-throated Alethe","Alethe_poliophrys","Thrushes","Turdidae","Passeriformes","F","black, brownish gray, dark gray, dark rufous, dark yellow-buff, gray, medium-dark rufous, medium-dark yellow-buff, pale gray"
"Red-throated Caracara","Ibycter_americanus","Falcons and caracaras","Falconidae","Falconiformes","F","black, dark gray, gray, olive-gray"
"Red-throated Caracara","Ibycter_americanus","Falcons and caracaras","Falconidae","Falconiformes","M","black, dark gray, gray, olive-gray"
"Red-throated Loon","Gavia_stellata","Loons or divers","Gaviidae","Gaviiformes","F","brownish gray, dark brown, dark gray, dark rufous, gray, pale gray, very dark rufous"
"Red-throated Parrotfinch","Erythrura_psittacea","Waxbills, grass finches, munias and allies","Estrildidae","Passeriformes","F","dark yellow-buff, medium cream, medium red-brown, medium tan, medium-dark maroon, medium-dark yellow-buff, pale cream, very pale buff, very pale cream, very pale green, very pale orange-buff"
"Red-throated Parrotfinch","Erythrura_psittacea","Waxbills, grass finches, munias and allies","Estrildidae","Passeriformes","M","medium green, medium orange-buff, medium red-brown, medium tan, medium-dark green, medium-dark yellow-buff, pale buff, pale cream, pale green, very pale buff"
"Red-tufted Sunbird","Nectarinia_johnstoni","Sunbirds","Nectariniidae","Passeriformes","F","brownish gray, dark gray, gray, medium yellow-buff"
"Red-tufted Sunbird","Nectarinia_johnstoni","Sunbirds","Nectariniidae","Passeriformes","M","black, brownish gray, dark gray, dark olive, medium green, medium orange-buff, olive-gray"
"Red-vented Bulbul","Pycnonotus_cafer","Bulbuls","Pycnonotidae","Passeriformes","M","brownish gray, dark gray, gray, medium-dark brown, pale cream"
"Red-winged Blackbird","Agelaius_phoeniceus","New World blackbirds","Icteridae","Passeriformes","F","black, brownish gray, dark blue, dark brown, dark gray, dark rufous, dark yellow-buff, gray, medium orange-buff, medium yellow-buff, medium-dark brown, medium-dark rufous, medium-dark yellow-buff"
"Red-winged Fairywren","Malurus_elegans","Australasian wrens","Maluridae","Passeriformes","F","black, blue, brownish gray, dark blue, dark gray, gray, light blue, olive-gray"
"Red-winged Parrot","Aprosmictus_erythropterus","Parrots","Psittacidae","Psittaciformes","M","blue, dark gray, light blue, medium green, medium-dark brown, medium-dark green, medium-dark orange-buff, medium-dark yellow-buff"
"Red-winged Pytilia","Pytilia_phoenicoptera","Waxbills, grass finches, munias and allies","Estrildidae","Passeriformes","F","dark yellow-buff, medium orange-buff, medium pinkish buff, medium tan, medium yellow-buff, pale buff, very pale buff, very pale cream, very pale orange-buff"
"Red-winged Pytilia","Pytilia_phoenicoptera","Waxbills, grass finches, munias and allies","Estrildidae","Passeriformes","M","medium orange-buff, medium red-brown, medium tan, pale buff, pale orange-buff, very pale buff, very pale cream, very pale orange-buff"
"Red-winged Starling","Onychognathus_morio","Starlings","Sturnidae","Passeriformes","M","blue, brownish gray, dark gray, dark rufous, gray, medium-dark orange-buff, medium-dark rufous"
"Reddish Hermit","Phaethornis_ruber","Hummingbirds","Trochilidae","Apodiformes","M","brownish gray, dark gray, dark rufous, dark yellow-buff, gray, medium orange-buff, medium-dark orange-buff, medium-dark rufous, medium-dark yellow-buff"
"Reddish Hermit","Phaethornis_ruber","Hummingbirds","Trochilidae","Apodiformes",NA,"brownish gray, dark rufous, gray, medium orange-buff, medium yellow-buff, medium-dark rufous, medium-dark yellow-buff"
"Redhead","Aythya_americana","Ducks, geese and swans","Anatidae","Anseriformes","M","brownish gray, dark rufous, gray, medium-dark yellow-buff"
"Redthroat","Pyrrholaemus_brunneus","Thornbills and gerygones","Acanthizidae","Passeriformes","F","black, brownish gray, dark gray, dark rufous, dark yellow-buff, gray, medium-dark yellow-buff"
"Reed Bunting","Emberiza_schoeniclus","Buntings, American sparrows and allies","Emberizidae","Passeriformes","F","black, brownish gray, dark gray, dark rufous, dark yellow-buff, gray, medium-dark rufous, medium-dark yellow-buff, very dark rufous"
"Regent Bowerbird","Sericulus_chrysocephalus","Bowerbirds","Ptilonorhynchidae","Passeriformes","F","black, brownish gray, dark gray, gray, medium cream, medium yellow-buff, medium-dark orange-buff, medium-dark rufous, medium-dark yellow-buff, pale cream"
"Regent Whistler","Pachycephala_schlegelii","Whistlers","Pachycephalidae","Passeriformes","M","brownish gray, dark gray, dark yellow-buff, gray, medium cream, medium yellow-buff, medium-dark yellow-buff, pale cream, pale gray"
"Resplendent Quetzal","Pharomachrus_mocinno","Trogons","Trogonidae","Trogoniformes","M","brownish gray, medium tan, medium-dark green, medium-dark olive, medium-dark rufous, pale gray"
"Restless Flycatcher","Myiagra_inquieta","Monarchs","Monarchidae","Passeriformes","F","blue, dark blue, dark gray, gray, pale gray"
"Rhinoceros Auklet","Cerorhinca_monocerata","Auks","Alcidae","Charadriiformes",NA,"gray"
"Rifleman","Acanthisitta_chloris","New Zealand wrens","Acanthisittidae","Passeriformes","F","brownish gray, gray, medium yellow-buff, medium-dark yellow-buff"
"Rifleman","Acanthisitta_chloris","New Zealand wrens","Acanthisittidae","Passeriformes","M","gray, medium-dark olive"
"Ring-billed Gull","Larus_delawarensis","Gulls and terns","Laridae","Charadriiformes","F","gray, pale gray"
"Ring-necked Duck","Aythya_collaris","Ducks, geese and swans","Anatidae","Anseriformes","F","brownish gray, dark gray, gray, pale gray"
"Ringed Antpipit","Corythopis_torquatus","Tyrant-flycatchers","Tyrannidae","Passeriformes","F","brownish gray, dark gray, dark rufous, dark yellow-buff, gray, pale gray"
"Ringed Antpipit","Corythopis_torquatus","Tyrant-flycatchers","Tyrannidae","Passeriformes","M","brownish gray, dark gray, dark yellow-buff, gray, pale gray"
"Ringed Kingfisher","Megaceryle_torquata","Kingfishers","Alcedinidae","Coraciiformes","F","blue, brownish gray, dark gray, dark rufous, gray, medium-dark orange-buff, medium-dark rufous, olive-gray, pale cream, pale gray"
"Ringed Kingfisher","Megaceryle_torquata","Kingfishers","Alcedinidae","Coraciiformes","M","black, brownish gray, dark gray, dark rufous, gray, light blue, medium yellow-buff, medium-dark rufous, pale cream, pale gray"
"Ringed Warbling-finch","Poospiza_torquata","Buntings, American sparrows and allies","Emberizidae","Passeriformes","M","brownish gray, dark gray, dark rufous, dark yellow-buff, gray, medium-dark yellow-buff"
"Ringed Woodpecker","Celeus_torquatus","Woodpeckers","Picidae","Piciformes","F","brownish gray, dark gray, dark rufous, medium-dark brown, medium-dark orange-buff, medium-dark rufous"
"Ringed Woodpecker","Celeus_torquatus","Woodpeckers","Picidae","Piciformes","M","brownish gray, dark brown, dark gray, dark rufous, medium-dark rufous, medium-dark yellow-buff"
"Roadside Hawk","Buteo_magnirostris","Osprey, kites, hawks and eagles","Accipitridae","Accipitriformes","F","brownish gray, dark gray, gray"
"Robin Accentor","Prunella_rubeculoides","Accentors","Prunellidae","Passeriformes","F","brownish gray, gray, medium yellow-buff, medium-dark rufous, medium-dark yellow-buff"
"Robin Accentor","Prunella_rubeculoides","Accentors","Prunellidae","Passeriformes","M","brownish gray, dark rufous, gray, medium-dark orange-buff, medium-dark rufous"
"Rock Partridge","Alectoris_graeca","Grouse, pheasants and partridges","Phasianidae","Galliformes","F","brownish gray, gray, medium yellow-buff, medium-dark rufous, medium-dark yellow-buff"
"Rock Pigeon","Columba_livia","Doves and pigeons","Columbidae","Columbiformes","F","brownish gray, dark gray, gray"
"Rock Pigeon","Columba_livia","Doves and pigeons","Columbidae","Columbiformes","M","black, brownish gray, dark gray, gray, olive-gray"
"Rock Ptarmigan","Lagopus_muta","Grouse, pheasants and partridges","Phasianidae","Galliformes","F","brownish gray, dark gray, dark rufous, dark yellow-buff, gray, medium yellow-buff, medium-dark yellow-buff"
"Rock Sandpiper","Calidris_ptilocnemis","Sandpipers and allies","Scolopacidae","Charadriiformes","F","brownish gray, dark rufous, dark yellow-buff, gray, medium-dark rufous, medium-dark yellow-buff, pale gray"
"Rock Sparrow","Petronia_petronia","Sparrows, snowfinches and allies","Passeridae","Passeriformes","F","brownish gray, gray, medium cream, medium yellow-buff, medium-dark yellow-buff, pale cream, pale gray"
"Rock Wren","Salpinctes_obsoletus","Wrens","Troglodytidae","Passeriformes","F","dark rufous, gray, medium yellow-buff, medium-dark orange-buff, medium-dark rufous, medium-dark yellow-buff"
"Rook","Corvus_frugilegus","Crows and jays","Corvidae","Passeriformes","F","black, blue, dark gray, gray"
"Rose Robin","Petroica_rosea","Australasian robins","Petroicidae","Passeriformes","F","black, brownish gray, dark brown, dark gray, dark maroon, gray, medium-dark brown, medium-dark maroon, medium-dark orange-buff"
"Rose-bellied Bunting","Passerina_rositae","Buntings, American sparrows and allies","Emberizidae","Passeriformes",NA,"blue, gray, light blue, medium buff, medium orange-buff, medium purple, medium red-brown, medium tan, medium yellow-buff, medium-dark dark purple, pale buff, pale gray, pale orange-buff"
"Rose-breasted Grosbeak","Pheucticus_ludovicianus","Grosbeaks, saltators and allies","Cardinalidae","Passeriformes","F","black, brownish gray, dark brown, dark gray, dark yellow-buff, gray, medium yellow-buff, medium-dark brown, medium-dark yellow-buff"
"Rose-crowned Fruit-dove","Ptilinopus_regina","Doves and pigeons","Columbidae","Columbiformes","M","blue, brownish gray, dark blue, dark maroon, dark olive, dark yellow-buff, gray, medium cream, medium red-brown, medium tan, medium yellow-buff, medium-dark brown, medium-dark green, medium-dark olive, medium-dark orange-buff, medium-dark red-brown, medium-dark rufous, medium-dark yellow-buff, olive-gray, pale cream, very dark maroon, very dark olive, very dark yellow-buff"
"Rosy Starling","Sturnus_roseus","Starlings","Sturnidae","Passeriformes","F","brownish gray, dark blue, dark gray, gray, medium orange-buff, medium yellow-buff, medium-dark orange-buff, medium-dark rufous, medium-dark yellow-buff, olive-gray, pale orange-buff"
"Rotuma Myzomela","Myzomela_chermesina","Honeyeaters","Meliphagidae","Passeriformes","M","brownish gray, dark brown, dark gray, dark rufous, gray, medium-dark brown, medium-dark rufous, medium-dark yellow-buff"
"Rough-legged Hawk","Buteo_lagopus","Osprey, kites, hawks and eagles","Accipitridae","Accipitriformes","F","black, brownish gray, dark gray, gray"
"Round-tailed Manakin","Pipra_chloromeros","Manakins","Pipridae","Passeriformes","F","brownish gray, dark yellow-buff, gray, medium yellow-buff, medium-dark yellow-buff"
"Round-tailed Manakin","Pipra_chloromeros","Manakins","Pipridae","Passeriformes","M","black, brownish gray, dark brown, dark gray, dark yellow-buff, medium cream, medium yellow-buff, medium-dark yellow-buff, pale cream"
"Royal Spoonbill","Platalea_regia","Ibises and spoonbills","Threskiornithidae","Pelecaniformes","M","gray, pale cream"
"Ruby-cheeked Sunbird","Anthreptes_singalensis","Sunbirds","Nectariniidae","Passeriformes","F","brownish gray, gray, medium yellow-buff, medium-dark yellow-buff, pale cream"
"Ruby-cheeked Sunbird","Anthreptes_singalensis","Sunbirds","Nectariniidae","Passeriformes","M","black, brownish gray, dark gray, medium cream, medium green, medium yellow-buff, medium-dark rufous"
"Ruby-crowned Kinglet","Regulus_calendula","Goldcrests and kinglets","Reguliidae","Passeriformes","F","black, brownish gray, dark brown, dark gray, gray, medium yellow-buff, medium-dark brown, medium-dark orange-buff, medium-dark rufous, medium-dark yellow-buff"
"Ruby-crowned Tanager","Tachyphonus_coronatus","Tanagers","Thraupidae","Passeriformes","M","brownish gray, dark brown, dark gray, dark rufous, dark yellow-buff, gray, medium-dark brown, medium-dark rufous, medium-dark yellow-buff"
"Ruby-throated Hummingbird","Archilochus_colubris","Hummingbirds","Trochilidae","Apodiformes","F","black, brownish gray, dark yellow-buff, gray, medium-dark yellow-buff"
"Ruby-throated Hummingbird","Archilochus_colubris","Hummingbirds","Trochilidae","Apodiformes","M","black, brownish gray, dark brown, dark gray, dark olive, dark yellow-buff, gray, medium-dark brown, medium-dark olive, medium-dark yellow-buff, very dark yellow-buff"
"Ruddy Foliage-gleaner","Automolus_rubiginosus","Ovenbirds","Furnariidae","Passeriformes","F","brownish gray, dark rufous, medium yellow-buff, medium-dark rufous, medium-dark yellow-buff"
"Ruddy Foliage-gleaner","Automolus_rubiginosus","Ovenbirds","Furnariidae","Passeriformes","M","brownish gray, dark brown, dark rufous, medium yellow-buff, medium-dark rufous, medium-dark yellow-buff"
"Ruddy Ground-dove","Columbina_talpacoti","Doves and pigeons","Columbidae","Columbiformes","F","brownish gray, dark rufous, dark yellow-buff, gray, medium-dark rufous, medium-dark yellow-buff"
"Ruddy Pigeon","Patagioenas_subvinacea","Doves and pigeons","Columbidae","Columbiformes","F","black, brownish gray, dark gray, gray, medium cream, medium yellow-buff, medium-dark orange-buff, medium-dark rufous, olive-gray, very dark olive"
"Ruddy Pigeon","Patagioenas_subvinacea","Doves and pigeons","Columbidae","Columbiformes","M","black, brownish gray, dark gray, dark olive, gray, light blue, medium-dark brown, medium-dark orange-buff, olive-gray"
"Ruddy Quail-dove","Geotrygon_montana","Doves and pigeons","Columbidae","Columbiformes","F","brownish gray, dark rufous, dark yellow-buff, gray, medium cream, medium orange-buff, medium yellow-buff, medium-dark orange-buff, medium-dark rufous, pale cream"
"Ruddy Quail-dove","Geotrygon_montana","Doves and pigeons","Columbidae","Columbiformes","M","brownish gray, dark rufous, gray, medium cream, medium orange-buff, medium yellow-buff, medium-dark brown, medium-dark orange-buff, medium-dark rufous, pale cream"
"Ruddy Turnstone","Arenaria_interpres","Sandpipers and allies","Scolopacidae","Charadriiformes","F","brownish gray, dark gray, dark rufous, gray, medium yellow-buff, medium-dark orange-buff, medium-dark rufous, pale cream, pale gray"
"Ruddy Woodcreeper","Dendrocincla_homochroa","Woodcreepers","Dendrocolaptidae","Passeriformes","F","brownish gray, dark rufous, dark yellow-buff, medium-dark rufous, medium-dark yellow-buff, very dark rufous"
"Ruddy Woodcreeper","Dendrocincla_homochroa","Woodcreepers","Dendrocolaptidae","Passeriformes","M","dark rufous, dark yellow-buff, medium-dark rufous, medium-dark yellow-buff"
"Ruddy-breasted Seedeater","Sporophila_minuta","Buntings, American sparrows and allies","Emberizidae","Passeriformes","M","brownish gray, dark gray, dark rufous, gray, medium yellow-buff, medium-dark orange-buff, medium-dark rufous, medium-dark yellow-buff"
"Ruddy-tailed Flycatcher","Terenotriccus_erythrurus","Tyrant-flycatchers","Tyrannidae","Passeriformes","F","brownish gray, dark rufous, gray, medium orange-buff, medium yellow-buff, medium-dark orange-buff, medium-dark rufous, medium-dark yellow-buff"
"Ruddy-tailed Flycatcher","Terenotriccus_erythrurus","Tyrant-flycatchers","Tyrannidae","Passeriformes","M","brownish gray, dark gray, dark rufous, dark yellow-buff, gray, medium yellow-buff, medium-dark rufous, medium-dark yellow-buff"
"Rueppell's Glossy-starling","Lamprotornis_purpuroptera","Starlings","Sturnidae","Passeriformes","M","blue, brownish gray, dark gray, dark maroon, dark purple, gray, light blue, medium green, medium-dark dark purple, medium-dark green, medium-dark yellow-buff, olive-gray"
"Rufescent Tiger-heron","Tigrisoma_lineatum","Herons and egrets","Ardeidae","Pelecaniformes","F","brownish gray, dark gray, dark rufous, gray, medium-dark rufous, medium-dark yellow-buff, pale gray"
"Rufescent Tiger-heron","Tigrisoma_lineatum","Herons and egrets","Ardeidae","Pelecaniformes","M","brownish gray, dark gray, dark rufous, gray, medium yellow-buff, medium-dark orange-buff, medium-dark rufous, medium-dark yellow-buff, pale cream, pale gray"
"Ruff","Philomachus_pugnax","Sandpipers and allies","Scolopacidae","Charadriiformes","F","brownish gray, dark gray, dark rufous, dark yellow-buff, gray, medium-dark rufous, very dark rufous"
"Ruffed Grouse","Bonasa_umbellus","Grouse, pheasants and partridges","Phasianidae","Galliformes","F","black, brownish gray, dark gray, dark rufous, gray, medium yellow-buff, medium-dark orange-buff, medium-dark rufous, medium-dark yellow-buff, pale gray"
"Rufous Bristlebird","Dasyornis_broadbenti","Bristlebirds","Dasyornithidae","Passeriformes","F","brownish gray, dark rufous, gray, medium-dark rufous, medium-dark yellow-buff"
"Rufous Fantail","Rhipidura_rufifrons","Fantails","Rhipiduridae","Passeriformes","M","brownish gray, dark gray, gray, medium yellow-buff, medium-dark orange-buff, medium-dark rufous, medium-dark yellow-buff, pale gray"
"Rufous Fieldwren","Calamanthus_campestris","Thornbills and gerygones","Acanthizidae","Passeriformes","F","brownish gray, dark rufous, dark yellow-buff, gray, medium yellow-buff, medium-dark rufous, medium-dark yellow-buff"
"Rufous Hornero","Furnarius_rufus","Ovenbirds","Furnariidae","Passeriformes","M","gray, medium orange-buff, medium yellow-buff, medium-dark orange-buff, medium-dark rufous"
"Rufous Hummingbird","Selasphorus_rufus","Hummingbirds","Trochilidae","Apodiformes","F","brownish gray, gray, medium green, medium yellow-buff, medium-dark green, medium-dark yellow-buff"
"Rufous Hummingbird","Selasphorus_rufus","Hummingbirds","Trochilidae","Apodiformes","M","brownish gray, gray, medium red-brown, medium tan, medium yellow-buff, medium-dark brown, medium-dark orange-buff, medium-dark rufous, medium-dark yellow-buff"
"Rufous Motmot","Baryphthengus_martii","Motmots","Momotidae","Coraciiformes","F","black, blue, dark gray, dark olive, dark rufous, light blue, medium-dark green, medium-dark olive, medium-dark orange-buff, medium-dark rufous, medium-dark yellow-buff"
"Rufous Motmot","Baryphthengus_martii","Motmots","Momotidae","Coraciiformes","M","black, blue, brownish gray, dark blue, dark gray, dark olive, dark rufous, dark yellow-buff, gray, light blue, medium-dark green, medium-dark olive, medium-dark rufous, medium-dark yellow-buff, olive-gray, very dark rufous"
"Rufous Songlark","Cincloramphus_mathewsi","Old World warblers","Sylviidae","Passeriformes","F","brownish gray, dark yellow-buff, gray, medium-dark yellow-buff"
"Rufous Treecreeper","Climacteris_rufus","Australian treecreepers","Climacteridae","Passeriformes","F","brownish gray, dark gray, dark rufous, dark yellow-buff, gray, medium-dark orange-buff, medium-dark rufous, medium-dark yellow-buff"
"Rufous Whistler","Pachycephala_rufiventris","Whistlers","Pachycephalidae","Passeriformes","F","brownish gray, dark gray, gray, medium yellow-buff, medium-dark rufous, medium-dark yellow-buff"
"Rufous-backed Fantail","Rhipidura_rufidorsa","Fantails","Rhipiduridae","Passeriformes","M","brownish gray, dark rufous, gray, medium cream, medium yellow-buff, medium-dark rufous, pale gray"
"Rufous-backed Honeyeater","Ptiloprora_guisei","Honeyeaters","Meliphagidae","Passeriformes","F","black, brownish gray, dark gray, dark rufous, dark yellow-buff, gray"
"Rufous-backed Inca-finch","Incaspiza_personata","Buntings, American sparrows and allies","Emberizidae","Passeriformes","M","black, brownish gray, dark gray, gray"
"Rufous-backed Robin","Turdus_rufopalliatus","Thrushes","Turdidae","Passeriformes","F","brownish gray, gray, medium cream, medium yellow-buff, medium-dark orange-buff, medium-dark rufous, medium-dark yellow-buff, pale cream"
"Rufous-backed Robin","Turdus_rufopalliatus","Thrushes","Turdidae","Passeriformes","M","brownish gray, gray, medium orange-buff, medium yellow-buff, medium-dark orange-buff, medium-dark yellow-buff, pale cream"
"Rufous-banded Honeyeater","Conopophila_albogularis","Honeyeaters","Meliphagidae","Passeriformes","F","brownish gray, dark gray, gray, pale gray"
"Rufous-bellied Antwren","Myrmotherula_guttata","Antbirds","Thamnophilidae","Passeriformes","F","brownish gray, dark gray, dark rufous, gray, medium orange-buff, medium yellow-buff, medium-dark orange-buff, medium-dark rufous, medium-dark yellow-buff, pale gray"
"Rufous-bellied Antwren","Myrmotherula_guttata","Antbirds","Thamnophilidae","Passeriformes","M","brownish gray, dark gray, gray, medium orange-buff, medium yellow-buff, medium-dark orange-buff, medium-dark rufous, medium-dark yellow-buff, pale gray"
"Rufous-bellied Kookaburra","Dacelo_gaudichaud","Kingfishers","Alcedinidae","Coraciiformes","M","blue, dark gray, dark rufous, gray, light blue, medium yellow-buff, medium-dark rufous"
"Rufous-bellied Saltator","Saltator_rufiventris","Grosbeaks, saltators and allies","Cardinalidae","Passeriformes","M","brownish gray, dark gray, dark rufous, gray, medium-dark rufous, medium-dark yellow-buff"
"Rufous-bellied Seedsnipe","Attagis_gayi","Seedsnipes","Thinocoridae","Charadriiformes","F","brownish gray, dark gray, dark rufous, gray, medium orange-buff, medium yellow-buff, medium-dark orange-buff, medium-dark rufous, medium-dark yellow-buff"
"Rufous-breasted Hermit","Glaucis_hirsutus","Hummingbirds","Trochilidae","Apodiformes","F","black, brownish gray, dark gray, dark rufous, dark yellow-buff, gray, medium yellow-buff, medium-dark rufous, medium-dark yellow-buff, olive-gray, very dark olive"
"Rufous-breasted Hermit","Glaucis_hirsutus","Hummingbirds","Trochilidae","Apodiformes","M","black, brownish gray, dark gray, dark olive, dark yellow-buff, gray, medium green, medium yellow-buff, medium-dark orange-buff, medium-dark rufous, medium-dark yellow-buff, olive-gray"
"Rufous-breasted Piculet","Picumnus_rufiventris","Woodpeckers","Picidae","Piciformes","F","black, brownish gray, dark gray, dark rufous, dark yellow-buff, gray, medium yellow-buff, medium-dark yellow-buff"
"Rufous-breasted Piculet","Picumnus_rufiventris","Woodpeckers","Picidae","Piciformes","M","black, brownish gray, dark brown, dark gray, dark rufous, dark yellow-buff, gray, medium-dark rufous"
"Rufous-breasted Warbling-finch","Poospiza_rubecula","Buntings, American sparrows and allies","Emberizidae","Passeriformes","M","brownish gray, dark gray, dark rufous"
"Rufous-browed Conebill","Conirostrum_rufum","Tanagers","Thraupidae","Passeriformes","M","brownish gray, dark gray, dark rufous, gray, medium-dark rufous, medium-dark yellow-buff"
"Rufous-browed Hemispingus","Hemispingus_rufosuperciliaris","Tanagers","Thraupidae","Passeriformes","M","brownish gray, dark gray, dark rufous, dark yellow-buff, gray, medium-dark rufous, medium-dark yellow-buff"
"Rufous-browed Peppershrike","Cyclarhis_gujanensis","Vireos and allies","Vireonidae","Passeriformes","F","brownish gray, dark gray, dark rufous, dark yellow-buff, gray, medium yellow-buff, medium-dark rufous, medium-dark yellow-buff, pale cream, pale gray"
"Rufous-browed Peppershrike","Cyclarhis_gujanensis","Vireos and allies","Vireonidae","Passeriformes","M","brownish gray, dark gray, dark rufous, gray, medium cream, medium yellow-buff, medium-dark rufous, medium-dark yellow-buff, pale gray"
"Rufous-browed Peppershrike","Cyclarhis_gujanensis","Vireos and allies","Vireonidae","Passeriformes",NA,"brownish gray, gray, medium yellow-buff, medium-dark rufous, medium-dark yellow-buff"
"Rufous-capped Antthrush","Formicarius_colma","Antthrushes and antpittas","Formicariidae","Passeriformes","F","brownish gray, dark gray, dark rufous, dark yellow-buff, gray, medium-dark orange-buff, medium-dark yellow-buff"
"Rufous-capped Antthrush","Formicarius_colma","Antthrushes and antpittas","Formicariidae","Passeriformes","M","black, brownish gray, dark brown, dark gray, dark rufous, dark yellow-buff, gray, medium-dark rufous, medium-dark yellow-buff"
"Rufous-capped Brush-finch","Atlapetes_pileatus","Buntings, American sparrows and allies","Emberizidae","Passeriformes","F","brownish gray, dark gray, dark rufous, dark yellow-buff, gray, medium yellow-buff, medium-dark yellow-buff"
"Rufous-capped Thornbill","Chalcostigma_ruficeps","Hummingbirds","Trochilidae","Apodiformes","M","black, brownish gray, medium-dark olive, medium-dark yellow-buff"
"Rufous-capped Warbler","Basileuterus_rufifrons","New World warblers","Parulidae","Passeriformes","F","brownish gray, dark rufous, dark yellow-buff, gray, medium cream, medium yellow-buff, medium-dark rufous, medium-dark yellow-buff, very dark rufous, very dark yellow-buff"
"Rufous-cheeked Tanager","Tangara_rufigenis","Tanagers","Thraupidae","Passeriformes","M","brownish gray, dark gray, dark olive, dark rufous, dark yellow-buff, gray, medium green, medium-dark green, medium-dark olive, medium-dark yellow-buff"
"Rufous-chested Tanager","Thlypopsis_ornata","Tanagers","Thraupidae","Passeriformes","M","brownish gray, dark rufous, dark yellow-buff, gray, medium yellow-buff, medium-dark rufous, medium-dark yellow-buff"
"Rufous-collared Sparrow","Zonotrichia_capensis","Buntings, American sparrows and allies","Emberizidae","Passeriformes","F","brownish gray, dark gray, gray, medium-dark orange-buff, medium-dark yellow-buff"
"Rufous-collared Sparrow","Zonotrichia_capensis","Buntings, American sparrows and allies","Emberizidae","Passeriformes","M","brownish gray, dark gray, gray, medium-dark orange-buff, medium-dark rufous, medium-dark yellow-buff"
"Rufous-collared Sparrow","Zonotrichia_capensis","Buntings, American sparrows and allies","Emberizidae","Passeriformes",NA,"brownish gray, dark gray, dark rufous, dark yellow-buff, gray, medium-dark orange-buff, medium-dark rufous, medium-dark yellow-buff, pale gray"
"Rufous-crested Tanager","Creurgops_verticalis","Tanagers","Thraupidae","Passeriformes","M","brownish gray, dark gray, dark rufous, dark yellow-buff, gray, medium-dark rufous, medium-dark yellow-buff"
"Rufous-crowned Sparrow","Aimophila_ruficeps","Buntings, American sparrows and allies","Emberizidae","Passeriformes","F","brownish gray, dark rufous, gray, medium-dark rufous"
"Rufous-headed Tanager","Hemithraupis_ruficapilla","Tanagers","Thraupidae","Passeriformes","M","brownish gray, dark rufous, dark yellow-buff, gray, medium yellow-buff, medium-dark rufous, medium-dark yellow-buff"
"Rufous-naped Whistler","Aleadryas_rufinucha","Whistlers","Pachycephalidae","Passeriformes","F","black, brownish gray, dark brown, dark gray, dark rufous, dark yellow-buff, gray, medium yellow-buff, medium-dark rufous, medium-dark yellow-buff, very dark rufous, very dark yellow-buff"
"Rufous-rumped Foliage-gleaner","Philydor_erythrocercum","Ovenbirds","Furnariidae","Passeriformes","F","brownish gray, dark brown, dark gray, dark rufous, dark yellow-buff, gray, medium cream, medium yellow-buff, medium-dark yellow-buff, pale cream, very dark rufous"
"Rufous-rumped Foliage-gleaner","Philydor_erythrocercum","Ovenbirds","Furnariidae","Passeriformes","M","brownish gray, dark rufous, dark yellow-buff, gray, medium cream, medium yellow-buff, medium-dark yellow-buff, pale cream, very dark rufous"
"Rufous-rumped Seedeater","Sporophila_hypochroma","Buntings, American sparrows and allies","Emberizidae","Passeriformes","M","brownish gray, dark gray, dark rufous, dark yellow-buff, gray, medium-dark yellow-buff"
"Rufous-sided Warbling-finch","Poospiza_hypochondria","Buntings, American sparrows and allies","Emberizidae","Passeriformes","M","brownish gray, dark gray, dark rufous, dark yellow-buff, gray, medium-dark rufous, medium-dark yellow-buff"
"Rufous-tailed Flatbill","Ramphotrigon_ruficauda","Tyrant-flycatchers","Tyrannidae","Passeriformes","F","brownish gray, dark rufous, dark yellow-buff, gray, medium-dark rufous, medium-dark yellow-buff, pale cream"
"Rufous-tailed Flatbill","Ramphotrigon_ruficauda","Tyrant-flycatchers","Tyrannidae","Passeriformes","M","brownish gray, dark gray, dark rufous, gray, medium cream, medium yellow-buff, medium-dark rufous, medium-dark yellow-buff, pale cream"
"Rufous-tailed Foliage-gleaner","Philydor_ruficaudatum","Ovenbirds","Furnariidae","Passeriformes",NA,"black, dark gray, dark olive, dark yellow-buff, gray, medium yellow-buff, medium-dark yellow-buff, olive-gray, very dark olive"
"Rufous-tailed Hummingbird","Amazilia_tzacatl","Hummingbirds","Trochilidae","Apodiformes","M","brownish gray, dark rufous, medium-dark green, medium-dark olive, medium-dark rufous, medium-dark yellow-buff"
"Rufous-tailed Jacamar","Galbula_ruficauda","Jacamars","Galbulidae","Piciformes","F","black, brownish gray, dark yellow-buff, gray, medium yellow-buff, medium-dark orange-buff, medium-dark yellow-buff, olive-gray"
"Rufous-tailed Jacamar","Galbula_ruficauda","Jacamars","Galbulidae","Piciformes","M","black, brownish gray, dark maroon, dark rufous, dark yellow-buff, gray, medium orange-buff, medium yellow-buff, medium-dark brown, medium-dark olive, medium-dark orange-buff, medium-dark rufous, medium-dark yellow-buff, olive-gray"
"Rufous-thighed Kite","Harpagus_diodon","Osprey, kites, hawks and eagles","Accipitridae","Accipitriformes",NA,"black, brownish gray, dark gray, gray, olive-gray"
"Rufous-throated Antbird","Gymnopithys_rufigula","Antbirds","Thamnophilidae","Passeriformes","F","brownish gray, dark rufous, medium orange-buff, medium-dark orange-buff, medium-dark rufous"
"Rufous-throated Antbird","Gymnopithys_rufigula","Antbirds","Thamnophilidae","Passeriformes","M","brownish gray, dark rufous, dark yellow-buff, gray, medium orange-buff, medium-dark orange-buff, medium-dark rufous, medium-dark yellow-buff, pale gray"
"Rufous-throated Honeyeater","Conopophila_rufogularis","Honeyeaters","Meliphagidae","Passeriformes","F","brownish gray, dark gray, dark rufous, gray, medium-dark rufous, medium-dark yellow-buff, pale gray"
"Rufous-throated Sapphire","Hylocharis_sapphirina","Hummingbirds","Trochilidae","Apodiformes","F","brownish gray, dark yellow-buff, gray, medium orange-buff, medium-dark brown, medium-dark green, medium-dark olive, medium-dark orange-buff, medium-dark rufous, medium-dark yellow-buff"
"Rufous-throated Sapphire","Hylocharis_sapphirina","Hummingbirds","Trochilidae","Apodiformes","M","brownish gray, dark brown, dark olive, gray, medium-dark brown, medium-dark dark purple, medium-dark green, medium-dark maroon, medium-dark olive, medium-dark rufous, medium-dark yellow-buff, olive-gray"
"Rufous-throated Tanager","Tangara_rufigula","Tanagers","Thraupidae","Passeriformes","M","brownish gray, dark gray, dark rufous, dark yellow-buff, gray, medium yellow-buff, medium-dark green, medium-dark orange-buff, medium-dark rufous, medium-dark yellow-buff, olive-gray"
"Rufous-vented Whitetip","Urosticte_ruficrissa","Hummingbirds","Trochilidae","Apodiformes","M","brownish gray, dark olive, gray, medium-dark green, medium-dark olive, medium-dark yellow-buff, olive-gray"
"Rufous-winged Sparrow","Aimophila_carpalis","Buntings, American sparrows and allies","Emberizidae","Passeriformes","F","dark rufous, gray, medium cream, medium-dark orange-buff, medium-dark rufous"
"Rufous-winged Sparrow","Aimophila_carpalis","Buntings, American sparrows and allies","Emberizidae","Passeriformes","M","dark rufous, gray, medium-dark rufous, pale gray"
"Rufous-winged Tanager","Tangara_lavinia","Tanagers","Thraupidae","Passeriformes","M","brownish gray, dark olive, dark rufous, dark yellow-buff, gray, medium green, medium-dark green, medium-dark olive, medium-dark yellow-buff, olive-gray, very dark rufous"
"Russet Antshrike","Thamnistes_anabatinus","Antbirds","Thamnophilidae","Passeriformes","F","brownish gray, dark yellow-buff, gray, medium yellow-buff, medium-dark rufous, medium-dark yellow-buff"
"Russet Antshrike","Thamnistes_anabatinus","Antbirds","Thamnophilidae","Passeriformes","M","brownish gray, dark rufous, dark yellow-buff, gray, medium yellow-buff, medium-dark rufous, medium-dark yellow-buff"
"Russet Nightingale-thrush","Catharus_occidentalis","Thrushes","Turdidae","Passeriformes","F","brownish gray, dark gray, dark yellow-buff, gray"
"Russet-crowned Warbler","Basileuterus_coronatus","New World warblers","Parulidae","Passeriformes","F","black, brownish gray, dark rufous, dark yellow-buff, gray, medium yellow-buff, medium-dark rufous, medium-dark yellow-buff, very dark yellow-buff"
"Rust-and-yellow Tanager","Thlypopsis_ruficeps","Tanagers","Thraupidae","Passeriformes","M","brownish gray, dark rufous, dark yellow-buff, gray, medium yellow-buff, medium-dark rufous, medium-dark yellow-buff"
"Rusty Blackbird","Euphagus_carolinus","New World blackbirds","Icteridae","Passeriformes","F","black, brownish gray, dark gray, gray, medium-dark yellow-buff"
"Rusty Flowerpiercer","Diglossa_sittoides","Tanagers","Thraupidae","Passeriformes","M","brownish gray, dark gray, gray, medium-dark yellow-buff"
"Rusty Mouse-warbler","Crateroscelis_murina","Thornbills and gerygones","Acanthizidae","Passeriformes","F","black, brownish gray, dark gray, dark rufous, dark yellow-buff, gray, medium yellow-buff, medium-dark yellow-buff"
"Rusty Pitohui","Pitohui_ferrugineus","Shrike-thrushes and allies","Colluricinclidae","Passeriformes","F","brownish gray, dark rufous, dark yellow-buff, gray, medium yellow-buff, medium-dark orange-buff, medium-dark rufous, medium-dark yellow-buff, very dark rufous"
"Rusty-browed Warbling-finch","Poospiza_erythrophrys","Buntings, American sparrows and allies","Emberizidae","Passeriformes","M","brownish gray, dark gray, dark rufous, dark yellow-buff, gray, medium-dark rufous, medium-dark yellow-buff"
"Rusty-collared Seedeater","Sporophila_collaris","Buntings, American sparrows and allies","Emberizidae","Passeriformes","M","brownish gray, dark gray, dark rufous, dark yellow-buff, gray, medium yellow-buff, medium-dark orange-buff, medium-dark rufous, medium-dark yellow-buff"
"Rusty-crowned Ground-sparrow","Melozone_kieneri","Buntings, American sparrows and allies","Emberizidae","Passeriformes","F","brownish gray, dark gray, dark rufous, gray, medium-dark yellow-buff, very dark rufous"
"Rusty-margined Flycatcher","Myiozetetes_cayanensis","Tyrant-flycatchers","Tyrannidae","Passeriformes","F","brownish gray, dark gray, dark rufous, dark yellow-buff, gray, medium cream, medium yellow-buff, medium-dark orange-buff, medium-dark yellow-buff, pale cream"
"Rusty-margined Flycatcher","Myiozetetes_cayanensis","Tyrant-flycatchers","Tyrannidae","Passeriformes","M","brownish gray, dark gray, dark rufous, gray, medium cream, medium yellow-buff, medium-dark orange-buff, medium-dark rufous, medium-dark yellow-buff, pale cream"
"Sacred Kingfisher","Todiramphus_sanctus","Kingfishers","Alcedinidae","Coraciiformes","M","blue, brownish gray, dark olive, gray, light blue, medium cream, medium green, medium yellow-buff, medium-dark green, medium-dark olive, medium-dark yellow-buff, olive-gray, pale cream, pale gray"
"Saddleback","Philesturnus_carunculatus","Wattled crows","Callaeatidae","Passeriformes","M","dark gray, dark rufous"
"Saffron Finch","Sicalis_flaveola","Buntings, American sparrows and allies","Emberizidae","Passeriformes","F","brownish gray, dark gray, dark yellow-buff, gray, medium yellow-buff, medium-dark yellow-buff, very dark yellow-buff"
"Saffron Siskin","Carduelis_siemiradzkii","Finches and Hawaiian honeycreepers","Fringillidae","Passeriformes","F","gray, very pale cream, very pale orange-buff"
"Saffron Siskin","Carduelis_siemiradzkii","Finches and Hawaiian honeycreepers","Fringillidae","Passeriformes","M","blue, brownish gray, gray, medium cream, medium yellow-buff, medium-dark orange-buff, pale gray, very pale cream"
"Saffron-crowned Tanager","Tangara_xanthocephala","Tanagers","Thraupidae","Passeriformes","M","brownish gray, dark gray, dark olive, dark rufous, dark yellow-buff, gray, medium green, medium yellow-buff, medium-dark green, medium-dark olive, medium-dark orange-buff, medium-dark rufous, medium-dark yellow-buff, olive-gray"
"Sage Sparrow","Amphispiza_belli","Buntings, American sparrows and allies","Emberizidae","Passeriformes","F","brownish gray, gray"
"Sage Sparrow","Amphispiza_belli","Buntings, American sparrows and allies","Emberizidae","Passeriformes","M","brownish gray, gray"
"Sage Thrasher","Oreoscoptes_montanus","Mockingbirds and thrashers","Mimidae","Passeriformes","F","brownish gray, gray, medium cream"
"Saltmarsh Sparrow","Ammodramus_caudacutus","Buntings, American sparrows and allies","Emberizidae","Passeriformes","F","brownish gray, dark gray, dark yellow-buff, gray, medium yellow-buff, medium-dark yellow-buff, very dark yellow-buff"
"Salvin's Albatross","Thalassarche_salvini","Albatrosses","Diomedeidae","Procellariiformes","M","brownish gray, gray"
"Samoan Starling","Aplonis_atrifusca","Starlings","Sturnidae","Passeriformes","M","brownish gray"
"Samoan Whistler","Pachycephala_flavifrons","Whistlers","Pachycephalidae","Passeriformes","M","brownish gray, dark gray, medium cream, medium yellow-buff, medium-dark yellow-buff"
"San Blas Jay","Cyanocorax_sanblasianus","Crows and jays","Corvidae","Passeriformes","F","black, blue, dark gray, gray, light blue, olive-gray"
"Sand Martin","Riparia_riparia","Swallows and martins","Hirundinidae","Passeriformes","F","brownish gray, gray, pale gray"
"Sand Martin","Riparia_riparia","Swallows and martins","Hirundinidae","Passeriformes","M","black, brownish gray, dark gray, dark yellow-buff, gray, pale gray"
"Sanderling","Calidris_alba","Sandpipers and allies","Scolopacidae","Charadriiformes","F","brownish gray, dark gray, gray, medium-dark orange-buff, medium-dark yellow-buff, pale gray"
"Sandhill Crane","Grus_canadensis","Cranes","Gruidae","Gruiformes","F","black, brownish gray, dark gray, gray"
"Sandstone Shrike-thrush","Colluricincla_woodwardi","Shrike-thrushes and allies","Colluricinclidae","Passeriformes","F","brownish gray, gray, medium-dark yellow-buff"
"Santa Marta Mountain-tanager","Anisognathus_melanogenys","Tanagers","Thraupidae","Passeriformes","M","blue, dark gray, medium yellow-buff, medium-dark yellow-buff, olive-gray"
"Sao Tome Bronze-naped Pigeon","Columba_malherbii","Doves and pigeons","Columbidae","Columbiformes","M","dark gray, gray, medium tan, medium-dark maroon, medium-dark orange-buff, medium-dark red-brown, medium-dark yellow-buff, pale gray"
"Sao Tome Paradise-flycatcher","Terpsiphone_atrochalybeia","Monarchs","Monarchidae","Passeriformes","M","blue, brownish gray, dark gray, dark rufous, gray, medium orange-buff, medium-dark orange-buff, medium-dark rufous, medium-dark yellow-buff"
"Sao Tome Thrush","Turdus_olivaceofuscus","Thrushes","Turdidae","Passeriformes","M","brownish gray, dark gray, gray, medium yellow-buff, medium-dark yellow-buff"
"Sapphire-rumped Parrotlet","Touit_purpuratus","Parrots","Psittacidae","Psittaciformes","F","brownish gray, dark yellow-buff, medium-dark dark purple, medium-dark green, medium-dark maroon, medium-dark olive"
"Sapphire-rumped Parrotlet","Touit_purpuratus","Parrots","Psittacidae","Psittaciformes","M","brownish gray, dark gray, dark maroon, gray, medium green, medium yellow-buff, medium-dark dark purple, medium-dark green, pale green"
"Sapphire-rumped Parrotlet","Touit_purpuratus","Parrots","Psittacidae","Psittaciformes",NA,"brownish gray, dark maroon, gray, medium green, medium yellow-buff, medium-dark dark purple, medium-dark green"
"Sapphire-vented Puffleg","Eriocnemis_luciani","Hummingbirds","Trochilidae","Apodiformes","M","blue, gray, medium green, medium-dark green, olive-gray, pale green"
"Satin Bowerbird","Ptilonorhynchus_violaceus","Bowerbirds","Ptilonorhynchidae","Passeriformes","F","black, blue, brownish gray, dark blue, dark gray, dark olive, dark rufous, dark yellow-buff, gray, light blue, medium cream, medium purple, medium yellow-buff, medium-dark green, medium-dark olive, medium-dark yellow-buff, olive-gray, pale cream"
"Savanna Hawk","Buteogallus_meridionalis","Osprey, kites, hawks and eagles","Accipitridae","Accipitriformes","F","dark gray, gray, medium yellow-buff, medium-dark orange-buff"
"Savanna Hawk","Buteogallus_meridionalis","Osprey, kites, hawks and eagles","Accipitridae","Accipitriformes","M","brownish gray, dark gray, dark rufous, gray, medium yellow-buff, medium-dark orange-buff, medium-dark rufous"
"Savannah Sparrow","Passerculus_sandwichensis","Buntings, American sparrows and allies","Emberizidae","Passeriformes","F","black, brownish gray, dark gray, dark yellow-buff, gray, medium-dark yellow-buff, pale gray"
"Say's Phoebe","Sayornis_saya","Tyrant-flycatchers","Tyrannidae","Passeriformes","F","brownish gray, dark gray, gray, medium yellow-buff, medium-dark yellow-buff"
"Sayaca Tanager","Thraupis_sayaca","Tanagers","Thraupidae","Passeriformes","F","blue, brownish gray, dark gray, gray, light blue, medium green, medium-dark green, medium-dark olive, olive-gray"
"Scale-backed Antbird","Willisornis_poecilinotus","Antbirds","Thamnophilidae","Passeriformes","F","brownish gray, dark gray, dark rufous, gray, medium orange-buff, medium yellow-buff, medium-dark orange-buff, medium-dark rufous"
"Scale-backed Antbird","Willisornis_poecilinotus","Antbirds","Thamnophilidae","Passeriformes","M","dark gray, gray, pale gray"
"Scaled Flowerpiercer","Diglossa_duidae","Tanagers","Thraupidae","Passeriformes","M","dark gray, gray"
"Scaled Pigeon","Patagioenas_speciosa","Doves and pigeons","Columbidae","Columbiformes","F","brownish gray, dark brown, dark gray, dark maroon, dark purple, dark rufous, dark yellow-buff, gray, medium yellow-buff, medium-dark rufous, pale gray"
"Scaled Pigeon","Patagioenas_speciosa","Doves and pigeons","Columbidae","Columbiformes","M","brownish gray, dark brown, dark gray, gray, medium-dark brown, medium-dark rufous"
"Scaled Quail","Callipepla_squamata","New World quails","Odontophoridae","Galliformes","F","brownish gray, gray, medium yellow-buff, medium-dark yellow-buff"
"Scaly-breasted Bulbul","Pycnonotus_squamatus","Bulbuls","Pycnonotidae","Passeriformes","F","brownish gray, dark gray, dark yellow-buff, gray, medium yellow-buff, medium-dark yellow-buff"
"Scaly-breasted Bulbul","Pycnonotus_squamatus","Bulbuls","Pycnonotidae","Passeriformes","M","dark gray, dark yellow-buff, gray, medium yellow-buff, medium-dark yellow-buff"
"Scaly-breasted Lorikeet","Trichoglossus_chlorolepidotus","Parrots","Psittacidae","Psittaciformes","M","dark olive, gray, medium cream, medium green, medium tan, medium yellow-buff, medium-dark brown, medium-dark green, medium-dark olive, medium-dark yellow-buff"
"Scaly-breasted Munia","Lonchura_punctulata","Waxbills, grass finches, munias and allies","Estrildidae","Passeriformes","F","medium pinkish buff, medium red-brown, medium-dark brown, medium-dark red-brown, pale buff, pale orange-buff, pale pinkish buff, very pale buff, very pale cream, very pale orange-buff"
"Scaly-breasted Munia","Lonchura_punctulata","Waxbills, grass finches, munias and allies","Estrildidae","Passeriformes","M","medium pinkish buff, medium red-brown, medium-dark brown, pale buff, pale pinkish buff, very pale buff, very pale cream, very pale orange-buff, very pale pinkish buff"
"Scaly-breasted Woodpecker","Celeus_grammicus","Woodpeckers","Picidae","Piciformes","F","brownish gray, dark gray, dark rufous, medium cream, medium-dark rufous, medium-dark yellow-buff"
"Scaly-breasted Woodpecker","Celeus_grammicus","Woodpeckers","Picidae","Piciformes","M","brownish gray, dark brown, dark rufous, gray, medium yellow-buff, medium-dark yellow-buff"
"Scarlet Ibis","Eudocimus_ruber","Ibises and spoonbills","Threskiornithidae","Pelecaniformes","M","medium-dark brown"
"Scarlet Ibis","Eudocimus_ruber","Ibises and spoonbills","Threskiornithidae","Pelecaniformes",NA,"medium tan, medium-dark brown"
"Scarlet Macaw","Ara_macao","Parrots","Psittacidae","Psittaciformes","F","blue, dark brown, dark gray, light blue, medium yellow-buff, medium-dark brown, medium-dark green, medium-dark olive, medium-dark orange-buff"
"Scarlet Macaw","Ara_macao","Parrots","Psittacidae","Psittaciformes","M","blue, brownish gray, dark brown, gray, light blue, medium yellow-buff, medium-dark brown, medium-dark green, medium-dark olive"
"Scarlet Macaw","Ara_macao","Parrots","Psittacidae","Psittaciformes",NA,"blue, dark brown, dark gray, light blue, medium yellow-buff, medium-dark brown, medium-dark green, olive-gray"
"Scarlet Minivet","Pericrocotus_flammeus","Cuckoo-shrikes","Campephagidae","Passeriformes","M","dark gray, gray, medium cream, medium orange-buff, medium yellow-buff, medium-dark orange-buff, medium-dark yellow-buff"
"Scarlet Myzomela","Myzomela_sanguinolenta","Honeyeaters","Meliphagidae","Passeriformes","M","brownish gray, dark brown, dark gray, dark rufous, dark yellow-buff, gray, medium-dark brown, medium-dark rufous, medium-dark yellow-buff, pale gray"
"Scarlet Robin","Petroica_multicolor","Australasian robins","Petroicidae","Passeriformes","F","black, brownish gray, dark brown, dark gray, dark rufous, gray, medium-dark brown, medium-dark orange-buff, medium-dark rufous"
"Scarlet Sunbird","Aethopyga_mystacalis","Sunbirds","Nectariniidae","Passeriformes","F","brownish gray, dark gray, dark yellow-buff, gray, medium yellow-buff"
"Scarlet Sunbird","Aethopyga_mystacalis","Sunbirds","Nectariniidae","Passeriformes","M","black, brownish gray, dark brown, dark yellow-buff, gray, medium-dark rufous"
"Scarlet Tanager","Piranga_olivacea","Grosbeaks, saltators and allies","Cardinalidae","Passeriformes","F","black, brownish gray, dark brown, dark gray, dark yellow-buff, gray, medium cream, medium tan, medium yellow-buff, medium-dark brown, medium-dark yellow-buff"
"Scarlet-and-white Tanager","Chrysothlypis_salmoni","Tanagers","Thraupidae","Passeriformes","M","brownish gray, dark brown, dark rufous, dark yellow-buff, gray, medium-dark brown, medium-dark rufous, medium-dark yellow-buff, very dark rufous"
"Scarlet-bellied Mountain-tanager","Anisognathus_igniventris","Tanagers","Thraupidae","Passeriformes","F","black, blue, brownish gray, dark blue, dark brown, dark gray, dark rufous, gray, light blue, medium orange-buff, medium-dark brown, medium-dark orange-buff, medium-dark rufous"
"Scarlet-breasted Dacnis","Dacnis_berlepschi","Tanagers","Thraupidae","Passeriformes","M","blue, brownish gray, dark blue, dark gray, gray, light blue, medium-dark orange-buff, medium-dark rufous, medium-dark yellow-buff"
"Scarlet-browed Tanager","Heterospingus_xanthopygius","Tanagers","Thraupidae","Passeriformes","M","brownish gray, dark brown, dark gray, gray, medium yellow-buff, medium-dark brown, medium-dark yellow-buff"
"Scarlet-chested Sunbird","Nectarinia_senegalensis","Sunbirds","Nectariniidae","Passeriformes","F","brownish gray, gray, medium cream, medium yellow-buff"
"Scarlet-chested Sunbird","Nectarinia_senegalensis","Sunbirds","Nectariniidae","Passeriformes","M","black, blue, brownish gray, dark brown, dark gray, dark olive, dark rufous"
"Scarlet-rumped Tanager","Ramphocelus_passerinii","Tanagers","Thraupidae","Passeriformes","F","black, brownish gray, dark brown, dark gray, dark rufous, dark yellow-buff, gray, medium-dark brown, medium-dark yellow-buff"
"Scarlet-thighed Dacnis","Dacnis_venusta","Tanagers","Thraupidae","Passeriformes","M","brownish gray, dark brown, dark gray, dark olive, gray, medium green, medium-dark brown, medium-dark green, medium-dark olive, medium-dark yellow-buff, olive-gray"
"Scarlet-throated Tanager","Compsothraupis_loricata","Tanagers","Thraupidae","Passeriformes","M","brownish gray, dark brown, dark gray, medium-dark brown"
"Scarlet-tufted Sunbird","Anthreptes_fraseri","Sunbirds","Nectariniidae","Passeriformes","F","dark yellow-buff, gray, medium yellow-buff, medium-dark yellow-buff"
"Scarlet-tufted Sunbird","Anthreptes_fraseri","Sunbirds","Nectariniidae","Passeriformes","M","dark gray, dark yellow-buff, gray, medium yellow-buff, medium-dark orange-buff, medium-dark yellow-buff"
"Scissor-tailed Flycatcher","Tyrannus_forficatus","Tyrant-flycatchers","Tyrannidae","Passeriformes","F","brownish gray, dark gray, gray, medium cream, medium orange-buff, medium yellow-buff, medium-dark yellow-buff, pale gray"
"Sclater's Whistler","Pachycephala_soror","Whistlers","Pachycephalidae","Passeriformes","F","black, brownish gray, dark gray, dark yellow-buff, gray, medium yellow-buff, medium-dark yellow-buff, very dark yellow-buff"
"Scott's Oriole","Icterus_parisorum","New World blackbirds","Icteridae","Passeriformes","F","black, brownish gray, dark gray, dark yellow-buff, gray, medium yellow-buff, medium-dark yellow-buff"
"Screaming Piha","Lipaugus_vociferans","Cotingas","Cotingidae","Passeriformes","F","brownish gray, dark gray, gray"
"Screaming Piha","Lipaugus_vociferans","Cotingas","Cotingidae","Passeriformes","M","brownish gray, dark gray, gray"
"Scrub Tanager","Tangara_vitriolina","Tanagers","Thraupidae","Passeriformes","M","brownish gray, dark gray, dark olive, dark rufous, gray, medium yellow-buff, medium-dark green, medium-dark olive, medium-dark rufous, medium-dark yellow-buff, olive-gray"
"Seaside Sparrow","Ammodramus_maritimus","Buntings, American sparrows and allies","Emberizidae","Passeriformes","F","black, brownish gray, dark gray, gray"
"Sedge Warbler","Acrocephalus_schoenobaenus","Old World warblers","Sylviidae","Passeriformes","F","brownish gray, dark gray, dark yellow-buff, gray, medium yellow-buff, medium-dark yellow-buff"
"Sedge Wren","Cistothorus_platensis","Wrens","Troglodytidae","Passeriformes","F","black, brownish gray, dark gray, dark rufous, dark yellow-buff, gray, medium yellow-buff, medium-dark yellow-buff"
"Semipalmated Plover","Charadrius_semipalmatus","Plovers","Charadriidae","Charadriiformes","F","black, brownish gray, dark gray, gray, pale gray"
"Semipalmated Sandpiper","Calidris_pusilla","Sandpipers and allies","Scolopacidae","Charadriiformes","F","brownish gray, dark gray, dark yellow-buff, gray, medium-dark rufous, pale gray"
"Sennar Penduline-tit","Anthoscopus_punctifrons","Penduline-tits","Remizidae","Passeriformes","F","gray, medium yellow-buff, medium-dark yellow-buff"
"Sennar Penduline-tit","Anthoscopus_punctifrons","Penduline-tits","Remizidae","Passeriformes","M","gray, medium yellow-buff, medium-dark yellow-buff"
"Sepia-capped Flycatcher","Leptopogon_amaurocephalus","Tyrant-flycatchers","Tyrannidae","Passeriformes","M","brownish gray, dark gray, dark yellow-buff, gray, medium cream, medium green, medium yellow-buff, medium-dark yellow-buff, olive-gray, pale cream"
"Seven-coloured Tanager","Tangara_fastuosa","Tanagers","Thraupidae","Passeriformes","M","blue, brownish gray, dark gray, gray, light blue, medium green, medium-dark orange-buff, medium-dark yellow-buff, pale green"
"Seychelles Kestrel","Falco_araea","Falcons and caracaras","Falconidae","Falconiformes","M","brownish gray, dark gray, dark rufous, gray, medium cream, medium orange-buff, medium yellow-buff, medium-dark orange-buff"
"Seychelles Magpie-robin","Copsychus_sechellarum","Chats and Old World flycatchers","Muscicapidae","Passeriformes","M","blue, dark blue, dark gray, gray"
"Seychelles Paradise-flycatcher","Terpsiphone_corvina","Monarchs","Monarchidae","Passeriformes","M","black, blue, brownish gray, dark blue, dark gray, dark rufous, gray, medium-dark orange-buff, medium-dark rufous"
"Seychelles Sunbird","Nectarinia_dussumieri","Sunbirds","Nectariniidae","Passeriformes","F","brownish gray, dark gray, gray"
"Seychelles Sunbird","Nectarinia_dussumieri","Sunbirds","Nectariniidae","Passeriformes","M","black, brownish gray, dark gray, gray, light blue"
"Seychelles Warbler","Acrocephalus_sechellensis","Old World warblers","Sylviidae","Passeriformes","M","brownish gray, gray, medium yellow-buff, medium-dark yellow-buff"
"Seychelles White-eye","Zosterops_modestus","White-eyes","Zosteropidae","Passeriformes","M","brownish gray, gray, medium yellow-buff"
"Sharp-beaked Ground-finch","Geospiza_difficilis","Buntings, American sparrows and allies","Emberizidae","Passeriformes","M","brownish gray, dark gray, gray, medium-dark yellow-buff"
"Sharp-shinned Hawk","Accipiter_striatus","Osprey, kites, hawks and eagles","Accipitridae","Accipitriformes","F","gray, medium orange-buff, medium-dark orange-buff"
"Sharp-shinned Hawk","Accipiter_striatus","Osprey, kites, hawks and eagles","Accipitridae","Accipitriformes","M","brownish gray, dark gray, dark rufous, dark yellow-buff, gray, medium yellow-buff, medium-dark orange-buff, pale gray"
"Sharp-shinned Hawk","Accipiter_striatus","Osprey, kites, hawks and eagles","Accipitridae","Accipitriformes",NA,"brownish gray, dark gray, dark rufous, gray, medium cream, medium yellow-buff, medium-dark orange-buff, medium-dark yellow-buff, pale gray"
"Sharp-tailed Glossy-starling","Lamprotornis_acuticaudus","Starlings","Sturnidae","Passeriformes","M","blue, dark blue, dark gray, gray, light blue, medium green, medium-dark green, medium-dark olive, olive-gray"
"Sharp-tailed Grouse","Tympanuchus_phasianellus","Grouse, pheasants and partridges","Phasianidae","Galliformes","F","brownish gray, dark gray, dark rufous, dark yellow-buff, gray, medium yellow-buff, medium-dark rufous, medium-dark yellow-buff"
"Sharp-tailed Sandpiper","Calidris_acuminata","Sandpipers and allies","Scolopacidae","Charadriiformes","F","brownish gray, dark gray, dark rufous, dark yellow-buff, gray, medium yellow-buff, medium-dark rufous, medium-dark yellow-buff, pale gray"
"Sharpbill","Oxyruncus_cristatus","Cotingas","Cotingidae","Passeriformes","F","brownish gray, dark gray, gray, medium orange-buff, medium yellow-buff, medium-dark rufous, medium-dark yellow-buff, pale cream"
"Sharpbill","Oxyruncus_cristatus","Cotingas","Cotingidae","Passeriformes","M","brownish gray, gray, medium cream, medium-dark orange-buff, medium-dark yellow-buff"
"Sharpe's Starling","Cinnyricinclus_sharpii","Starlings","Sturnidae","Passeriformes","M","blue, brownish gray, dark gray, gray, medium cream, medium yellow-buff, medium-dark yellow-buff"
"Shelley's Crimson-wing","Cryptospiza_shelleyi","Waxbills, grass finches, munias and allies","Estrildidae","Passeriformes","F","brownish gray, dark brown, dark gray, dark rufous, dark yellow-buff, gray, medium-dark yellow-buff"
"Shelley's Crimson-wing","Cryptospiza_shelleyi","Waxbills, grass finches, munias and allies","Estrildidae","Passeriformes","M","black, medium buff, medium red-brown, medium tan, medium-dark orange-buff, medium-dark rufous, very pale buff, very pale cream, very pale orange-buff"
"Shelley's Starling","Lamprotornis_shelleyi","Starlings","Sturnidae","Passeriformes","M","blue, brownish gray, dark blue, dark brown, dark gray, dark purple, dark rufous, gray, medium-dark rufous, olive-gray"
"Shining Bronze-cuckoo","Chrysococcyx_lucidus","Cuckoos","Cuculidae","Cuculiformes","F","brownish gray, dark brown, dark gray, dark rufous, dark yellow-buff, gray, medium-dark brown, medium-dark rufous, medium-dark yellow-buff, pale gray"
"Shining Flycatcher","Myiagra_alecto","Monarchs","Monarchidae","Passeriformes","F","blue, brownish gray, dark blue, dark gray, dark rufous, gray, medium-dark rufous"
"Shining Honeycreeper","Cyanerpes_lucidus","Tanagers","Thraupidae","Passeriformes","M","black, blue, brownish gray, dark blue, dark gray, dark olive, dark yellow-buff, gray, medium-dark green, medium-dark olive, medium-dark yellow-buff, olive-gray"
"Shining Imperial-pigeon","Ducula_chalconota","Doves and pigeons","Columbidae","Columbiformes","M","brownish gray, dark brown, dark gray, dark olive, dark rufous, dark yellow-buff, gray, medium-dark orange-buff, medium-dark rufous, olive-gray"
"Shining Sunbeam","Aglaeactis_cupripennis","Hummingbirds","Trochilidae","Apodiformes","M","brownish gray, dark rufous, medium green, medium-dark orange-buff, medium-dark rufous, medium-dark yellow-buff"
"Shiny Cowbird","Molothrus_bonariensis","New World blackbirds","Icteridae","Passeriformes","F","black, blue, brownish gray, dark blue, dark gray, dark yellow-buff, gray, medium-dark yellow-buff"
"Shore Plover","Thinornis_novaeseelandiae","Plovers","Charadriidae","Charadriiformes","M","brownish gray, dark gray, gray"
"Short-billed Dowitcher","Limnodromus_griseus","Sandpipers and allies","Scolopacidae","Charadriiformes","F","brownish gray, dark gray, gray, medium orange-buff, medium yellow-buff, medium-dark orange-buff, medium-dark rufous, medium-dark yellow-buff, pale gray"
"Short-billed Honeycreeper","Cyanerpes_nitidus","Tanagers","Thraupidae","Passeriformes","M","blue, dark gray, dark olive, gray, medium green, medium yellow-buff, medium-dark green, medium-dark olive, medium-dark yellow-buff, olive-gray"
"Short-billed Leaftosser","Sclerurus_rufigularis","Ovenbirds","Furnariidae","Passeriformes","F","brownish gray, dark gray, dark rufous, medium yellow-buff, medium-dark rufous"
"Short-billed Leaftosser","Sclerurus_rufigularis","Ovenbirds","Furnariidae","Passeriformes","M","brownish gray, dark gray, dark rufous, dark yellow-buff, medium yellow-buff, medium-dark rufous, medium-dark yellow-buff"
"Short-crested Flycatcher","Myiarchus_ferox","Tyrant-flycatchers","Tyrannidae","Passeriformes","F","brownish gray, dark gray, gray, pale cream, very pale cream"
"Short-crested Flycatcher","Myiarchus_ferox","Tyrant-flycatchers","Tyrannidae","Passeriformes","M","brownish gray, dark gray, gray, pale cream"
"Short-eared Owl","Asio_flammeus","Owls","Strigidae","Strigiformes","F","brownish gray, dark gray, dark yellow-buff, gray, medium yellow-buff, medium-dark orange-buff, medium-dark yellow-buff"
"Short-tailed Batis","Batis_mixta","Shrike-flycatchers, wattle-eyes and batises","Platysteiridae","Passeriformes","F","black, brownish gray, dark gray, dark rufous, dark yellow-buff, gray, medium-dark rufous, medium-dark yellow-buff"
"Short-tailed Finch","Idiopsar_brachyurus","Buntings, American sparrows and allies","Emberizidae","Passeriformes","M","dark gray, gray"
"Short-tailed Nighthawk","Lurocalis_semitorquatus","Nightjars","Caprimulgidae","Caprimulgiformes",NA,"brownish gray, dark gray, gray, medium-dark orange-buff, medium-dark yellow-buff, pale gray"
"Short-tailed Pygmy-tyrant","Myiornis_ecaudatus","Tyrant-flycatchers","Tyrannidae","Passeriformes","F","brownish gray, dark gray, dark yellow-buff, gray, medium cream, medium-dark yellow-buff, olive-gray, pale cream, pale green"
"Short-tailed Pygmy-tyrant","Myiornis_ecaudatus","Tyrant-flycatchers","Tyrannidae","Passeriformes","M","brownish gray, dark gray, dark yellow-buff, gray, medium cream, medium yellow-buff, medium-dark yellow-buff, olive-gray, pale cream"
"Short-tailed Shearwater","Puffinus_tenuirostris","Petrels and shearwaters","Procellariidae","Procellariiformes","F","black, brownish gray, dark gray, gray"
"Short-tailed Woodstar","Myrmia_micrura","Hummingbirds","Trochilidae","Apodiformes","M","brownish gray, gray, medium yellow-buff"
"Shy Heathwren","Hylacola_cauta","Thornbills and gerygones","Acanthizidae","Passeriformes","F","brownish gray, dark gray, dark rufous, gray, medium yellow-buff"
"Siberian Rubythroat","Luscinia_calliope","Chats and Old World flycatchers","Muscicapidae","Passeriformes","M","brownish gray, gray, medium buff"
"Silver Gull","Larus_novaehollandiae","Gulls and terns","Laridae","Charadriiformes","M","gray, pale gray"
"Silver-backed Tanager","Tangara_viridicollis","Tanagers","Thraupidae","Passeriformes","M","blue, brownish gray, dark gray, dark olive, dark rufous, dark yellow-buff, gray, light blue, medium-dark green, medium-dark olive, medium-dark orange-buff, medium-dark rufous, medium-dark yellow-buff, olive-gray"
"Silver-beaked Tanager","Ramphocelus_carbo","Tanagers","Thraupidae","Passeriformes","F","brownish gray, dark brown, dark gray, gray, medium-dark brown, medium-dark orange-buff, medium-dark rufous"
"Silver-beaked Tanager","Ramphocelus_carbo","Tanagers","Thraupidae","Passeriformes","M","black, blue, brownish gray, dark brown, dark gray, dark rufous, gray, very dark rufous"
"Silver-crowned Friarbird","Philemon_argenticeps","Honeyeaters","Meliphagidae","Passeriformes","F","brownish gray, gray"
"Silver-eared Honeyeater","Lichmera_alboauricularis","Honeyeaters","Meliphagidae","Passeriformes","M","brownish gray, gray, medium cream, medium yellow-buff, medium-dark yellow-buff"
"Silver-eared Mesia","Leiothrix_argentauris","Babblers and parrotbills","Timaliidae","Passeriformes","M","dark brown, dark gray, gray, medium yellow-buff, medium-dark brown, medium-dark orange-buff, medium-dark yellow-buff, pale gray"
"Silver-throated Tanager","Tangara_icterocephala","Tanagers","Thraupidae","Passeriformes","M","brownish gray, dark gray, dark olive, dark yellow-buff, gray, medium yellow-buff, medium-dark green, medium-dark olive, medium-dark yellow-buff, olive-gray"
"Silvered Antbird","Sclateria_naevia","Antbirds","Thamnophilidae","Passeriformes","F","brownish gray, dark gray, medium-dark yellow-buff, pale gray"
"Silvered Antbird","Sclateria_naevia","Antbirds","Thamnophilidae","Passeriformes","M","brownish gray, dark gray, gray, pale gray"
"Silvereye","Zosterops_lateralis","White-eyes","Zosteropidae","Passeriformes","M","brownish gray, dark gray, dark yellow-buff, gray, medium yellow-buff, medium-dark yellow-buff"
"Singing Bushlark","Mirafra_cantillans","Larks","Alaudidae","Passeriformes","F","gray, medium cream"
"Singing Bushlark","Mirafra_cantillans","Larks","Alaudidae","Passeriformes","M","gray, medium cream, medium yellow-buff, pale cream"
"Singing Honeyeater","Lichenostomus_virescens","Honeyeaters","Meliphagidae","Passeriformes","F","brownish gray, dark gray, gray, medium-dark yellow-buff"
"Singing Starling","Aplonis_cantoroides","Starlings","Sturnidae","Passeriformes","M","brownish gray, gray"
"Sira Tanager","Tangara_phillipsi","Tanagers","Thraupidae","Passeriformes","F","dark gray, dark olive, gray, medium green, medium yellow-buff, medium-dark green, medium-dark olive, medium-dark yellow-buff, olive-gray"
"Sirystes","Sirystes_sibilator","Tyrant-flycatchers","Tyrannidae","Passeriformes","F","black, brownish gray, dark gray, gray, medium cream, medium yellow-buff"
"Sirystes","Sirystes_sibilator","Tyrant-flycatchers","Tyrannidae","Passeriformes","M","brownish gray, dark gray, gray, medium yellow-buff"
"Sirystes","Sirystes_sibilator","Tyrant-flycatchers","Tyrannidae","Passeriformes",NA,"black, brownish gray, dark gray, gray, medium cream, medium yellow-buff, medium-dark yellow-buff"
"Slate-coloured Grosbeak","Saltator_grossus","Grosbeaks, saltators and allies","Cardinalidae","Passeriformes","F","brownish gray, dark gray, gray, medium-dark yellow-buff, pale gray"
"Slate-coloured Grosbeak","Saltator_grossus","Grosbeaks, saltators and allies","Cardinalidae","Passeriformes","M","brownish gray, dark gray, gray"
"Slate-coloured Hawk","Leucopternis_schistaceus","Osprey, kites, hawks and eagles","Accipitridae","Accipitriformes","M","brownish gray, dark gray, gray, olive-gray"
"Slate-coloured Seedeater","Sporophila_schistacea","Buntings, American sparrows and allies","Emberizidae","Passeriformes","M","brownish gray, dark gray, dark yellow-buff, gray, medium yellow-buff, medium-dark yellow-buff"
"Slate-headed Tody-flycatcher","Poecilotriccus_sylvia","Tyrant-flycatchers","Tyrannidae","Passeriformes","F","brownish gray, dark gray, dark yellow-buff, gray, medium cream, medium yellow-buff, medium-dark yellow-buff, olive-gray"
"Slate-headed Tody-flycatcher","Poecilotriccus_sylvia","Tyrant-flycatchers","Tyrannidae","Passeriformes","M","brownish gray, dark gray, gray, medium cream, medium yellow-buff, medium-dark yellow-buff, pale cream"
"Slate-headed Tody-flycatcher","Poecilotriccus_sylvia","Tyrant-flycatchers","Tyrannidae","Passeriformes",NA,"brownish gray, dark gray, dark yellow-buff, gray, medium cream, medium yellow-buff, medium-dark yellow-buff, olive-gray"
"Slate-throated Redstart","Myioborus_miniatus","New World warblers","Parulidae","Passeriformes","F","black, brownish gray, dark brown, dark gray, dark rufous, gray, medium cream, medium yellow-buff, medium-dark rufous, medium-dark yellow-buff, very dark rufous"
"Slaty Brush-finch","Atlapetes_schistaceus","Buntings, American sparrows and allies","Emberizidae","Passeriformes","F","dark gray, dark rufous, gray, medium-dark rufous"
"Slaty Finch","Haplospiza_rustica","Buntings, American sparrows and allies","Emberizidae","Passeriformes","M","brownish gray, dark gray, gray, medium-dark yellow-buff"
"Slaty Flowerpiercer","Diglossa_plumbea","Tanagers","Thraupidae","Passeriformes","M","brownish gray, dark gray, gray, medium-dark yellow-buff"
"Slaty Tanager","Creurgops_dentatus","Tanagers","Thraupidae","Passeriformes","M","brownish gray, dark brown, dark gray, dark rufous, gray, medium-dark rufous, medium-dark yellow-buff"
"Slaty-backed Forest-falcon","Micrastur_mirandollei","Falcons and caracaras","Falconidae","Falconiformes","F","brownish gray, dark gray, gray, olive-gray, pale gray"
"Slaty-backed Hemispingus","Hemispingus_goeringi","Tanagers","Thraupidae","Passeriformes","M","brownish gray, dark gray, dark rufous, dark yellow-buff, gray, medium-dark rufous, medium-dark yellow-buff"
"Slaty-capped Shrike-vireo","Vireolanius_leucotis","Vireos and allies","Vireonidae","Passeriformes","F","dark gray, dark yellow-buff, gray, medium cream, medium yellow-buff, medium-dark yellow-buff"
"Slaty-capped Shrike-vireo","Vireolanius_leucotis","Vireos and allies","Vireonidae","Passeriformes","M","dark gray, dark yellow-buff, gray, pale cream"
"Slaty-capped Shrike-vireo","Vireolanius_leucotis","Vireos and allies","Vireonidae","Passeriformes",NA,"brownish gray, dark yellow-buff, gray, medium yellow-buff, medium-dark yellow-buff"
"Slender-billed Cicadabird","Coracina_tenuirostris","Cuckoo-shrikes","Campephagidae","Passeriformes","M","brownish gray, dark gray, gray, medium yellow-buff, medium-dark yellow-buff, pale gray"
"Slender-billed Finch","Xenospingus_concolor","Buntings, American sparrows and allies","Emberizidae","Passeriformes","M","brownish gray, dark gray, gray"
"Slender-billed Starling","Onychognathus_tenuirostris","Starlings","Sturnidae","Passeriformes","M","blue, brownish gray, dark gray, gray, medium-dark rufous"
"Slender-billed White-eye","Zosterops_tenuirostris","White-eyes","Zosteropidae","Passeriformes","M","brownish gray, gray, medium yellow-buff, medium-dark yellow-buff"
"Slender-footed Tyrannulet","Zimmerius_gracilipes","Tyrant-flycatchers","Tyrannidae","Passeriformes","F","brownish gray, dark gray, dark yellow-buff, gray, medium cream, medium yellow-buff, medium-dark yellow-buff, pale cream"
"Slender-footed Tyrannulet","Zimmerius_gracilipes","Tyrant-flycatchers","Tyrannidae","Passeriformes",NA,"brownish gray, dark yellow-buff, gray, medium yellow-buff, medium-dark yellow-buff"
"Small Buttonquail","Turnix_sylvaticus","Buttonquails","Turnicidae","Charadriiformes","F","brownish gray, dark gray, dark rufous, gray, medium cream, medium yellow-buff, medium-dark orange-buff, medium-dark rufous, medium-dark yellow-buff"
"Small Ground-finch","Geospiza_fuliginosa","Buntings, American sparrows and allies","Emberizidae","Passeriformes","M","brownish gray, dark gray, gray"
"Small Tree-finch","Camarhynchus_parvulus","Buntings, American sparrows and allies","Emberizidae","Passeriformes","M","brownish gray, dark gray, gray, medium yellow-buff, medium-dark yellow-buff"
"Smith's Longspur","Calcarius_pictus","Buntings, American sparrows and allies","Emberizidae","Passeriformes","F","black, brownish gray, dark gray, gray, medium yellow-buff, medium-dark yellow-buff, pale gray"
"Smoky Honeyeater","Melipotes_fumigatus","Honeyeaters","Meliphagidae","Passeriformes","F","black, brownish gray, dark gray, gray"
"Smooth-billed Ani","Crotophaga_ani","Cuckoos","Cuculidae","Cuculiformes","F","black, blue, brownish gray, dark blue, dark gray, gray"
"Smooth-billed Ani","Crotophaga_ani","Cuckoos","Cuculidae","Cuculiformes","M","black, blue, brownish gray, dark blue, dark gray, gray"
"Snow Bunting","Plectrophenax_nivalis","Buntings, American sparrows and allies","Emberizidae","Passeriformes","F","brownish gray, dark gray, dark rufous, gray, medium-dark rufous, medium-dark yellow-buff, pale gray"
"Snow Goose","Chen_caerulescens","Ducks, geese and swans","Anatidae","Anseriformes",NA,"gray"
"Snow Petrel","Pagodroma_nivea","Petrels and shearwaters","Procellariidae","Procellariiformes","M","gray, pale cream"
"Snow-capped Manakin","Lepidothrix_nattereri","Manakins","Pipridae","Passeriformes",NA,"gray"
"Snowy Egret","Egretta_thula","Herons and egrets","Ardeidae","Pelecaniformes","F","gray, olive-gray, pale gray"
"Snowy Owl","Bubo_scandiaca","Owls","Strigidae","Strigiformes","M","gray, medium yellow-buff, olive-gray"
"Snowy Owl","Bubo_scandiaca","Owls","Strigidae","Strigiformes",NA,"gray"
"Snowy Sheathbill","Chionis_albus","Sheathbills and allies","Chionidae","Charadriiformes","M","gray, medium cream, pale cream"
"Social Flycatcher","Myiozetetes_similis","Tyrant-flycatchers","Tyrannidae","Passeriformes","F","brownish gray, dark yellow-buff, gray, medium cream, medium yellow-buff, medium-dark brown, medium-dark yellow-buff, pale cream"
"Social Flycatcher","Myiozetetes_similis","Tyrant-flycatchers","Tyrannidae","Passeriformes","M","brownish gray, dark gray, dark yellow-buff, gray, medium cream, medium yellow-buff, medium-dark brown, medium-dark yellow-buff, pale cream"
"Socorro Wren","Troglodytes_sissonii","Wrens","Troglodytidae","Passeriformes","M","brownish gray, gray, medium yellow-buff, medium-dark yellow-buff, pale cream"
"Socotra Starling","Onychognathus_frater","Starlings","Sturnidae","Passeriformes","M","blue, brownish gray, dark gray, dark rufous, gray, medium-dark orange-buff, medium-dark rufous"
"Socotra Sunbird","Nectarinia_balfouri","Sunbirds","Nectariniidae","Passeriformes","M","brownish gray, gray, medium yellow-buff, pale gray"
"Socotra Warbler","Incana_incana","Cisticolas and allies","Cisticolidae","Passeriformes","M","brownish gray, gray, medium-dark yellow-buff"
"Solitary Black Cacique","Cacicus_solitarius","New World blackbirds","Icteridae","Passeriformes","F","black, brownish gray, dark gray"
"Solitary Black Cacique","Cacicus_solitarius","New World blackbirds","Icteridae","Passeriformes","M","black, brownish gray, dark gray"
"Solitary Sandpiper","Tringa_solitaria","Sandpipers and allies","Scolopacidae","Charadriiformes","F","brownish gray, dark gray, gray, pale gray"
"Solomons Hawk-owl","Ninox_jacquinoti","Owls","Strigidae","Strigiformes","M","brownish gray, gray, medium yellow-buff, medium-dark orange-buff, medium-dark rufous, medium-dark yellow-buff"
"Somali Starling","Onychognathus_blythii","Starlings","Sturnidae","Passeriformes","M","blue, brownish gray, dark gray, dark rufous, gray, medium orange-buff, medium-dark orange-buff, medium-dark rufous"
"Sombre Leaf-warbler","Phylloscopus_amoenus","Old World warblers","Sylviidae","Passeriformes","M","brownish gray, dark yellow-buff, gray, medium yellow-buff, medium-dark yellow-buff"
"Song Sparrow","Melospiza_melodia","Buntings, American sparrows and allies","Emberizidae","Passeriformes","F","black, brownish gray, dark gray, dark rufous, dark yellow-buff, gray, medium yellow-buff, medium-dark rufous, very dark rufous"
"Song Thrush","Turdus_philomelos","Thrushes","Turdidae","Passeriformes","F","brownish gray, dark rufous, dark yellow-buff, gray, medium-dark yellow-buff, pale gray"
"Sooty Barbthroat","Threnetes_niger","Hummingbirds","Trochilidae","Apodiformes","F","brownish gray, dark gray, dark rufous, dark yellow-buff, gray"
"Sooty Barbthroat","Threnetes_niger","Hummingbirds","Trochilidae","Apodiformes","M","brownish gray, dark gray, dark rufous, dark yellow-buff, gray, medium-dark yellow-buff"
"Sooty Grassquit","Tiaris_fuliginosus","Buntings, American sparrows and allies","Emberizidae","Passeriformes","M","brownish gray, dark gray, dark yellow-buff, gray, medium-dark yellow-buff"
"Sooty Oystercatcher","Haematopus_fuliginosus","Oystercatchers","Haematopodidae","Charadriiformes","F","black, dark gray, gray"
"Sooty Shearwater","Puffinus_griseus","Petrels and shearwaters","Procellariidae","Procellariiformes","M","brownish gray, dark gray, gray"
"Sooty Tern","Sterna_fuscata","Gulls and terns","Laridae","Charadriiformes","M","brownish gray, dark gray, gray, pale cream"
"Sooty Thicket-fantail","Rhipidura_threnothorax","Fantails","Rhipiduridae","Passeriformes","F","brownish gray, dark gray, dark rufous, dark yellow-buff, gray"
"Souimanga Sunbird","Nectarinia_sovimanga","Sunbirds","Nectariniidae","Passeriformes","F","brownish gray, dark gray, gray, medium-dark yellow-buff, pale cream"
"Souimanga Sunbird","Nectarinia_sovimanga","Sunbirds","Nectariniidae","Passeriformes","M","black, blue, brownish gray, dark gray, dark yellow-buff, medium green, medium yellow-buff, pale green"
"South Georgia Pipit","Anthus_antarcticus","Wagtails and pipits","Motacillidae","Passeriformes","M","brownish gray, gray, medium yellow-buff, medium-dark yellow-buff"
"South Polar Skua","Catharacta_maccormicki","Skuas and jaegers","Stercorariidae","Charadriiformes","M","brownish gray, gray, medium yellow-buff"
"Southern Black Flycatcher","Melaenornis_pammelaina","Chats and Old World flycatchers","Muscicapidae","Passeriformes","F","blue, dark gray, gray"
"Southern Black Flycatcher","Melaenornis_pammelaina","Chats and Old World flycatchers","Muscicapidae","Passeriformes","M","blue, dark blue, dark gray"
"Southern Boobook","Ninox_boobook","Owls","Strigidae","Strigiformes","F","brownish gray, dark gray, dark rufous, gray, medium-dark rufous, medium-dark yellow-buff"
"Southern Boobook","Ninox_novaeseelandiae","Owls","Strigidae","Strigiformes","M","brownish gray, medium-dark yellow-buff"
"Southern Brown Kiwi","Apteryx_australis","Kiwis","Apterygidae","Apterygiformes","M","brownish gray, dark rufous, gray"
"Southern Fulmar","Fulmarus_glacialoides","Petrels and shearwaters","Procellariidae","Procellariiformes","M","gray, pale gray"
"Southern Giant-petrel","Macronectes_giganteus","Petrels and shearwaters","Procellariidae","Procellariiformes","M","brownish gray, gray"
"Southern Nightingale-wren","Microcerculus_marginatus","Wrens","Troglodytidae","Passeriformes","F","black, brownish gray, dark gray, dark rufous, dark yellow-buff, gray, very dark rufous"
"Southern Penduline-tit","Anthoscopus_minutus","Penduline-tits","Remizidae","Passeriformes","F","brownish gray, dark gray, gray, medium yellow-buff, medium-dark yellow-buff"
"Southern Penduline-tit","Anthoscopus_minutus","Penduline-tits","Remizidae","Passeriformes","M","brownish gray, dark gray, gray, medium-dark yellow-buff"
"Southern Rockhopper Penguin","Eudyptes_chrysocome","Penguins","Spheniscidae","Sphenisciformes","M","brownish gray, dark gray, gray, medium cream, pale cream"
"Southern Rough-winged Swallow","Stelgidopteryx_ruficollis","Swallows and martins","Hirundinidae","Passeriformes","F","black, brownish gray, dark gray, medium yellow-buff, medium-dark orange-buff, medium-dark rufous, medium-dark yellow-buff, pale cream"
"Southern Rough-winged Swallow","Stelgidopteryx_ruficollis","Swallows and martins","Hirundinidae","Passeriformes","M","black, brownish gray, dark gray, medium cream, medium orange-buff, medium yellow-buff, medium-dark orange-buff, medium-dark rufous"
"Southern Scrub-flycatcher","Sublegatus_modestus","Tyrant-flycatchers","Tyrannidae","Passeriformes","F","brownish gray, gray, medium yellow-buff"
"Southern Scrub-flycatcher","Sublegatus_modestus","Tyrant-flycatchers","Tyrannidae","Passeriformes","M","brownish gray, gray, medium cream, medium yellow-buff"
"Southern Scrub-robin","Drymodes_brunneopygia","Australasian robins","Petroicidae","Passeriformes","F","brownish gray, dark rufous, gray"
"Southern Skua","Catharacta_antarctica","Skuas and jaegers","Stercorariidae","Charadriiformes","M","brownish gray"
"Spangle-cheeked Tanager","Tangara_dowii","Tanagers","Thraupidae","Passeriformes","M","blue, brownish gray, dark gray, dark olive, dark yellow-buff, gray, medium green, medium-dark green, medium-dark olive, medium-dark yellow-buff, olive-gray"
"Spangled Cotinga","Cotinga_cayana","Cotingas","Cotingidae","Passeriformes","F","brownish gray, dark rufous, gray, medium yellow-buff, medium-dark green, medium-dark yellow-buff, olive-gray"
"Spangled Cotinga","Cotinga_cayana","Cotingas","Cotingidae","Passeriformes","M","dark gray, gray, medium-dark maroon, medium-dark red-brown"
"Spangled Drongo","Dicrurus_bracteatus","Drongos","Dicruridae","Passeriformes","F","black, blue, dark gray, gray, olive-gray"
"Spanish Sparrow","Passer_hispaniolensis","Sparrows, snowfinches and allies","Passeridae","Passeriformes","F","brownish gray, dark gray, dark rufous, dark yellow-buff, gray, medium yellow-buff"
"Sparkling Violet-ear","Colibri_coruscans","Hummingbirds","Trochilidae","Apodiformes","F","blue, brownish gray, dark olive, gray, medium green, medium yellow-buff, medium-dark green, medium-dark olive, medium-dark yellow-buff, olive-gray, pale green"
"Sparkling Violet-ear","Colibri_coruscans","Hummingbirds","Trochilidae","Apodiformes","M","black, blue, brownish gray, dark olive, medium green, medium-dark green, medium-dark orange-buff, medium-dark yellow-buff, olive-gray, pale green, very dark olive"
"Speckled Hummingbird","Adelomyia_melanogenys","Hummingbirds","Trochilidae","Apodiformes","M","brownish gray, medium yellow-buff, medium-dark green, medium-dark yellow-buff"
"Speckled Mourner","Laniocera_rufescens","Cotingas","Cotingidae","Passeriformes","F","brownish gray, dark rufous, dark yellow-buff, gray, medium-dark rufous, medium-dark yellow-buff, very dark rufous"
"Speckled Mousebird","Colius_striatus","Mousebirds","Coliidae","Coliiformes","F","black, brownish gray, dark gray, dark rufous, dark yellow-buff, gray, medium yellow-buff, medium-dark yellow-buff"
"Speckled Pigeon","Columba_guinea","Doves and pigeons","Columbidae","Columbiformes","F","brownish gray, gray"
"Speckled Pigeon","Columba_guinea","Doves and pigeons","Columbidae","Columbiformes",NA,"brownish gray, dark gray, gray"
"Speckled Spinetail","Cranioleuca_gutturata","Ovenbirds","Furnariidae","Passeriformes","F","brownish gray, dark rufous, medium yellow-buff"
"Speckled Spinetail","Cranioleuca_gutturata","Ovenbirds","Furnariidae","Passeriformes","M","brownish gray, dark rufous, gray, medium yellow-buff, medium-dark rufous"
"Speckled Tanager","Tangara_guttata","Tanagers","Thraupidae","Passeriformes","M","brownish gray, dark gray, dark olive, dark yellow-buff, gray, medium green, medium yellow-buff, medium-dark green, medium-dark olive, medium-dark yellow-buff, olive-gray"
"Spectacled Monarch","Monarcha_trivirgatus","Monarchs","Monarchidae","Passeriformes","M","brownish gray, dark gray, dark yellow-buff, gray, medium yellow-buff, medium-dark rufous, medium-dark yellow-buff, pale gray"
"Spectacled Owl","Pulsatrix_perspicillata","Owls","Strigidae","Strigiformes","M","brownish gray, gray, medium cream, pale cream"
"Spectacled Owl","Pulsatrix_perspicillata","Owls","Strigidae","Strigiformes",NA,"brownish gray, dark gray, gray, medium cream, medium yellow-buff, medium-dark rufous, pale cream"
"Spectacled Spiderhunter","Arachnothera_flavigaster","Sunbirds","Nectariniidae","Passeriformes","F","brownish gray, medium cream, medium yellow-buff, medium-dark yellow-buff"
"Spectacled Spiderhunter","Arachnothera_flavigaster","Sunbirds","Nectariniidae","Passeriformes","M","brownish gray, gray, medium yellow-buff, medium-dark yellow-buff"
"Spectacled Weaver","Ploceus_ocularis","Weavers and allies","Ploceidae","Passeriformes","M","dark gray, medium yellow-buff, medium-dark yellow-buff, pale cream"
"Spike-heeled Lark","Chersomanes_albofasciata","Larks","Alaudidae","Passeriformes","F","brownish gray, dark gray, dark rufous, dark yellow-buff, gray, medium-dark rufous, medium-dark yellow-buff"
"Spiny-cheeked Honeyeater","Acanthagenys_rufogularis","Honeyeaters","Meliphagidae","Passeriformes","F","brownish gray, dark gray, gray, medium yellow-buff, medium-dark orange-buff, medium-dark rufous, medium-dark yellow-buff"
"Splendid Astrapia","Astrapia_splendidissima","Birds of paradise","Paradisaeidae","Passeriformes","M","black, brownish gray, dark brown, dark gray, dark olive, medium-dark green, medium-dark olive, olive-gray"
"Splendid Fairywren","Malurus_splendens","Australasian wrens","Maluridae","Passeriformes","F","black, blue, brownish gray, dark blue, dark gray, dark purple, gray, light blue, medium-dark dark purple, olive-gray"
"Splendid Glossy-starling","Lamprotornis_splendidus","Starlings","Sturnidae","Passeriformes","M","black, blue, dark blue, dark brown, dark gray, dark maroon, dark purple, dark rufous, dark yellow-buff, gray, light blue, medium green, medium-dark green, medium-dark maroon, medium-dark olive, olive-gray, very dark maroon"
"Splendid Sunbird","Nectarinia_coccinigaster","Sunbirds","Nectariniidae","Passeriformes","F","black, brownish gray, gray, medium yellow-buff, medium-dark yellow-buff, pale cream"
"Splendid Sunbird","Nectarinia_coccinigaster","Sunbirds","Nectariniidae","Passeriformes","M","black, dark blue, dark gray, dark rufous, light blue"
"Spot-backed Antbird","Hylophylax_naevius","Antbirds","Thamnophilidae","Passeriformes","F","brownish gray, dark gray, dark rufous, dark yellow-buff, gray, medium cream, medium yellow-buff, medium-dark yellow-buff, pale cream, pale gray"
"Spot-backed Antbird","Hylophylax_naevius","Antbirds","Thamnophilidae","Passeriformes","M","black, brownish gray, dark gray, dark rufous, gray, medium cream, medium yellow-buff, medium-dark rufous, medium-dark yellow-buff, pale cream, pale gray"
"Spot-breasted Oriole","Icterus_pectoralis","New World blackbirds","Icteridae","Passeriformes","F","black, dark gray, medium cream, medium yellow-buff, medium-dark orange-buff, medium-dark rufous, medium-dark yellow-buff"
"Spot-tailed Antwren","Herpsilochmus_sticturus","Antbirds","Thamnophilidae","Passeriformes","F","brownish gray, dark gray, gray, medium yellow-buff"
"Spot-tailed Antwren","Herpsilochmus_sticturus","Antbirds","Thamnophilidae","Passeriformes","M","black, brownish gray, dark gray, gray, pale gray"
"Spot-winged Antbird","Schistocichla_leucostigma","Antbirds","Thamnophilidae","Passeriformes","F","brownish gray, dark gray, gray, medium-dark orange-buff, medium-dark rufous"
"Spot-winged Antbird","Schistocichla_leucostigma","Antbirds","Thamnophilidae","Passeriformes","M","dark gray, gray, pale gray"
"Spot-winged Antshrike","Pygiptila_stellaris","Antbirds","Thamnophilidae","Passeriformes","F","brownish gray, dark gray, dark rufous, dark yellow-buff, gray, medium yellow-buff, medium-dark yellow-buff, pale gray"
"Spot-winged Antshrike","Pygiptila_stellaris","Antbirds","Thamnophilidae","Passeriformes","M","brownish gray, dark gray, gray, olive-gray, pale gray"
"Spot-winged Monarch","Monarcha_guttula","Monarchs","Monarchidae","Passeriformes","M","black, brownish gray, dark gray, gray, pale gray"
"Spot-winged Starling","Saroglossa_spiloptera","Starlings","Sturnidae","Passeriformes","M","brownish gray, dark gray, dark rufous, gray, medium cream, medium yellow-buff, medium-dark rufous, medium-dark yellow-buff, olive-gray, pale cream"
"Spotless Crake","Porzana_tabuensis","Rails, crakes and allies","Rallidae","Gruiformes","M","brownish gray, dark gray, gray"
"Spotted Antpitta","Hylopezus_macularius","Antthrushes and antpittas","Formicariidae","Passeriformes","F","brownish gray, dark gray, dark yellow-buff, gray, medium yellow-buff, medium-dark yellow-buff, pale cream, very pale cream"
"Spotted Antpitta","Hylopezus_macularius","Antthrushes and antpittas","Formicariidae","Passeriformes","M","brownish gray, dark gray, gray, medium yellow-buff, medium-dark yellow-buff, very pale cream"
"Spotted Barbtail","Premnoplex_brunnescens","Ovenbirds","Furnariidae","Passeriformes","M","brownish gray, dark gray, gray, medium-dark orange-buff, medium-dark yellow-buff"
"Spotted Bowerbird","Chlamydera_maculata","Bowerbirds","Ptilonorhynchidae","Passeriformes","F","black, blue, brownish gray, dark gray, dark rufous, dark yellow-buff, gray, light blue, medium cream, medium orange-buff, medium purple, medium red-brown, medium yellow-buff, medium-dark dark purple, medium-dark orange-buff, medium-dark red-brown, medium-dark rufous, medium-dark yellow-buff, pale cream"
"Spotted Dove","Stigmatopelia_chinensis","Doves and pigeons","Columbidae","Columbiformes","F","brownish gray, dark gray, gray, medium orange-buff, medium yellow-buff, medium-dark orange-buff, medium-dark rufous, medium-dark yellow-buff"
"Spotted Pardalote","Pardalotus_punctatus","Pardalotes","Pardalotidae","Passeriformes","F","black, brownish gray, dark brown, dark gray, dark yellow-buff, gray, medium yellow-buff, medium-dark rufous, medium-dark yellow-buff"
"Spotted Puffbird","Bucco_tamatia","Puffbirds","Bucconidae","Piciformes","F","brownish gray, dark gray, gray, medium cream, medium-dark orange-buff, medium-dark rufous, medium-dark yellow-buff, pale cream, pale gray"
"Spotted Puffbird","Bucco_tamatia","Puffbirds","Bucconidae","Piciformes","M","brownish gray, dark gray, gray, medium-dark orange-buff, medium-dark rufous"
"Spotted Puffbird","Bucco_tamatia","Puffbirds","Bucconidae","Piciformes",NA,"brownish gray, dark gray, gray, medium cream, medium-dark orange-buff, medium-dark yellow-buff"
"Spotted Quail-thrush","Cinclosoma_punctatum","Quail-thrushes","Cinclosomatidae","Passeriformes","F","brownish gray, dark gray, dark yellow-buff, gray, medium yellow-buff, pale gray"
"Spotted Sandpiper","Actitis_macularius","Sandpipers and allies","Scolopacidae","Charadriiformes","F","brownish gray, dark gray, gray, medium-dark yellow-buff, pale gray"
"Spotted Shag","Phalacrocorax_punctatus","Cormorants","Phalacrocoracidae","Suliformes","M","brownish gray, dark gray, gray"
"Spotted Tanager","Tangara_punctata","Tanagers","Thraupidae","Passeriformes","F","brownish gray, dark gray, dark yellow-buff, gray, medium green, medium yellow-buff, medium-dark green, medium-dark olive, medium-dark yellow-buff, olive-gray, pale green, very pale green"
"Spotted Tanager","Tangara_punctata","Tanagers","Thraupidae","Passeriformes","M","brownish gray, dark gray, dark olive, gray, medium green, medium yellow-buff, medium-dark green, medium-dark olive, medium-dark yellow-buff, olive-gray, pale cream, pale green, very pale green"
"Spotted Tanager","Tangara_punctata","Tanagers","Thraupidae","Passeriformes",NA,"brownish gray, dark gray, dark olive, dark yellow-buff, gray, medium green, medium yellow-buff, medium-dark green, medium-dark olive, medium-dark yellow-buff, olive-gray, very pale green"
"Spotted Towhee","Pipilo_maculatus","Buntings, American sparrows and allies","Emberizidae","Passeriformes","F","brownish gray, dark gray, gray, pale gray"
"Sprague's Pipit","Anthus_spragueii","Wagtails and pipits","Motacillidae","Passeriformes","F","gray, medium yellow-buff, pale gray"
"Sprague's Pipit","Anthus_spragueii","Wagtails and pipits","Motacillidae","Passeriformes","M","gray, pale gray"
"Spruce Grouse","Dendragapus_canadensis","Grouse, pheasants and partridges","Phasianidae","Galliformes","F","black, brownish gray, dark gray, dark rufous, dark yellow-buff, gray, medium yellow-buff, medium-dark yellow-buff"
"Spur-winged Goose","Plectropterus_gambensis","Ducks, geese and swans","Anatidae","Anseriformes","F","black, brownish gray, dark gray, gray, medium yellow-buff, medium-dark olive, olive-gray, pale gray"
"Square-tailed Drongo","Dicrurus_ludwigii","Drongos","Dicruridae","Passeriformes","F","black, dark blue, dark gray"
"Square-tailed Drongo","Dicrurus_ludwigii","Drongos","Dicruridae","Passeriformes","M","dark blue, dark gray"
"Squirrel Cuckoo","Piaya_cayana","Cuckoos","Cuculidae","Cuculiformes","F","brownish gray, dark brown, dark rufous, gray, medium orange-buff, medium-dark orange-buff, medium-dark rufous, pale gray"
"Squirrel Cuckoo","Piaya_cayana","Cuckoos","Cuculidae","Cuculiformes","M","brownish gray, dark rufous, gray, medium orange-buff, medium-dark brown, medium-dark rufous, pale gray"
"St Lucia Amazon","Amazona_versicolor","Parrots","Psittacidae","Psittaciformes","M","blue, dark brown, dark gray, gray, light blue, medium green, medium yellow-buff, medium-dark brown, medium-dark green, medium-dark olive, medium-dark orange-buff, medium-dark rufous, medium-dark yellow-buff, olive-gray"
"St Lucia Black Finch","Melanospiza_richardsoni","Buntings, American sparrows and allies","Emberizidae","Passeriformes","M","brownish gray, dark gray, dark yellow-buff, gray"
"St Lucia Oriole","Icterus_laudabilis","New World blackbirds","Icteridae","Passeriformes","M","brownish gray, dark gray, gray, medium cream, medium yellow-buff, pale cream"
"Star Finch","Neochmia_ruficauda","Waxbills, grass finches, munias and allies","Estrildidae","Passeriformes","F","brownish gray, dark brown, dark yellow-buff, gray, medium buff, medium cream, medium orange-buff, medium red-brown, medium tan, medium yellow-buff, medium-dark brown, medium-dark yellow-buff, pale buff, pale cream, pale orange-buff, very pale buff, very pale cream, very pale orange-buff"
"Star Finch","Neochmia_ruficauda","Waxbills, grass finches, munias and allies","Estrildidae","Passeriformes","M","pale buff, pale pinkish buff, very pale buff, very pale cream, very pale orange-buff, very pale pinkish buff"
"Stark's Lark","Eremalauda_starki","Larks","Alaudidae","Passeriformes","F","brownish gray, dark yellow-buff, gray, medium yellow-buff, medium-dark orange-buff, medium-dark rufous, medium-dark yellow-buff"
"Steller's Jay","Cyanocitta_stelleri","Crows and jays","Corvidae","Passeriformes","F","black, blue, brownish gray, dark blue, dark gray, gray, light blue"
"Stephanie's Astrapia","Astrapia_stephaniae","Birds of paradise","Paradisaeidae","Passeriformes","F","black, blue, brownish gray, dark blue, dark gray, dark olive, dark yellow-buff, medium-dark green, medium-dark olive, medium-dark yellow-buff"
"Stewart Island Shag","Phalacrocorax_chalconotus","Cormorants","Phalacrocoracidae","Suliformes","M","dark gray, gray, medium cream, olive-gray, pale cream"
"Stilt Sandpiper","Calidris_himantopus","Sandpipers and allies","Scolopacidae","Charadriiformes","F","brownish gray, dark gray, gray, medium-dark orange-buff"
"Stitchbird","Notiomystis_cincta","Honeyeaters","Meliphagidae","Passeriformes","M","brownish gray, dark gray, gray, medium yellow-buff, medium-dark yellow-buff, pale gray"
"Stout-billed Cuckooshrike","Coracina_caeruleogrisea","Cuckoo-shrikes","Campephagidae","Passeriformes","F","blue, dark gray, gray"
"Straight-billed Hermit","Phaethornis_bourcieri","Hummingbirds","Trochilidae","Apodiformes","M","brownish gray, dark gray, dark yellow-buff, gray, medium yellow-buff, medium-dark green, medium-dark yellow-buff, pale gray"
"Straight-billed Hermit","Phaethornis_bourcieri","Hummingbirds","Trochilidae","Apodiformes",NA,"brownish gray, gray, medium yellow-buff, medium-dark rufous, medium-dark yellow-buff, pale gray"
"Straight-billed Woodcreeper","Dendroplex_picus","Woodcreepers","Dendrocolaptidae","Passeriformes","F","brownish gray, dark rufous, dark yellow-buff, gray, medium yellow-buff, medium-dark rufous, medium-dark yellow-buff, very dark rufous"
"Straight-billed Woodcreeper","Dendroplex_picus","Woodcreepers","Dendrocolaptidae","Passeriformes","M","brownish gray, dark gray, dark rufous, dark yellow-buff, gray, medium cream, medium yellow-buff, medium-dark rufous, medium-dark yellow-buff"
"Straight-billed Woodcreeper","Dendroplex_picus","Woodcreepers","Dendrocolaptidae","Passeriformes",NA,"brownish gray, dark rufous, dark yellow-buff, gray, medium yellow-buff, medium-dark rufous, medium-dark yellow-buff"
"Strange Weaver","Ploceus_alienus","Weavers and allies","Ploceidae","Passeriformes","F","black, brownish gray, dark gray, dark rufous, dark yellow-buff, gray, medium yellow-buff, medium-dark yellow-buff"
"Straw-backed Tanager","Tangara_argyrofenges","Tanagers","Thraupidae","Passeriformes","M","black, dark gray, dark olive, dark yellow-buff, gray, medium green, medium yellow-buff, medium-dark green, medium-dark olive, medium-dark yellow-buff, olive-gray"
"Streak-headed Munia","Lonchura_tristissima","Waxbills, grass finches, munias and allies","Estrildidae","Passeriformes","F","black, brownish gray, dark gray, dark rufous, gray, medium pinkish buff, medium tan, medium-dark brown, pale buff, pale pinkish buff, very pale cream, very pale orange-buff"
"Streak-headed Munia","Lonchura_tristissima","Waxbills, grass finches, munias and allies","Estrildidae","Passeriformes","M","medium buff, medium pinkish buff, medium red-brown, medium tan, medium-dark brown, medium-dark red-brown, pale buff, very pale cream"
"Streaked Berrypecker","Melanocharis_striativentris","Berrypeckers","Melanocharitidae","Passeriformes","F","brownish gray, dark gray, dark yellow-buff, gray, medium-dark yellow-buff, very dark yellow-buff"
"Streaked Fantail","Rhipidura_verreauxi","Fantails","Rhipiduridae","Passeriformes","M","brownish gray, gray, medium yellow-buff"
"Streaked Flycatcher","Myiodynastes_maculatus","Tyrant-flycatchers","Tyrannidae","Passeriformes","F","brownish gray, gray, medium yellow-buff, pale cream"
"Streaked Flycatcher","Myiodynastes_maculatus","Tyrant-flycatchers","Tyrannidae","Passeriformes","M","brownish gray, gray, pale cream"
"Streaked Flycatcher","Myiodynastes_maculatus","Tyrant-flycatchers","Tyrannidae","Passeriformes",NA,"brownish gray, dark gray, dark rufous, dark yellow-buff, gray, medium cream, medium yellow-buff, medium-dark rufous, medium-dark yellow-buff, pale cream"
"Streaked Saltator","Saltator_striatipectus","Grosbeaks, saltators and allies","Cardinalidae","Passeriformes","M","brownish gray, dark yellow-buff, gray, medium-dark yellow-buff"
"Streaked Spiderhunter","Arachnothera_magna","Sunbirds","Nectariniidae","Passeriformes","F","brownish gray, dark gray, dark yellow-buff, gray, medium cream, medium yellow-buff, medium-dark yellow-buff, pale cream"
"Streaked Spiderhunter","Arachnothera_magna","Sunbirds","Nectariniidae","Passeriformes","M","brownish gray, dark gray, gray, medium cream, medium-dark yellow-buff, pale cream"
"Streaky Seedeater","Serinus_striolatus","Finches and Hawaiian honeycreepers","Fringillidae","Passeriformes","F","very pale cream, very pale orange-buff"
"Streaky Seedeater","Serinus_striolatus","Finches and Hawaiian honeycreepers","Fringillidae","Passeriformes","M","brownish gray, gray, medium yellow-buff, medium-dark yellow-buff, very pale cream, very pale orange-buff"
"Streaky-headed Seedeater","Serinus_gularis","Finches and Hawaiian honeycreepers","Fringillidae","Passeriformes","F","very pale cream, very pale orange-buff"
"Streaky-headed Seedeater","Serinus_gularis","Finches and Hawaiian honeycreepers","Fringillidae","Passeriformes","M","brownish gray, dark yellow-buff, gray, medium yellow-buff, medium-dark rufous, medium-dark yellow-buff, olive-gray, very pale cream, very pale green, very pale orange-buff"
"Striated Grasswren","Amytornis_striatus","Australasian wrens","Maluridae","Passeriformes","F","brownish gray, dark gray, dark rufous, dark yellow-buff, gray, medium yellow-buff, medium-dark rufous, medium-dark yellow-buff"
"Striated Heron","Butorides_striata","Herons and egrets","Ardeidae","Pelecaniformes","F","brownish gray, dark gray, gray, medium cream, medium yellow-buff, medium-dark orange-buff, medium-dark yellow-buff, olive-gray, pale cream, very pale cream"
"Striated Heron","Butorides_striata","Herons and egrets","Ardeidae","Pelecaniformes","M","brownish gray, dark gray, dark yellow-buff, gray, medium cream, medium yellow-buff, medium-dark orange-buff, medium-dark yellow-buff, olive-gray, pale cream, pale gray"
"Striated Lorikeet","Charmosyna_multistriata","Parrots","Psittacidae","Psittaciformes","M","brownish gray, gray, medium yellow-buff, medium-dark green, medium-dark olive, medium-dark yellow-buff, pale cream, pale green, very pale cream"
"Striated Pardalote","Pardalotus_striatus","Pardalotes","Pardalotidae","Passeriformes","F","black, brownish gray, dark gray, dark yellow-buff, gray, medium cream, medium yellow-buff, medium-dark yellow-buff, pale cream"
"Striated Thornbill","Acanthiza_lineata","Thornbills and gerygones","Acanthizidae","Passeriformes","F","brownish gray, dark gray, dark yellow-buff, gray, medium yellow-buff, medium-dark yellow-buff"
"Stripe-backed Wren","Campylorhynchus_nuchalis","Wrens","Troglodytidae","Passeriformes","F","gray, medium-dark yellow-buff"
"Stripe-backed Wren","Campylorhynchus_nuchalis","Wrens","Troglodytidae","Passeriformes","M","gray, medium yellow-buff"
"Stripe-headed Antpitta","Grallaria_andicolus","Antthrushes and antpittas","Formicariidae","Passeriformes","F","brownish gray, dark yellow-buff, gray"
"Stripe-headed Antpitta","Grallaria_andicolus","Antthrushes and antpittas","Formicariidae","Passeriformes","M","brownish gray, gray, medium yellow-buff"
"Stripe-tailed Yellow-finch","Sicalis_citrina","Buntings, American sparrows and allies","Emberizidae","Passeriformes","M","brownish gray, dark gray, dark yellow-buff, gray, medium yellow-buff, medium-dark yellow-buff"
"Striped Cuckoo","Tapera_naevia","Cuckoos","Cuculidae","Cuculiformes","F","brownish gray, dark gray, dark rufous, gray, medium yellow-buff, medium-dark rufous, medium-dark yellow-buff"
"Striped Cuckoo","Tapera_naevia","Cuckoos","Cuculidae","Cuculiformes","M","brownish gray, dark gray, dark rufous, dark yellow-buff, gray, medium yellow-buff, medium-dark rufous, medium-dark yellow-buff, pale cream"
"Striped Honeyeater","Plectorhyncha_lanceolata","Honeyeaters","Meliphagidae","Passeriformes","F","brownish gray, dark gray, gray, pale gray"
"Striped Woodcreeper","Xiphorhynchus_obsoletus","Woodcreepers","Dendrocolaptidae","Passeriformes","F","brownish gray, dark rufous, dark yellow-buff, gray, medium yellow-buff, medium-dark rufous, medium-dark yellow-buff"
"Striped Woodcreeper","Xiphorhynchus_obsoletus","Woodcreepers","Dendrocolaptidae","Passeriformes","M","brownish gray, dark rufous, dark yellow-buff, gray, medium cream, medium yellow-buff, medium-dark rufous, medium-dark yellow-buff, very dark rufous"
"Striped Woodhaunter","Hyloctistes_subulatus","Ovenbirds","Furnariidae","Passeriformes","F","brownish gray, dark gray, dark rufous, dark yellow-buff, medium yellow-buff, medium-dark yellow-buff"
"Striped Woodhaunter","Hyloctistes_subulatus","Ovenbirds","Furnariidae","Passeriformes","M","brownish gray, dark brown, dark gray, dark rufous, dark yellow-buff, medium yellow-buff, medium-dark yellow-buff"
"Strong-billed Woodcreeper","Xiphocolaptes_promeropirhynchus","Woodcreepers","Dendrocolaptidae","Passeriformes","M","brownish gray, dark rufous, dark yellow-buff, gray, medium yellow-buff, medium-dark rufous, medium-dark yellow-buff"
"Strong-billed Woodcreeper","Xiphocolaptes_promeropirhynchus","Woodcreepers","Dendrocolaptidae","Passeriformes",NA,"brownish gray, dark rufous, dark yellow-buff, gray, medium-dark yellow-buff, very dark rufous"
"Stubble Quail","Coturnix_pectoralis","Grouse, pheasants and partridges","Phasianidae","Galliformes","F","black, brownish gray, dark gray, dark rufous, dark yellow-buff, gray, medium yellow-buff, medium-dark yellow-buff, pale cream"
"Stuhlmann's Starling","Poeoptera_stuhlmanni","Starlings","Sturnidae","Passeriformes","M","blue, brownish gray, dark gray, gray, medium-dark orange-buff, medium-dark rufous"
"Sulphur-bellied Flycatcher","Myiodynastes_luteiventris","Tyrant-flycatchers","Tyrannidae","Passeriformes","F","gray, medium cream, medium orange-buff, pale cream"
"Sulphur-bellied Flycatcher","Myiodynastes_luteiventris","Tyrant-flycatchers","Tyrannidae","Passeriformes","M","gray, medium cream, medium orange-buff, medium yellow-buff, medium-dark orange-buff, pale cream"
"Sulphur-crested Cockatoo","Cacatua_galerita","Parrots","Psittacidae","Psittaciformes","F","gray, medium cream, medium green, medium yellow-buff, pale gray"
"Sulphur-rumped Tanager","Heterospingus_rubrifrons","Tanagers","Thraupidae","Passeriformes","M","dark gray, dark yellow-buff, gray, medium yellow-buff"
"Sulphur-throated Finch","Sicalis_taczanowskii","Buntings, American sparrows and allies","Emberizidae","Passeriformes","M","brownish gray, dark gray, gray, medium yellow-buff, medium-dark yellow-buff"
"Sulphury Flycatcher","Tyrannopsis_sulphurea","Tyrant-flycatchers","Tyrannidae","Passeriformes","F","brownish gray, gray, medium yellow-buff, medium-dark yellow-buff, pale cream"
"Sulphury Flycatcher","Tyrannopsis_sulphurea","Tyrant-flycatchers","Tyrannidae","Passeriformes","M","brownish gray, dark yellow-buff, gray, medium yellow-buff"
"Sulphury Flycatcher","Tyrannopsis_sulphurea","Tyrant-flycatchers","Tyrannidae","Passeriformes",NA,"brownish gray, dark yellow-buff, gray, medium cream, medium yellow-buff, medium-dark yellow-buff, pale cream"
"Summer Tanager","Piranga_rubra","Grosbeaks, saltators and allies","Cardinalidae","Passeriformes","F","brownish gray, dark brown, dark yellow-buff, gray, medium yellow-buff, medium-dark brown, medium-dark yellow-buff"
"Sunbittern","Eurypyga_helias","Sunbittern","Eurypygidae","Eurypygiformes","F","brownish gray, dark brown, dark gray, gray, medium-dark brown, medium-dark yellow-buff, pale gray"
"Sunbittern","Eurypyga_helias","Sunbittern","Eurypygidae","Eurypygiformes","M","brownish gray, dark gray, dark rufous, gray, medium yellow-buff, medium-dark rufous, medium-dark yellow-buff, pale gray"
"Sunbittern","Eurypyga_helias","Sunbittern","Eurypygidae","Eurypygiformes",NA,"brownish gray, dark gray, dark rufous, gray, medium cream, medium yellow-buff, medium-dark rufous, medium-dark yellow-buff, pale cream, pale gray"
"Sungrebe","Heliornis_fulica","Finfoots","Heliornithidae","Gruiformes","F","black, brownish gray, dark gray, dark yellow-buff, gray, medium yellow-buff, medium-dark orange-buff, medium-dark rufous, medium-dark yellow-buff, olive-gray, pale gray"
"Sungrebe","Heliornis_fulica","Finfoots","Heliornithidae","Gruiformes","M","black, brownish gray, dark gray, dark yellow-buff, gray, medium cream, medium yellow-buff, medium-dark yellow-buff"
"Superb Bird-of-paradise","Lophorina_superba","Birds of paradise","Paradisaeidae","Passeriformes","F","black, blue, brownish gray, dark blue, dark gray, dark yellow-buff, gray, medium green, medium-dark green, medium-dark olive, olive-gray"
"Superb Fairywren","Malurus_cyaneus","Australasian wrens","Maluridae","Passeriformes","F","black, blue, brownish gray, dark blue, dark gray, dark rufous, gray, light blue, olive-gray"
"Superb Fruit-dove","Ptilinopus_superbus","Doves and pigeons","Columbidae","Columbiformes","M","black, blue, brownish gray, dark blue, dark brown, dark gray, dark maroon, dark olive, dark rufous, dark yellow-buff, gray, medium yellow-buff, medium-dark olive, medium-dark rufous, medium-dark yellow-buff, olive-gray, pale cream, pale gray, very dark maroon, very dark yellow-buff"
"Superb Lyrebird","Menura_novaehollandiae","Lyrebirds","Menuridae","Passeriformes","F","brownish gray, dark gray, gray"
"Superb Starling","Lamprotornis_superbus","Starlings","Sturnidae","Passeriformes","M","blue, dark gray, gray, light blue, medium cream, medium green, medium orange-buff, medium-dark green, medium-dark orange-buff, olive-gray, pale cream"
"Superb Sunbird","Nectarinia_superba","Sunbirds","Nectariniidae","Passeriformes","F","black, brownish gray, gray, medium yellow-buff, medium-dark yellow-buff"
"Superb Sunbird","Nectarinia_superba","Sunbirds","Nectariniidae","Passeriformes","M","black, brownish gray, dark brown, dark gray, dark olive, medium green, medium-dark dark purple, pale green, very pale green"
"Superciliaried Hemispingus","Hemispingus_superciliaris","Tanagers","Thraupidae","Passeriformes","M","brownish gray, dark gray, dark yellow-buff, gray, medium yellow-buff, medium-dark yellow-buff"
"Surfbird","Aphriza_virgata","Sandpipers and allies","Scolopacidae","Charadriiformes","M","brownish gray, gray, medium cream, pale cream"
"Swainson's Flycatcher","Myiarchus_swainsoni","Tyrant-flycatchers","Tyrannidae","Passeriformes","F","brownish gray, gray, pale cream"
"Swainson's Flycatcher","Myiarchus_swainsoni","Tyrant-flycatchers","Tyrannidae","Passeriformes","M","brownish gray, gray, very pale cream"
"Swainson's Flycatcher","Myiarchus_swainsoni","Tyrant-flycatchers","Tyrannidae","Passeriformes",NA,"brownish gray, gray, pale cream"
"Swainson's Hawk","Buteo_swainsoni","Osprey, kites, hawks and eagles","Accipitridae","Accipitriformes","M","brownish gray, dark gray, dark rufous, gray, medium yellow-buff, medium-dark rufous, medium-dark yellow-buff, pale cream"
"Swainson's Thrush","Catharus_ustulatus","Thrushes","Turdidae","Passeriformes","F","black, brownish gray, dark gray, dark yellow-buff, gray, medium yellow-buff, medium-dark yellow-buff, pale gray"
"Swainson's Warbler","Limnothlypis_swainsonii","New World warblers","Parulidae","Passeriformes","F","brownish gray, dark rufous, dark yellow-buff, gray, medium cream, medium yellow-buff, medium-dark rufous, medium-dark yellow-buff, pale cream, very dark yellow-buff"
"Swainson's Warbler","Limnothlypis_swainsonii","New World warblers","Parulidae","Passeriformes","M","brownish gray, dark yellow-buff, gray, medium cream, medium yellow-buff, medium-dark yellow-buff, pale cream"
"Swallow Tanager","Tersina_viridis","Tanagers","Thraupidae","Passeriformes","F","black, blue, brownish gray, dark gray, dark olive, dark yellow-buff, gray, light blue, medium cream, medium green, medium yellow-buff, medium-dark green, medium-dark olive, medium-dark yellow-buff, olive-gray, pale cream, pale green, very pale cream, very pale green"
"Swallow Tanager","Tersina_viridis","Tanagers","Thraupidae","Passeriformes","M","black, dark gray, medium green, olive-gray, pale green"
"Swallow-tailed Hummingbird","Eupetomena_macroura","Hummingbirds","Trochilidae","Apodiformes","F","blue, brownish gray, medium-dark dark purple, medium-dark green"
"Swallow-tailed Hummingbird","Eupetomena_macroura","Hummingbirds","Trochilidae","Apodiformes","M","blue, dark gray, dark olive, medium-dark olive"
"Swallow-tailed Hummingbird","Eupetomena_macroura","Hummingbirds","Trochilidae","Apodiformes",NA,"blue, brownish gray, dark gray, dark olive, gray, light blue, medium green, medium-dark green, medium-dark olive, olive-gray"
"Swallow-tailed Manakin","Chiroxiphia_caudata","Manakins","Pipridae","Passeriformes","F","black, blue, dark gray, dark olive, dark rufous, dark yellow-buff, gray, light blue, medium-dark olive, medium-dark orange-buff, medium-dark rufous, medium-dark yellow-buff, olive-gray"
"Swallow-tailed Nightjar","Uropsalis_segmentata","Nightjars","Caprimulgidae","Caprimulgiformes","F","brownish gray, dark gray, dark rufous, dark yellow-buff, gray, medium-dark yellow-buff"
"Swallow-wing","Chelidoptera_tenebrosa","Puffbirds","Bucconidae","Piciformes","F","dark gray, gray, medium orange-buff, medium-dark orange-buff, pale gray"
"Swallow-wing","Chelidoptera_tenebrosa","Puffbirds","Bucconidae","Piciformes","M","black, dark gray, gray, medium-dark orange-buff, medium-dark rufous, pale gray"
"Swallow-wing","Chelidoptera_tenebrosa","Puffbirds","Bucconidae","Piciformes",NA,"black, dark gray, gray, medium-dark rufous"
"Swamp Harrier","Circus_approximans","Osprey, kites, hawks and eagles","Accipitridae","Accipitriformes","M","brownish gray, dark rufous, medium-dark rufous"
"Swamp Sparrow","Melospiza_georgiana","Buntings, American sparrows and allies","Emberizidae","Passeriformes","F","black, brownish gray, dark brown, dark gray, dark rufous, dark yellow-buff, gray, medium-dark rufous, medium-dark yellow-buff, pale gray, very dark rufous"
"Swee Waxbill","Estrilda_melanotis","Waxbills, grass finches, munias and allies","Estrildidae","Passeriformes","F","medium orange-buff, medium pinkish buff, medium red-brown, medium tan, medium-dark brown, medium-dark rufous, medium-dark yellow-buff, pale buff, pale orange-buff, pale pinkish buff, very pale buff, very pale cream, very pale orange-buff"
"Swee Waxbill","Estrilda_melanotis","Waxbills, grass finches, munias and allies","Estrildidae","Passeriformes","M","brownish gray, dark maroon, gray, medium buff, medium cream, medium orange-buff, medium pinkish buff, medium red-brown, medium tan, medium yellow-buff, medium-dark brown, medium-dark orange-buff, medium-dark red-brown, pale buff, pale cream, pale orange-buff, pale pinkish buff, very pale buff, very pale cream, very pale orange-buff"
"Swiflet_spp","Collocalia_spp","Swifts","Apodidae","Apodiformes","F","brownish gray, dark gray, gray"
"Swiflet_spp","Collocalia_spp","Swifts","Apodidae","Apodiformes","M","brownish gray, dark gray, gray"
"Sword-billed Hummingbird","Ensifera_ensifera","Hummingbirds","Trochilidae","Apodiformes","M","brownish gray, medium yellow-buff, medium-dark green, medium-dark olive, medium-dark yellow-buff, pale green"
"Syrian Serin","Serinus_syriacus","Finches and Hawaiian honeycreepers","Fringillidae","Passeriformes","F","very pale cream"
"Syrian Serin","Serinus_syriacus","Finches and Hawaiian honeycreepers","Fringillidae","Passeriformes","M","very pale cream, very pale orange-buff"
"Tacazze Sunbird","Nectarinia_tacazze","Sunbirds","Nectariniidae","Passeriformes","F","black, brownish gray, gray, medium cream, medium yellow-buff, medium-dark yellow-buff"
"Tacazze Sunbird","Nectarinia_tacazze","Sunbirds","Nectariniidae","Passeriformes","M","black, dark gray"
"Tagula Honeyeater","Meliphaga_vicina","Honeyeaters","Meliphagidae","Passeriformes","M","brownish gray, gray, medium yellow-buff, medium-dark yellow-buff"
"Tahiti Kingfisher","Todiramphus_veneratus","Kingfishers","Alcedinidae","Coraciiformes","M","brownish gray, gray, medium cream, medium yellow-buff, medium-dark orange-buff, medium-dark rufous, medium-dark yellow-buff, olive-gray"
"Tamarugo Conebill","Conirostrum_tamarugense","Tanagers","Thraupidae","Passeriformes","M","brownish gray, dark gray, dark rufous, gray, medium-dark rufous, medium-dark yellow-buff"
"Tanna Fruit-dove","Ptilinopus_tannensis","Doves and pigeons","Columbidae","Columbiformes","M","dark olive, gray, medium cream, medium yellow-buff, medium-dark green, medium-dark olive, medium-dark yellow-buff, pale cream, pale gray"
"Tawny Antpitta","Grallaria_quitensis","Antthrushes and antpittas","Formicariidae","Passeriformes","F","brownish gray, dark gray, dark yellow-buff, gray, medium cream, medium yellow-buff, medium-dark yellow-buff"
"Tawny Frogmouth","Podargus_strigoides","Frogmouths","Podargidae","Caprimulgiformes","F","brownish gray, dark gray, gray, medium-dark orange-buff, medium-dark yellow-buff"
"Tawny Grassbird","Megalurus_timoriensis","Old World warblers","Sylviidae","Passeriformes","F","brownish gray, dark rufous, dark yellow-buff, gray, medium-dark rufous, medium-dark yellow-buff"
"Tawny Owl","Strix_aluco","Owls","Strigidae","Strigiformes","F","brownish gray, dark gray, dark rufous, dark yellow-buff, gray, medium-dark yellow-buff"
"Tawny Pipit","Anthus_campestris","Wagtails and pipits","Motacillidae","Passeriformes","F","brownish gray, gray, medium yellow-buff, medium-dark yellow-buff, pale gray"
"Tawny-bellied Hermit","Phaethornis_syrmatophorus","Hummingbirds","Trochilidae","Apodiformes","M","brownish gray, gray, medium cream, medium yellow-buff, medium-dark rufous, medium-dark yellow-buff"
"Tawny-bellied Screech-owl","Megascops_watsonii","Owls","Strigidae","Strigiformes","F","brownish gray, gray, medium cream"
"Tawny-bellied Screech-owl","Megascops_watsonii","Owls","Strigidae","Strigiformes","M","brownish gray, gray, medium yellow-buff, medium-dark yellow-buff"
"Tawny-bellied Seedeater","Sporophila_hypoxantha","Buntings, American sparrows and allies","Emberizidae","Passeriformes","M","brownish gray, dark gray, dark rufous, gray, medium yellow-buff, medium-dark rufous, medium-dark yellow-buff"
"Tawny-breasted Honeyeater","Xanthotis_flaviventer","Honeyeaters","Meliphagidae","Passeriformes","F","brownish gray, dark gray, dark yellow-buff, gray, medium-dark yellow-buff"
"Tawny-breasted Parrotfinch","Erythrura_hyperythra","Waxbills, grass finches, munias and allies","Estrildidae","Passeriformes","F","black, medium red-brown, medium-dark brown, medium-dark orange-buff, medium-dark yellow-buff, very pale cream, very pale orange-buff"
"Tawny-breasted Parrotfinch","Erythrura_hyperythra","Waxbills, grass finches, munias and allies","Estrildidae","Passeriformes","M","black, dark blue, medium buff, medium tan, medium yellow-buff, medium-dark yellow-buff, pale orange-buff, very pale cream, very pale orange-buff"
"Tawny-crested Tanager","Tachyphonus_delatrii","Tanagers","Thraupidae","Passeriformes","M","brownish gray, dark gray, dark rufous, dark yellow-buff, gray, medium-dark rufous, medium-dark yellow-buff"
"Tawny-crowned Greenlet","Hylophilus_ochraceiceps","Vireos and allies","Vireonidae","Passeriformes","F","black, brownish gray, dark gray, dark yellow-buff, gray, medium cream, medium yellow-buff, medium-dark yellow-buff, pale cream, very dark yellow-buff"
"Tawny-crowned Greenlet","Hylophilus_ochraceiceps","Vireos and allies","Vireonidae","Passeriformes","M","brownish gray, dark rufous, dark yellow-buff, gray, medium yellow-buff, medium-dark rufous, medium-dark yellow-buff"
"Tawny-crowned Honeyeater","Phylidonyris_melanops","Honeyeaters","Meliphagidae","Passeriformes","F","brownish gray, dark gray, dark yellow-buff, gray, medium yellow-buff, medium-dark rufous, medium-dark yellow-buff"
"Tawny-faced Gnatwren","Microbates_cinereiventris","Gnatcatchers","Polioptilidae","Passeriformes","F","brownish gray, dark rufous, dark yellow-buff, gray, medium-dark rufous, medium-dark yellow-buff"
"Tawny-faced Gnatwren","Microbates_cinereiventris","Gnatcatchers","Polioptilidae","Passeriformes","M","brownish gray, dark gray, dark rufous, gray, medium-dark rufous"
"Tawny-throated Leaftosser","Sclerurus_mexicanus","Ovenbirds","Furnariidae","Passeriformes","F","brownish gray, dark gray, dark rufous, medium orange-buff, medium-dark rufous"
"Tawny-throated Leaftosser","Sclerurus_mexicanus","Ovenbirds","Furnariidae","Passeriformes","M","brownish gray, dark gray, dark rufous, medium-dark rufous"
"Temminck's Stint","Calidris_temminckii","Sandpipers and allies","Scolopacidae","Charadriiformes","F","brownish gray, gray, pale gray"
"Tennessee Warbler","Vermivora_peregrina","New World warblers","Parulidae","Passeriformes","F","brownish gray, dark gray, dark yellow-buff, gray, medium yellow-buff, medium-dark yellow-buff, pale gray, very dark yellow-buff"
"Tennessee Warbler","Vermivora_peregrina","New World warblers","Parulidae","Passeriformes","M","brownish gray, dark yellow-buff, gray, medium cream, medium yellow-buff, medium-dark yellow-buff"
"Thick-billed Grasswren","Amytornis_textilis","Australasian wrens","Maluridae","Passeriformes","F","brownish gray, gray, medium yellow-buff, medium-dark yellow-buff"
"Thick-billed Guillemot","Uria_lomvia","Auks","Alcidae","Charadriiformes","F","brownish gray, dark gray, gray"
"Thick-billed Kingbird","Tyrannus_crassirostris","Tyrant-flycatchers","Tyrannidae","Passeriformes","F","brownish gray, dark gray, gray, medium cream, medium yellow-buff, medium-dark yellow-buff, pale cream, pale gray"
"Thick-billed Saltator","Saltator_maxillosus","Grosbeaks, saltators and allies","Cardinalidae","Passeriformes","M","brownish gray, dark gray, gray, medium-dark yellow-buff"
"Thick-billed Seed-finch","Oryzoborus_funereus","Buntings, American sparrows and allies","Emberizidae","Passeriformes","M","brownish gray, dark gray, dark rufous, dark yellow-buff, gray, medium-dark yellow-buff"
"Thick-billed Seedeater","Serinus_burtoni","Finches and Hawaiian honeycreepers","Fringillidae","Passeriformes","F","very pale cream, very pale orange-buff"
"Thick-billed Seedeater","Serinus_burtoni","Finches and Hawaiian honeycreepers","Fringillidae","Passeriformes","M","very pale cream, very pale orange-buff"
"Three-banded Plover","Charadrius_tricollaris","Plovers","Charadriidae","Charadriiformes","F","black, brownish gray, gray, pale gray"
"Three-striped Hemispingus","Hemispingus_trifasciatus","Tanagers","Thraupidae","Passeriformes","M","brownish gray, dark gray, gray, medium yellow-buff, medium-dark yellow-buff"
"Thrush-like Antpitta","Myrmothera_campanisona","Antthrushes and antpittas","Formicariidae","Passeriformes","F","brownish gray, dark rufous, dark yellow-buff, gray, pale gray"
"Thrush-like Antpitta","Myrmothera_campanisona","Antthrushes and antpittas","Formicariidae","Passeriformes","M","brownish gray, dark rufous, gray, medium-dark yellow-buff, pale gray"
"Thrush-like Antpitta","Myrmothera_campanisona","Antthrushes and antpittas","Formicariidae","Passeriformes",NA,"brownish gray, dark rufous, gray, pale gray"
"Thrush-like Schiffornis","Schiffornis_turdina","Cotingas","Cotingidae","Passeriformes","F","brownish gray, dark yellow-buff, gray, medium yellow-buff, medium-dark rufous, medium-dark yellow-buff"
"Thrush-like Schiffornis","Schiffornis_turdina","Cotingas","Cotingidae","Passeriformes","M","brownish gray, dark yellow-buff, gray, medium yellow-buff, medium-dark yellow-buff"
"Tibetan Serin","Serinus_thibetanus","Finches and Hawaiian honeycreepers","Fringillidae","Passeriformes","F","very pale cream"
"Tibetan Serin","Serinus_thibetanus","Finches and Hawaiian honeycreepers","Fringillidae","Passeriformes","M","very pale cream, very pale orange-buff"
"Timor Figbird","Sphecotheres_viridis","Orioles and figbirds","Oriolidae","Passeriformes","F","brownish gray, dark gray, dark yellow-buff, gray, medium-dark yellow-buff, olive-gray"
"Timor Sparrow","Padda_fuscata","Waxbills, grass finches, munias and allies","Estrildidae","Passeriformes","F","black, dark brown, gray, medium buff, medium orange-buff, medium red-brown, medium tan, medium-dark red-brown, very pale buff, very pale cream, very pale orange-buff"
"Timor Sparrow","Padda_fuscata","Waxbills, grass finches, munias and allies","Estrildidae","Passeriformes","M","medium orange-buff, medium pinkish buff, medium red-brown, medium tan, medium-dark orange-buff, medium-dark red-brown, pale buff, pale orange-buff, very dark yellow-buff, very pale buff, very pale cream"
"Tiny Hawk","Accipiter_superciliosus","Osprey, kites, hawks and eagles","Accipitridae","Accipitriformes","F","brownish gray, dark gray, gray, medium yellow-buff, pale cream, pale gray"
"Tiny Hawk","Accipiter_superciliosus","Osprey, kites, hawks and eagles","Accipitridae","Accipitriformes","M","dark gray, gray, pale gray"
"Tiny Hawk","Accipiter_superciliosus","Osprey, kites, hawks and eagles","Accipitridae","Accipitriformes",NA,"brownish gray, gray, pale cream"
"Tiny Tyrant-manakin","Tyranneutes_virescens","Manakins","Pipridae","Passeriformes","F","brownish gray, dark yellow-buff, gray, medium cream, medium yellow-buff, medium-dark yellow-buff, pale cream"
"Tiny Tyrant-manakin","Tyranneutes_virescens","Manakins","Pipridae","Passeriformes","M","brownish gray, dark yellow-buff, gray, medium cream, medium yellow-buff, medium-dark yellow-buff, pale cream"
"Tit-like Dacnis","Xenodacnis_parina","Tanagers","Thraupidae","Passeriformes","M","blue, brownish gray, dark blue, dark gray, gray, medium-dark rufous, medium-dark yellow-buff"
"Tomtit","Petroica_macrocephala","Australasian robins","Petroicidae","Passeriformes","M","brownish gray, dark gray, gray"
"Tongan Whistler","Pachycephala_jacquinoti","Whistlers","Pachycephalidae","Passeriformes","M","brownish gray, dark gray, gray, medium cream, medium yellow-buff, medium-dark yellow-buff, pale cream"
"Tooth-billed Bowerbird","Scenopoeetes_dentirostris","Bowerbirds","Ptilonorhynchidae","Passeriformes","F","brownish gray, dark gray, dark yellow-buff, gray, medium yellow-buff, medium-dark yellow-buff"
"Tooth-billed Hummingbird","Androdon_aequatorialis","Hummingbirds","Trochilidae","Apodiformes","M","brownish gray, gray, medium tan, medium yellow-buff, medium-dark green, olive-gray, pale cream"
"Torrent-lark","Grallina_bruijni","Monarchs","Monarchidae","Passeriformes","F","black, dark gray, gray, pale gray"
"Torresian Imperial-pigeon","Ducula_spilorrhoa","Doves and pigeons","Columbidae","Columbiformes","F","dark gray, gray, pale gray"
"Tourmaline Sunangel","Heliangelus_exortis","Hummingbirds","Trochilidae","Apodiformes","M","brownish gray, gray, medium green, medium-dark green, medium-dark olive"
"Townsend's Solitaire","Myadestes_townsendi","Thrushes","Turdidae","Passeriformes","F","brownish gray, gray, medium orange-buff, medium yellow-buff, medium-dark orange-buff"
"Townsend's Warbler","Dendroica_townsendi","New World warblers","Parulidae","Passeriformes","M","black, brownish gray, dark gray, dark yellow-buff, gray, medium cream, medium yellow-buff, medium-dark yellow-buff, pale cream"
"Tree Martin","Hirundo_nigricans","Swallows and martins","Hirundinidae","Passeriformes","F","black, blue, brownish gray, dark gray, gray, medium yellow-buff, medium-dark yellow-buff"
"Tree Swallow","Tachycineta_bicolor","Swallows and martins","Hirundinidae","Passeriformes","F","black, brownish gray, dark yellow-buff, gray, very dark yellow-buff"
"Tree Swallow","Tachycineta_bicolor","Swallows and martins","Hirundinidae","Passeriformes","M","black, blue, brownish gray, dark gray, gray, light blue, medium-dark green, olive-gray, pale gray"
"Tricoloured Blackbird","Agelaius_tricolor","New World blackbirds","Icteridae","Passeriformes","F","black, brownish gray, dark brown, dark gray, dark rufous, gray"
"Tricoloured Heron","Egretta_tricolor","Herons and egrets","Ardeidae","Pelecaniformes","F","black, dark gray, gray, medium cream, medium orange-buff, medium yellow-buff, medium-dark orange-buff, pale gray"
"Tricoloured Munia","Lonchura_malacca","Waxbills, grass finches, munias and allies","Estrildidae","Passeriformes","F","black, gray, medium orange-buff, medium pinkish buff, medium red-brown, medium tan, medium-dark brown, medium-dark maroon, medium-dark red-brown, pale buff, pale pinkish buff, very dark rufous, very pale buff, very pale cream, very pale orange-buff"
"Tricoloured Munia","Lonchura_malacca","Waxbills, grass finches, munias and allies","Estrildidae","Passeriformes","M","brownish gray, dark brown, dark maroon, dark rufous, gray, medium buff, medium orange-buff, medium pinkish buff, medium red-brown, medium tan, medium-dark brown, medium-dark maroon, medium-dark red-brown, pale buff, very pale buff, very pale cream, very pale orange-buff"
"Tricoloured Parrotfinch","Erythrura_tricolor","Waxbills, grass finches, munias and allies","Estrildidae","Passeriformes","M","light blue, medium cream, medium pinkish buff, medium purple, medium red-brown, medium tan, medium yellow-buff, medium-dark red-brown, medium-dark yellow-buff, pale buff, pale cream, pale orange-buff, pale pinkish buff, pale purple, very pale buff, very pale cream, very pale orange-buff, very pale pinkish buff"
"Trinidad Piping-guan","Pipile_pipile","Guans and curassows","Cracidae","Galliformes","M","brownish gray, dark gray, gray, medium yellow-buff, olive-gray, pale gray"
"Trinidad Piping-guan","Pipile_pipile","Guans and curassows","Cracidae","Galliformes",NA,"dark gray, gray"
"Tristram's Starling","Onychognathus_tristramii","Starlings","Sturnidae","Passeriformes","M","blue, brownish gray, dark gray, gray, medium orange-buff, medium-dark orange-buff, medium-dark rufous"
"Tristram's Warbler","Sylvia_deserticola","Old World warblers","Sylviidae","Passeriformes","M","brownish gray, gray, medium-dark orange-buff, medium-dark rufous, medium-dark yellow-buff"
"Tropical Gnatcatcher","Polioptila_plumbea","Gnatcatchers","Polioptilidae","Passeriformes","F","brownish gray, dark gray, gray, pale gray"
"Tropical Gnatcatcher","Polioptila_plumbea","Gnatcatchers","Polioptilidae","Passeriformes","M","black, dark gray, gray, pale gray"
"Tropical Kingbird","Tyrannus_melancholicus","Tyrant-flycatchers","Tyrannidae","Passeriformes","F","black, brownish gray, dark gray, dark rufous, dark yellow-buff, gray, medium cream, medium orange-buff, medium yellow-buff, medium-dark brown, medium-dark orange-buff, medium-dark rufous, medium-dark yellow-buff, pale cream, pale gray"
"Tropical Kingbird","Tyrannus_melancholicus","Tyrant-flycatchers","Tyrannidae","Passeriformes","M","black, brownish gray, dark brown, dark gray, gray, medium orange-buff, medium yellow-buff, medium-dark rufous, medium-dark yellow-buff, pale cream, pale gray"
"Tropical Kingbird","Tyrannus_melancholicus","Tyrant-flycatchers","Tyrannidae","Passeriformes",NA,"black, brownish gray, gray, medium-dark orange-buff, medium-dark yellow-buff, pale cream, pale gray"
"Tropical Parula","Parula_pitiayumi","New World warblers","Parulidae","Passeriformes","F","blue, dark gray, gray, medium cream, medium yellow-buff, medium-dark yellow-buff, pale cream"
"Tropical Parula","Parula_pitiayumi","New World warblers","Parulidae","Passeriformes","M","blue, brownish gray, dark gray, gray, light blue, medium yellow-buff, medium-dark yellow-buff, pale cream"
"Tropical Parula","Parula_pitiayumi","New World warblers","Parulidae","Passeriformes",NA,"blue, brownish gray, dark gray, medium yellow-buff, medium-dark yellow-buff, pale cream"
"Tropical Pewee","Contopus_cinereus","Tyrant-flycatchers","Tyrannidae","Passeriformes","M","brownish gray, dark gray, gray, medium yellow-buff, medium-dark yellow-buff"
"Trumpet Manucode","Manucodia_keraudrenii","Birds of paradise","Paradisaeidae","Passeriformes","F","black, blue, dark blue, dark gray, dark purple, gray, medium-dark green, medium-dark olive, olive-gray"
"Tucuman Mountain-finch","Compsospiza_baeri","Tanagers","Thraupidae","Passeriformes","M","brownish gray, dark gray, dark rufous, dark yellow-buff, gray, medium-dark rufous"
"Tufted Coquette","Lophornis_ornatus","Hummingbirds","Trochilidae","Apodiformes","F","brownish gray, dark gray, dark rufous, dark yellow-buff, medium-dark orange-buff, medium-dark rufous, medium-dark yellow-buff"
"Tufted Coquette","Lophornis_ornatus","Hummingbirds","Trochilidae","Apodiformes","M","brownish gray, dark brown, dark rufous, dark yellow-buff, gray, medium-dark rufous, medium-dark yellow-buff"
"Tufted Titmouse","Baeolophus_bicolor","Tits and chickadees","Paridae","Passeriformes","F","dark gray, gray, medium yellow-buff, medium-dark orange-buff, medium-dark yellow-buff"
"Tui","Prosthemadera_novaeseelandiae","Honeyeaters","Meliphagidae","Passeriformes","M","blue, brownish gray, dark gray, gray, olive-gray, pale gray"
"Tui Parakeet","Brotogeris_sanctithomae","Parrots","Psittacidae","Psittaciformes","F","dark olive, medium green, medium yellow-buff, medium-dark green, medium-dark olive, medium-dark yellow-buff, pale cream"
"Tui Parakeet","Brotogeris_sanctithomae","Parrots","Psittacidae","Psittaciformes","M","dark olive, medium green, medium yellow-buff, medium-dark green"
"Tumbes Hummingbird","Leucippus_baeri","Hummingbirds","Trochilidae","Apodiformes","M","brownish gray, gray, medium yellow-buff, medium-dark yellow-buff, very pale cream"
"Tundra Swan","Cygnus_columbianus","Ducks, geese and swans","Anatidae","Anseriformes","F","gray, medium yellow-buff, pale gray"
"Turkey Vulture","Cathartes_aura","New World vultures","Cathartidae","Accipitriformes",NA,"brownish gray, dark gray, gray"
"Turquoise Parrot","Neophema_pulchella","Parrots","Psittacidae","Psittaciformes","M","blue, dark rufous, light blue, medium green, medium yellow-buff, medium-dark green, medium-dark olive, medium-dark yellow-buff"
"Turquoise Tanager","Tangara_mexicana","Tanagers","Thraupidae","Passeriformes","F","black, blue, brownish gray, dark gray, dark olive, gray, light blue, medium yellow-buff, medium-dark yellow-buff, olive-gray, pale cream, pale green, very pale cream, very pale green"
"Turquoise Tanager","Tangara_mexicana","Tanagers","Thraupidae","Passeriformes","M","black, blue, dark gray, light blue, pale cream, pale green, very pale cream"
"Twite","Carduelis_flavirostris","Finches and Hawaiian honeycreepers","Fringillidae","Passeriformes","F","gray, medium yellow-buff, medium-dark yellow-buff, pale orange-buff, very pale cream, very pale orange-buff"
"Twite","Carduelis_flavirostris","Finches and Hawaiian honeycreepers","Fringillidae","Passeriformes","M","gray, medium orange-buff, olive-gray, pale orange-buff, very pale cream, very pale orange-buff"
"Two-banded Warbler","Basileuterus_bivittatus","New World warblers","Parulidae","Passeriformes","F","brownish gray, dark rufous, dark yellow-buff, gray, medium yellow-buff, medium-dark rufous, medium-dark yellow-buff"
"Tyrian Metaltail","Metallura_tyrianthina","Hummingbirds","Trochilidae","Apodiformes","M","brownish gray, dark brown, medium yellow-buff, medium-dark green, medium-dark rufous, medium-dark yellow-buff"
"Ultramarine Grosbeak","Cyanocompsa_brissonii","Grosbeaks, saltators and allies","Cardinalidae","Passeriformes","M","black, blue, brownish gray, dark blue, dark gray, gray, light blue"
"Ultramarine Kingfisher","Todiramphus_leucopygius","Kingfishers","Alcedinidae","Coraciiformes","M","black, blue, dark gray, gray, light blue, medium-dark dark purple, medium-dark maroon, pale gray"
"Uniform Finch","Haplospiza_unicolor","Buntings, American sparrows and allies","Emberizidae","Passeriformes","M","brownish gray, dark gray, gray, medium-dark yellow-buff"
"Upland Goose","Chloephaga_picta","Ducks, geese and swans","Anatidae","Anseriformes",NA,"gray"
"Variable Kingfisher","Ceyx_lepidus","Kingfishers","Alcedinidae","Coraciiformes","M","blue, dark purple, light blue, medium cream, pale cream"
"Variable Oystercatcher","Haematopus_unicolor","Oystercatchers","Haematopodidae","Charadriiformes","M","brownish gray, dark gray, gray"
"Variable Seedeater","Sporophila_corvina","Buntings, American sparrows and allies","Emberizidae","Passeriformes","M","brownish gray, dark gray, dark yellow-buff, gray, medium-dark yellow-buff"
"Variable Sunbird","Nectarinia_venusta","Sunbirds","Nectariniidae","Passeriformes","F","black, blue, brownish gray, dark gray, dark yellow-buff, gray, medium cream, medium green, medium orange-buff, medium yellow-buff, medium-dark dark purple, medium-dark green, medium-dark orange-buff, medium-dark yellow-buff, olive-gray, pale cream, pale green"
"Variable Sunbird","Nectarinia_venusta","Sunbirds","Nectariniidae","Passeriformes","M","black, blue, brownish gray, dark gray, light blue, medium yellow-buff, medium-dark dark purple, medium-dark yellow-buff"
"Varied Bunting","Passerina_versicolor","Buntings, American sparrows and allies","Emberizidae","Passeriformes","F","blue, brownish gray, dark brown, dark gray, dark maroon, dark purple, dark rufous, dark yellow-buff, gray, light blue, medium yellow-buff, medium-dark brown, medium-dark dark purple, medium-dark maroon, medium-dark red-brown, medium-dark rufous, medium-dark yellow-buff, olive-gray, very dark maroon"
"Varied Sittella","Daphoenositta_chrysoptera","Sittellas","Neosittidae","Passeriformes","F","brownish gray, dark gray, gray"
"Varied Thrush","Zoothera_naevia","Thrushes","Turdidae","Passeriformes","F","brownish gray, gray, medium cream, medium orange-buff, medium yellow-buff, medium-dark orange-buff, pale gray"
"Variegated Antpitta","Grallaria_varia","Antthrushes and antpittas","Formicariidae","Passeriformes","F","brownish gray, dark rufous, dark yellow-buff, gray, medium yellow-buff, medium-dark rufous, medium-dark yellow-buff"
"Variegated Antpitta","Grallaria_varia","Antthrushes and antpittas","Formicariidae","Passeriformes","M","dark rufous, dark yellow-buff, gray, medium yellow-buff, medium-dark yellow-buff"
"Variegated Antpitta","Grallaria_varia","Antthrushes and antpittas","Formicariidae","Passeriformes",NA,"brownish gray, dark rufous, gray, medium yellow-buff, medium-dark rufous, medium-dark yellow-buff"
"Variegated Fairywren","Malurus_lamberti","Australasian wrens","Maluridae","Passeriformes","F","black, blue, brownish gray, dark blue, dark gray, dark purple, gray, light blue, medium yellow-buff, medium-dark yellow-buff, olive-gray, pale gray"
"Variegated Tinamou","Crypturellus_variegatus","Tinamous","Tinamidae","Tinamiformes","F","brownish gray, dark gray, gray, medium orange-buff, medium-dark orange-buff, medium-dark rufous, pale cream"
"Variegated Tinamou","Crypturellus_variegatus","Tinamous","Tinamidae","Tinamiformes","M","brownish gray, dark gray, gray, medium yellow-buff, medium-dark orange-buff, medium-dark rufous, medium-dark yellow-buff"
"Vaux's Swift","Chaetura_vauxi","Swifts","Apodidae","Apodiformes","M","black, brownish gray, dark gray, gray"
"Veery","Catharus_fuscescens","Thrushes","Turdidae","Passeriformes","M","brownish gray, dark rufous, dark yellow-buff, gray, medium yellow-buff, medium-dark rufous, medium-dark yellow-buff, pale gray, very dark rufous, very dark yellow-buff"
"Vegetarian Finch","Platyspiza_crassirostris","Buntings, American sparrows and allies","Emberizidae","Passeriformes","M","brownish gray, dark gray, gray, medium yellow-buff, medium-dark yellow-buff"
"Velvet-mantled Drongo","Dicrurus_modestus","Drongos","Dicruridae","Passeriformes","M","dark gray"
"Venezuelan Flowerpiercer","Diglossa_venezuelensis","Tanagers","Thraupidae","Passeriformes","M","brownish gray, dark gray, gray"
"Verdin","Auriparus_flaviceps","Penduline-tits","Remizidae","Passeriformes","F","black, brownish gray, dark brown, dark rufous, dark yellow-buff, gray, medium-dark rufous, medium-dark yellow-buff, very dark rufous"
"Vermilion Flycatcher","Pyrocephalus_rubinus","Tyrant-flycatchers","Tyrannidae","Passeriformes","F","black, brownish gray, dark brown, dark gray, gray, medium-dark brown"
"Vermilion Tanager","Calochaetes_coccineus","Tanagers","Thraupidae","Passeriformes","M","dark brown, dark gray, gray, medium-dark brown"
"Versicoloured Barbet","Eubucco_versicolor","Toucans and barbets","Ramphastidae","Piciformes","F","dark gray, dark olive, dark yellow-buff, light blue, medium cream, medium green, medium yellow-buff, medium-dark green, medium-dark olive, medium-dark yellow-buff, olive-gray"
"Versicoloured Barbet","Eubucco_versicolor","Toucans and barbets","Ramphastidae","Piciformes","M","dark brown, dark gray, dark olive, light blue, medium cream, medium green, medium yellow-buff, medium-dark green, medium-dark olive, pale cream"
"Vesper Sparrow","Pooecetes_gramineus","Buntings, American sparrows and allies","Emberizidae","Passeriformes","F","brownish gray, gray, medium yellow-buff, medium-dark rufous, medium-dark yellow-buff"
"Vesper Sparrow","Pooecetes_gramineus","Buntings, American sparrows and allies","Emberizidae","Passeriformes","M","black, brownish gray, dark gray, dark yellow-buff, gray, medium yellow-buff, medium-dark rufous, medium-dark yellow-buff, pale gray, very dark yellow-buff"
"Vieillot's Black Weaver","Ploceus_nigerrimus","Weavers and allies","Ploceidae","Passeriformes","F","black, brownish gray, dark gray, dark yellow-buff, gray, medium yellow-buff, medium-dark yellow-buff"
"Village Weaver","Ploceus_cucullatus","Weavers and allies","Ploceidae","Passeriformes","F","black, brownish gray, dark gray, dark yellow-buff, gray, medium cream, medium yellow-buff, medium-dark yellow-buff, pale cream"
"Violaceous Euphonia","Euphonia_violacea","Tanagers","Thraupidae","Passeriformes","F","brownish gray, dark gray, dark yellow-buff, gray, medium yellow-buff, medium-dark yellow-buff, olive-gray, pale cream"
"Violaceous Euphonia","Euphonia_violacea","Tanagers","Thraupidae","Passeriformes","M","blue, dark blue, dark gray, gray, medium cream, medium yellow-buff, pale cream"
"Violaceous Trogon","Trogon_violaceus","Trogons","Trogonidae","Trogoniformes","F","brownish gray, dark gray, gray, medium cream, medium yellow-buff, pale cream"
"Violaceous Trogon","Trogon_violaceus","Trogons","Trogonidae","Trogoniformes","M","blue, brownish gray, dark blue, dark gray, gray, medium yellow-buff, medium-dark green, medium-dark olive, olive-gray, pale cream"
"Violet-backed Starling","Cinnyricinclus_leucogaster","Starlings","Sturnidae","Passeriformes","M","blue, brownish gray, dark blue, dark gray, dark maroon, dark purple, dark rufous, gray, medium-dark dark purple, pale gray"
"Violet-bellied Hummingbird","Damophila_julie","Hummingbirds","Trochilidae","Apodiformes","M","blue, dark gray, medium-dark green, medium-dark yellow-buff"
"Violet-breasted Sunbird","Nectarinia_chalcomelas","Sunbirds","Nectariniidae","Passeriformes","M","blue, brownish gray, dark gray, dark purple, gray, light blue, medium green, medium-dark green, medium-dark yellow-buff, pale cream, pale green"
"Violet-fronted Brilliant","Heliodoxa_leadbeateri","Hummingbirds","Trochilidae","Apodiformes","F","brownish gray, dark gray, dark yellow-buff, medium green, medium-dark olive, medium-dark orange-buff, medium-dark yellow-buff, olive-gray, pale gray, pale green"
"Violet-fronted Brilliant","Heliodoxa_leadbeateri","Hummingbirds","Trochilidae","Apodiformes","M","brownish gray, dark brown, dark gray, dark olive, dark yellow-buff, gray, light blue, medium green, medium-dark green, medium-dark olive, medium-dark orange-buff, medium-dark rufous, medium-dark yellow-buff, pale gray, pale green"
"Violet-headed Hummingbird","Klais_guimeti","Hummingbirds","Trochilidae","Apodiformes","F","brownish gray, dark gray, dark yellow-buff, gray, medium-dark green, medium-dark olive, medium-dark yellow-buff"
"Violet-headed Hummingbird","Klais_guimeti","Hummingbirds","Trochilidae","Apodiformes","M","blue, brownish gray, dark blue, dark gray, dark purple, dark yellow-buff, gray, medium yellow-buff, medium-dark green, medium-dark yellow-buff, olive-gray"
"Violet-tailed Sunbird","Anthreptes_aurantium","Sunbirds","Nectariniidae","Passeriformes","F","blue, brownish gray, dark gray, gray, medium cream, medium green, pale cream"
"Violet-tailed Sunbird","Anthreptes_aurantium","Sunbirds","Nectariniidae","Passeriformes","M","black, blue, dark gray, dark purple, gray, light blue, medium yellow-buff, medium-dark orange-buff"
"Violet-tailed Sylph","Aglaiocercus_coelestis","Hummingbirds","Trochilidae","Apodiformes","M","blue, brownish gray, dark maroon, dark purple, dark yellow-buff, medium-dark olive, medium-dark yellow-buff"
"Violet-throated Metaltail","Metallura_baroni","Hummingbirds","Trochilidae","Apodiformes","M","brownish gray, dark gray, dark rufous, dark yellow-buff, gray, medium red-brown, medium-dark rufous, medium-dark yellow-buff"
"Virginia Rail","Rallus_limicola","Rails, crakes and allies","Rallidae","Gruiformes","F","black, brownish gray, dark gray, dark rufous, dark yellow-buff, gray, medium yellow-buff, medium-dark orange-buff, medium-dark rufous, medium-dark yellow-buff"
"Virginia's Warbler","Vermivora_virginiae","New World warblers","Parulidae","Passeriformes","F","brownish gray, dark gray, dark rufous, gray, medium cream, medium yellow-buff, medium-dark yellow-buff, olive-gray, pale cream"
"Virginia's Warbler","Vermivora_virginiae","New World warblers","Parulidae","Passeriformes","M","brownish gray, dark rufous, gray, medium cream, medium yellow-buff, medium-dark yellow-buff, pale cream"
"Viridian Dacnis","Dacnis_viguieri","Tanagers","Thraupidae","Passeriformes","M","brownish gray, dark gray, dark olive, dark yellow-buff, gray, medium green, medium yellow-buff, medium-dark green, medium-dark olive, medium-dark yellow-buff, olive-gray"
"Viridian Metaltail","Metallura_williami","Hummingbirds","Trochilidae","Apodiformes","M","blue, brownish gray, dark olive, medium-dark olive, medium-dark yellow-buff"
"Vitelline Warbler","Dendroica_vitellina","New World warblers","Parulidae","Passeriformes","M","brownish gray, gray, medium yellow-buff, medium-dark yellow-buff"
"Vogelkop Bowerbird","Amblyornis_inornata","Bowerbirds","Ptilonorhynchidae","Passeriformes","F","brownish gray, dark rufous, dark yellow-buff, medium yellow-buff, medium-dark yellow-buff"
"Vogelkop Bowerbird","Amblyornis_inornata","Bowerbirds","Ptilonorhynchidae","Passeriformes","M","brownish gray, dark rufous, dark yellow-buff, medium-dark yellow-buff"
"Vulturine Guineafowl","Acryllium_vulturinum","Guineafowl","Numididae","Galliformes","M","blue, brownish gray, dark gray, gray, light blue, medium purple"
"Wahnes's Parotia","Parotia_wahnesi","Birds of paradise","Paradisaeidae","Passeriformes","F","black, blue, brownish gray, dark blue, dark gray, dark rufous, gray, light blue, medium yellow-buff, medium-dark dark purple, medium-dark rufous, medium-dark yellow-buff, very dark rufous"
"Wallace's Fairywren","Sipodotus_wallacii","Australasian wrens","Maluridae","Passeriformes","F","blue, dark rufous, gray, medium-dark rufous, medium-dark yellow-buff"
"Wallace's Fairywren","Sipodotus_wallacii","Australasian wrens","Maluridae","Passeriformes","M","blue, dark rufous, gray, medium-dark rufous, pale gray"
"Wallacean Whistler","Pachycephala_arctitorquis","Whistlers","Pachycephalidae","Passeriformes","M","brownish gray, dark gray, gray, medium yellow-buff, medium-dark orange-buff, medium-dark rufous, medium-dark yellow-buff, pale cream, pale gray"
"Wallcreeper","Tichodroma_muraria","Nuthatches and Wallcreeper","Sittidae","Passeriformes","F","brownish gray, dark brown, dark gray, dark yellow-buff, gray, medium-dark brown, medium-dark yellow-buff"
"Waller's Starling","Onychognathus_walleri","Starlings","Sturnidae","Passeriformes","M","blue, dark gray, dark rufous, gray, medium-dark rufous"
"Wandering Tattler","Heteroscelus_incanus","Sandpipers and allies","Scolopacidae","Charadriiformes","M","brownish gray, gray"
"Wandering Whistling-duck","Dendrocygna_arcuata","Ducks, geese and swans","Anatidae","Anseriformes","F","black, brownish gray, dark brown, dark gray, dark rufous, gray, medium yellow-buff, medium-dark rufous, medium-dark yellow-buff"
"Warbler Finch","Certhidea_olivacea","Buntings, American sparrows and allies","Emberizidae","Passeriformes","M","brownish gray, gray, medium yellow-buff, medium-dark yellow-buff"
"Warbling Vireo","Vireo_gilvus","Vireos and allies","Vireonidae","Passeriformes","M","black, brownish gray, dark gray, gray, medium cream, medium yellow-buff, medium-dark yellow-buff, pale gray"
"Warsangli Linnet","Carduelis_johannis","Finches and Hawaiian honeycreepers","Fringillidae","Passeriformes","F","gray, very pale cream, very pale green, very pale orange-buff"
"Warsangli Linnet","Carduelis_johannis","Finches and Hawaiian honeycreepers","Fringillidae","Passeriformes","M","gray, pale gray, very pale cream, very pale green, very pale orange-buff"
"Water Pipit","Anthus_spinoletta","Wagtails and pipits","Motacillidae","Passeriformes","F","brownish gray, dark gray, gray, medium yellow-buff, medium-dark yellow-buff"
"Wattled Honeyeater","Foulehaio_carunculatus","Honeyeaters","Meliphagidae","Passeriformes","M","brownish gray, gray, medium cream, medium yellow-buff"
"Wattled Ploughbill","Eulacestoma_nigropectus","Shrike-tits","Falcunculidae","Passeriformes","F","black, brownish gray, dark gray, dark yellow-buff, gray, medium yellow-buff, medium-dark yellow-buff, very dark yellow-buff"
"Waved Woodpecker","Celeus_undatus","Woodpeckers","Picidae","Piciformes","F","brownish gray, dark gray, dark rufous, medium-dark rufous, medium-dark yellow-buff"
"Waved Woodpecker","Celeus_undatus","Woodpeckers","Picidae","Piciformes","M","brownish gray, dark brown, dark gray, dark rufous, gray, medium-dark brown, medium-dark rufous, medium-dark yellow-buff"
"Wedge-billed Hummingbird","Schistes_geoffroyi","Hummingbirds","Trochilidae","Apodiformes","M","blue, gray, medium green, medium-dark green, medium-dark rufous, medium-dark yellow-buff, pale gray"
"Wedge-billed Woodcreeper","Glyphorynchus_spirurus","Woodcreepers","Dendrocolaptidae","Passeriformes","F","brownish gray, dark brown, dark gray, dark rufous, dark yellow-buff, gray, medium cream, medium yellow-buff, medium-dark rufous, medium-dark yellow-buff"
"Wedge-billed Woodcreeper","Glyphorynchus_spirurus","Woodcreepers","Dendrocolaptidae","Passeriformes","M","brownish gray, dark gray, dark rufous, dark yellow-buff, gray, medium orange-buff, medium yellow-buff, medium-dark orange-buff, medium-dark rufous, medium-dark yellow-buff, very dark rufous"
"Wedge-tailed Grass-finch","Emberizoides_herbicola","Buntings, American sparrows and allies","Emberizidae","Passeriformes","F","black, brownish gray, dark gray, dark yellow-buff, gray, medium yellow-buff, medium-dark yellow-buff, pale gray"
"Weebill","Smicrornis_brevirostris","Thornbills and gerygones","Acanthizidae","Passeriformes","F","brownish gray, dark gray, dark yellow-buff, gray, medium yellow-buff, medium-dark yellow-buff"
"Weka","Gallirallus_australis","Rails, crakes and allies","Rallidae","Gruiformes","M","brownish gray, dark yellow-buff, gray"
"Welcome Swallow","Hirundo_neoxena","Swallows and martins","Hirundinidae","Passeriformes","F","black, blue, brownish gray, dark gray, dark rufous, gray, medium-dark rufous"
"Western Bluebill","Spermophaga_haematina","Waxbills, grass finches, munias and allies","Estrildidae","Passeriformes","F","brownish gray, gray, medium orange-buff, medium pinkish buff, medium red-brown, medium tan, medium-dark brown, medium-dark maroon, medium-dark red-brown, pale buff, pale orange-buff, pale pinkish buff, very pale buff, very pale orange-buff"
"Western Bluebill","Spermophaga_haematina","Waxbills, grass finches, munias and allies","Estrildidae","Passeriformes","M","black, dark maroon, gray, medium pinkish buff, medium red-brown, medium-dark brown, medium-dark maroon, medium-dark red-brown, very pale buff, very pale orange-buff"
"Western Bluebird","Sialia_mexicana","Thrushes","Turdidae","Passeriformes","F","blue, brownish gray, dark blue, dark gray, dark rufous, gray, light blue, medium-dark rufous, medium-dark yellow-buff"
"Western Bronze-naped Pigeon","Columba_iriditorques","Doves and pigeons","Columbidae","Columbiformes","M","brownish gray, dark gray, gray, medium tan, medium yellow-buff, medium-dark brown, medium-dark orange-buff, medium-dark rufous, medium-dark yellow-buff"
"Western Capercaillie","Tetrao_urogallus","Grouse, pheasants and partridges","Phasianidae","Galliformes","F","brownish gray, dark gray, gray, medium-dark orange-buff, medium-dark rufous, medium-dark yellow-buff"
"Western Emerald","Chlorostilbon_melanorhynchus","Hummingbirds","Trochilidae","Apodiformes","M","blue, dark gray, medium green, medium-dark green, pale green"
"Western Gerygone","Gerygone_fusca","Thornbills and gerygones","Acanthizidae","Passeriformes","F","brownish gray, dark gray, gray"
"Western Hemispingus","Hemispingus_ochraceus","Tanagers","Thraupidae","Passeriformes","M","brownish gray, dark gray, dark yellow-buff, gray, medium-dark yellow-buff"
"Western Kingbird","Tyrannus_verticalis","Tyrant-flycatchers","Tyrannidae","Passeriformes","F","brownish gray, gray, medium cream, medium orange-buff, medium yellow-buff, medium-dark orange-buff"
"Western Kingbird","Tyrannus_verticalis","Tyrant-flycatchers","Tyrannidae","Passeriformes","M","gray, medium cream, medium yellow-buff, medium-dark orange-buff, medium-dark rufous"
"Western Marsh-harrier","Circus_aeruginosus","Osprey, kites, hawks and eagles","Accipitridae","Accipitriformes","F","brownish gray, dark yellow-buff, gray, medium yellow-buff, medium-dark yellow-buff"
"Western Meadowlark","Sturnella_neglecta","New World blackbirds","Icteridae","Passeriformes","F","black, brownish gray, dark gray, dark yellow-buff, gray, medium cream, medium yellow-buff, medium-dark yellow-buff, pale cream, pale gray"
"Western Sandpiper","Calidris_mauri","Sandpipers and allies","Scolopacidae","Charadriiformes","F","brownish gray, dark gray, dark rufous, dark yellow-buff, gray, medium yellow-buff, medium-dark rufous, medium-dark yellow-buff, pale gray"
"Western Scrub-jay","Aphelocoma_californica","Crows and jays","Corvidae","Passeriformes","F","blue, brownish gray, gray, pale gray"
"Western Scrub-jay","Aphelocoma_californica","Crows and jays","Corvidae","Passeriformes","M","blue, brownish gray, gray, light blue, pale gray"
"Western Tanager","Piranga_ludoviciana","Grosbeaks, saltators and allies","Cardinalidae","Passeriformes","F","brownish gray, dark gray, dark rufous, dark yellow-buff, gray, medium cream, medium yellow-buff, medium-dark brown, medium-dark orange-buff, medium-dark rufous, medium-dark yellow-buff"
"Western Wood-pewee","Contopus_sordidulus","Tyrant-flycatchers","Tyrannidae","Passeriformes","F","black, brownish gray, dark gray, gray, medium cream, medium yellow-buff, medium-dark yellow-buff"
"Western Yellow Robin","Eopsaltria_griseogularis","Australasian robins","Petroicidae","Passeriformes","F","brownish gray, dark gray, gray, medium cream, medium yellow-buff, medium-dark yellow-buff, pale gray"
"Westland Petrel","Procellaria_westlandica","Petrels and shearwaters","Procellariidae","Procellariiformes","M","brownish gray, dark gray"
"Whimbrel","Numenius_phaeopus","Sandpipers and allies","Scolopacidae","Charadriiformes","F","brownish gray, gray, medium yellow-buff, pale cream"
"Whistling Kite","Haliastur_sphenurus","Osprey, kites, hawks and eagles","Accipitridae","Accipitriformes","F","brownish gray, dark rufous, dark yellow-buff, gray, medium-dark rufous, medium-dark yellow-buff"
"White Hawk","Leucopternis_albicollis","Osprey, kites, hawks and eagles","Accipitridae","Accipitriformes","M","dark gray, gray, pale gray"
"White Hawk","Leucopternis_albicollis","Osprey, kites, hawks and eagles","Accipitridae","Accipitriformes",NA,"gray, pale gray"
"White Wagtail","Motacilla_alba","Wagtails and pipits","Motacillidae","Passeriformes","F","black, brownish gray, dark gray, gray, pale gray"
"White-banded Swallow","Atticora_fasciata","Swallows and martins","Hirundinidae","Passeriformes","F","dark gray, gray, pale gray"
"White-banded Swallow","Atticora_fasciata","Swallows and martins","Hirundinidae","Passeriformes","M","dark gray, gray, pale gray"
"White-banded Swallow","Atticora_fasciata","Swallows and martins","Hirundinidae","Passeriformes",NA,"blue, dark gray, gray, pale gray"
"White-banded Tanager","Neothraupis_fasciata","Tanagers","Thraupidae","Passeriformes","M","black, brownish gray, dark gray, gray"
"White-bearded Hermit","Phaethornis_hispidus","Hummingbirds","Trochilidae","Apodiformes","F","brownish gray, dark gray, gray, medium-dark yellow-buff, pale gray"
"White-bearded Hermit","Phaethornis_hispidus","Hummingbirds","Trochilidae","Apodiformes","M","brownish gray, dark gray, gray, medium-dark yellow-buff, pale gray"
"White-bearded Manakin","Manacus_manacus","Manakins","Pipridae","Passeriformes","F","brownish gray, dark yellow-buff, gray, medium cream, medium yellow-buff, medium-dark yellow-buff, pale cream"
"White-bearded Manakin","Manacus_manacus","Manakins","Pipridae","Passeriformes","M","black, dark gray, dark yellow-buff, gray, medium yellow-buff, medium-dark yellow-buff, olive-gray, pale gray, very dark yellow-buff"
"White-bellied Antbird","Myrmeciza_longipes","Antbirds","Thamnophilidae","Passeriformes","F","brownish gray, dark rufous, gray, medium yellow-buff, medium-dark rufous, medium-dark yellow-buff"
"White-bellied Antbird","Myrmeciza_longipes","Antbirds","Thamnophilidae","Passeriformes","M","brownish gray, dark gray, dark rufous, gray, medium-dark rufous"
"White-bellied Bustard","Eupodotis_senegalensis","Bustards","Otididae","Otidiformes",NA,"brownish gray, dark gray, gray, medium-dark orange-buff, medium-dark rufous, medium-dark yellow-buff, pale cream"
"White-bellied Canary","Serinus_dorsostriatus","Finches and Hawaiian honeycreepers","Fringillidae","Passeriformes","F","medium cream, medium yellow-buff, medium-dark yellow-buff, pale cream, very pale cream, very pale orange-buff"
"White-bellied Canary","Serinus_dorsostriatus","Finches and Hawaiian honeycreepers","Fringillidae","Passeriformes","M","very pale cream, very pale orange-buff"
"White-bellied Cuckooshrike","Coracina_papuensis","Cuckoo-shrikes","Campephagidae","Passeriformes","M","blue, dark gray, gray, pale gray"
"White-bellied Dacnis","Dacnis_albiventris","Tanagers","Thraupidae","Passeriformes","M","blue, brownish gray, dark blue, dark gray, dark olive, dark yellow-buff, gray, medium green, medium yellow-buff, medium-dark green, medium-dark yellow-buff, olive-gray"
"White-bellied Munia","Lonchura_leucogastra","Waxbills, grass finches, munias and allies","Estrildidae","Passeriformes","F","medium orange-buff, medium red-brown, medium tan, medium-dark brown, medium-dark maroon, medium-dark red-brown, pale buff, pale orange-buff, very pale cream, very pale orange-buff"
"White-bellied Munia","Lonchura_leucogastra","Waxbills, grass finches, munias and allies","Estrildidae","Passeriformes","M","dark brown, dark maroon, medium pinkish buff, medium red-brown, medium-dark brown, medium-dark maroon, medium-dark red-brown, pale buff, pale orange-buff, pale pinkish buff, very pale cream, very pale orange-buff"
"White-bellied Robin-chat","Cossyphicula_roberti","Chats and Old World flycatchers","Muscicapidae","Passeriformes","F","black, brownish gray, dark gray, dark yellow-buff, gray, medium yellow-buff, medium-dark yellow-buff"
"White-bellied Seedeater","Sporophila_leucoptera","Buntings, American sparrows and allies","Emberizidae","Passeriformes","M","brownish gray, dark gray, dark yellow-buff, gray, medium yellow-buff, medium-dark yellow-buff"
"White-bellied Thicket-fantail","Rhipidura_leucothorax","Fantails","Rhipiduridae","Passeriformes","F","black, brownish gray, dark gray, gray"
"White-bellied Woodstar","Chaetocercus_mulsant","Hummingbirds","Trochilidae","Apodiformes","M","dark gray, gray, medium green, medium-dark green, olive-gray, pale cream, pale gray"
"White-billed Starling","Onychognathus_albirostris","Starlings","Sturnidae","Passeriformes","M","blue, dark blue, gray, medium-dark orange-buff, medium-dark rufous"
"White-breasted Negrofinch","Nigrita_fusconotus","Waxbills, grass finches, munias and allies","Estrildidae","Passeriformes","F","black, dark gray, gray, medium buff, medium orange-buff, medium red-brown, medium-dark brown, medium-dark maroon, medium-dark orange-buff, medium-dark red-brown, pale buff, pale orange-buff, pale pinkish buff, very pale cream, very pale orange-buff"
"White-breasted Negrofinch","Nigrita_fusconotus","Waxbills, grass finches, munias and allies","Estrildidae","Passeriformes","M","black, dark maroon, gray, medium red-brown, medium-dark rufous, pale buff, pale cream, pale gray, pale orange-buff, very pale buff, very pale cream, very pale green, very pale orange-buff"
"White-breasted Nuthatch","Sitta_carolinensis","Nuthatches and Wallcreeper","Sittidae","Passeriformes","F","black, dark gray, gray"
"White-breasted Robin","Eopsaltria_georgiana","Australasian robins","Petroicidae","Passeriformes","F","dark gray, gray"
"White-breasted Sunbird","Nectarinia_talatala","Sunbirds","Nectariniidae","Passeriformes","F","black, brownish gray, gray"
"White-breasted Sunbird","Nectarinia_talatala","Sunbirds","Nectariniidae","Passeriformes","M","black, blue, brownish gray, dark gray, dark olive, dark purple, dark yellow-buff, gray, light blue, medium cream, medium green, medium yellow-buff, medium-dark dark purple, medium-dark green, medium-dark olive, medium-dark yellow-buff, pale cream, pale green"
"White-breasted Waterhen","Amaurornis_phoenicurus","Rails, crakes and allies","Rallidae","Gruiformes","M","brownish gray, dark gray, gray, medium cream, medium-dark rufous, pale cream"
"White-breasted Wood-wren","Henicorhina_leucosticta","Wrens","Troglodytidae","Passeriformes","F","brownish gray, dark gray, gray, medium-dark rufous"
"White-breasted Wood-wren","Henicorhina_leucosticta","Wrens","Troglodytidae","Passeriformes","M","brownish gray, dark gray, dark rufous, gray, medium yellow-buff, pale cream, pale gray"
"White-breasted Woodswallow","Artamus_leucorynchus","Woodswallows","Artamidae","Passeriformes","F","black, dark gray, gray, pale gray"
"White-bridled Finch","Melanodera_melanodera","Buntings, American sparrows and allies","Emberizidae","Passeriformes","M","brownish gray, dark gray, dark yellow-buff, gray, medium yellow-buff, medium-dark yellow-buff"
"White-browed Babbler","Pomatostomus_superciliosus","Australasian babblers","Pomatostomidae","Passeriformes","F","brownish gray, dark gray, gray, medium cream, medium-dark orange-buff, medium-dark yellow-buff, pale gray"
"White-browed Conebill","Conirostrum_ferrugineiventre","Tanagers","Thraupidae","Passeriformes","M","brownish gray, dark gray, dark rufous, gray, medium-dark rufous, medium-dark yellow-buff"
"White-browed Robin","Poecilodryas_superciliosa","Australasian robins","Petroicidae","Passeriformes","F","black, brownish gray, dark gray, gray, pale gray"
"White-browed Scrubwren","Sericornis_frontalis","Thornbills and gerygones","Acanthizidae","Passeriformes","F","brownish gray, dark gray, dark rufous, gray, medium yellow-buff"
"White-browed Treecreeper","Climacteris_affinis","Australian treecreepers","Climacteridae","Passeriformes","F","brownish gray, dark gray, dark rufous, gray"
"White-browed Woodswallow","Artamus_superciliosus","Woodswallows","Artamidae","Passeriformes","M","brownish gray, dark brown, dark gray, gray, medium-dark rufous, pale cream"
"White-capped Dipper","Cinclus_leucocephalus","Dippers","Cinclidae","Passeriformes","F","black, brownish gray, dark gray, gray"
"White-capped Tanager","Sericossypha_albocristata","Tanagers","Thraupidae","Passeriformes","M","black, brownish gray, dark brown, dark gray, gray"
"White-cheeked Cotinga","Zaratornis_stresemanni","Cotingas","Cotingidae","Passeriformes","F","brownish gray, dark gray, gray, medium-dark yellow-buff"
"White-cheeked Cotinga","Zaratornis_stresemanni","Cotingas","Cotingidae","Passeriformes","M","brownish gray, gray, medium-dark yellow-buff"
"White-cheeked Oliveback","Nesocharis_capistrata","Waxbills, grass finches, munias and allies","Estrildidae","Passeriformes","F","black, medium cream, medium orange-buff, medium red-brown, medium tan, medium yellow-buff, pale cream, pale orange-buff, pale pinkish buff, very pale cream, very pale orange-buff"
"White-cheeked Oliveback","Nesocharis_capistrata","Waxbills, grass finches, munias and allies","Estrildidae","Passeriformes","M","brownish gray, medium orange-buff, medium red-brown, medium-dark orange-buff, medium-dark red-brown, medium-dark yellow-buff, pale buff, pale cream, pale orange-buff, very pale buff, very pale cream, very pale orange-buff"
"White-chested Puffbird","Malacoptila_fusca","Puffbirds","Bucconidae","Piciformes","F","black, brownish gray, dark gray, dark rufous, dark yellow-buff, gray, medium yellow-buff, medium-dark yellow-buff, pale gray"
"White-chinned Petrel","Procellaria_aequinoctialis","Petrels and shearwaters","Procellariidae","Procellariiformes","M","brownish gray, dark gray, gray, medium cream"
"White-chinned Sapphire","Hylocharis_cyanus","Hummingbirds","Trochilidae","Apodiformes","F","brownish gray, dark gray, dark olive, dark yellow-buff, gray, medium-dark olive, medium-dark yellow-buff, olive-gray"
"White-chinned Sapphire","Hylocharis_cyanus","Hummingbirds","Trochilidae","Apodiformes","M","black, blue, brownish gray, dark gray, dark olive, dark purple, dark yellow-buff, gray, light blue, medium-dark dark purple, medium-dark yellow-buff, olive-gray"
"White-chinned Woodcreeper","Dendrocincla_merula","Woodcreepers","Dendrocolaptidae","Passeriformes","M","brownish gray, dark rufous, dark yellow-buff, medium yellow-buff, medium-dark rufous, medium-dark yellow-buff"
"White-collared Oliveback","Nesocharis_ansorgei","Waxbills, grass finches, munias and allies","Estrildidae","Passeriformes","M","black, dark maroon, gray, medium orange-buff, medium-dark red-brown, pale buff, very dark yellow-buff, very pale cream, very pale orange-buff"
"White-collared Seedeater","Sporophila_torqueola","Buntings, American sparrows and allies","Emberizidae","Passeriformes","M","brownish gray, dark gray, dark yellow-buff, gray, medium yellow-buff, medium-dark yellow-buff"
"White-collared Starling","Grafisia_torquata","Starlings","Sturnidae","Passeriformes","M","blue, brownish gray, dark gray, gray, medium cream, pale cream"
"White-collared Swift","Streptoprocne_zonaris","Swifts","Apodidae","Apodiformes",NA,"black, brownish gray, dark gray, gray, pale gray"
"White-crested Spadebill","Platyrinchus_platyrhynchos","Tyrant-flycatchers","Tyrannidae","Passeriformes","M","brownish gray, dark gray, dark yellow-buff, gray, medium cream, medium yellow-buff, medium-dark yellow-buff, olive-gray, pale cream"
"White-crowned Manakin","Pipra_pipra","Manakins","Pipridae","Passeriformes","F","brownish gray, gray, medium yellow-buff, medium-dark yellow-buff"
"White-crowned Manakin","Pipra_pipra","Manakins","Pipridae","Passeriformes","M","black, dark gray, pale gray"
"White-crowned Pigeon","Patagioenas_leucocephala","Doves and pigeons","Columbidae","Columbiformes","F","black, brownish gray, dark gray, gray, medium yellow-buff, medium-dark yellow-buff"
"White-crowned Sparrow","Zonotrichia_leucophrys","Buntings, American sparrows and allies","Emberizidae","Passeriformes","F","black, brownish gray, dark gray, dark yellow-buff, gray, medium-dark yellow-buff, pale gray"
"White-crowned Starling","Spreo_albicapillus","Starlings","Sturnidae","Passeriformes","M","brownish gray, gray, light blue, medium cream, medium green, medium yellow-buff, medium-dark green, medium-dark yellow-buff, olive-gray, pale cream"
"White-eared Catbird","Ailuroedus_buccoides","Bowerbirds","Ptilonorhynchidae","Passeriformes","F","brownish gray, dark olive, dark yellow-buff, gray, medium yellow-buff, medium-dark olive, medium-dark yellow-buff, olive-gray, very dark olive"
"White-eared Conebill","Conirostrum_leucogenys","Tanagers","Thraupidae","Passeriformes","M","brownish gray, dark gray, gray, medium-dark yellow-buff, olive-gray"
"White-eared Honeyeater","Lichenostomus_leucotis","Honeyeaters","Meliphagidae","Passeriformes","M","black, brownish gray, dark gray, dark yellow-buff, gray, medium-dark yellow-buff"
"White-eared Monarch","Monarcha_leucotis","Monarchs","Monarchidae","Passeriformes","M","black, brownish gray, dark gray, gray, pale gray"
"White-eyed Slaty Flycatcher","Dioptrornis_fischeri","Chats and Old World flycatchers","Muscicapidae","Passeriformes","F","brownish gray, gray"
"White-eyed Slaty Flycatcher","Dioptrornis_fischeri","Chats and Old World flycatchers","Muscicapidae","Passeriformes","M","dark gray, gray"
"White-eyed Starling","Aplonis_brunneicapillus","Starlings","Sturnidae","Passeriformes","M","brownish gray, dark gray, gray, medium-dark olive, medium-dark yellow-buff, olive-gray"
"White-eyed Tody-tyrant","Hemitriccus_zosterops","Tyrant-flycatchers","Tyrannidae","Passeriformes","F","dark yellow-buff, gray, medium cream, medium yellow-buff, medium-dark yellow-buff"
"White-eyed Tody-tyrant","Hemitriccus_zosterops","Tyrant-flycatchers","Tyrannidae","Passeriformes","M","gray, medium yellow-buff, medium-dark yellow-buff, pale cream"
"White-eyed Vireo","Vireo_griseus","Vireos and allies","Vireonidae","Passeriformes","F","brownish gray, dark yellow-buff, gray, medium cream, medium yellow-buff, medium-dark yellow-buff, olive-gray, pale gray"
"White-faced Heron","Egretta_novaehollandiae","Herons and egrets","Ardeidae","Pelecaniformes","M","brownish gray, gray"
"White-faced Robin","Tregellasia_leucops","Australasian robins","Petroicidae","Passeriformes","F","black, brownish gray, dark gray, dark yellow-buff, gray, medium yellow-buff, medium-dark yellow-buff"
"White-faced Storm-petrel","Pelagodroma_marina","Storm-petrels","Hydrobatidae","Procellariiformes","F","brownish gray, dark gray, gray, pale gray"
"White-flanked Antwren","Myrmotherula_axillaris","Antbirds","Thamnophilidae","Passeriformes","F","brownish gray, dark gray, dark rufous, dark yellow-buff, gray, medium cream, medium yellow-buff, medium-dark rufous, medium-dark yellow-buff, pale gray"
"White-flanked Antwren","Myrmotherula_axillaris","Antbirds","Thamnophilidae","Passeriformes","M","brownish gray, dark gray, gray"
"White-flanked Sunbird","Aethopyga_eximia","Sunbirds","Nectariniidae","Passeriformes","F","brownish gray, dark yellow-buff, gray, medium-dark yellow-buff"
"White-flanked Sunbird","Aethopyga_eximia","Sunbirds","Nectariniidae","Passeriformes","M","black, blue, dark gray, dark rufous, dark yellow-buff, gray, medium green, medium-dark rufous, pale cream, pale gray"
"White-fronted Amazon","Amazona_albifrons","Parrots","Psittacidae","Psittaciformes","M","blue, medium green, medium-dark brown, medium-dark dark purple, medium-dark green, very pale cream"
"White-fronted Chat","Epthianura_albifrons","Honeyeaters","Meliphagidae","Passeriformes","F","black, brownish gray, dark gray, gray, pale gray"
"White-fronted Manakin","Lepidothrix_serena","Manakins","Pipridae","Passeriformes","F","brownish gray, gray, medium cream, medium green, medium yellow-buff, medium-dark green, medium-dark olive, medium-dark yellow-buff, olive-gray, pale cream, very pale cream"
"White-fronted Manakin","Lepidothrix_serena","Manakins","Pipridae","Passeriformes","M","dark gray, gray, light blue, medium cream, medium yellow-buff, olive-gray, pale cream, very pale cream"
"White-fronted Nunbird","Monasa_morphoeus","Puffbirds","Bucconidae","Piciformes","F","dark gray, gray, pale gray"
"White-fronted Nunbird","Monasa_morphoeus","Puffbirds","Bucconidae","Piciformes","M","dark gray, gray, pale gray"
"White-fronted Plover","Charadrius_marginatus","Plovers","Charadriidae","Charadriiformes","F","brownish gray, dark gray, dark rufous, gray, medium-dark rufous, medium-dark yellow-buff, pale gray"
"White-fronted Tern","Sterna_striata","Gulls and terns","Laridae","Charadriiformes","M","dark gray, gray, pale gray"
"White-headed Munia","Lonchura_maja","Waxbills, grass finches, munias and allies","Estrildidae","Passeriformes","F","medium pinkish buff, medium red-brown, medium tan, pale buff, pale pinkish buff, very pale buff, very pale cream, very pale orange-buff"
"White-headed Munia","Lonchura_maja","Waxbills, grass finches, munias and allies","Estrildidae","Passeriformes","M","medium pinkish buff, medium red-brown, medium tan, medium-dark red-brown, pale buff, pale pinkish buff, very pale buff, very pale cream, very pale orange-buff"
"White-headed Petrel","Pterodroma_lessonii","Petrels and shearwaters","Procellariidae","Procellariiformes","M","brownish gray, gray, pale gray"
"White-headed Woodpecker","Picoides_albolarvatus","Woodpeckers","Picidae","Piciformes","F","gray"
"White-headed Woodpecker","Picoides_albolarvatus","Woodpeckers","Picidae","Piciformes","M","gray, medium-dark brown"
"White-lined Tanager","Tachyphonus_rufus","Tanagers","Thraupidae","Passeriformes","M","brownish gray, dark gray, dark rufous, dark yellow-buff, gray, medium-dark rufous, medium-dark yellow-buff"
"White-lored Euphonia","Euphonia_chrysopasta","Tanagers","Thraupidae","Passeriformes","F","brownish gray, dark gray, dark yellow-buff, gray, medium yellow-buff, medium-dark yellow-buff"
"White-lored Euphonia","Euphonia_chrysopasta","Tanagers","Thraupidae","Passeriformes","M","dark gray, dark yellow-buff, gray, medium yellow-buff, medium-dark yellow-buff"
"White-lored Tyrannulet","Ornithion_inerme","Tyrant-flycatchers","Tyrannidae","Passeriformes","F","brownish gray, dark gray, gray, medium cream, medium yellow-buff, pale cream"
"White-lored Tyrannulet","Ornithion_inerme","Tyrant-flycatchers","Tyrannidae","Passeriformes","M","brownish gray, gray, medium yellow-buff, olive-gray, pale cream"
"White-naped Brush-finch","Atlapetes_albinucha","Buntings, American sparrows and allies","Emberizidae","Passeriformes","F","brownish gray, dark gray, gray, medium yellow-buff, medium-dark yellow-buff"
"White-naped Honeyeater","Melithreptus_lunatus","Honeyeaters","Meliphagidae","Passeriformes","F","black, brownish gray, dark gray, dark yellow-buff, gray, medium-dark yellow-buff, pale gray"
"White-naped Seedeater","Dolospingus_fringilloides","Buntings, American sparrows and allies","Emberizidae","Passeriformes","M","brownish gray, dark gray, gray, medium-dark yellow-buff"
"White-necked Jacobin","Florisuga_mellivora","Hummingbirds","Trochilidae","Apodiformes","F","brownish gray, dark gray, gray, medium-dark green, medium-dark olive, medium-dark yellow-buff, pale gray"
"White-necked Jacobin","Florisuga_mellivora","Hummingbirds","Trochilidae","Apodiformes","M","blue, dark gray, gray, medium green, medium-dark green, medium-dark olive, medium-dark yellow-buff, pale gray"
"White-necked Thrush","Turdus_albicollis","Thrushes","Turdidae","Passeriformes","F","brownish gray, dark rufous, gray, medium-dark rufous, pale gray"
"White-necked Thrush","Turdus_albicollis","Thrushes","Turdidae","Passeriformes","M","brownish gray, dark rufous, dark yellow-buff, gray, medium-dark rufous, medium-dark yellow-buff, pale cream, pale gray"
"White-plumed Antbird","Pithys_albifrons","Antbirds","Thamnophilidae","Passeriformes","F","brownish gray, dark brown, dark gray, dark rufous, gray, medium-dark brown, medium-dark orange-buff, medium-dark rufous, pale gray"
"White-plumed Antbird","Pithys_albifrons","Antbirds","Thamnophilidae","Passeriformes","M","brownish gray, dark brown, dark gray, dark rufous, gray, medium-dark brown, medium-dark rufous, pale gray"
"White-plumed Honeyeater","Lichenostomus_penicillatus","Honeyeaters","Meliphagidae","Passeriformes","F","brownish gray, dark yellow-buff, gray, medium yellow-buff, medium-dark yellow-buff"
"White-ringed Flycatcher","Conopias_albovittatus","Tyrant-flycatchers","Tyrannidae","Passeriformes","M","brownish gray, dark gray, gray, medium cream, medium yellow-buff, pale cream"
"White-rumped Munia","Lonchura_striata","Waxbills, grass finches, munias and allies","Estrildidae","Passeriformes","F","brownish gray, dark brown, dark gray, dark maroon, gray, medium buff, medium red-brown, medium-dark maroon, medium-dark red-brown, pale buff, very pale cream, very pale orange-buff"
"White-rumped Munia","Lonchura_striata","Waxbills, grass finches, munias and allies","Estrildidae","Passeriformes","M","dark brown, dark maroon, medium orange-buff, medium pinkish buff, medium red-brown, medium tan, medium-dark maroon, medium-dark orange-buff, medium-dark rufous, pale buff, pale orange-buff, very pale cream"
"White-rumped Sandpiper","Calidris_fuscicollis","Sandpipers and allies","Scolopacidae","Charadriiformes","F","brownish gray, dark gray, dark yellow-buff, gray, medium-dark yellow-buff, pale gray"
"White-rumped Seedeater","Serinus_leucopygius","Finches and Hawaiian honeycreepers","Fringillidae","Passeriformes","F","very pale cream, very pale green, very pale orange-buff"
"White-rumped Seedeater","Serinus_leucopygius","Finches and Hawaiian honeycreepers","Fringillidae","Passeriformes","M","brownish gray, gray, medium-dark yellow-buff, pale gray, very pale cream, very pale green, very pale orange-buff"
"White-rumped Swiftlet","Collocalia_spodiopygia","Swifts","Apodidae","Apodiformes","F","brownish gray, dark gray, gray"
"White-rumped Tanager","Cypsnagra_hirundinacea","Tanagers","Thraupidae","Passeriformes","M","black, dark gray, gray, medium yellow-buff, medium-dark yellow-buff, pale gray"
"White-shouldered Fairywren","Malurus_alboscapulatus","Australasian wrens","Maluridae","Passeriformes","F","black, brownish gray, dark blue, dark gray, gray"
"White-shouldered Tanager","Tachyphonus_luctuosus","Tanagers","Thraupidae","Passeriformes","F","brownish gray, dark yellow-buff, gray, medium cream, medium yellow-buff, medium-dark yellow-buff"
"White-shouldered Tanager","Tachyphonus_luctuosus","Tanagers","Thraupidae","Passeriformes","M","black, brownish gray, dark gray, dark yellow-buff, gray, medium yellow-buff, medium-dark yellow-buff, pale gray"
"White-sided Flowerpiercer","Diglossa_albilatera","Tanagers","Thraupidae","Passeriformes","M","brownish gray, dark gray, dark yellow-buff, gray, medium yellow-buff, medium-dark yellow-buff, pale gray"
"White-spotted Munia","Lonchura_leucosticta","Waxbills, grass finches, munias and allies","Estrildidae","Passeriformes","F","medium red-brown, medium tan, medium-dark maroon, very pale cream, very pale orange-buff"
"White-tailed Alethe","Alethe_diademata","Thrushes","Turdidae","Passeriformes","F","brownish gray, dark gray, dark rufous, dark yellow-buff, gray, medium-dark rufous, medium-dark yellow-buff"
"White-tailed Hawk","Buteo_albicaudatus","Osprey, kites, hawks and eagles","Accipitridae","Accipitriformes","F","brownish gray, dark gray, dark rufous, gray, medium orange-buff, medium-dark rufous, olive-gray"
"White-tailed Hawk","Buteo_albicaudatus","Osprey, kites, hawks and eagles","Accipitridae","Accipitriformes","M","black, brownish gray, dark gray, gray"
"White-tailed Hawk","Buteo_albicaudatus","Osprey, kites, hawks and eagles","Accipitridae","Accipitriformes",NA,"brownish gray, dark gray, dark rufous, gray, medium-dark orange-buff, olive-gray"
"White-tailed Hillstar","Urochroa_bougueri","Hummingbirds","Trochilidae","Apodiformes","M","brownish gray, dark gray, dark rufous, dark yellow-buff, gray, medium green, medium-dark green, medium-dark rufous, medium-dark yellow-buff"
"White-tailed Laurel Pigeon","Columba_junoniae","Doves and pigeons","Columbidae","Columbiformes","M","brownish gray, gray, olive-gray, pale gray"
"White-tailed Monarch","Monarcha_leucurus","Monarchs","Monarchidae","Passeriformes","M","black, brownish gray, dark gray, gray, pale gray"
"White-tailed Ptarmigan","Lagopus_leucura","Grouse, pheasants and partridges","Phasianidae","Galliformes","F","brownish gray, dark gray, gray, medium yellow-buff, medium-dark yellow-buff, pale gray"
"White-tailed Tropicbird","Phaethon_lepturus","Tropicbirds","Phaethontidae","Phaethontiformes","M","gray, pale gray"
"White-thighed Swallow","Neochelidon_tibialis","Swallows and martins","Hirundinidae","Passeriformes",NA,"black, brownish gray, dark gray, gray, pale gray"
"White-throated Canary","Serinus_albogularis","Finches and Hawaiian honeycreepers","Fringillidae","Passeriformes","F","very pale cream, very pale green"
"White-throated Canary","Serinus_albogularis","Finches and Hawaiian honeycreepers","Fringillidae","Passeriformes","M","brownish gray, gray, medium cream, medium yellow-buff, medium-dark yellow-buff, olive-gray, pale gray, very pale cream, very pale green, very pale orange-buff"
"White-throated Dipper","Cinclus_cinclus","Dippers","Cinclidae","Passeriformes","F","brownish gray, gray, medium cream, medium-dark rufous"
"White-throated Gerygone","Gerygone_olivacea","Thornbills and gerygones","Acanthizidae","Passeriformes","F","brownish gray, dark gray, dark yellow-buff, gray, medium cream, medium yellow-buff, medium-dark yellow-buff"
"White-throated Honeyeater","Melithreptus_albogularis","Honeyeaters","Meliphagidae","Passeriformes","F","black, brownish gray, dark gray, dark yellow-buff, gray, medium-dark yellow-buff, very dark yellow-buff"
"White-throated Kingfisher","Halcyon_smyrnensis","Kingfishers","Alcedinidae","Coraciiformes","M","brownish gray, dark brown, gray, light blue, medium yellow-buff, pale cream"
"White-throated Laughingthrush","Garrulax_albogularis","Babblers and parrotbills","Timaliidae","Passeriformes","F","brownish gray, dark yellow-buff, gray, medium yellow-buff, medium-dark yellow-buff, pale gray"
"White-throated Laughingthrush","Garrulax_albogularis","Babblers and parrotbills","Timaliidae","Passeriformes","M","brownish gray, dark yellow-buff, gray, medium yellow-buff, medium-dark yellow-buff, pale gray"
"White-throated Manakin","Corapipo_gutturalis","Manakins","Pipridae","Passeriformes","F","brownish gray, dark gray, gray, medium yellow-buff, medium-dark yellow-buff, pale gray"
"White-throated Manakin","Corapipo_gutturalis","Manakins","Pipridae","Passeriformes","M","blue, dark gray, gray, pale gray"
"White-throated Munia","Lonchura_malabarica","Waxbills, grass finches, munias and allies","Estrildidae","Passeriformes","F","black, dark yellow-buff, medium orange-buff, medium pinkish buff, medium tan, medium-dark orange-buff, medium-dark red-brown, medium-dark rufous, medium-dark yellow-buff, very dark yellow-buff, very pale cream, very pale orange-buff"
"White-throated Munia","Lonchura_malabarica","Waxbills, grass finches, munias and allies","Estrildidae","Passeriformes","M","dark brown, dark rufous, medium orange-buff, medium red-brown, medium tan, medium-dark brown, medium-dark rufous, medium-dark yellow-buff, very pale cream, very pale orange-buff"
"White-throated Seedeater","Sporophila_albogularis","Buntings, American sparrows and allies","Emberizidae","Passeriformes","M","brownish gray, dark gray, gray"
"White-throated Shrike-tanager","Lanio_leucothorax","Tanagers","Thraupidae","Passeriformes","M","brownish gray, dark gray, dark rufous, dark yellow-buff, gray, medium-dark yellow-buff"
"White-throated Sierra-finch","Phrygilus_erythronotus","Buntings, American sparrows and allies","Emberizidae","Passeriformes","M","brownish gray, dark gray, gray"
"White-throated Spadebill","Platyrinchus_mystaceus","Tyrant-flycatchers","Tyrannidae","Passeriformes",NA,"brownish gray, dark yellow-buff, gray, medium yellow-buff, medium-dark yellow-buff"
"White-throated Sparrow","Zonotrichia_albicollis","Buntings, American sparrows and allies","Emberizidae","Passeriformes","F","black, brownish gray, dark gray, dark rufous, dark yellow-buff, gray, medium yellow-buff, medium-dark rufous, medium-dark yellow-buff, pale gray, very dark rufous"
"White-throated Toucan","Ramphastos_tucanus","Toucans and barbets","Ramphastidae","Piciformes","F","black, dark brown, dark gray, gray, medium cream, medium-dark brown, pale cream, pale gray"
"White-throated Toucan","Ramphastos_tucanus","Toucans and barbets","Ramphastidae","Piciformes","M","black, dark brown, dark gray, gray, medium cream, medium-dark brown, pale cream, pale gray"
"White-throated Treecreeper","Cormobates_leucophaea","Australian treecreepers","Climacteridae","Passeriformes","F","black, brownish gray, dark gray, gray, medium yellow-buff, medium-dark yellow-buff, pale gray"
"White-tipped Dove","Leptotila_verreauxi","Doves and pigeons","Columbidae","Columbiformes","F","brownish gray, gray, medium-dark rufous, very pale cream"
"White-tipped Dove","Leptotila_verreauxi","Doves and pigeons","Columbidae","Columbiformes","M","brownish gray, dark gray, gray, medium-dark rufous, medium-dark yellow-buff, olive-gray"
"White-tipped Dove","Leptotila_verreauxi","Doves and pigeons","Columbidae","Columbiformes",NA,"brownish gray, dark gray, gray, medium-dark rufous, pale gray"
"White-tipped Sicklebill","Eutoxeres_aquila","Hummingbirds","Trochilidae","Apodiformes","M","brownish gray, dark gray, gray, medium green, medium-dark yellow-buff, olive-gray"
"White-tufted Honeyeater","Lichmera_squamata","Honeyeaters","Meliphagidae","Passeriformes","M","brownish gray, dark yellow-buff, gray, medium yellow-buff, medium-dark yellow-buff"
"White-vented Euphonia","Euphonia_minuta","Tanagers","Thraupidae","Passeriformes","F","brownish gray, dark gray, gray, medium yellow-buff, medium-dark yellow-buff"
"White-vented Euphonia","Euphonia_minuta","Tanagers","Thraupidae","Passeriformes","M","blue, dark gray, gray, medium cream, medium yellow-buff, pale cream"
"White-vented Plumeleteer","Chalybura_buffonii","Hummingbirds","Trochilidae","Apodiformes","M","dark blue, dark gray, gray, medium-dark green, medium-dark yellow-buff"
"White-whiskered Hermit","Phaethornis_yaruqui","Hummingbirds","Trochilidae","Apodiformes","M","blue, brownish gray, dark gray, gray, medium cream, medium yellow-buff, medium-dark green, medium-dark olive, pale gray"
"White-winged Chough","Corcorax_melanorhamphos","Australian mudnesters","Corcoracidae","Passeriformes","F","black, dark gray"
"White-winged Crossbill","Loxia_leucoptera","Finches and Hawaiian honeycreepers","Fringillidae","Passeriformes","F","black, brownish gray, dark brown, dark gray, dark yellow-buff, gray, medium yellow-buff, medium-dark brown, medium-dark orange-buff, medium-dark yellow-buff, pale gray"
"White-winged Diuca-finch","Diuca_speculifera","Buntings, American sparrows and allies","Emberizidae","Passeriformes","M","brownish gray, dark gray, gray"
"White-winged Dove","Zenaida_asiatica","Doves and pigeons","Columbidae","Columbiformes","F","brownish gray, dark gray, gray, medium-dark orange-buff, medium-dark rufous, medium-dark yellow-buff"
"White-winged Fairywren","Malurus_leucopterus","Australasian wrens","Maluridae","Passeriformes","F","blue, brownish gray, dark blue, dark gray, dark purple, gray"
"White-winged Robin","Peneothello_sigillatus","Australasian robins","Petroicidae","Passeriformes","F","black, dark gray, gray"
"White-winged Scoter","Melanitta_fusca","Ducks, geese and swans","Anatidae","Anseriformes","F","black, brownish gray, dark gray, gray"
"White-winged Shrike-tanager","Lanio_versicolor","Tanagers","Thraupidae","Passeriformes","M","black, brownish gray, dark gray, dark rufous, dark yellow-buff, gray, medium-dark yellow-buff, very dark yellow-buff"
"White-winged Swallow","Tachycineta_albiventer","Swallows and martins","Hirundinidae","Passeriformes","F","brownish gray, dark gray, gray, olive-gray, pale gray"
"White-winged Swallow","Tachycineta_albiventer","Swallows and martins","Hirundinidae","Passeriformes","M","brownish gray, dark gray, gray, olive-gray, pale gray"
"White-winged Swallow","Tachycineta_albiventer","Swallows and martins","Hirundinidae","Passeriformes",NA,"brownish gray, dark gray, gray"
"White-winged Triller","Lalage_tricolor","Cuckoo-shrikes","Campephagidae","Passeriformes","F","black, brownish gray, dark gray, gray, pale gray"
"Whitehead","Mohoua_albicilla","Thornbills and gerygones","Acanthizidae","Passeriformes","M","brownish gray, gray, medium-dark yellow-buff, pale gray"
"Wied's Tyrant-manakin","Neopelma_aurifrons","Manakins","Pipridae","Passeriformes","F","dark yellow-buff, gray, medium cream, medium yellow-buff, medium-dark yellow-buff, pale cream"
"Wied's Tyrant-manakin","Neopelma_aurifrons","Manakins","Pipridae","Passeriformes","M","dark yellow-buff, gray, medium yellow-buff, medium-dark yellow-buff, pale cream, very pale cream"
"Wild Turkey","Meleagris_gallopavo","Grouse, pheasants and partridges","Phasianidae","Galliformes","F","blue, brownish gray, dark gray, dark rufous, gray, medium green, medium orange-buff, medium yellow-buff, medium-dark green, medium-dark olive, medium-dark orange-buff, medium-dark rufous, medium-dark yellow-buff, olive-gray"
"Wilkins's Bunting","Nesospiza_wilkinsi","Buntings, American sparrows and allies","Emberizidae","Passeriformes","M","brownish gray, dark gray, dark yellow-buff, gray, medium-dark yellow-buff"
"Willie-wagtail","Rhipidura_leucophrys","Fantails","Rhipiduridae","Passeriformes","F","black, brownish gray, dark gray, gray"
"Willow Flycatcher","Empidonax_traillii","Tyrant-flycatchers","Tyrannidae","Passeriformes","F","brownish gray, dark gray, dark yellow-buff, gray, medium yellow-buff, medium-dark yellow-buff, pale cream, pale gray"
"Willow Ptarmigan","Lagopus_lagopus","Grouse, pheasants and partridges","Phasianidae","Galliformes","F","brownish gray, dark gray, dark rufous, gray, medium-dark orange-buff, medium-dark rufous, medium-dark yellow-buff, olive-gray, pale gray"
"Willow Tit","Parus_montanus","Tits and chickadees","Paridae","Passeriformes","F","black, brownish gray, dark gray, gray"
"Willow Warbler","Phylloscopus_trochilus","Old World warblers","Sylviidae","Passeriformes","F","brownish gray, dark gray, dark yellow-buff, gray, medium yellow-buff, medium-dark yellow-buff, pale gray, very dark yellow-buff"
"Wilson's Bird-of-paradise","Cicinnurus_respublica","Birds of paradise","Paradisaeidae","Passeriformes","M","black, brownish gray, dark brown, dark gray, dark olive, dark rufous, dark yellow-buff, gray, medium yellow-buff, medium-dark brown, medium-dark yellow-buff"
"Wilson's Phalarope","Steganopus_tricolor","Sandpipers and allies","Scolopacidae","Charadriiformes","F","brownish gray, dark rufous, gray, medium yellow-buff, medium-dark orange-buff, medium-dark rufous, medium-dark yellow-buff, pale gray"
"Wilson's Storm-petrel","Oceanites_oceanicus","Storm-petrels","Hydrobatidae","Procellariiformes","M","brownish gray, gray, pale cream"
"Wilson's Warbler","Wilsonia_pusilla","New World warblers","Parulidae","Passeriformes","F","black, brownish gray, dark gray, dark yellow-buff, gray, medium cream, medium yellow-buff, medium-dark yellow-buff, pale cream, very dark yellow-buff"
"Wilson's Warbler","Wilsonia_pusilla","New World warblers","Parulidae","Passeriformes","M","black, brownish gray, dark gray, dark yellow-buff, gray, medium cream, medium yellow-buff, medium-dark yellow-buff, pale cream"
"Wing-banded Antbird","Myrmornis_torquata","Antbirds","Thamnophilidae","Passeriformes","F","brownish gray, dark brown, dark gray, dark rufous, gray, medium orange-buff, medium yellow-buff, medium-dark orange-buff, medium-dark rufous, medium-dark yellow-buff, pale gray"
"Wing-banded Antbird","Myrmornis_torquata","Antbirds","Thamnophilidae","Passeriformes","M","brownish gray, dark gray, dark rufous, dark yellow-buff, gray, medium orange-buff, medium-dark orange-buff, medium-dark rufous, pale gray"
"Wing-banded Wren","Microcerculus_bambla","Wrens","Troglodytidae","Passeriformes","F","brownish gray, dark gray, dark rufous, gray"
"Wing-banded Wren","Microcerculus_bambla","Wrens","Troglodytidae","Passeriformes","M","brownish gray, dark gray, dark rufous, gray, medium-dark orange-buff"
"Wing-barred Piprites","Piprites_chloris","Manakins","Pipridae","Passeriformes","F","brownish gray, dark yellow-buff, gray, medium yellow-buff, medium-dark yellow-buff"
"Wing-barred Piprites","Piprites_chloris","Manakins","Pipridae","Passeriformes","M","brownish gray, dark gray, dark yellow-buff, gray, medium yellow-buff, medium-dark yellow-buff, olive-gray"
"Wing-barred Piprites","Piprites_chloris","Manakins","Pipridae","Passeriformes",NA,"brownish gray, dark yellow-buff, gray, medium yellow-buff, medium-dark yellow-buff, olive-gray"
"Wing-barred Seedeater","Sporophila_americana","Buntings, American sparrows and allies","Emberizidae","Passeriformes","M","black, brownish gray, dark gray, dark yellow-buff, gray, medium-dark yellow-buff"
"Winter Wren","Troglodytes_troglodytes","Wrens","Troglodytidae","Passeriformes","F","black, brownish gray, dark gray, dark rufous, dark yellow-buff, gray, medium-dark rufous, medium-dark yellow-buff"
"Wire-crested Thorntail","Discosura_popelairii","Hummingbirds","Trochilidae","Apodiformes","M","blue, brownish gray, dark gray, gray, medium-dark yellow-buff"
"Wire-tailed Manakin","Pipra_filicauda","Manakins","Pipridae","Passeriformes","F","black, brownish gray, dark brown, dark gray, dark yellow-buff, gray, medium cream, medium yellow-buff, medium-dark brown, medium-dark rufous, medium-dark yellow-buff, pale cream, very dark yellow-buff"
"Wompoo Fruit-dove","Ptilinopus_magnificus","Doves and pigeons","Columbidae","Columbiformes","F","brownish gray, dark brown, dark gray, dark maroon, dark olive, dark yellow-buff, gray, medium green, medium yellow-buff, medium-dark olive, medium-dark yellow-buff, olive-gray"
"Wood Duck","Aix_sponsa","Ducks, geese and swans","Anatidae","Anseriformes","F","black, blue, brownish gray, dark gray, dark olive, gray, light blue, medium-dark olive, olive-gray, pale gray"
"Wood Sandpiper","Tringa_glareola","Sandpipers and allies","Scolopacidae","Charadriiformes","F","brownish gray, dark gray, gray"
"Wood Thrush","Hylocichla_mustelina","Thrushes","Turdidae","Passeriformes","F","dark rufous, dark yellow-buff, gray, medium-dark yellow-buff, pale gray"
"Wood Warbler","Phylloscopus_sibilatrix","Old World warblers","Sylviidae","Passeriformes","F","brownish gray, dark yellow-buff, gray, medium cream, medium yellow-buff, medium-dark yellow-buff, pale gray"
"Woodhouse's Antpecker","Parmoptila_woodhousei","Waxbills, grass finches, munias and allies","Estrildidae","Passeriformes","F","dark yellow-buff, medium orange-buff, medium tan, medium-dark brown, medium-dark rufous, medium-dark yellow-buff, pale buff, pale cream, pale orange-buff, very pale buff, very pale cream, very pale orange-buff"
"Woodhouse's Antpecker","Parmoptila_woodhousei","Waxbills, grass finches, munias and allies","Estrildidae","Passeriformes","M","black, medium buff, medium orange-buff, medium red-brown, medium tan, medium yellow-buff, medium-dark brown, medium-dark yellow-buff, pale buff, pale orange-buff, very pale buff, very pale cream, very pale orange-buff"
"Woodland Kingfisher","Halcyon_senegalensis","Kingfishers","Alcedinidae","Coraciiformes",NA,"dark gray, gray, light blue, olive-gray"
"Woodpecker Finch","Camarhynchus_pallidus","Buntings, American sparrows and allies","Emberizidae","Passeriformes","M","brownish gray, gray, medium yellow-buff, medium-dark yellow-buff"
"Worm-eating Warbler","Helmitheros_vermivorum","New World warblers","Parulidae","Passeriformes","F","brownish gray, dark gray, dark yellow-buff, gray, medium cream, medium yellow-buff, medium-dark yellow-buff"
"Worm-eating Warbler","Helmitheros_vermivorum","New World warblers","Parulidae","Passeriformes","M","brownish gray, dark gray, dark yellow-buff, gray, medium yellow-buff, medium-dark yellow-buff"
"Wrentit","Chamaea_fasciata","Babblers and parrotbills","Timaliidae","Passeriformes","F","brownish gray, medium-dark yellow-buff"
"Wrentit","Chamaea_fasciata","Babblers and parrotbills","Timaliidae","Passeriformes","M","brownish gray, medium-dark orange-buff, medium-dark rufous, medium-dark yellow-buff"
"Wrybill","Anarhynchus_frontalis","Plovers","Charadriidae","Charadriiformes","M","brownish gray, dark gray, gray, pale gray"
"Yellow Canary","Serinus_flaviventris","Finches and Hawaiian honeycreepers","Fringillidae","Passeriformes","F","very pale cream, very pale orange-buff"
"Yellow Canary","Serinus_flaviventris","Finches and Hawaiian honeycreepers","Fringillidae","Passeriformes","M","very pale cream, very pale orange-buff"
"Yellow Cardinal","Gubernatrix_cristata","Buntings, American sparrows and allies","Emberizidae","Passeriformes","M","brownish gray, dark gray, dark yellow-buff, gray, medium yellow-buff, medium-dark yellow-buff"
"Yellow Chat","Epthianura_crocea","Honeyeaters","Meliphagidae","Passeriformes","F","black, brownish gray, dark gray, dark yellow-buff, gray, medium yellow-buff, medium-dark yellow-buff"
"Yellow Honeyeater","Lichenostomus_flavus","Honeyeaters","Meliphagidae","Passeriformes","F","dark yellow-buff, gray, medium yellow-buff, medium-dark yellow-buff"
"Yellow Oriole","Icterus_nigrogularis","New World blackbirds","Icteridae","Passeriformes","F","brownish gray, dark yellow-buff, medium yellow-buff, medium-dark yellow-buff"
"Yellow Oriole","Icterus_nigrogularis","New World blackbirds","Icteridae","Passeriformes","M","black, dark gray, medium yellow-buff, pale cream"
"Yellow Oriole","Icterus_nigrogularis","New World blackbirds","Icteridae","Passeriformes",NA,"black, dark gray, medium cream, medium yellow-buff, medium-dark yellow-buff"
"Yellow Thornbill","Acanthiza_nana","Thornbills and gerygones","Acanthizidae","Passeriformes","F","brownish gray, dark gray, dark yellow-buff, gray, medium yellow-buff, medium-dark yellow-buff"
"Yellow Wagtail","Motacilla_flava","Wagtails and pipits","Motacillidae","Passeriformes","F","black, brownish gray, dark gray, dark yellow-buff, gray, medium yellow-buff, medium-dark yellow-buff"
"Yellow Warbler","Dendroica_petechia","New World warblers","Parulidae","Passeriformes","F","brownish gray, dark yellow-buff, gray, medium cream, medium yellow-buff, medium-dark yellow-buff, pale cream, very dark yellow-buff"
"Yellow Warbler","Dendroica_petechia","New World warblers","Parulidae","Passeriformes","M","brownish gray, dark rufous, dark yellow-buff, gray, medium cream, medium yellow-buff, medium-dark yellow-buff, pale cream, very dark yellow-buff"
"Yellow Wattlebird","Anthochaera_paradoxa","Honeyeaters","Meliphagidae","Passeriformes","F","black, brownish gray, dark gray, gray, medium yellow-buff, medium-dark yellow-buff"
"Yellow-backed Tanager","Hemithraupis_flavicollis","Tanagers","Thraupidae","Passeriformes","F","brownish gray, dark yellow-buff, medium yellow-buff, pale cream"
"Yellow-backed Tanager","Hemithraupis_flavicollis","Tanagers","Thraupidae","Passeriformes","M","brownish gray, dark gray, gray, medium cream, pale cream"
"Yellow-backed Tanager","Hemithraupis_flavicollis","Tanagers","Thraupidae","Passeriformes",NA,"brownish gray, dark gray, dark yellow-buff, gray, medium yellow-buff, medium-dark yellow-buff"
"Yellow-bellied Dacnis","Dacnis_flaviventer","Tanagers","Thraupidae","Passeriformes","M","brownish gray, dark gray, dark olive, gray, medium yellow-buff, medium-dark olive, medium-dark yellow-buff, olive-gray"
"Yellow-bellied Elaenia","Elaenia_flavogaster","Tyrant-flycatchers","Tyrannidae","Passeriformes","F","black, brownish gray, dark gray, gray, medium cream, medium yellow-buff, medium-dark yellow-buff, pale cream, very pale cream"
"Yellow-bellied Elaenia","Elaenia_flavogaster","Tyrant-flycatchers","Tyrannidae","Passeriformes","M","brownish gray, dark gray, gray, medium yellow-buff, medium-dark yellow-buff, pale cream, very pale cream"
"Yellow-bellied Flycatcher","Empidonax_flaviventris","Tyrant-flycatchers","Tyrannidae","Passeriformes","F","black, brownish gray, dark gray, dark yellow-buff, gray, medium cream, medium yellow-buff, medium-dark yellow-buff, olive-gray, pale cream"
"Yellow-bellied Gerygone","Gerygone_chrysogaster","Thornbills and gerygones","Acanthizidae","Passeriformes","F","brownish gray, dark gray, dark yellow-buff, gray, medium yellow-buff, medium-dark yellow-buff"
"Yellow-bellied Sapsucker","Sphyrapicus_varius","Woodpeckers","Picidae","Piciformes","F","black, brownish gray, dark brown, dark gray, dark yellow-buff, gray, medium yellow-buff, medium-dark brown, medium-dark orange-buff, medium-dark rufous, medium-dark yellow-buff, olive-gray, pale cream"
"Yellow-bellied Seedeater","Sporophila_nigricollis","Buntings, American sparrows and allies","Emberizidae","Passeriformes","M","brownish gray, dark gray, dark yellow-buff, gray, medium yellow-buff, medium-dark yellow-buff"
"Yellow-bellied Siskin","Carduelis_xanthogastra","Finches and Hawaiian honeycreepers","Fringillidae","Passeriformes","F","very pale cream, very pale orange-buff"
"Yellow-bellied Siskin","Carduelis_xanthogastra","Finches and Hawaiian honeycreepers","Fringillidae","Passeriformes","M","black, dark yellow-buff, gray, pale gray, very dark olive, very pale cream"
"Yellow-bellied Tanager","Tangara_xanthogastra","Tanagers","Thraupidae","Passeriformes","M","dark gray, dark olive, gray, medium green, medium yellow-buff, medium-dark green, medium-dark olive, medium-dark yellow-buff, olive-gray"
"Yellow-bellied Waxbill","Estrilda_quartinia","Waxbills, grass finches, munias and allies","Estrildidae","Passeriformes","F","medium orange-buff, medium red-brown, medium-dark orange-buff, pale buff, pale orange-buff, very pale buff, very pale cream, very pale orange-buff"
"Yellow-bellied Waxbill","Estrilda_quartinia","Waxbills, grass finches, munias and allies","Estrildidae","Passeriformes","M","medium buff, medium cream, medium orange-buff, medium red-brown, medium tan, medium-dark yellow-buff, pale buff, pale cream, pale orange-buff, very pale buff, very pale cream, very pale orange-buff"
"Yellow-bellied Whistler","Pachycephala_philippinensis","Whistlers","Pachycephalidae","Passeriformes","F","brownish gray, dark yellow-buff, gray, medium cream, medium yellow-buff, pale cream, pale gray"
"Yellow-bellied Whistler","Pachycephala_philippinensis","Whistlers","Pachycephalidae","Passeriformes","M","brownish gray, dark yellow-buff, gray, medium cream, medium yellow-buff, medium-dark yellow-buff, pale cream"
"Yellow-bibbed Fruit-dove","Ptilinopus_solomonensis","Doves and pigeons","Columbidae","Columbiformes","M","gray, medium-dark green, medium-dark olive, medium-dark yellow-buff, pale cream"
"Yellow-bibbed Lory","Lorius_chlorocercus","Parrots","Psittacidae","Psittaciformes","M","blue, brownish gray, dark brown, dark gray, dark purple, gray, light blue, medium cream, medium tan, medium yellow-buff, medium-dark brown, medium-dark olive, medium-dark yellow-buff"
"Yellow-billed Cardinal","Paroaria_capitata","Buntings, American sparrows and allies","Emberizidae","Passeriformes","M","black, brownish gray, dark brown, dark gray, gray"
"Yellow-billed Cuckoo","Coccyzus_americanus","Cuckoos","Cuculidae","Cuculiformes","F","black, brownish gray, dark rufous, gray"
"Yellow-billed Cuckoo","Coccyzus_americanus","Cuckoos","Cuculidae","Cuculiformes","M","black, brownish gray, dark rufous, dark yellow-buff, gray, medium yellow-buff, medium-dark yellow-buff, olive-gray, pale gray"
"Yellow-billed Jacamar","Galbula_albirostris","Jacamars","Galbulidae","Piciformes","F","brownish gray, dark brown, dark gray, dark olive, dark rufous, dark yellow-buff, gray, medium green, medium yellow-buff, medium-dark green, medium-dark olive, medium-dark orange-buff, medium-dark rufous, medium-dark yellow-buff"
"Yellow-billed Jacamar","Galbula_albirostris","Jacamars","Galbulidae","Piciformes","M","brownish gray, dark gray, dark olive, dark rufous, dark yellow-buff, gray, medium green, medium-dark green, medium-dark olive, medium-dark orange-buff, medium-dark rufous, medium-dark yellow-buff, olive-gray"
"Yellow-billed Loon","Gavia_adamsii","Loons or divers","Gaviidae","Gaviiformes","F","black, brownish gray, dark gray, gray, pale gray"
"Yellow-billed Magpie","Pica_nuttalli","Crows and jays","Corvidae","Passeriformes","F","dark gray, gray, olive-gray, pale gray"
"Yellow-billed Magpie","Pica_nuttalli","Crows and jays","Corvidae","Passeriformes","M","dark gray, gray, medium-dark olive, medium-dark yellow-buff, olive-gray, pale gray"
"Yellow-billed Pintail","Anas_georgica","Ducks, geese and swans","Anatidae","Anseriformes","F","brownish gray, dark rufous, gray, medium-dark rufous, medium-dark yellow-buff, pale gray"
"Yellow-breasted Chat","Icteria_virens","New World warblers","Parulidae","Passeriformes","F","brownish gray, dark yellow-buff, gray, medium yellow-buff, medium-dark yellow-buff"
"Yellow-breasted Chat","Icteria_virens","New World warblers","Parulidae","Passeriformes","M","black, brownish gray, dark gray, dark yellow-buff, gray, medium cream, medium yellow-buff, medium-dark yellow-buff, pale gray, very dark yellow-buff"
"Yellow-breasted Flycatcher","Tolmomyias_flaviventris","Tyrant-flycatchers","Tyrannidae","Passeriformes","F","brownish gray, dark yellow-buff, gray, medium cream, medium yellow-buff, medium-dark yellow-buff"
"Yellow-breasted Greenfinch","Carduelis_spinoides","Finches and Hawaiian honeycreepers","Fringillidae","Passeriformes","F","very pale cream, very pale orange-buff"
"Yellow-breasted Greenfinch","Carduelis_spinoides","Finches and Hawaiian honeycreepers","Fringillidae","Passeriformes","M","medium tan, very pale buff, very pale cream, very pale orange-buff"
"Yellow-bridled Finch","Melanodera_xanthogramma","Buntings, American sparrows and allies","Emberizidae","Passeriformes","M","brownish gray, dark gray, gray, medium yellow-buff, medium-dark yellow-buff"
"Yellow-capped Pygmy-parrot","Micropsitta_keiensis","Parrots","Psittacidae","Psittaciformes","M","blue, brownish gray, gray, medium green, medium orange-buff, medium yellow-buff, medium-dark green, medium-dark olive, medium-dark yellow-buff, olive-gray, pale cream"
"Yellow-crested Cockatoo","Cacatua_sulphurea","Parrots","Psittacidae","Psittaciformes","M","gray, pale cream, pale gray, very pale cream"
"Yellow-crested Tanager","Tachyphonus_rufiventer","Tanagers","Thraupidae","Passeriformes","M","black, brownish gray, dark gray, dark rufous, dark yellow-buff, gray, medium yellow-buff, medium-dark yellow-buff"
"Yellow-crowned Amazon","Amazona_ochrocephala","Parrots","Psittacidae","Psittaciformes","F","blue, dark blue, medium cream, medium green, medium tan, medium yellow-buff, medium-dark green, medium-dark yellow-buff, pale cream"
"Yellow-crowned Amazon","Amazona_ochrocephala","Parrots","Psittacidae","Psittaciformes","M","dark gray, medium green, medium yellow-buff, medium-dark brown, medium-dark green, medium-dark olive, medium-dark yellow-buff, pale cream, pale green"
"Yellow-crowned Parakeet","Cyanoramphus_auriceps","Parrots","Psittacidae","Psittaciformes","M","blue, dark brown, medium green, medium-dark green, medium-dark olive, medium-dark rufous, medium-dark yellow-buff"
"Yellow-crowned Tyrannulet","Tyrannulus_elatus","Tyrant-flycatchers","Tyrannidae","Passeriformes","F","brownish gray, dark gray, gray, medium cream, medium yellow-buff, medium-dark yellow-buff, olive-gray, pale cream"
"Yellow-crowned Tyrannulet","Tyrannulus_elatus","Tyrant-flycatchers","Tyrannidae","Passeriformes","M","brownish gray, dark gray, gray, medium cream, medium yellow-buff, medium-dark yellow-buff, pale cream"
"Yellow-crowned canary","Serinus_flavivertex","Finches and Hawaiian honeycreepers","Fringillidae","Passeriformes","F","very pale cream, very pale orange-buff"
"Yellow-crowned canary","Serinus_flavivertex","Finches and Hawaiian honeycreepers","Fringillidae","Passeriformes","M","very pale cream, very pale orange-buff"
"Yellow-eyed Junco","Junco_phaeonotus","Buntings, American sparrows and allies","Emberizidae","Passeriformes","F","dark rufous, gray, medium-dark rufous, pale gray"
"Yellow-eyed Junco","Junco_phaeonotus","Buntings, American sparrows and allies","Emberizidae","Passeriformes","M","gray, medium-dark rufous, pale gray"
"Yellow-eyed Penguin","Megadyptes_antipodes","Penguins","Spheniscidae","Sphenisciformes","M","gray, pale cream"
"Yellow-faced Grassquit","Tiaris_olivaceus","Buntings, American sparrows and allies","Emberizidae","Passeriformes","F","black, brownish gray, dark gray, dark yellow-buff, gray, medium yellow-buff, medium-dark yellow-buff, very dark yellow-buff"
"Yellow-faced Honeyeater","Lichenostomus_chrysops","Honeyeaters","Meliphagidae","Passeriformes","F","brownish gray, dark gray, gray"
"Yellow-faced Myna","Mino_dumontii","Starlings","Sturnidae","Passeriformes","M","black, blue, dark gray, gray, medium cream, medium yellow-buff, medium-dark yellow-buff, olive-gray, pale gray"
"Yellow-faced Siskin","Carduelis_yarrellii","Finches and Hawaiian honeycreepers","Fringillidae","Passeriformes","F","very pale cream, very pale orange-buff"
"Yellow-faced Siskin","Carduelis_yarrellii","Finches and Hawaiian honeycreepers","Fringillidae","Passeriformes","M","gray, very pale buff, very pale cream, very pale orange-buff"
"Yellow-fronted Canary","Serinus_mozambicus","Finches and Hawaiian honeycreepers","Fringillidae","Passeriformes","F","very pale cream, very pale orange-buff"
"Yellow-fronted Canary","Serinus_mozambicus","Finches and Hawaiian honeycreepers","Fringillidae","Passeriformes","M","very pale cream, very pale orange-buff"
"Yellow-green Grosbeak","Caryothraustes_canadensis","Grosbeaks, saltators and allies","Cardinalidae","Passeriformes","F","black, brownish gray, dark gray, dark yellow-buff, medium cream, medium yellow-buff, medium-dark yellow-buff, pale cream"
"Yellow-green Grosbeak","Caryothraustes_canadensis","Grosbeaks, saltators and allies","Cardinalidae","Passeriformes","M","brownish gray, dark gray, dark yellow-buff, gray, medium yellow-buff, medium-dark yellow-buff, pale cream"
"Yellow-green Grosbeak","Caryothraustes_canadensis","Grosbeaks, saltators and allies","Cardinalidae","Passeriformes",NA,"brownish gray, dark gray, medium cream, medium yellow-buff, medium-dark yellow-buff, pale cream"
"Yellow-headed Blackbird","Xanthocephalus_xanthocephalus","New World blackbirds","Icteridae","Passeriformes","F","brownish gray, dark gray, gray, medium yellow-buff, medium-dark yellow-buff"
"Yellow-legged Gallinule","Porphyrio_martinica","Rails, crakes and allies","Rallidae","Gruiformes","M","blue, gray, light blue, medium-dark green, medium-dark yellow-buff, pale gray"
"Yellow-plumed Honeyeater","Lichenostomus_ornatus","Honeyeaters","Meliphagidae","Passeriformes","F","brownish gray, dark yellow-buff, gray, medium-dark yellow-buff"
"Yellow-rumped Cacique","Cacicus_cela","New World blackbirds","Icteridae","Passeriformes","F","black, brownish gray, dark gray, gray, medium cream, medium yellow-buff, pale cream"
"Yellow-rumped Cacique","Cacicus_cela","New World blackbirds","Icteridae","Passeriformes","M","black, dark gray, medium cream, medium yellow-buff, pale cream"
"Yellow-rumped Munia","Lonchura_flaviprymna","Waxbills, grass finches, munias and allies","Estrildidae","Passeriformes","M","dark brown, medium-dark red-brown, very pale buff, very pale cream, very pale orange-buff"
"Yellow-rumped Siskin","Carduelis_uropygialis","Finches and Hawaiian honeycreepers","Fringillidae","Passeriformes","F","medium orange-buff, medium-dark rufous, pale orange-buff, very pale cream, very pale orange-buff"
"Yellow-rumped Siskin","Carduelis_uropygialis","Finches and Hawaiian honeycreepers","Fringillidae","Passeriformes","M","gray, pale cream, very dark yellow-buff, very pale cream, very pale orange-buff"
"Yellow-rumped Thornbill","Acanthiza_chrysorrhoa","Thornbills and gerygones","Acanthizidae","Passeriformes","F","black, brownish gray, dark gray, gray, pale gray"
"Yellow-rumped Warbler","Dendroica_coronata","New World warblers","Parulidae","Passeriformes","F","black, brownish gray, dark gray, dark yellow-buff, gray, medium cream, medium yellow-buff, medium-dark yellow-buff, pale gray"
"Yellow-rumped Warbler","Dendroica_coronata","New World warblers","Parulidae","Passeriformes","M","black, brownish gray, dark gray, gray, medium cream, medium yellow-buff, pale cream, pale gray"
"Yellow-scarfed Tanager","Iridosornis_reinhardti","Tanagers","Thraupidae","Passeriformes","M","black, blue, dark blue, dark gray, medium-dark yellow-buff, olive-gray"
"Yellow-shouldered Blackbird","Agelaius_xanthomus","New World blackbirds","Icteridae","Passeriformes","M","dark gray, gray, medium cream, medium yellow-buff"
"Yellow-shouldered Grassquit","Loxipasser_anoxanthus","Buntings, American sparrows and allies","Emberizidae","Passeriformes","M","brownish gray, dark gray, dark rufous, dark yellow-buff, gray, medium-dark rufous, medium-dark yellow-buff"
"Yellow-shouldered Grosbeak","Parkerthraustes_humeralis","Grosbeaks, saltators and allies","Cardinalidae","Passeriformes","M","brownish gray, dark gray, dark yellow-buff, gray, medium-dark yellow-buff"
"Yellow-spotted Honeyeater","Meliphaga_notata","Honeyeaters","Meliphagidae","Passeriformes","F","brownish gray, dark yellow-buff, gray, medium yellow-buff, medium-dark yellow-buff"
"Yellow-streaked Lory","Chalcopsitta_sintillata","Parrots","Psittacidae","Psittaciformes","M","brownish gray, dark brown, dark gray, dark olive, gray, medium green, medium tan, medium yellow-buff, medium-dark brown, medium-dark green, medium-dark olive, medium-dark orange-buff, medium-dark rufous, medium-dark yellow-buff, pale cream"
"Yellow-throated Honeyeater","Lichenostomus_flavicollis","Honeyeaters","Meliphagidae","Passeriformes","F","brownish gray, dark gray, dark yellow-buff, gray, medium yellow-buff, medium-dark yellow-buff"
"Yellow-throated Leafbird","Chloropsis_palawanensis","Leafbirds","Chloropseidae","Passeriformes","F","medium green, medium yellow-buff, medium-dark green, medium-dark olive, medium-dark yellow-buff, olive-gray"
"Yellow-throated Leafbird","Chloropsis_palawanensis","Leafbirds","Chloropseidae","Passeriformes","M","light blue, medium green, medium yellow-buff, medium-dark green, medium-dark olive, medium-dark yellow-buff, olive-gray"
"Yellow-throated Miner","Manorina_flavigula","Honeyeaters","Meliphagidae","Passeriformes","F","brownish gray, dark gray, dark yellow-buff, gray, medium cream, medium-dark yellow-buff, pale gray"
"Yellow-throated Scrubwren","Sericornis_citreogularis","Thornbills and gerygones","Acanthizidae","Passeriformes","F","brownish gray, dark gray, dark rufous, dark yellow-buff, gray, medium cream, medium yellow-buff, medium-dark yellow-buff"
"Yellow-throated Tanager","Iridosornis_analis","Tanagers","Thraupidae","Passeriformes","M","brownish gray, dark blue, dark gray, dark rufous, dark yellow-buff, gray, medium yellow-buff, medium-dark rufous, medium-dark yellow-buff, olive-gray"
"Yellow-throated Vireo","Vireo_flavifrons","Vireos and allies","Vireonidae","Passeriformes","F","black, brownish gray, dark gray, dark yellow-buff, gray, medium cream, medium yellow-buff, medium-dark yellow-buff, pale gray, very dark yellow-buff"
"Yellow-throated Warbler","Dendroica_dominica","New World warblers","Parulidae","Passeriformes","F","black, brownish gray, dark gray, gray, medium cream, medium yellow-buff, pale cream, pale gray"
"Yellow-throated Warbler","Dendroica_dominica","New World warblers","Parulidae","Passeriformes","M","black, brownish gray, dark gray, gray, medium yellow-buff, medium-dark yellow-buff, pale cream, pale gray"
"Yellow-throated Woodpecker","Piculus_flavigula","Woodpeckers","Picidae","Piciformes","F","dark gray, dark rufous, medium cream, medium yellow-buff, medium-dark brown, medium-dark rufous, medium-dark yellow-buff"
"Yellow-throated Woodpecker","Piculus_flavigula","Woodpeckers","Picidae","Piciformes","M","brownish gray, dark brown, dark gray, dark rufous, gray, medium cream, medium yellow-buff, medium-dark brown, medium-dark orange-buff, medium-dark rufous, medium-dark yellow-buff"
"Yellow-tinted Honeyeater","Lichenostomus_flavescens","Honeyeaters","Meliphagidae","Passeriformes","F","brownish gray, dark yellow-buff, gray, medium cream, medium yellow-buff, medium-dark yellow-buff"
"Yellow-tufted Honeyeater","Lichenostomus_melanops","Honeyeaters","Meliphagidae","Passeriformes","F","brownish gray, dark gray, dark yellow-buff, gray, medium yellow-buff, medium-dark yellow-buff"
"Yellow-tufted Woodpecker","Melanerpes_cruentatus","Woodpeckers","Picidae","Piciformes","F","black, brownish gray, dark brown, dark gray, gray, medium cream, medium yellow-buff, medium-dark brown, pale cream, pale gray, very pale cream"
"Yellow-tufted Woodpecker","Melanerpes_cruentatus","Woodpeckers","Picidae","Piciformes","M","black, dark brown, dark gray, gray, medium yellow-buff, medium-dark brown, medium-dark yellow-buff, pale cream, pale gray"
"Yellow-whiskered Greenbul","Andropadus_latirostris","Bulbuls","Pycnonotidae","Passeriformes","F","black, brownish gray, dark gray, dark yellow-buff, gray, medium yellow-buff, medium-dark yellow-buff"
"Yellow-winged Tanager","Thraupis_abbas","Tanagers","Thraupidae","Passeriformes","M","blue, brownish gray, dark gray, gray, medium yellow-buff, medium-dark yellow-buff, olive-gray"
"Yellow-winged Vireo","Vireo_carmioli","Vireos and allies","Vireonidae","Passeriformes","F","brownish gray, dark gray, dark yellow-buff, gray, medium yellow-buff, medium-dark yellow-buff, olive-gray"
"Yellowhammer","Emberiza_citrinella","Buntings, American sparrows and allies","Emberizidae","Passeriformes","F","brownish gray, dark rufous, dark yellow-buff, gray, medium cream, medium yellow-buff, medium-dark rufous, medium-dark yellow-buff, pale cream"
"Yellowhead","Mohoua_ochrocephala","Thornbills and gerygones","Acanthizidae","Passeriformes","M","brownish gray, dark yellow-buff, gray, medium yellow-buff, medium-dark yellow-buff"
"Yemen Linnet","Carduelis_yemenensis","Finches and Hawaiian honeycreepers","Fringillidae","Passeriformes","F","gray, olive-gray, very pale cream, very pale green"
"Yemen Linnet","Carduelis_yemenensis","Finches and Hawaiian honeycreepers","Fringillidae","Passeriformes","M","gray, pale gray, very pale cream, very pale green, very pale orange-buff"
"Yemen Serin","Serinus_menachensis","Finches and Hawaiian honeycreepers","Fringillidae","Passeriformes","F","very pale cream, very pale orange-buff"
"Yemen Serin","Serinus_menachensis","Finches and Hawaiian honeycreepers","Fringillidae","Passeriformes","M","very pale cream, very pale green, very pale orange-buff"
"Yucatan Jay","Cyanocorax_yucatanicus","Crows and jays","Corvidae","Passeriformes","F","blue, dark gray, light blue"
"Zebra Dove","Geopelia_striata","Doves and pigeons","Columbidae","Columbiformes","F","brownish gray, dark gray, dark yellow-buff, gray, medium yellow-buff, medium-dark orange-buff, medium-dark rufous"
"Zebra Finch","Taeniopygia_guttata","Waxbills, grass finches, munias and allies","Estrildidae","Passeriformes","F","brownish gray, dark gray, dark maroon, dark rufous, gray, medium buff, medium orange-buff, medium pinkish buff, medium red-brown, medium tan, medium yellow-buff, medium-dark brown, medium-dark orange-buff, medium-dark red-brown, medium-dark rufous, medium-dark yellow-buff, pale buff, pale orange-buff, pale pinkish buff, very pale buff, very pale cream, very pale orange-buff"
"Zebra Finch","Taeniopygia_guttata","Waxbills, grass finches, munias and allies","Estrildidae","Passeriformes","M","brownish gray, medium buff, medium orange-buff, medium pinkish buff, medium red-brown, medium tan, medium-dark brown, medium-dark maroon, medium-dark orange-buff, medium-dark red-brown, medium-dark rufous, pale buff, pale cream, pale pinkish buff, very pale buff, very pale cream, very pale orange-buff"
"Zebra Waxbill","Amandava_subflava","Waxbills, grass finches, munias and allies","Estrildidae","Passeriformes","F","medium buff, medium orange-buff, medium red-brown, medium tan, medium-dark orange-buff, medium-dark red-brown, medium-dark rufous, pale buff, pale orange-buff, very pale buff, very pale cream, very pale orange-buff"
"Zebra Waxbill","Amandava_subflava","Waxbills, grass finches, munias and allies","Estrildidae","Passeriformes","M","dark brown, dark maroon, dark rufous, medium buff, medium orange-buff, medium pinkish buff, medium red-brown, medium tan, medium yellow-buff, medium-dark rufous, pale buff, pale cream, very pale buff, very pale cream, very pale orange-buff"
"Zenaida Dove","Zenaida_aurita","Doves and pigeons","Columbidae","Columbiformes","F","blue, brownish gray, dark purple, dark rufous, gray, medium orange-buff, medium yellow-buff, medium-dark dark purple, medium-dark orange-buff, medium-dark rufous, medium-dark yellow-buff"
"Zigzag Heron","Zebrilus_undulatus","Herons and egrets","Ardeidae","Pelecaniformes",NA,"brownish gray, dark gray, dark rufous, gray, medium cream, medium yellow-buff, medium-dark yellow-buff"
"Zitting Cisticola","Cisticola_juncidis","Cisticolas and allies","Cisticolidae","Passeriformes","F","black, brownish gray, dark rufous, dark yellow-buff, gray, medium yellow-buff, medium-dark rufous, medium-dark yellow-buff"
"Northern Cardinal","Cardinalis cardinalis","Cardinals and allies","Cardinalidae","Passeriformes","M","red, black"
"American Robin","Turdus migratorius","Thrushes","Turdidae","Passeriformes","M","dark gray, orange-buff"
"Mallard","Anas platyrhynchos","Ducks, geese and swans","Anatidae","Anseriformes","M","green, gray, brown, black"
"Red-winged Blackbird","Agelaius phoeniceus","Troupials and allies","Icteridae","Passeriformes","M","black, red, yellow-buff"
"Blue Jay","Cyanocitta cristata","Crows, jays and magpies","Corvidae","Passeriformes","F","blue, dark blue, light blue, black, pale gray"
"Ovenbird","Seiurus aurocapilla","New World warblers","Parulidae","Passeriformes","M","olive, orange-buff, black, white"
"Worm-eating Warbler","Helmitheros vermivorum","New World warblers","Parulidae","Passeriformes","M","brown, buff, black"
"Louisiana Waterthrush","Parkesia motacilla","New World warblers","Parulidae","Passeriformes","M","brown, white, pale pink"
"Northern Waterthrush","Parkesia noveboracensis","New World warblers","Parulidae","Passeriformes","M","dark brown, pale yellow, dark gray"
"Bachman's Warbler","Vermivora bachmanii","New World warblers","Parulidae","Passeriformes","M","yellow, black, olive"
"Golden-winged Warbler","Vermivora chrysoptera","New World warblers","Parulidae","Passeriformes","M","pale gray, yellow, black, white"
"Blue-winged Warbler","Vermivora cyanoptera","New World warblers","Parulidae","Passeriformes","M","yellow, olive, gray, black"
"Black-and-white Warbler","Mniotilta varia","New World warblers","Parulidae","Passeriformes","M","black, white"
"Prothonotary Warbler","Protonotaria citrea","New World warblers","Parulidae","Passeriformes","M","yellow, blue-gray, olive"
"Swainson's Warbler","Limnothlypis swainsonii","New World warblers","Parulidae","Passeriformes","M","brown, pale yellow"
"Crescent-chested Warbler","Oreothlypis superciliosa","New World warblers","Parulidae","Passeriformes","M","gray, yellow, white, rufous"
"Flame-throated Warbler","Oreothlypis gutturalis","New World warblers","Parulidae","Passeriformes","M","gray, orange, black"
"Tennessee Warbler","Leiothlypis peregrina","New World warblers","Parulidae","Passeriformes","M","green, pale gray, white"
"Orange-crowned Warbler","Leiothlypis celata","New World warblers","Parulidae","Passeriformes","M","olive, yellow"
"Colima Warbler","Leiothlypis crissalis","New World warblers","Parulidae","Passeriformes","M","gray, yellow, rufous"
"Lucy's Warbler","Leiothlypis luciae","New World warblers","Parulidae","Passeriformes","M","pale gray, rufous, white"
"Nashville Warbler","Leiothlypis ruficapilla","New World warblers","Parulidae","Passeriformes","M","gray, olive, yellow, white"
"Virginia's Warbler","Leiothlypis virginiae","New World warblers","Parulidae","Passeriformes","M","gray, yellow, rufous, white"
"Connecticut Warbler","Oporornis agilis","New World warblers","Parulidae","Passeriformes","M","olive, gray, yellow, white"
"Gray-crowned Yellowthroat","Geothlypis poliocephala","New World warblers","Parulidae","Passeriformes","M","olive, yellow, gray, black"
"MacGillivray's Warbler","Geothlypis tolmiei","New World warblers","Parulidae","Passeriformes","M","olive, gray, yellow, black, white"
"Mourning Warbler","Geothlypis philadelphia","New World warblers","Parulidae","Passeriformes","M","olive, gray, yellow, black"
"Kentucky Warbler","Geothlypis formosa","New World warblers","Parulidae","Passeriformes","M","olive, yellow, black"
"Olive-crowned Yellowthroat","Geothlypis semiflava","New World warblers","Parulidae","Passeriformes","M","olive, yellow, black"
"Black-polled Yellowthroat","Geothlypis speciosa","New World warblers","Parulidae","Passeriformes","M","olive, yellow, black"
"Belding's Yellowthroat","Geothlypis beldingi","New World warblers","Parulidae","Passeriformes","M","olive, yellow, black"
"Bahama Yellowthroat","Geothlypis rostrata","New World warblers","Parulidae","Passeriformes","M","olive, yellow, black"
"Altamira Yellowthroat","Geothlypis flavovelata","New World warblers","Parulidae","Passeriformes","M","olive, yellow, black"
"Common Yellowthroat","Geothlypis trichas","New World warblers","Parulidae","Passeriformes","M","olive, yellow, black, white"
"Hooded Warbler","Setophaga citrina","New World warblers","Parulidae","Passeriformes","M","olive, yellow, black"
"American Redstart","Setophaga ruticilla","New World warblers","Parulidae","Passeriformes","M","black, orange, white"
"Kirtland's Warbler","Setophaga kirtlandii","New World warblers","Parulidae","Passeriformes","M","blue-gray, yellow, black, white"
"Cape May Warbler","Setophaga tigrina","New World warblers","Parulidae","Passeriformes","M","olive, yellow, rufous, black, white"
"Cerulean Warbler","Setophaga cerulea","New World warblers","Parulidae","Passeriformes","M","blue, white, black"
"Northern Parula","Setophaga americana","New World warblers","Parulidae","Passeriformes","M","blue-gray, yellow, rufous, white"
"Tropical Parula","Setophaga pitiayumi","New World warblers","Parulidae","Passeriformes","M","blue-gray, yellow, orange"
"Magnolia Warbler","Setophaga magnolia","New World warblers","Parulidae","Passeriformes","M","black, gray, yellow, white"
"Bay-breasted Warbler","Setophaga castanea","New World warblers","Parulidae","Passeriformes","M","rufous, black, cream, white"
"Blackburnian Warbler","Setophaga fusca","New World warblers","Parulidae","Passeriformes","M","orange, black, white"
"Yellow Warbler","Setophaga petechia","New World warblers","Parulidae","Passeriformes","M","yellow, rufous"
"Chestnut-sided Warbler","Setophaga pensylvanica","New World warblers","Parulidae","Passeriformes","M","yellow-buff, black, white, rufous"
"Blackpoll Warbler","Setophaga striata","New World warblers","Parulidae","Passeriformes","M","black, white, gray"
"Black-throated Blue Warbler","Setophaga caerulescens","New World warblers","Parulidae","Passeriformes","M","dark blue, black, white"
"Palm Warbler","Setophaga palmarum","New World warblers","Parulidae","Passeriformes","M","brown, yellow, rufous"
"Pine Warbler","Setophaga pinus","New World warblers","Parulidae","Passeriformes","M","olive, yellow, white, gray"
"Yellow-rumped Warbler","Setophaga coronata","New World warblers","Parulidae","Passeriformes","M","blue-gray, black, yellow, white"
"Audubon's Warbler","Setophaga auduboni","New World warblers","Parulidae","Passeriformes","M","blue-gray, black, yellow, white"
"Yellow-throated Warbler","Setophaga dominica","New World warblers","Parulidae","Passeriformes","M","gray, black, white, yellow"
"Prairie Warbler","Setophaga discolor","New World warblers","Parulidae","Passeriformes","M","olive, yellow, black"
"Grace's Warbler","Setophaga graciae","New World warblers","Parulidae","Passeriformes","M","gray, yellow, white, black"
"Black-throated Gray Warbler","Setophaga nigrescens","New World warblers","Parulidae","Passeriformes","M","gray, black, white, yellow"
"Townsend's Warbler","Setophaga townsendi","New World warblers","Parulidae","Passeriformes","M","olive, black, yellow, white"
"Hermit Warbler","Setophaga occidentalis","New World warblers","Parulidae","Passeriformes","M","gray, yellow, black, white"
"Black-throated Green Warbler","Setophaga virens","New World warblers","Parulidae","Passeriformes","M","olive, yellow, black, white"
"Golden-cheeked Warbler","Setophaga chrysoparia","New World warblers","Parulidae","Passeriformes","M","black, yellow, white"
"Olive-capped Warbler","Setophaga pityophila","New World warblers","Parulidae","Passeriformes","M","gray, olive, white"
"Adelaide's Warbler","Setophaga adelaidae","New World warblers","Parulidae","Passeriformes","M","gray, yellow, white"
"Plumbeous Warbler","Setophaga plumbea","New World warblers","Parulidae","Passeriformes","M","gray, white"
"Arrowhead Warbler","Setophaga pharetra","New World warblers","Parulidae","Passeriformes","M","black, white"
"Elfin-woods Warbler","Setophaga angelae","New World warblers","Parulidae","Passeriformes","M","black, white"
"Fan-tailed Warbler","Basileuterus lachrymosus","New World warblers","Parulidae","Passeriformes","M","gray, yellow, white"
"Rufous-capped Warbler","Basileuterus rufifrons","New World warblers","Parulidae","Passeriformes","M","olive, yellow, rufous, white"
"Golden-crowned Warbler","Basileuterus culicivorus","New World warblers","Parulidae","Passeriformes","M","olive, yellow, gray, orange"
"Black-cheeked Warbler","Basileuterus melanogenys","New World warblers","Parulidae","Passeriformes","M","olive, white, black, rufous"
"Pirre Warbler","Basileuterus ignotus","New World warblers","Parulidae","Passeriformes","M","olive, yellow, white"
"Golden-browed Warbler","Basileuterus belli","New World warblers","Parulidae","Passeriformes","M","olive, yellow, rufous"
"Three-banded Warbler","Basileuterus trifasciatus","New World warblers","Parulidae","Passeriformes","M","olive, yellow, gray"
"Yungas Warbler","Basileuterus punctipectus","New World warblers","Parulidae","Passeriformes","M","olive, yellow, gray"
"Two-banded Warbler","Basileuterus bivittatus","New World warblers","Parulidae","Passeriformes","M","olive, yellow, orange"
"Canada Warbler","Cardellina canadensis","New World warblers","Parulidae","Passeriformes","M","gray, yellow, black, white"
"Wilson's Warbler","Cardellina pusilla","New World warblers","Parulidae","Passeriformes","M","olive, yellow, black"
"Red-faced Warbler","Cardellina rubrifrons","New World warblers","Parulidae","Passeriformes","M","gray, red, black, white"
"Red Warbler","Cardellina rubra","New World warblers","Parulidae","Passeriformes","M","red, white, gray"
"Pink-headed Warbler","Cardellina versicolor","New World warblers","Parulidae","Passeriformes","M","red, pink, gray"
"Painted Redstart","Myioborus pictus","New World warblers","Parulidae","Passeriformes","M","black, red, white"
"Slate-throated Redstart","Myioborus miniatus","New World warblers","Parulidae","Passeriformes","M","gray, black, red, yellow"
"Tepui Redstart","Myioborus castaneocapilla","New World warblers","Parulidae","Passeriformes","M","gray, yellow, rufous, white"
"Brown-capped Redstart","Myioborus brunniceps","New World warblers","Parulidae","Passeriformes","M","gray, yellow, brown, white"
"Paria Redstart","Myioborus pariae","New World warblers","Parulidae","Passeriformes","M","gray, yellow, rufous, white"
"White-faced Redstart","Myioborus albifacies","New World warblers","Parulidae","Passeriformes","M","gray, black, red, white"
"Saffron-crowned Redstart","Myioborus cardonai","New World warblers","Parulidae","Passeriformes","M","gray, yellow, black, white"
"Collared Redstart","Myioborus torquatus","New World warblers","Parulidae","Passeriformes","M","gray, yellow, black, rufous"
"Spectacled Redstart","Myioborus melanocephalus","New World warblers","Parulidae","Passeriformes","M","gray, yellow, black, white"
"Golden-fronted Redstart","Myioborus ornatus","New World warblers","Parulidae","Passeriformes","M","gray, yellow, white, black"
"White-fronted Redstart","Myioborus albifrons","New World warblers","Parulidae","Passeriformes","M","gray, yellow, white, black"
"Yellow-crowned Redstart","Myioborus flavivertex","New World warblers","Parulidae","Passeriformes","M","gray, yellow, black, white"
