









Frequency of observations in the selected location(s).:
Number of taxa: 	428

	Jan				Feb				Mar				Apr				May				Jun				Jul				Aug				Sep				Oct				Nov				Dec				
Sample Size:	1585.0	1229.0	1096.0	1482.0	1050.0	1496.0	2348.0	1208.0	1370.0	1615.0	1515.0	2279.0	1497.0	1534.0	1694.0	2461.0	2402.0	2476.0	1752.0	1890.0	1000.0	904.0	1007.0	1083.0	810.0	709.0	650.0	1056.0	776.0	790.0	772.0	1274.0	979.0	930.0	960.0	1127.0	1047.0	940.0	937.0	1345.0	970.0	875.0	813.0	1148.0	739.0	723.0	915.0	1743.0	

Black-bellied Whistling-Duck	0.0	0.0	0.0	0.0	0.0	0.0	0.0	0.0	0.0	0.0	0.0	0.0	0.0	0.0	0.0	0.0	0.0	0.0	0.0	0.0	0.0	0.0	0.0	0.0	0.0	0.0	0.0	0.0	0.0	0.0	0.0	0.0	0.0	0.0	0.0	0.0	0.0200573	0.0085106	0.0042689	0.0015	0.0015	0.0	0.0	0.0	0.0	0.0	0.0	0.0	
Snow Goose	0.3078864	0.2790887	0.2992701	0.2112011	0.1666667	0.1463904	0.1111584	0.2193709	0.2562044	0.2117647	0.1980198	0.1417288	0.0968604	0.0743155	0.0466352	0.0390085	0.0353872	0.0286753	0.0308219	0.0238095	0.032	0.0298673	0.0168818	0.023084	0.0209877	0.0239774	0.0292308	0.0198864	0.0399485	0.0367089	0.0336788	0.0243328	0.0214505	0.0107527	0.003125	0.0053239	0.008596	0.0106383	0.0074707	0.0275093	0.0237113	0.056	0.0848708	0.1358885	0.1772666	0.1728907	0.2295082	0.2730924	
Ross's Goose	0.015142	0.007323	0.0082117	0.0026991	0.0028571	6.684E-4	8.518E-4	0.0049669	0.0131387	0.0105263	0.0112211	0.0021939	0.00334	0.0065189	0.0029516	0.002438	0.0016653	4.039E-4	0.0017123	0.0015873	0.003	0.0	0.0	0.0	0.0	0.0	0.0	0.0	0.0	0.0	0.0	0.0	0.0	0.0	0.0	0.0	0.0	0.0	0.0	0.0	0.0	0.0	0.0	0.0095819	0.0108254	0.0013831	0.0098361	0.0172117	
Snow x Ross's Goose (hybrid)	0.0015	0.0	0.0018248	6.748E-4	0.0	0.0	0.0	8.278E-4	0.0	0.0	0.0039604	8.776E-4	0.0	0.0	0.0	0.0	0.0	0.0	0.0	0.0	0.0	0.0	0.0	0.0	0.0	0.0	0.0	0.0	0.0	0.0	0.0	0.0	0.0	0.0	0.0	0.0	0.0	0.0	0.0	0.0	0.0	0.0	0.0	0.0	0.0	0.0	0.0	0.0011474	
Snow/Ross's Goose	0.0	0.0	0.0	0.0	0.0	0.0	0.0	0.0	0.0	6.192E-4	0.0	0.0	0.0	0.0	0.0	0.0	0.0	0.0	0.0	0.0	0.0	0.0	0.0	0.0	0.0	0.0	0.0	0.0	0.0	0.0	0.0	0.0	0.0	0.0	0.0	0.0	0.0	0.0	0.0	0.0	0.0	0.0	0.0	0.0	0.0	0.0	0.0	0.0	
Graylag Goose	0.0025237	0.0032547	0.0036496	0.0013495	9.524E-4	0.0033422	8.518E-4	0.0016556	0.0043796	0.0018576	0.0033003	0.0017552	0.004676	0.0032595	5.903E-4	4.063E-4	0.001249	8.078E-4	5.708E-4	0.0015873	0.002	0.0	0.0	0.0036934	0.0012346	0.0014104	0.0015385	0.0	0.0	0.0012658	0.0	0.0	0.0020429	0.0	0.0020833	0.0017746	0.0028653	0.0	0.0	0.001487	0.0041237	0.0045714	0.00369	0.0017422	0.0013532	0.0027663	0.0	0.0011474	
Swan Goose	6.309E-4	0.0	0.0	0.0	0.0	0.0	0.0	0.0	0.0	6.192E-4	0.0	0.0	6.68E-4	0.0	0.0	0.0	0.0	0.0	0.0	0.0	0.0	0.0	0.0	0.0	0.0	0.0	0.0	0.0	0.0	0.0	0.0	0.0	0.0	0.0	0.0	0.0	0.0	0.0	0.0	0.0	0.0	0.0	0.0	0.0	0.0	0.0	0.0	0.0	
Graylag x Swan Goose (hybrid)	0.0	0.0	0.0	0.0	0.0	0.0	0.0	0.0	0.0	0.0	0.0	0.0	0.0	0.0	0.0	0.0	0.0	0.0	5.708E-4	0.0	0.0	0.0011062	0.0	0.0	0.0	0.0	0.0	0.0	0.0	0.0	0.0	0.0	0.0	0.0	0.0	0.0	0.0	0.0	0.0	0.0	0.0	0.0	0.0	0.0	0.0	0.0	0.0043716	0.0	
Greater White-fronted Goose	0.0031546	0.012205	0.0082117	0.0195682	0.0114286	0.0086898	0.0	0.009106	0.0080292	0.0080495	0.0026403	4.388E-4	0.0	0.0	5.903E-4	0.0	0.0015	0.0	0.0	0.0	0.0	0.0	0.0	0.0	0.0	0.0	0.0	0.0	0.0	0.0	0.0	0.0	0.0	0.0	0.0	0.0	0.0	0.0	0.0064034	0.0111524	0.0010309	0.0	0.00123	0.0078397	0.0216509	0.0248963	0.0076503	0.0074584	
Pink-footed Goose	0.0	0.0	0.0054745	0.0161943	0.0	0.0	0.0	0.0	0.0051095	0.0	0.0	0.0	0.0	0.0	0.0	0.0	0.0	0.0	0.0	0.0	0.0	0.0	0.0	0.0	0.0	0.0	0.0	0.0	0.0	0.0	0.0	0.0	0.0	0.0	0.0	0.0	0.0	0.0	0.0	0.0	0.0	0.0	0.0	0.0130662	0.0	0.02213	0.0142077	5.737E-4	
Domestic goose sp. (Domestic type)	0.0031546	0.0040683	0.0018248	0.0013495	0.0019048	0.0020053	0.0025554	0.0016556	7.299E-4	6.192E-4	0.0046205	0.0070206	0.005344	0.005867	0.0047226	0.0048761	0.0020816	0.0028271	0.0028539	0.0010582	0.0	0.0	0.0019861	0.0018467	0.0012346	0.0028209	0.0030769	0.0	0.003866	0.0	0.0012953	7.849E-4	0.0020429	0.0015	0.0	8.873E-4	0.0019102	0.0	0.0032017	0.002974	0.0030928	0.0011429	0.00246	0.0017422	0.0027064	0.0013831	0.0054645	0.0051635	
Brant	0.0	0.0	0.0	0.0	0.0	0.0	0.0	0.0	0.0	6.192E-4	0.0	0.0	0.0	0.0	0.0	0.0	0.0	0.0015	0.0	0.0	0.0	0.0	0.0	0.0	0.0	0.0	0.0	0.0	0.0	0.0	0.0	0.0	0.0	0.0	0.0	0.0	9.551E-4	0.0010638	0.0010672	0.0111524	0.0030928	0.0045714	0.00123	0.0017422	0.0	0.0	0.0	0.0015	
Barnacle Goose	0.0	0.0	0.0	0.0	0.0	0.0	0.0	0.0	0.0014599	0.0037152	0.0	0.0	0.0	0.0	0.0	0.0	0.0	0.0	0.0	0.0	0.0	0.0	0.0	0.0	0.0	0.0	0.0	0.0	0.0	0.0	0.0	0.0	0.0	0.0	0.0	0.0	0.0	0.0	0.0	0.0	0.0	0.0	0.0	0.0026132	0.0338295	0.04426	0.0098361	0.0080321	
Cackling Goose	0.0309148	0.0252238	0.0237226	0.0209177	0.0219048	0.0106952	0.0085179	0.0149007	0.0226277	0.022291	0.0112211	0.0017552	6.68E-4	6.519E-4	0.0	4.063E-4	0.0	0.0	0.0	0.0	0.0	0.0	0.0	0.0	0.0	0.0	0.0	0.0	0.0	0.0	0.0	0.0	0.0	0.0	0.0	0.0	0.0	0.0031915	0.0074707	0.0133829	0.0247423	0.0217143	0.0295203	0.0479094	0.0514208	0.0497925	0.031694	0.0424555	
Canada Goose	0.5356467	0.5093572	0.4817518	0.4777328	0.4590476	0.3983957	0.3330494	0.5380795	0.6270073	0.6204334	0.5947195	0.5686705	0.495658	0.5110821	0.5	0.5091426	0.4683597	0.4071082	0.3710046	0.2957672	0.288	0.2422566	0.1688183	0.1505078	0.1666667	0.1833568	0.2323077	0.2878788	0.2899485	0.2696203	0.2202073	0.1899529	0.2073544	0.1677419	0.2427083	0.2945874	0.4154728	0.4574468	0.4674493	0.5263941	0.4876289	0.4937143	0.4944649	0.5583624	0.5317997	0.5463347	0.4797814	0.5272519	
Greater White-fronted x Canada Goose (hybrid)	0.0	0.0	0.0	0.0	0.0	0.0	0.0	0.0	0.0	0.0	0.0	4.388E-4	6.68E-4	0.0	0.0	0.0	0.0	0.0	0.0	0.0	0.0	0.0	0.0	0.0	0.0	0.0	0.0	0.0	0.0	0.0	0.0	0.0	0.0	0.0	0.0	0.0	0.0	0.0	0.0	0.0	0.0	0.0	0.0	0.0	0.0	0.0	0.0	0.0	
Snow x Canada Goose (hybrid)	6.309E-4	0.002441	0.0	6.748E-4	9.524E-4	0.0	4.259E-4	0.0016556	0.0036496	0.0012384	0.0	4.388E-4	0.0	0.0	0.0	0.0	0.0	0.0	0.0	0.0	0.0015	0.0	0.0	0.0	0.0	0.0	0.0	0.0	0.0	0.0	0.0	0.0	0.0	0.0	0.0	0.0	0.0	0.0	0.0	0.0052045	0.0	0.0034286	0.00123	0.0017422	0.0027064	0.0041494	0.0	0.0011474	
Cackling/Canada Goose	6.309E-4	0.0	0.0	0.0	0.0	0.0	0.0	8.278E-4	0.0	0.0	0.0	0.0	0.0	0.0	0.0	0.0	0.0	0.0	0.0	0.0	0.0	0.0	0.0	0.0	0.0	0.0	0.0	0.0	0.0	0.0	0.0	0.0	0.0	0.0	0.0	0.0	0.0	0.0	0.0	0.001487	0.0	0.0	0.00123	8.711E-4	0.0	0.0013831	0.0010929	0.0011474	
Mute Swan	0.0246057	0.0309194	0.0218978	0.0263158	0.0380952	0.0274064	0.0259796	0.0264901	0.0569343	0.0551084	0.0455446	0.0535323	0.0694723	0.0795306	0.042503	0.04551	0.0362198	0.0391761	0.0302511	0.0269841	0.025	0.0165929	0.0119166	0.0110803	0.0123457	0.0141044	0.0261538	0.0123106	0.0180412	0.0202532	0.0272021	0.0392465	0.0275792	0.0290323	0.028125	0.0301686	0.0458453	0.0276596	0.0234792	0.0483271	0.0237113	0.0262857	0.0221402	0.0487805	0.0230041	0.033195	0.0185792	0.0298336	
Black Swan	0.0	0.0	0.0	0.0	0.0	0.0	0.0	0.0	0.0	0.0	0.0	0.0	0.0	0.0	0.0	0.0	0.0	0.0	0.0	0.0	0.0	0.0	0.0	0.0	0.0	0.0	0.0	0.0	0.0	0.0	0.0	0.0	0.0	0.0	0.0	0.0	0.0	0.0	0.0	0.0	0.0	0.0015	0.0	0.0	0.0	0.0	0.0	0.0	
Trumpeter Swan	0.0	0.0	0.0	0.0	0.0	0.0	0.0	0.0	0.0	0.0018576	0.0	0.0	0.0	0.0	0.0	0.0	0.0	0.0	0.0	0.0	0.0	0.0	0.0	0.0	0.0	0.0	0.0	0.0	0.0	0.0	0.0	0.0	0.0	0.0	0.0	0.0	0.0	0.0	0.0	0.0	0.0	0.0	0.0	0.0	0.0	0.0	0.0	0.0	
Tundra Swan	6.309E-4	0.0	0.0027372	0.0047233	0.007619	0.0013369	0.0015	0.0107616	0.0248175	0.0297214	0.0178218	0.0052655	0.002004	0.0032595	0.0011806	4.063E-4	0.0	0.0	0.0	0.0	0.0	0.0	0.0	0.0	0.0	0.0	0.0	0.0	0.0	0.0	0.0	0.0	0.0	0.0	0.0	0.0	0.0	0.0	0.0	0.0	0.0041237	0.0022857	0.00246	0.0069686	0.0094723	0.0027663	0.0	0.0034423	
Trumpeter/Tundra Swan	0.0	0.0	0.0	0.0	9.524E-4	0.0	0.0015	0.0	7.299E-4	6.192E-4	0.0	0.0	6.68E-4	0.0	5.903E-4	4.063E-4	0.0	0.0	0.0	0.0	0.0	0.0	0.0	0.0	0.0	0.0	0.0	0.0	0.0	0.0	0.0	0.0	0.0	0.0	0.0	0.0	0.0	0.0	0.0	0.0	0.0	0.0	0.0	0.0017422	0.0	0.0	0.0	0.0	
swan sp.	0.0	0.0	0.0	6.748E-4	0.0	6.684E-4	0.0015	0.0	0.0	0.0	0.0	0.0	0.0	0.0	0.0	0.0	0.0	0.0	0.0	0.0	0.0	0.0	0.0	0.0	0.0	0.0	0.0	0.0	0.0	0.0	0.0	0.0	0.0	0.0	0.0	0.0	0.0	0.0	0.0	0.0	0.0	0.0	0.0	0.0	0.0	0.0	0.0	0.0	
goose sp.	6.309E-4	0.0	9.124E-4	0.0	0.0	0.0	0.0	0.0	7.299E-4	0.0	0.0	0.0	0.0	0.0	0.0	0.0	0.0	0.0	0.0	0.0	0.0	0.0	0.0	0.0	0.0	0.0	0.0	0.0	0.0	0.0	0.0025907	0.0	0.0010215	0.0010753	0.0	0.0	0.0	0.0	0.0	0.001487	0.0	0.0	0.0	8.711E-4	0.0	0.0	0.0	5.737E-4	
Muscovy Duck	0.0018927	0.0015	0.0	0.0013495	0.0019048	6.684E-4	8.518E-4	0.0	0.0015	0.0	6.601E-4	0.0017552	0.001336	0.0015	0.0015	0.0	0.0	0.0015	0.0	0.0015	0.0	0.0	9.93E-4	0.0	0.0	0.0	0.0015	0.0	0.0	0.0	0.0	0.0	0.0010215	0.0010753	0.0020833	0.0	9.551E-4	0.0	0.0	0.0	0.0	0.0	0.0	8.711E-4	0.0027064	0.0013831	0.0010929	0.0017212	
Wood Duck	0.0195584	0.0227828	0.0136861	0.0263158	0.0228571	0.0147059	0.0195911	0.0629139	0.0948905	0.1411765	0.1518152	0.1548925	0.1496326	0.1323338	0.1469894	0.1316538	0.0953372	0.0787561	0.0781963	0.0613757	0.042	0.0409292	0.0307845	0.0341644	0.0469136	0.0394922	0.06	0.0710227	0.0902062	0.0708861	0.0595855	0.0643642	0.0919305	0.0494624	0.0458333	0.0718722	0.0592168	0.0702128	0.0554963	0.0572491	0.0298969	0.0331429	0.0295203	0.0191638	0.02977	0.0165975	0.0229508	0.0246701	
Mandarin Duck	0.0015	0.0	0.0	0.0	0.0	0.0	0.0	0.0	0.0	0.0	0.0	0.0	0.0	0.0	0.0	0.0	0.0	0.0	0.0	0.0	0.0	0.0	0.0	0.0	0.0	0.0	0.0	0.0	0.0	0.0	0.0	0.0	0.0	0.0	0.0	0.0	0.0	0.0	0.0	0.0	0.0	0.0	0.0	0.0	0.0	0.0	0.0	0.0	
Blue-winged Teal	6.309E-4	0.0	0.0	0.0	0.0	0.0	0.0	0.0	0.0065693	0.0018576	0.0092409	0.0329092	0.0427522	0.0580183	0.042503	0.0235677	0.0145712	0.0024233	0.0022831	0.0015	0.0	0.0	0.0	9.234E-4	0.0049383	0.0014104	0.0076923	0.0085227	0.0012887	0.0088608	0.003886	0.0039246	0.0061287	0.0139785	0.009375	0.0310559	0.008596	0.0074468	0.0021345	0.002974	0.0061856	0.0	0.00123	0.0017422	0.0	0.0	0.0	0.0011474	
Northern Shoveler	0.0018927	0.0016273	0.0027372	0.0040486	0.0047619	0.0	0.0059625	0.022351	0.0262774	0.0390093	0.0356436	0.0627468	0.0440882	0.0280313	0.0135773	0.003657	0.0058285	0.0036349	0.0	0.0	0.0	0.0	0.0	0.0	0.0	0.0	0.0	0.0	0.0	0.0	0.0	0.0	0.0030644	0.0053763	0.003125	0.011535	0.0038204	0.0042553	0.0064034	0.0081784	0.0082474	0.0068571	0.0061501	0.0017422	0.0013532	0.0	0.0	0.0057372	
Gadwall	0.0189274	0.0235964	0.0237226	0.025641	0.0295238	0.026738	0.0144804	0.0504967	0.0481752	0.0495356	0.0323432	0.0245722	0.0247161	0.0123859	0.0094451	0.0016254	0.0024979	8.078E-4	0.0022831	0.0	0.001	0.0	0.0	0.0	0.0012346	0.0	0.0	0.0	0.0	0.0	0.0	0.0	0.0	0.0010753	0.0010417	0.0	9.551E-4	0.0010638	0.0053362	0.0104089	0.0030928	0.0057143	0.0086101	0.0191638	0.0121786	0.011065	0.0142077	0.0172117	
Eurasian Wigeon	0.0	0.0	0.0	0.0	0.0	0.0	0.0	0.0	0.0087591	0.0043344	0.0	0.0	0.0	0.0	0.0	0.0	0.0	0.0	0.0	0.0	0.0	0.0	0.0	0.0	0.0	0.0	0.0	0.0	0.0	0.0	0.0	0.0	0.0	0.0	0.0	0.0	0.0	0.0	0.0	0.0	0.0	0.0	0.0	0.0	0.0	0.0	0.0	0.0	
American Wigeon	0.0138801	0.0195281	0.0127737	0.0074224	0.007619	0.0080214	0.0132027	0.035596	0.0832117	0.0755418	0.0613861	0.0438789	0.0260521	0.0195567	0.0076741	0.001219	0.0016653	8.078E-4	5.708E-4	0.0	0.0	0.0	0.0	9.234E-4	0.0	0.0	0.0	0.0	0.0	0.0012658	0.0	0.0	0.0010215	0.0	0.0	0.0035492	0.008596	0.0074468	0.0085379	0.0178439	0.0020619	0.0091429	0.0061501	0.0165505	0.0081191	0.0124481	0.0087432	0.0172117	
Mallard	0.3242902	0.3303499	0.3156934	0.3049933	0.3295238	0.2760695	0.2146508	0.3849338	0.4576642	0.4804954	0.4726073	0.5146994	0.4696059	0.4589309	0.4439197	0.440065	0.4009159	0.3457189	0.326484	0.3026455	0.266	0.2345133	0.1648461	0.1542013	0.1580247	0.2059238	0.24	0.2689394	0.3079897	0.2962025	0.2694301	0.2543171	0.2665986	0.216129	0.2041667	0.2759539	0.30468	0.2702128	0.3073639	0.3107807	0.2917526	0.336	0.3530135	0.3440767	0.3843031	0.3886584	0.3114754	0.3356282	
American Black Duck	0.0940063	0.0878763	0.0784672	0.0897436	0.0914286	0.0741979	0.0502555	0.0910596	0.1138686	0.1145511	0.1141914	0.103993	0.0668003	0.0365059	0.0360094	0.0089395	0.0087427	0.0125202	0.0085616	0.0074074	0.0	0.0011062	0.0039722	0.0036934	0.0024691	0.0042313	0.0061538	0.0066288	0.0154639	0.0025316	0.0090674	0.0054945	0.0040858	0.0021505	0.0072917	0.0150843	0.0200573	0.0255319	0.0394877	0.0609665	0.0402062	0.0617143	0.0442804	0.0688153	0.0595399	0.0705394	0.0666667	0.1032702	
Mallard x American Black Duck (hybrid)	0.0012618	8.137E-4	0.0036496	0.0033738	0.0019048	0.0046791	0.0021295	0.0024834	0.0072993	0.006192	0.0092409	0.0052655	0.0	0.0	0.0	0.0	0.0	0.0	0.0	5.291E-4	0.0	0.0	0.0	0.0	0.0	0.0	0.0	0.0	0.0	0.0	0.0	0.0	0.0	0.0	0.0	0.0	9.551E-4	0.0031915	0.0010672	0.001487	0.0	0.0034286	0.00123	0.0026132	0.0013532	0.0	0.0015	0.0045898	
Mallard/American Black Duck	0.0015	0.0	0.0	0.0	0.0	0.0	0.0	0.0	0.0	0.0	0.0	0.0	0.0	0.0	0.0	0.0	0.0	0.0	0.0	0.0	0.0	0.0	0.0	0.0	0.0	0.0	0.0	0.0	0.0	0.0	0.0	0.0	0.0010215	0.0	0.0	0.0	0.0	0.0	0.0	0.0	0.0	0.0	0.0	0.0	0.0	0.0	0.0	0.0	
Northern Pintail	0.0044164	0.0040683	0.0127737	0.0053981	0.0085714	0.0113636	0.0114991	0.0339404	0.0576642	0.0396285	0.0481848	0.0307152	0.008016	0.0026076	0.001771	8.127E-4	0.0	4.039E-4	0.0017123	0.0021164	0.0	0.0	0.0	0.0	0.0	0.0	0.0	0.0	0.0	0.0015	0.0	0.0	0.0	0.0	0.0	0.0026619	0.0057307	0.0042553	0.0053362	0.0200743	0.0041237	0.0045714	0.00246	0.0060976	0.0027064	0.0069156	0.0098361	0.0137694	
Mallard x Northern Pintail (hybrid)	0.0	8.137E-4	0.0	6.748E-4	0.0	0.0	0.0	0.0	0.0	0.0	6.601E-4	0.0	0.0	0.0	0.0	0.0	0.0	0.0	0.0	0.0	0.0	0.0	0.0	0.0	0.0	0.0	0.0	0.0	0.0	0.0	0.0	0.0	0.0	0.0	0.0	0.0	0.0	0.0	0.0	0.0	0.0	0.0	0.0	0.0015	0.0	0.0	0.0010929	0.0	
Green-winged Teal	0.0132492	0.009764	0.0063869	0.0121457	0.0152381	0.0160428	0.011925	0.0173841	0.0540146	0.0854489	0.0917492	0.120667	0.1062124	0.083442	0.0643447	0.0235677	0.0112406	0.003231	5.708E-4	5.291E-4	0.0	0.0	0.0	0.0	0.0	0.0	0.0	0.0	0.0	0.0	0.0025907	0.0047096	0.0132789	0.0247312	0.0239583	0.0328305	0.0324737	0.0340426	0.0330843	0.0483271	0.0546392	0.0377143	0.0356704	0.0287456	0.0162382	0.011065	0.0120219	0.0080321	
teal sp.	0.0	0.0	0.0	0.0	0.0	0.0	0.0	0.0	0.0	6.192E-4	0.0	0.0	6.68E-4	0.0	0.0011806	4.063E-4	0.0	0.0	0.0	0.0	0.0	0.0	0.0	0.0	0.0	0.0	0.0	0.0	0.0	0.0	0.0	0.0	0.0010215	0.0	0.0	0.0	0.0	0.0010638	0.0	7.435E-4	0.0010309	0.0011429	0.0	0.0017422	0.0	0.0	0.0010929	0.0	
dabbling duck sp.	0.0	0.0	9.124E-4	0.0	9.524E-4	6.684E-4	0.0	8.278E-4	0.0021898	0.0012384	0.0013201	0.0	0.0	6.519E-4	0.0	0.0	0.0	0.0	0.0	0.0	0.0	0.0	0.0	0.0	0.0012346	0.0	0.0015385	9.47E-4	0.0025773	0.0012658	0.0	0.0015699	0.0	0.0	0.0	8.873E-4	9.551E-4	0.0	0.0	0.0	0.0	0.0	0.0	0.0017422	0.0	0.0	0.0010929	5.737E-4	
Canvasback	0.0025237	0.004882	0.0082117	0.0013495	0.0333333	0.0120321	0.0123509	0.0182119	0.0153285	0.0210526	0.0237624	0.0057043	0.002004	0.0	0.0	0.0	0.0	0.0	5.708E-4	5.291E-4	0.0	0.0	0.0	0.0	0.0	0.0	0.0	0.0	0.0	0.0	0.0	0.0	0.0	0.0	0.0	0.0	0.0	0.0	0.0	7.435E-4	0.0020619	0.0	0.0	0.0	0.0	0.0	0.0043716	0.0040161	
Redhead	0.0246057	0.0138324	0.0127737	0.0323887	0.0371429	0.0340909	0.020017	0.0538079	0.0467153	0.0452012	0.0165017	0.0118473	0.0140281	0.0013038	0.0	0.0	0.0	0.0	0.0	0.0	0.0	0.0	0.0	0.0	0.0	0.0	0.0	0.0	0.0	0.0	0.0	0.0	0.0	0.0	0.0	0.0	0.0	0.0	0.0	0.001487	0.0030928	0.0045714	0.00123	0.0078397	0.0094723	0.0041494	0.0043716	0.0143431	
Ring-necked Duck	0.1085174	0.1000814	0.0711679	0.0883941	0.107619	0.0875668	0.0626065	0.1523179	0.2335766	0.250774	0.2264026	0.2185169	0.1903808	0.1421121	0.0602125	0.0300691	0.010408	0.0092892	0.0017123	0.0058201	0.001	0.0011062	0.0015	0.0	0.0	0.0	0.0	9.47E-4	0.0012887	0.0	0.0	7.849E-4	0.0	0.0	0.0	8.873E-4	0.0076409	0.0053191	0.0128068	0.0498141	0.0505155	0.0582857	0.0565806	0.0966899	0.120433	0.1410788	0.0830601	0.0969593	
Greater Scaup	0.0031546	0.0056957	0.0063869	0.0195682	0.0238095	0.0280749	0.0191652	0.0463576	0.0335766	0.0421053	0.0231023	0.01448	0.010688	0.0110821	5.903E-4	0.0016254	0.0	8.078E-4	0.0	0.0	0.0	0.0	0.0	0.0	0.0	0.0	0.0	0.0	0.0	0.0	0.0	0.0	0.0	0.0	0.0	0.0	0.0	0.0	0.0	0.002974	0.0020619	0.0011429	0.0	0.0034843	0.0054127	0.0027663	0.0	0.0017212	
Lesser Scaup	0.0132492	0.0138324	0.0164234	0.01417	0.027619	0.0147059	0.0149063	0.0256623	0.0313869	0.0433437	0.029703	0.0223782	0.0227121	0.0208605	0.014758	0.0020317	0.0020816	0.0036349	0.0022831	0.005291	0.0	0.0015	0.0	0.0	0.0012346	0.0015	0.0	0.0015	0.0012887	0.0012658	0.0	0.0015	0.0015	0.0	0.0	0.0	0.0	0.0	0.0032017	0.0156134	0.0113402	0.0114286	0.0172202	0.0095819	0.0108254	0.0055325	0.0065574	0.0183592	
Greater/Lesser Scaup	0.0018927	0.0	9.124E-4	0.0047233	0.0038095	0.0046791	0.0012777	0.0057947	0.0065693	0.003096	0.0046205	0.0052655	0.002004	0.0013038	0.0	0.0	8.326E-4	4.039E-4	5.708E-4	0.0	0.0	0.0	0.0	0.0	0.0	0.0	0.0	0.0	0.0	0.0	0.0	0.0	0.0	0.0	0.0	0.0	0.0	0.0	0.0	0.0	0.0	0.0	0.0	8.711E-4	0.0054127	0.0	0.0043716	0.0	
Aythya sp.	0.0	0.0	0.0	0.0	0.0	0.0	0.0	0.0	0.0	0.0	0.0	0.0	0.0	0.0	0.0	0.0	0.0	0.0	0.0	0.0	0.0	0.0	0.0	0.0	0.0	0.0	0.0	0.0	0.0	0.0	0.0	0.0	0.0	0.0	0.0	0.0	0.0	0.0	0.0	0.0	0.0	0.0011429	0.0	0.0	0.0	0.0	0.0	0.0	
Harlequin Duck	0.0031546	0.0	0.0	0.0	9.524E-4	0.0	0.0	0.0	0.0	0.0	0.0	0.0	0.0	0.0	0.0	0.0	0.0	0.0	0.0	0.0	0.0	0.0	0.0	0.0	0.0	0.0	0.0	0.0	0.0	0.0	0.0	0.0	0.0	0.0	0.0	0.0	0.0	0.0	0.0	0.0	0.0	0.0	0.0	0.0	0.0	0.0	0.0	0.0051635	
Surf Scoter	0.0	0.0	0.0	0.0	0.0	0.0	0.0	0.0	0.0	0.0	0.0	0.0015	0.0015	0.0032595	0.0015	0.0015	0.0	0.0016155	5.708E-4	0.0	0.0	0.0	0.0	0.0	0.0	0.0	0.0	0.0	0.0	0.0	0.0	0.0	0.0	0.0	0.0	0.0	0.0	0.0	0.0	0.001487	0.0020619	0.0	0.0	0.0	0.0	0.0	0.0	0.0	
White-winged Scoter	0.0	0.0	0.0	0.0	0.0	0.0200535	0.0127768	0.0182119	0.0065693	0.0043344	0.0	4.388E-4	0.004008	0.0	0.0	0.0	0.0020816	0.0036349	0.0	0.0	0.0	0.0	0.0	0.0	0.0	0.0	0.0	0.0	0.0	0.0	0.0	0.0	0.0	0.0	0.0	0.0	0.0	0.0	0.0	0.001487	0.0030928	0.0022857	0.00123	8.711E-4	0.0	0.0	0.0	0.0	
Black Scoter	0.0	0.0	0.0	0.0	0.0	0.0	0.0	0.0	0.0	0.0	0.0	0.0015	0.0	0.0	0.0015	0.0	0.001249	0.0	0.0	0.0	0.0	0.0	0.0	0.0	0.0	0.0	0.0	0.0	0.0	0.0	0.0	0.0	0.0	0.0	0.0	0.0	0.0	0.0	0.0	0.001487	0.0	0.0	0.0	0.0	0.0	0.0	0.0	0.0	
scoter sp.	0.0	0.0	0.0	0.0	0.0	0.0	0.0	0.0	0.0	0.0	0.0	0.0	6.68E-4	0.0	0.0	0.0	0.0	0.0	0.0	0.0	0.0	0.0	0.0	0.0	0.0	0.0	0.0	0.0	0.0	0.0	0.0	0.0	0.0	0.0	0.0	0.0	0.0	0.0	0.0	7.435E-4	0.0	0.0	0.0	0.0	0.0	0.0	0.0	0.0	
Long-tailed Duck	0.0113565	0.0016273	0.0	0.0020243	0.0019048	0.0120321	0.011925	0.0190397	0.0153285	0.006192	0.0112211	0.0171128	0.0220441	0.0169492	0.0059032	4.063E-4	0.001249	0.0	0.0	0.0	0.0	0.0011062	0.0	0.0018467	0.0012346	0.0	0.0015385	0.0	0.0	0.0	0.0	0.0	0.0	0.0015	0.0	0.0	0.0	0.0	0.0	0.0	0.0010309	0.0	0.0	0.0	0.0	0.0	0.0	0.0045898	
Bufflehead	0.1362776	0.1131001	0.0985401	0.1079622	0.1238095	0.1016043	0.0621806	0.1407285	0.1649635	0.1690402	0.1518152	0.1448004	0.1402806	0.0899609	0.0578512	0.026412	0.0199833	0.0177706	0.0034247	5.291E-4	0.002	0.005531	0.0	0.0027701	0.0012346	0.0	0.0015385	9.47E-4	0.0	0.0	0.0012953	7.849E-4	0.0	0.0	0.0	0.0	0.0	0.0	0.0	0.0252788	0.0587629	0.0994286	0.0848708	0.1202091	0.1136671	0.0816044	0.0961749	0.1388411	
Common Goldeneye	0.044164	0.0414972	0.0556569	0.0539811	0.0666667	0.0568182	0.0455707	0.0587748	0.0277372	0.0421053	0.029703	0.0065818	0.001336	0.0013038	5.903E-4	0.0	0.0	0.0	0.0	0.0	0.0	0.0	0.0	0.0	0.0	0.0	0.0	0.0	0.0	0.0	0.0	0.0	0.0	0.0	0.0	0.0	0.0	0.0	0.0	0.0	0.0010309	0.0022857	0.0	0.0	0.0013532	0.011065	0.0153005	0.0533563	
Barrow's Goldeneye	0.0044164	0.002441	0.004562	0.0040486	0.0047619	0.0020053	0.0042589	0.0041391	7.299E-4	0.0012384	0.0	0.0	0.0	0.0	0.0	0.0	0.0	0.0	0.0	0.0	0.0	0.0	0.0	0.0	0.0	0.0	0.0	0.0	0.0	0.0	0.0	0.0	0.0	0.0	0.0	0.0	0.0	0.0	0.0	0.0	0.0	0.0	0.0	0.0	0.0	0.0	0.0	0.0068847	
Common x Barrow's Goldeneye (hybrid)	0.0	0.0	0.0	0.0	0.0	0.0	0.0	0.0	0.0	0.0015	0.0	0.0	0.0	0.0	0.0	0.0	0.0	0.0	0.0	0.0	0.0	0.0	0.0	0.0	0.0	0.0	0.0	0.0	0.0	0.0	0.0	0.0	0.0	0.0	0.0	0.0	0.0	0.0	0.0	0.0	0.0	0.0	0.0	0.0	0.0	0.0	0.0	0.0	
Common/Barrow's Goldeneye	0.0	0.0	9.124E-4	6.748E-4	0.0	0.0	0.0	8.278E-4	0.0	0.0	0.0	0.0	0.0	0.0	0.0	0.0	0.0	0.0	0.0	0.0	0.0	0.0	0.0	0.0	0.0	0.0	0.0	0.0	0.0	0.0	0.0	0.0	0.0	0.0	0.0	0.0	0.0	0.0	0.0	0.0	0.0	0.0	0.0	0.0	0.0	0.0	0.0	0.0	
Hooded Merganser	0.0359621	0.0349878	0.0218978	0.0431849	0.047619	0.026738	0.0340716	0.0571192	0.1145985	0.1157895	0.1082508	0.0820535	0.0594522	0.0397653	0.0242031	0.0093458	0.0037469	0.0056543	0.0039954	0.0063492	0.001	0.0033186	0.0029791	9.234E-4	0.0	0.0056417	0.0092308	0.0075758	0.0051546	0.0101266	0.011658	0.0047096	0.0040858	0.0043011	0.00625	0.0070985	0.0047755	0.0021277	0.0074707	0.0111524	0.0134021	0.0148571	0.0172202	0.0165505	0.0162382	0.0207469	0.0262295	0.0212278	
Common Merganser	0.1880126	0.1757526	0.1751825	0.1929825	0.1952381	0.1791444	0.1230835	0.2359272	0.2138686	0.2055728	0.1973597	0.1632295	0.1242485	0.1121252	0.0938607	0.1032101	0.0749376	0.0613893	0.0553653	0.0386243	0.043	0.0376106	0.0287984	0.023084	0.0271605	0.0197461	0.0261538	0.0179924	0.0193299	0.0177215	0.0181347	0.0251177	0.031665	0.0247312	0.03125	0.0461402	0.0429799	0.0382979	0.0437567	0.0468401	0.0536082	0.0514286	0.0651907	0.1001742	0.1028417	0.1438451	0.1289617	0.178428	
Red-breasted Merganser	0.0018927	0.0032547	0.0018248	0.0013495	0.0038095	0.0153743	0.0068143	0.0248344	0.0138686	0.0247678	0.0138614	0.0114085	0.007348	0.0104302	0.0088548	0.001219	0.0	0.0020194	0.0011416	5.291E-4	0.0	0.0011062	0.0	0.0	0.0	0.0	0.0	0.0	0.0	0.0	0.0	0.0	0.0	0.0	0.0	0.0	0.0	0.0	0.0	0.0015	0.0020619	0.0011429	0.0	0.0034843	0.0015	0.0	0.0010929	0.0028686	
Common/Red-breasted Merganser	0.0	0.0	0.0	6.748E-4	9.524E-4	0.0	4.259E-4	0.0	0.0	0.0	0.0	0.0	0.0	0.0	0.0	0.0	0.0	0.0	0.0	0.0	0.0	0.0	0.0	0.0	0.0	0.0	0.0	0.0	0.0	0.0	0.0	0.0	0.0	0.0	0.0	0.0	0.0	0.0	0.0	0.0	0.0	0.0	0.0	0.0	0.0	0.0	0.0	0.0	
merganser sp.	0.0	0.0	0.0	0.0	0.0	0.0	0.0	0.0	0.0	0.0	0.0	0.0	0.0	0.0	0.0	0.0	0.0	0.0	0.0	0.0	0.0	0.0	0.0	0.0	0.0	0.0	0.0	0.0	0.0	0.0	0.0	0.0	0.0	0.0	0.0	0.0	0.0	0.0	0.0	0.0	0.0	0.0011429	0.0	0.0	0.0	0.0	0.0	0.0	
Ruddy Duck	0.0876972	0.0618389	0.0410584	0.0546559	0.0504762	0.0481283	0.0272572	0.0637417	0.0934307	0.0842105	0.0640264	0.0820535	0.0828323	0.0567145	0.0448642	0.0134092	0.0158201	0.0092892	0.0068493	0.0063492	0.006	0.0154867	0.0069513	0.0046168	0.0049383	0.0084626	0.0076923	0.0075758	0.0090206	0.0037975	0.0012953	0.0023548	0.0030644	0.0043011	0.0010417	0.0017746	0.0095511	0.0159574	0.022412	0.1085502	0.0907216	0.0925714	0.100861	0.1123693	0.0906631	0.0829876	0.0590164	0.0774527	
duck sp.	0.0044164	0.002441	0.0027372	0.0053981	0.0057143	0.0086898	0.0025554	0.0066225	0.0051095	0.0068111	0.0052805	0.006143	0.005344	0.0026076	0.0029516	0.002438	0.0029142	0.0028271	0.0028539	0.0010582	0.004	0.0022124	9.93E-4	9.234E-4	0.0012346	0.0014104	0.0015385	0.0037879	0.0025773	0.0050633	0.0	7.849E-4	0.0010215	0.0010753	0.0041667	0.0017746	0.0057307	0.0031915	0.0096051	0.005948	0.0072165	0.0137143	0.00123	0.0043554	0.0040595	0.0069156	0.0065574	0.0034423	
waterfowl sp.	0.0	0.0016273	9.124E-4	6.748E-4	0.0	0.0	0.0015	0.0	7.299E-4	0.0	0.0	0.0	0.0	0.0	0.0	0.0	0.0	0.0	0.0	0.0	0.0	0.0	0.0	0.0	0.0	0.0	0.0	0.0	0.0	0.0	0.0	0.0	0.0	0.0	0.0	0.0	0.0	0.0	0.0	0.0	0.0020619	0.0	0.0	8.711E-4	0.0	0.0	0.0	5.737E-4	
Northern Bobwhite	0.0	0.0	0.0	0.0	0.0	0.0	0.0	0.0	0.0	0.0	0.0	0.0	6.68E-4	0.0	0.0	0.0	4.163E-4	0.0012116	0.0017123	5.291E-4	0.001	0.0	0.0	0.0018467	0.0012346	0.0	0.0	0.0	0.0	0.0	0.0	7.849E-4	0.0030644	0.0010753	0.0015	0.0	9.551E-4	0.0	0.0	0.0	0.0015	0.0	0.0015	0.0	0.0	0.0	0.0	0.0	
Wild Turkey	0.0126183	0.007323	0.0082117	0.0121457	0.0085714	0.006016	0.0068143	0.0057947	0.0065693	0.0049536	0.0092409	0.0105309	0.01002	0.0189048	0.0253837	0.0231613	0.0237302	0.029483	0.0228311	0.0248677	0.016	0.0088496	0.0089374	0.0083102	0.0037037	0.0084626	0.0030769	0.0047348	0.0051546	0.0139241	0.007772	0.0102041	0.0132789	0.0096774	0.0114583	0.0070985	0.0105062	0.0053191	0.0053362	0.0111524	0.0020619	0.0057143	0.00369	0.0017422	0.0040595	0.0041494	0.0087432	0.0109007	
Ruffed Grouse	0.0	0.0	0.0	0.0	9.524E-4	0.0	0.0	8.278E-4	0.0	0.0	6.601E-4	0.0	0.0	0.0013038	0.0015	0.0	0.0	0.0015	5.708E-4	5.291E-4	0.0	0.0	0.0	0.0	0.0	0.0	0.0	0.0	0.0	0.0	0.0025907	0.0031397	0.0040858	0.0043011	0.00625	0.0017746	0.0028653	0.0021277	0.0021345	0.001487	0.0	0.0034286	0.0	0.0	0.0	0.0013831	0.0	5.737E-4	
Ring-necked Pheasant	0.0012618	0.002441	0.0018248	0.0013495	9.524E-4	0.0013369	4.259E-4	8.278E-4	0.0021898	0.0	6.601E-4	0.0017552	0.001336	0.0019557	0.0035419	0.0028444	0.0054122	0.0052504	0.005137	0.0015873	0.003	0.0	0.0	0.0027701	0.0012346	0.0	0.0	0.0018939	0.0012887	0.0	0.0	0.0047096	0.0061287	0.0021505	0.003125	0.0	9.551E-4	0.0021277	0.0042689	7.435E-4	0.0010309	0.0	0.00123	0.0	0.0013532	0.0	0.0032787	0.0022949	
Red Junglefowl	0.0	0.0	0.0	0.0	0.0	6.684E-4	0.0	0.0	0.0	0.0	0.0	0.0	0.0	0.0	0.0	0.0	0.0	0.0	0.0	0.0	0.0	0.0	0.0	0.0	0.0	0.0	0.0	0.0	0.0	0.0	0.0	0.0	0.0	0.0	0.0	0.0	0.0	0.0	0.0	0.0	0.0	0.0	0.0	0.0	0.0	0.0	0.0	0.0	
old world quail sp.	0.0	0.0	0.0	0.0	0.0	0.0	0.0	0.0	0.0	0.0	0.0	0.0	0.0	0.0	0.0	0.0	0.0	4.039E-4	0.0	0.0	0.0	0.0	0.0	0.0	0.0	0.0	0.0	0.0	0.0	0.0	0.0	0.0	0.0	0.0	0.0	0.0	0.0	0.0	0.0	0.0	0.0	0.0	0.0	0.0	0.0	0.0	0.0	0.0	
Chukar	0.0	0.0	0.0	0.0	0.0	0.0	0.0	0.0	0.0015	0.0	0.0	0.0	0.0	0.0	0.0	0.0	4.163E-4	0.0	0.0	0.0	0.0	0.0	0.0	0.0	0.0	0.0	0.0	0.0	0.0	0.0	0.0	0.0	0.0	0.0	0.0010417	0.0	0.0	0.0	0.0	0.0	0.0	0.0015	0.0	0.0	0.0	0.0	0.0	0.0	
Rock Pigeon	0.0984227	0.1049634	0.1067518	0.0937922	0.1038095	0.0822193	0.0519591	0.0819536	0.0751825	0.069969	0.0752475	0.0666959	0.0474282	0.0664928	0.0489965	0.0666396	0.05204	0.0561389	0.0570776	0.047619	0.062	0.050885	0.0496524	0.0507849	0.062963	0.0521862	0.0553846	0.0454545	0.0451031	0.0759494	0.0582902	0.0737834	0.072523	0.0870968	0.103125	0.0674357	0.0678128	0.0680851	0.0672359	0.0765799	0.0896907	0.0788571	0.0910209	0.0923345	0.0798376	0.0857538	0.0994536	0.1193345	
Eurasian Collared-Dove	0.0	0.0	0.0	0.0	0.0	0.0	0.0	0.0	0.0	0.0	0.0	0.0	0.0	0.0	0.0	0.0	0.0	0.0	0.0	0.0	0.0	0.0	0.0	0.0	0.0	0.0	0.0	0.0	0.0015	0.0012658	0.0	0.0	0.0	0.0010753	0.0	0.0	0.0	0.0	0.0	0.0	0.0	0.0	0.0	0.0	0.0	0.0	0.0	0.0	
African Collared-Dove	0.0	0.0	0.0	0.0	0.0	0.0	0.0	0.0	0.0	0.0	0.0	0.0	0.0	0.0	0.0	0.0	0.0	0.0	0.0	0.0015	0.0	0.0	0.0	0.0	0.0	0.0	0.0	0.0	0.0	0.0	0.0	0.0	0.0	0.0	0.0	0.0	0.0	0.0	0.0	0.0	0.0	0.0	0.0	0.0	0.0	0.0	0.0	0.0	
Mourning Dove	0.3091483	0.2953621	0.3421533	0.3346829	0.3571429	0.4291444	0.4646508	0.4453642	0.4459854	0.4340557	0.4805281	0.5089952	0.48831	0.5039113	0.5584416	0.5774076	0.5537052	0.4983845	0.5285388	0.4984127	0.539	0.5099558	0.5332671	0.5392428	0.5839506	0.5627645	0.5953846	0.6022727	0.5940722	0.5962025	0.5971503	0.6240188	0.6128703	0.572043	0.525	0.4942325	0.4727794	0.3489362	0.361793	0.33829	0.2804124	0.3085714	0.3161132	0.3057491	0.3125846	0.2959889	0.3060109	0.3384968	
Yellow-billed Cuckoo	0.0	0.0	0.0	0.0	0.0	0.0	0.0	0.0	0.0	0.0	0.0	0.0	0.0	0.0	0.0	0.0	0.0095754	0.0242326	0.0656393	0.0555556	0.037	0.0287611	0.0268123	0.0387812	0.0135802	0.0098731	0.0061538	0.0246212	0.0167526	0.0075949	0.0272021	0.0274725	0.0377937	0.0247312	0.0322917	0.0212955	0.0143266	0.0095745	0.0021345	0.001487	0.0	0.0	0.0	0.0	0.0	0.0	0.0	0.0	
Black-billed Cuckoo	0.0	0.0	0.0	0.0	0.0	0.0	0.0	0.0	0.0	0.0	0.0	0.0	0.0	0.0	0.0	4.063E-4	0.0058285	0.0189822	0.0228311	0.0179894	0.009	0.0044248	9.93E-4	0.0055402	0.0049383	0.0014104	0.0015385	0.0028409	0.003866	0.0	0.0	0.0039246	0.0071502	0.0053763	0.0052083	0.0026619	0.0	0.0010638	0.0	0.0	0.0	0.0	0.0	0.0	0.0	0.0	0.0	0.0	
Yellow-billed/Black-billed Cuckoo	0.0	0.0	0.0	0.0	0.0	0.0	0.0	0.0	0.0	0.0	0.0	0.0	0.0	0.0	0.0	0.0	4.163E-4	4.039E-4	0.0011416	0.0010582	0.0	0.0	0.0	9.234E-4	0.0	0.0	0.0	0.0	0.0012887	0.0	0.0012953	0.0	0.0010215	0.0010753	0.0010417	0.0	0.0	0.0	0.0	0.0	0.0	0.0	0.0	0.0	0.0	0.0	0.0	0.0	
Common Nighthawk	0.0	0.0	0.0	0.0	0.0	0.0	0.0	0.0	0.0	0.0	0.0	0.0	0.0	6.519E-4	0.0	0.0	0.0016653	0.006462	0.027968	0.0222222	0.003	0.0015	0.0	0.0	0.0012346	0.0	0.0	0.0	0.0015	0.0025316	0.015544	0.0478807	0.0234934	0.044086	0.021875	0.0150843	0.0019102	0.0015	0.0	0.0	0.0	0.0	0.0	0.0	0.0	0.0	0.0	0.0	
Eastern Whip-poor-will	0.0	0.0	0.0	0.0	0.0	0.0	0.0	0.0	0.0	0.0	0.0	0.0	0.0	0.0	0.0	4.063E-4	4.163E-4	0.0020194	0.0028539	0.0010582	0.003	0.0088496	0.0059583	0.0018467	0.0037037	0.0	0.0015385	0.0	0.0	0.0	0.0	0.0015	0.0	0.0	0.0	0.0	0.0047755	0.0	0.0	0.0	0.0	0.0	0.0	0.0	0.0	0.0	0.0	0.0	
Chimney Swift	0.0	0.0	0.0	0.0	0.0	0.0	0.0	0.0	0.0	0.0	0.0	0.0	0.0	0.005867	0.0413223	0.1141812	0.1619484	0.1526656	0.1980594	0.1920635	0.22	0.2079646	0.142006	0.1597415	0.2320988	0.2327221	0.2276923	0.219697	0.1636598	0.1898734	0.1826425	0.200157	0.1736466	0.1473118	0.1989583	0.133984	0.0878701	0.0319149	0.0064034	7.435E-4	0.0	0.0	0.0	0.0	0.0	0.0	0.0	0.0	
Ruby-throated Hummingbird	0.0	0.0	0.0	0.0	0.0	0.0	0.0	0.0	0.0	0.0	0.0	0.0	0.0	0.0	0.0011806	0.0125965	0.0645296	0.1001616	0.1067352	0.0904762	0.091	0.0818584	0.0665343	0.0941828	0.1012346	0.1114245	0.1584615	0.1344697	0.1146907	0.1139241	0.1813472	0.2684458	0.2819203	0.2344086	0.1947917	0.0576752	0.0219675	0.0117021	0.0	0.0	0.0	0.0	0.0	0.0	0.0	0.0	0.0	0.0	
Rufous Hummingbird	0.0	0.0	9.124E-4	0.0	9.524E-4	0.0	0.0	0.0	0.0	0.0	0.0	0.0	0.0	0.0	0.0	0.0	0.0	0.0	0.0	0.0	0.0	0.0	0.0	0.0	0.0	0.0	0.0	0.0	0.0	0.0	0.0	0.0	0.0	0.0	0.0	0.0	0.0047755	0.0	0.0	7.435E-4	0.0	0.008	0.0135301	0.0017422	0.0015	0.0013831	0.0	5.737E-4	
Selasphorus sp.	0.0	0.0	0.0	0.0	0.0	0.0	0.0	0.0	0.0	0.0	0.0	0.0	0.0	0.0	0.0	0.0	0.0	0.0	0.0	0.0	0.0	0.0	0.0	0.0	0.0	0.0	0.0	0.0	0.0	0.0	0.0	0.0	0.0015	0.0	0.0	0.0	0.0	0.0	0.0	0.0	0.0015	0.0	0.0	0.0	0.0	0.0	0.0	0.0	
hummingbird sp.	0.0	0.0	0.0	0.0	0.0	0.0	0.0	0.0	0.0	0.0	0.0	0.0	0.0	0.0	0.0	0.0	0.0	0.0	0.0	0.0	0.0	0.0	0.0	0.0	0.0012346	0.0	0.0	0.0	0.0	0.0	0.0	0.0	0.0	0.0	0.0	0.0	0.0	0.0	0.0	0.0	0.0	0.0	0.0	0.0	0.0	0.0	0.0	0.0	
Virginia Rail	0.0	0.0	0.0	0.0	0.0	0.0	0.0	0.0	0.0	0.0	0.0	0.0	0.00334	0.0039113	0.0182999	0.0085331	0.0037469	0.003231	0.0034247	0.0015873	0.001	0.0	9.93E-4	0.0	0.0015	0.0	0.0	0.0075758	0.0012887	0.0063291	0.0012953	0.0	0.0010215	0.0	0.0	0.0015	9.551E-4	0.0031915	0.0032017	7.435E-4	0.0	0.0011429	0.0	0.0	0.0	0.0	0.0	0.0	
Sora	0.0	0.0	0.0	0.0	0.0	0.0	0.0	0.0	0.0	0.0	0.0	0.0	0.0	0.0	0.0165289	0.0016254	8.326E-4	0.0012116	0.0039954	5.291E-4	0.001	0.0	0.0	0.0	0.0	0.0	0.0	0.0	0.0	0.0012658	0.0	0.0	0.0	0.0	0.0	0.0015	0.0015	0.0031915	0.0	7.435E-4	0.0	0.0	0.0	0.0	0.0	0.0	0.0	0.0	
Common Gallinule	0.0	0.0	0.0	0.0	0.0	0.0	0.0	0.0	0.0	0.0	0.0	4.388E-4	0.002672	0.0	0.014758	0.0028444	0.0058285	0.0052504	0.0085616	0.0026455	0.004	0.0	0.0	0.0	0.0	0.0056417	0.0	0.0	0.0025773	0.0025316	0.0	0.0	0.0	0.0	0.0	0.0	0.0	0.0	0.0	0.0	0.0	0.0	0.0	0.0	0.0	0.0	0.0	0.0	
American Coot	0.0429022	0.0358015	0.0392336	0.048583	0.0333333	0.0354278	0.0208688	0.0463576	0.0518248	0.0489164	0.0481848	0.0552874	0.0541082	0.0378096	0.0371901	0.0125965	0.0045795	0.0016155	0.0045662	0.0010582	0.0	0.0	0.0	0.0	0.0	0.0014104	0.0015385	0.0	0.0	0.0	0.0012953	7.849E-4	0.0	0.0	0.0	0.0	0.0019102	0.006383	0.0117396	0.0289963	0.0360825	0.0365714	0.0270603	0.0426829	0.0514208	0.02213	0.0273224	0.0355709	
Yellow Rail	0.0	0.0	0.0	0.0	0.0	0.0	0.0	0.0	0.0	0.0	0.0	0.0	0.0	0.0	0.0	0.0	0.0	0.0	0.0	0.0	0.0	0.0	0.0	0.0	0.0	0.0	0.0	0.0	0.0	0.0	0.0	0.0	0.0	0.0	0.0	0.0	0.0	0.0	0.0	0.0015	0.0	0.0	0.0	0.0	0.0	0.0	0.0	0.0	
Sandhill Crane	0.0	0.0015	9.124E-4	6.748E-4	0.0	0.0015	0.0015	0.0016556	0.0029197	0.0012384	6.601E-4	0.0	0.0015	0.0013038	5.903E-4	4.063E-4	0.0	0.0	0.0	0.0	0.0	0.0	0.0	0.0	0.0015	0.0	0.0138462	0.0113636	0.0025773	0.0025316	0.0	0.0015699	0.0	0.0	0.0	8.873E-4	0.0	0.0010638	0.0	0.0015	0.0061856	0.0011429	0.00369	0.0034843	0.0027064	0.0015	0.0021858	0.0015	
Black-necked Stilt	0.0	0.0	0.0	0.0	0.0	0.0	0.0	0.0	0.0	0.0	0.0	0.0	0.0	0.0	0.0	0.0	0.0	0.0015	0.0	0.0	0.0	0.0	0.0	0.0	0.0	0.0	0.0	0.0	0.0	0.0	0.0	0.0	0.0	0.0	0.0	0.0	0.0	0.0	0.0	0.0	0.0	0.0	0.0	0.0	0.0	0.0	0.0	0.0	
American Avocet	0.0	0.0	0.0	0.0	0.0	0.0	0.0	0.0	0.0	0.0	0.0	0.0	0.0	0.0	0.0	0.0	0.0	0.0	0.0	0.0	0.0	0.0	0.0	0.0	0.0	0.0	0.0	0.0015	0.0	0.0	0.0	0.0015	0.0	0.0	0.0	0.0	0.0	0.0	0.0	0.0	0.0	0.0	0.0	0.0	0.0	0.0	0.0	0.0	
Black-bellied Plover	0.0	0.0	0.0	0.0	0.0	0.0	0.0	0.0	0.0	0.0	0.0	0.0	0.0	0.0	0.0	0.0	0.0041632	0.0024233	0.0011416	0.0063492	0.0	0.0033186	0.0	0.0	0.0	0.0	0.0	0.0015	0.0	0.0	0.0	0.0015	0.0015	0.0015	0.0	8.873E-4	0.0	0.0	0.0010672	7.435E-4	0.0	0.0011429	0.0	0.0	0.0	0.0	0.0	0.0	
American Golden-Plover	0.0	0.0	0.0	0.0	0.0	0.0	0.0	0.0	0.0	0.0	0.0	0.0	0.0	0.0	0.0015	0.0097521	0.0	0.0	0.0	0.0	0.0	0.0	0.0	0.0	0.0	0.0	0.0	0.0	0.0	0.0	0.0	0.0	0.0015	0.0021505	0.009375	0.0017746	0.0019102	0.0095745	0.0032017	0.002974	0.0	0.0	0.0	0.0	0.0	0.0	0.0	0.0	
Killdeer	0.0050473	0.0065094	0.0027372	0.0033738	0.0133333	0.0160428	0.0132027	0.0488411	0.0941606	0.1071207	0.1405941	0.1360246	0.1162325	0.1095176	0.0844156	0.1271841	0.1290591	0.1001616	0.1055936	0.1137566	0.108	0.1084071	0.0675273	0.0600185	0.0592593	0.1325811	0.1307692	0.1420455	0.1546392	0.1582278	0.130829	0.100471	0.1052094	0.0698925	0.078125	0.0922804	0.0744986	0.0734043	0.0917823	0.072119	0.0701031	0.0411429	0.0270603	0.0209059	0.0094723	0.0096819	0.0076503	0.0017212	
Semipalmated Plover	0.0	0.0	0.0	0.0	0.0	0.0	0.0	0.0	0.0	0.0	0.0	0.0	0.0	0.0	0.0	0.0	0.0087427	0.0193861	0.0336758	0.031746	0.008	0.0176991	9.93E-4	0.0	0.0	0.0	0.0015385	0.0104167	0.0103093	0.0265823	0.0207254	0.010989	0.0081716	0.0015	0.0020833	8.873E-4	0.0015	0.0	0.0	0.0	0.0	0.0	0.0	0.0	0.0	0.0	0.0	0.0	
plover sp.	0.0	0.0	0.0	0.0	0.0	0.0	0.0	0.0	0.0	0.0	0.0	0.0	0.0	0.0	0.0	0.0	0.0	0.0	0.0	0.0	0.0	0.0	0.0	0.0	0.0	0.0014104	0.0	0.0	0.0	0.0	0.0	0.0	0.0	0.0	0.0	0.0	0.0	0.0	0.0	0.0	0.0	0.0	0.0	0.0	0.0	0.0	0.0	0.0	
Upland Sandpiper	0.0	0.0	0.0	0.0	0.0	0.0	0.0	0.0	0.0	0.0	0.0	0.0	0.0	0.0	0.0	0.001219	0.0	0.0	0.0	0.0	0.0	0.0	0.0	0.0	0.0	0.0	0.0	0.0	0.0	0.0	0.0012953	0.0	0.0	0.0	0.0	0.0	0.0	0.0	0.0	0.0	0.0	0.0	0.0	0.0	0.0	0.0	0.0	0.0	
Hudsonian Whimbrel	0.0	0.0	0.0	0.0	0.0	0.0	0.0	0.0	0.0	0.0	0.0	0.0	0.0	0.0	0.0	0.0	0.0	0.0	0.0	0.0015	0.0	0.0	0.0	0.0	0.0	0.0	0.0	0.0	0.0	0.0	0.0	0.0	0.0015	0.0	0.0	8.873E-4	0.0	0.0	0.0	0.0	0.0	0.0	0.0	0.0	0.0	0.0	0.0	0.0	
Hudsonian Godwit	0.0	0.0	0.0	0.0	0.0	0.0	0.0	0.0	0.0	0.0	0.0	0.0	0.0	0.0	0.0	0.0	0.0	0.0	0.0	0.0	0.0	0.0	0.0	0.0	0.0	0.0	0.0	0.0	0.0	0.0	0.0015	0.0	0.0010215	0.0015	0.0	0.0	0.0	0.0	0.0	0.0	0.0	0.0	0.0	0.0	0.0	0.0	0.0	0.0	
Short-billed Dowitcher	0.0	0.0	0.0	0.0	0.0	0.0	0.0	0.0	0.0	0.0	0.0	0.0	0.0	0.0	0.0	0.0	0.0	0.0012116	0.0017123	0.0079365	0.001	0.0	0.0	0.0	0.0	0.0155148	0.0	9.47E-4	0.0025773	0.0012658	0.0	7.849E-4	0.0010215	0.0	0.0	0.0	0.0	0.0	0.0	0.0	0.0	0.0	0.0	0.0	0.0	0.0	0.0	0.0	
Long-billed Dowitcher	0.0	0.0	0.0	0.0	0.0	0.0	0.0	0.0	0.0	0.0	0.0	0.0	0.0	0.0	0.0	0.0	0.0	0.0	0.0	0.0	0.0	0.0	0.0	0.0	0.0	0.0	0.0	9.47E-4	0.0012887	0.0015	0.0	0.0	0.0	0.0	0.0010417	0.0	0.0057307	0.0	0.0	0.0	0.0	0.0	0.0	0.0	0.0	0.0	0.0	0.0	
Short-billed/Long-billed Dowitcher	0.0	0.0	0.0	0.0	0.0	0.0	0.0	0.0	0.0	0.0	0.0	0.0	0.0	0.0	0.0	0.0	0.0	0.0	0.0	0.0	0.0	0.0	0.0	0.0	0.0	0.0014104	0.0	0.0	0.0	0.0	0.0	0.0	0.0	0.0	0.0	0.0	0.0	0.0	0.0	0.0	0.0	0.0	0.0	0.0	0.0	0.0	0.0	0.0	
American Woodcock	0.0	0.0	0.0	0.0	0.0	0.0	0.0012777	0.0082781	0.0131387	0.0309598	0.0250825	0.0087758	0.00334	6.519E-4	0.0011806	0.0	0.001249	0.0028271	0.0011416	0.0015	0.001	0.0	0.0019861	0.0	0.0015	0.0	0.0	0.0	0.0	0.0	0.0	0.0	0.0	0.0	0.0	0.0	0.0	0.0010638	0.0010672	0.001487	0.0030928	0.0015	0.00123	8.711E-4	0.0	0.0013831	0.0	0.0	
Wilson's Snipe	0.0015	0.0016273	0.0	0.0	9.524E-4	6.684E-4	0.0	8.278E-4	0.0058394	0.0037152	0.0125413	0.0219394	0.0227121	0.0325945	0.0236128	0.0292564	0.0133222	0.0052504	0.0017123	5.291E-4	0.0	0.0	0.0	0.0	0.0	0.0	0.0	0.0	0.0	0.0012658	0.0	0.0054945	0.0051073	0.0010753	0.003125	0.0035492	0.0047755	0.0074468	0.0117396	0.0066914	0.0	0.0	0.00123	0.0	0.0	0.0027663	0.0021858	5.737E-4	
Wilson's Phalarope	0.0	0.0	0.0	0.0	0.0	0.0	0.0	0.0	0.0	0.0	0.0	0.0	0.0	0.0	0.0	0.0	0.0	4.039E-4	0.0015	0.0074074	0.0	0.0	0.0	0.0	0.0	0.0042313	0.0	0.0	0.0	0.0316456	0.0	0.0	0.0	0.0	0.0	0.0	0.0	0.0	0.0	0.0	0.0	0.0	0.0	0.0	0.0	0.0	0.0	0.0	
Red Phalarope	0.0	0.0	0.0	0.0	0.0	0.0	0.0	0.0	0.0	0.0	0.0	0.0	0.0	0.0	0.0	0.0	0.0	0.0	0.0	0.0010582	0.0	0.0	0.0	0.0	0.0	0.0	0.0	0.0	0.0	0.0	0.0	0.0	0.0	0.0	0.0	0.0	0.0	0.0	0.0	7.435E-4	0.0	0.0	0.0	0.0	0.0	0.0	0.0	0.0	
Red-necked Phalarope	0.0	0.0	0.0	0.0	0.0	0.0	0.0	0.0	0.0	0.0	0.0	0.0	0.0	0.0	0.0	0.0	0.0	0.0	0.005137	0.010582	0.0	0.0	0.0	0.0	0.0	0.0	0.0	0.0	0.0141753	0.0253165	0.0	7.849E-4	0.0020429	0.0015	0.0	0.0088731	0.0	0.0	0.0	0.0	0.0	0.0	0.0	0.0	0.0	0.0	0.0	0.0	
Spotted Sandpiper	0.0037855	0.0016273	0.0	0.0013495	0.0019048	0.0026738	4.259E-4	0.0	0.0014599	0.0	6.601E-4	8.776E-4	0.002004	0.005867	0.0253837	0.1088988	0.1386345	0.1401454	0.1381279	0.1243386	0.065	0.0486726	0.0218471	0.0249307	0.0271605	0.0479549	0.0461538	0.0691288	0.0811856	0.1151899	0.0738342	0.0502355	0.0347293	0.0107527	0.0145833	0.0079858	0.008596	0.0010638	0.0	7.435E-4	0.0010309	0.0	0.0	0.0	0.0	0.0013831	0.0010929	0.0011474	
Solitary Sandpiper	0.0	0.0	0.0	0.0	0.0	0.0	0.0	0.0	0.0	0.0	0.0	0.0021939	0.001336	0.0019557	0.0177096	0.0784234	0.1694421	0.1429725	0.0907534	0.0132275	0.005	0.0	0.0	0.0	0.0015	0.0042313	0.0261538	0.0757576	0.1146907	0.121519	0.0997409	0.0714286	0.0439224	0.0215054	0.0166667	0.0177462	0.0095511	0.0021277	0.0010672	0.0037175	0.0	0.0	0.0	0.0	0.0	0.0	0.0	0.0	
Lesser Yellowlegs	0.0	0.0	0.0	0.0	0.0	0.0	0.0	0.0	0.0	0.0012384	0.0026403	0.0114085	0.0153641	0.0136897	0.0360094	0.0581065	0.0890924	0.0674475	0.0445205	0.021164	0.002	0.0	0.0	0.0	0.0	0.0155148	0.0153846	0.0549242	0.0670103	0.1493671	0.1126943	0.0910518	0.0735444	0.0387097	0.0447917	0.0585626	0.0468004	0.0404255	0.0501601	0.0312268	0.0092784	0.0	0.0	0.0	0.0	0.0	0.0	0.0	
Willet	0.0	0.0	0.0	0.0	0.0	0.0	0.0	0.0	0.0	0.0	0.0	0.0	0.0	0.0	0.0	8.127E-4	0.001249	8.078E-4	5.708E-4	0.0	0.0	0.0	0.0	0.0	0.0	0.0	0.0	0.0015	0.0012887	0.0	0.0	0.0	0.0	0.0	0.0	0.0	0.0	0.0	0.0	0.0	0.0	0.0	0.0	0.0	0.0	0.0	0.0	0.0	
Greater Yellowlegs	0.0	0.0	0.0	0.0	0.0	0.0	0.0	8.278E-4	0.0	0.0	0.0	0.0048267	0.0193721	0.041721	0.0466352	0.0528241	0.0778518	0.0500808	0.0365297	0.0089947	0.002	0.0033186	0.0	9.234E-4	0.0	0.0014104	0.0	0.0056818	0.0115979	0.021519	0.0233161	0.0282575	0.031665	0.0236559	0.03125	0.0266193	0.0238777	0.0255319	0.0320171	0.0230483	0.014433	0.016	0.00369	0.0	0.0	0.0	0.0	0.0	
Lesser/Greater Yellowlegs	0.0	0.0	0.0	0.0	0.0	0.0	0.0	0.0	0.0	0.0	6.601E-4	4.388E-4	6.68E-4	6.519E-4	0.0035419	0.001219	0.0020816	4.039E-4	0.0011416	5.291E-4	0.0	0.0	0.0	0.0	0.0	0.0	0.0	0.0	0.0	0.0	0.0012953	0.0015699	0.0015	0.0015	0.0010417	8.873E-4	0.0	0.0010638	0.0	7.435E-4	0.0	0.0	0.0	0.0	0.0	0.0	0.0	0.0	
Ruddy Turnstone	0.0	0.0	0.0	0.0	0.0	0.0	0.0	0.0	0.0	0.0	0.0	0.0	0.0	0.0	0.0	0.0	0.0	0.0	0.0	0.0021164	0.001	0.0	0.0	0.0	0.0	0.0	0.0	0.0	0.0	0.0	0.0	0.0	0.0	0.0	0.0	0.0	0.0	0.0	0.0	0.0	0.0	0.0	0.0	0.0	0.0	0.0	0.0	0.0	
Red Knot	0.0	0.0	0.0	0.0	0.0	0.0	0.0	0.0	0.0	0.0	0.0	0.0	0.0	0.0	0.0	0.0	0.0	0.0	0.0	0.0	0.0	0.0	0.0	0.0	0.0	0.0	0.0	0.0	0.0012887	0.0	0.0	0.0	0.0015	0.0	0.0	0.0	0.0	0.0	0.0	0.0	0.0	0.0	0.0	0.0	0.0	0.0	0.0	0.0	
Curlew Sandpiper	0.0	0.0	0.0	0.0	0.0	0.0	0.0	0.0	0.0	0.0	0.0	0.0	0.0	0.0	0.0	0.0	0.0	0.0015	0.0	0.0	0.0	0.0	0.0	0.0	0.0	0.0	0.0	0.0	0.0	0.0	0.0	0.0	0.0	0.0	0.0	0.0	0.0	0.0	0.0	0.0	0.0	0.0	0.0	0.0	0.0	0.0	0.0	0.0	
Stilt Sandpiper	0.0	0.0	0.0	0.0	0.0	0.0	0.0	0.0	0.0	0.0	0.0	0.0	0.0	0.0	0.0	0.0	4.163E-4	0.0	0.0	0.0	0.0	0.0	0.0	0.0	0.0	0.0	0.0046154	0.0047348	0.0	0.0037975	0.0	0.0070644	0.0183861	0.0032258	0.0083333	0.0044366	0.0028653	0.0010638	0.0202775	0.0111524	0.0010309	0.0	0.0	0.0	0.0	0.0	0.0	0.0	
Buff-breasted Sandpiper	0.0	0.0	0.0	0.0	0.0	0.0	0.0	0.0	0.0	0.0	0.0	0.0	0.0	0.0	0.0	0.0	0.0	0.0	0.0	0.0	0.0	0.0	0.0	0.0	0.0	0.0	0.0	0.0	0.0	0.0	0.0	0.0	0.0	0.0021505	0.0010417	0.0	0.0	0.0	0.0	0.0	0.0	0.0	0.0	0.0	0.0	0.0	0.0	0.0	
Sanderling	0.0	0.0	0.0	0.0	0.0	0.0	0.0	0.0	0.0	0.0	0.0	0.0	0.0	0.0	0.0	0.0	0.0	0.0	0.0	0.0	0.0	0.0	0.0	0.0	0.0	0.0	0.0	0.0	0.0	0.0	0.0	7.849E-4	0.0010215	0.0015	0.0	0.0	9.551E-4	0.0	0.0	7.435E-4	0.0	0.0	0.0	0.0	0.0	0.0	0.0	0.0	
Dunlin	0.0	0.0	0.0	0.0	0.0	0.0	0.0	0.0	0.0	0.0	0.0	0.0	6.68E-4	0.0045632	0.0023613	0.0040634	0.0	0.0060582	0.0108447	0.0089947	0.004	0.0	0.0	0.0	0.0	0.0	0.0	0.0	0.0	0.0	0.0	0.0	0.0	0.0	0.0	0.0	0.0038204	0.0	0.0074707	0.0089219	0.0154639	0.0057143	0.0	0.0017422	0.0	0.0	0.0	0.0	
Baird's Sandpiper	0.0	0.0	0.0	0.0	0.0	0.0	0.0	0.0	0.0	0.0	0.0	0.0	0.0	0.0	0.0	0.0032507	0.0	0.0	0.0	0.0	0.0	0.0	0.0	0.0	0.0	0.0	0.0	0.0018939	0.0051546	0.0164557	0.007772	0.0054945	0.0010215	0.0	0.0072917	0.0044366	0.0	0.0	0.0	0.0	0.0	0.0	0.0	0.0	0.0	0.0	0.0	0.0	
White-rumped Sandpiper	0.0	0.0	0.0	0.0	0.0	0.0	0.0	0.0	0.0	0.0	0.0	0.0	0.0	0.0	0.0	0.0	0.0087427	0.0020194	0.0097032	0.0042328	0.014	0.0221239	0.0015	0.0	0.0	0.0	0.0	0.0	0.0	0.0	0.0	0.0015699	0.0	0.0015	0.009375	0.0	9.551E-4	0.0	0.0053362	7.435E-4	0.0015	0.0	0.0015	0.0	0.0	0.0	0.0	0.0	
Least Sandpiper	0.0	0.0	0.0	0.0	0.0	0.0	0.0	0.0	0.0	0.0	0.0	0.0	0.0	0.0	0.0011806	0.022755	0.0824313	0.095315	0.0781963	0.0444444	0.007	0.0	0.0	0.0	0.0049383	0.0437236	0.0507692	0.0861742	0.1018041	0.1556962	0.126943	0.077708	0.052094	0.0225806	0.03125	0.039929	0.0124164	0.006383	0.0064034	0.0022305	0.0	0.0011429	0.0	0.0	0.0	0.0	0.0	0.0	
Pectoral Sandpiper	0.0	0.0	0.0	0.0	0.0	0.0	0.0	0.0	0.0	0.0	6.601E-4	0.0140412	0.006012	0.0052151	0.0118064	0.0223486	0.0087427	0.0052504	0.0068493	0.0	0.0	0.0	0.0	0.0	0.0	0.0014104	0.0030769	0.0151515	0.0154639	0.0164557	0.0103627	0.0141287	0.0153218	0.0172043	0.0270833	0.0266193	0.0267431	0.0095745	0.0256137	0.0126394	0.0030928	0.0	0.0	0.0	0.0	0.0	0.0	0.0	
Western Sandpiper	0.0	0.0	0.0	0.0	0.0	0.0	0.0	0.0	0.0	0.0	0.0	0.0	0.0	0.0	0.0	0.0	0.0	0.0	0.0	0.0	0.0	0.0	0.0	0.0	0.0	0.0	0.0	0.0	0.0	0.0	0.0015	0.0	0.0010215	0.0	0.0010417	0.0	0.0015	0.0	0.0	0.0	0.0	0.0	0.0	0.0	0.0	0.0	0.0	0.0	
Semipalmated Sandpiper	0.0	0.0	0.0	0.0	0.0	0.0	0.0	0.0	0.0	0.0	0.0	0.0	0.0	0.0	0.0	4.063E-4	0.0041632	0.0092892	0.0234018	0.0269841	0.019	0.0254425	0.0	0.0	0.0	0.0028209	0.0076923	0.03125	0.0270619	0.0367089	0.0129534	0.0470958	0.0255363	0.0032258	0.0041667	0.0062112	0.0015	0.0042553	0.0042689	7.435E-4	0.0	0.0	0.0	0.0	0.0	0.0	0.0	0.0	
Western/Semipalmated Sandpiper	0.0	0.0	0.0	0.0	0.0	0.0	0.0	0.0	0.0	0.0	0.0	0.0	0.0	0.0	0.0	0.0	0.0	0.0	0.0	5.291E-4	0.0	0.0	0.0	0.0	0.0	0.0	0.0	0.0	0.0	0.0	0.0	0.0	0.0	0.0	0.0	0.0	0.0	0.0	0.0	0.0	0.0	0.0	0.0	0.0	0.0	0.0	0.0	0.0	
peep sp.	0.0	0.0	0.0	0.0	0.0	0.0	0.0	0.0	0.0	0.0	0.0	0.0	0.0	0.0	0.0	0.001219	8.326E-4	8.078E-4	5.708E-4	0.0010582	0.002	0.0	0.0	0.0	0.0	0.0	0.0015385	0.0037879	0.0051546	0.0025316	0.0012953	0.0023548	0.0020429	0.0010753	0.0	0.0	0.0028653	0.0	0.0	0.0	0.0	0.0	0.0	0.0	0.0	0.0	0.0	0.0	
shorebird sp.	0.0	0.0	0.0	0.0	0.0	0.0	0.0	8.278E-4	0.0	0.0	6.601E-4	0.0017552	0.001336	0.0	5.903E-4	8.127E-4	0.0024979	0.0016155	0.0015	5.291E-4	0.004	0.0	0.0019861	0.0	0.0024691	0.0014104	0.0030769	0.0028409	0.0012887	0.0012658	0.0012953	0.0023548	0.0	0.0010753	0.0	8.873E-4	0.0019102	0.0021277	0.0010672	0.0022305	0.0020619	0.0011429	0.0	0.0	0.0	0.0	0.0	0.0	
Pomarine Jaeger	0.0	0.0	0.0	0.0	0.0	0.0	0.0	0.0	0.0	0.0	0.0	0.0	0.0	0.0	0.0	0.0	0.0	0.0	0.0	0.0	0.0	0.0	0.0	0.0	0.0	0.0	0.0	0.0	0.0	0.0	0.0	0.0	0.0	0.0	0.0	0.0	0.0	0.0	0.0	7.435E-4	0.0	0.0	0.0	0.0	0.0	0.0	0.0	0.0	
Little Gull	0.0	0.0	0.0	0.0	0.0	0.0	0.0	0.0	0.0	0.0	0.0	0.0	0.0015	0.0	0.0	0.0	0.0	0.0	0.0	0.0	0.0	0.0	0.0	0.0	0.0	0.0	0.0	0.0	0.0	0.0	0.0	0.0	0.0	0.0	0.0	0.0	0.0	0.0	0.0	0.0	0.0	0.0	0.0	0.0	0.0	0.0	0.0	0.0	
Bonaparte's Gull	0.0	0.0	0.0	0.0	0.0	0.0	0.0	0.0	0.0	6.192E-4	6.601E-4	0.0021939	0.0140281	0.0162973	0.0153483	4.063E-4	0.001249	0.0012116	0.0	0.0	0.0015	0.0	0.0	0.0	0.0	0.0	0.0	0.0	0.0	0.0	0.0	0.0	0.0	0.0	0.0	8.873E-4	0.0	0.0031915	0.0074707	7.435E-4	0.0041237	0.0045714	0.00369	8.711E-4	0.0	0.0	0.0010929	0.0	
Black-headed Gull	0.0	0.0	0.0	0.0	0.0	0.0	0.0	0.0	0.0	0.0	0.0	0.0	0.0	0.0	0.0	0.0	0.0	0.0	0.0	0.0	0.0	0.0	0.0	0.0	0.0	0.0	0.0	0.0	0.0	0.0	0.0	0.0	0.0	0.0	0.0	0.0	0.0	0.0	0.0	0.0	0.0	0.0	0.0015	8.711E-4	0.0	0.0	0.0	0.0	
Laughing Gull	0.0	0.0	0.0	0.0	0.0	0.0	0.0	0.0	0.0	0.0015	0.0	8.776E-4	0.0	0.0	0.0011806	0.0	0.0015	0.0	0.0	0.0	0.0	0.0	0.0	0.0	0.0	0.0	0.0	0.0	0.0	0.0	0.0	0.0	0.0	0.0	0.0	0.0	0.0	0.0	0.0	0.0066914	0.0	0.0	0.0	0.0	0.0	0.0	0.0	0.0	
Franklin's Gull	0.0	0.0	0.0	0.0	0.0	0.0	0.0	0.0	0.0	0.0	0.0	0.0	0.0	0.0	0.0	0.0	0.0	0.0	0.0	0.0	0.0	0.0	0.0	0.0	0.0	0.0	0.0	0.0	0.0	0.0	0.0	0.0	0.0	0.0	0.0	0.0	0.0	0.0	0.0	0.0	0.0	0.0011429	0.0	0.0	0.0	0.0	0.0	0.0	
Ring-billed Gull	0.1646688	0.1529699	0.1478102	0.1815115	0.1638095	0.1524064	0.1183986	0.182947	0.1985401	0.1764706	0.1689769	0.0965336	0.0494322	0.0410691	0.0200708	0.0130028	0.0049958	0.0113086	0.0074201	0.0079365	0.001	0.0	0.0	0.0	0.0012346	0.0014104	0.0015385	0.0018939	0.0	0.0012658	0.0015	7.849E-4	0.0040858	0.0075269	0.0104167	0.0212955	0.025788	0.0255319	0.040555	0.0654275	0.085567	0.0925714	0.1156212	0.1707317	0.105548	0.1023513	0.1256831	0.1640849	
American Herring Gull	0.0750789	0.0691619	0.0693431	0.0816464	0.0819048	0.0741979	0.048552	0.0778146	0.0510949	0.0557276	0.0389439	0.0285213	0.0180361	0.0084746	0.0070838	0.0020317	0.0016653	0.0012116	0.0022831	0.0	0.0	0.0	0.0	0.0	0.0015	0.0014104	0.0	0.0	0.0	0.0	0.0	0.0015	0.0	0.0021505	0.0020833	0.0035492	0.0066858	0.0053191	0.0138741	0.0327138	0.0443299	0.056	0.0541205	0.0879791	0.0622463	0.04426	0.0579235	0.0877797	
Great Black-backed Gull	0.029653	0.0211554	0.0228102	0.0276653	0.032381	0.0140374	0.0106474	0.0107616	0.0072993	0.0037152	0.0026403	0.0026327	6.68E-4	0.0015	0.0011806	0.0015	8.326E-4	4.039E-4	0.0	5.291E-4	0.001	0.0	0.0	0.0	0.0	0.0	0.0015385	0.0	0.0012887	0.0012658	0.0	0.0015	0.0	0.0	0.0010417	0.0	9.551E-4	0.0	0.0	0.002974	0.0072165	0.0057143	0.0073801	0.010453	0.0067659	0.0069156	0.010929	0.026965	
Glaucous Gull	6.309E-4	0.0040683	0.0027372	0.0026991	0.0028571	0.0033422	4.259E-4	0.0016556	7.299E-4	6.192E-4	0.0	0.0	0.0015	0.0	0.0015	0.0015	0.0	0.0	0.0	0.0	0.0	0.0	0.0	0.0	0.0	0.0	0.0	0.0	0.0	0.0	0.0	0.0	0.0	0.0	0.0	0.0	0.0	0.0	0.0	0.0	0.0010309	0.0	0.00123	0.0	0.0013532	0.0	0.0021858	0.0034423	
American Herring x Glaucous Gull (hybrid)	6.309E-4	0.0	9.124E-4	0.0	0.0015	0.0	0.0	0.0	0.0	0.0	0.0	0.0	0.0	0.0	0.0	0.0	0.0	0.0	0.0	0.0	0.0	0.0	0.0	0.0	0.0	0.0	0.0	0.0	0.0	0.0	0.0	0.0	0.0	0.0	0.0	0.0	0.0	0.0	0.0	0.0	0.0	0.0	0.0	0.0	0.0	0.0	0.0	0.0	
Lesser Black-backed Gull	0.0511041	0.0431245	0.0392336	0.0533063	0.0590476	0.046123	0.0272572	0.0604305	0.0343066	0.0346749	0.0343234	0.0245722	0.0180361	0.0104302	0.0029516	0.0032507	0.001249	0.0028271	0.0015	0.0010582	0.001	0.0	0.0	0.0	0.0	0.0	0.0	0.0	0.0	0.0012658	0.0	0.0	0.0	0.0053763	0.0125	0.0177462	0.0076409	0.0042553	0.0170758	0.0260223	0.0371134	0.0354286	0.0393604	0.0635889	0.0568336	0.0276625	0.0360656	0.0424555	
American Herring x Lesser Black-backed Gull (hybrid)	0.0	0.0	0.0015	0.0	0.0015	0.0	0.0	0.0	0.0	0.0	0.0	0.0013164	0.0	0.0	0.0	0.0	0.0	0.0	0.0	0.0	0.0	0.0	0.0	0.0	0.0	0.0	0.0	0.0	0.0	0.0	0.0	0.0	0.0	0.0	0.0	0.0	0.0	0.0	0.0	0.0	0.0	0.0	0.0	0.0	0.0	0.0	0.0	0.0	
California Gull	0.0	0.0	0.0	0.0	0.0	0.0	0.0	0.0	0.0	0.0	0.0	0.0015	0.0	0.0	0.0	0.0	0.0	0.0	0.0	0.0	0.0	0.0	0.0	0.0	0.0	0.0	0.0	0.0	0.0	0.0	0.0	0.0	0.0	0.0	0.0	0.0	0.0	0.0	0.0	0.0	0.0	0.0	0.0	0.0	0.0	0.0	0.0	0.0	
Iceland Gull	0.0088328	0.0113914	0.0127737	0.0182186	0.0209524	0.0120321	0.0085179	0.0157285	0.0065693	0.0043344	0.0079208	0.0030715	0.001336	0.0026076	5.903E-4	4.063E-4	0.0	0.0	0.0	0.0	0.0	0.0	0.0	0.0	0.0	0.0	0.0	0.0	0.0	0.0	0.0	0.0	0.0	0.0	0.0	0.0	0.0	0.0	0.0	0.0	0.0	0.0022857	0.00492	0.0121951	0.0175913	0.0082988	0.010929	0.006311	
American Herring/Iceland Gull	0.0	0.0	0.0	6.748E-4	0.0	0.0	0.0	0.0	0.0	0.0	0.0	0.0	0.0	0.0	0.0	0.0	0.0	0.0	0.0	0.0	0.0	0.0	0.0	0.0	0.0	0.0	0.0	0.0	0.0	0.0	0.0	0.0	0.0	0.0	0.0	0.0	0.0	0.0	0.0	0.0	0.0	0.0	0.0	0.0	0.0	0.0	0.0	0.0	
Larus sp.	6.309E-4	0.0	0.0	0.0	0.0	0.0	0.0	8.278E-4	0.0	0.0	0.0	0.0	0.0	0.0	0.0	0.0	0.0	0.0	0.0	0.0	0.0	0.0	0.0	0.0	0.0	0.0	0.0	0.0	0.0	0.0	0.0	0.0	0.0	0.0	0.0	0.0	0.0	0.0010638	0.0	0.0	0.0	0.0	0.0	0.0	0.0	0.0	0.0	0.0	
gull sp.	0.0227129	0.0260374	0.0218978	0.0283401	0.02	0.019385	0.0174617	0.0190397	0.0182482	0.0185759	0.0125413	0.0114085	0.00668	0.0045632	0.0035419	0.0044697	8.326E-4	0.0016155	0.0017123	0.0010582	0.0	0.0	0.0	0.0	0.0	0.0	0.0	0.0018939	0.0	0.0012658	0.0	0.0	0.0040858	0.0021505	0.003125	0.0053239	0.0057307	0.0085106	0.0192102	0.0133829	0.0226804	0.0182857	0.0196802	0.0339721	0.0230041	0.0152144	0.0174863	0.0143431	
Black Skimmer	0.0	0.0	0.0	0.0	0.0	0.0	0.0	0.0	0.0	0.0	0.0	0.0	0.0	0.0	0.0	0.0	0.0	0.0	0.0	0.0	0.0	0.0	0.0	0.0	0.0	0.0	0.0	0.0	0.0	0.0	0.0	0.0	0.0	0.0	0.0	0.0	0.0	0.0	0.0	0.0	0.0	0.0	0.0	0.0	0.0	0.0015	0.0	0.0	
Caspian Tern	0.0	0.0	0.0	0.0	0.0	0.0	0.0	0.0	0.0	0.0	0.0	0.0	0.0	0.0026076	0.0011806	4.063E-4	0.0020816	4.039E-4	0.0	0.0015	0.0	0.0	0.0	0.0	0.0	0.0	0.0	0.0	0.0025773	0.0	0.0	0.0	0.0020429	0.0	0.0	0.0	0.0	0.0	0.0	0.0	0.0	0.0	0.0	0.0	0.0	0.0	0.0	0.0	
Black Tern	0.0	0.0	0.0	0.0	0.0	0.0	0.0	0.0	0.0	0.0	0.0	0.0	0.0	0.0	0.0	0.0	0.0	4.039E-4	5.708E-4	0.0	0.0015	0.0	0.0	0.0	0.0	0.0	0.0	0.0	0.0	0.0012658	0.0	0.0015	0.0015	0.0	0.0	0.0	0.0	0.0	0.0	0.0	0.0	0.0	0.0	0.0	0.0	0.0	0.0	0.0	
Forster's Tern	0.0	0.0	0.0	0.0	0.0	0.0	0.0	0.0	0.0	0.0	0.0	0.0	0.0	6.519E-4	5.903E-4	4.063E-4	0.0	4.039E-4	0.0	5.291E-4	0.0	0.0	0.0015	0.0	0.0	0.0	0.0	0.0	0.0	0.0	0.0	0.0	0.0	0.0	0.0	0.0	0.0	0.0	0.0	7.435E-4	0.0	0.0	0.0	0.0	0.0	0.0	0.0	0.0	
Common Tern	0.0	0.0	0.0	0.0	0.0	0.0	0.0	0.0	0.0	0.0	0.0	0.0	0.0	6.519E-4	0.001771	0.0	0.0020816	0.0	0.0	0.0015	0.0	0.0	0.0	0.0	0.0	0.0	0.0	0.0	0.0	0.0	0.0	0.0	0.0	0.0	0.0	0.0	0.0	0.0	0.0	0.0	0.0	0.0	0.0	0.0	0.0	0.0	0.0	0.0	
Forster's/Common Tern	0.0	0.0	0.0	0.0	0.0	0.0	0.0	0.0	0.0	0.0	0.0	0.0	0.0	0.0	5.903E-4	0.0	0.0	0.0	0.0	0.0015	0.0	0.0	0.0	0.0	0.0	0.0	0.0	0.0	0.0	0.0	0.0	0.0	0.0	0.0	0.0	0.0	0.0	0.0	0.0	0.0	0.0	0.0	0.0	0.0	0.0	0.0	0.0	0.0	
Sterna sp.	0.0	0.0	0.0	0.0	0.0	0.0	0.0	0.0	0.0	0.0	0.0	0.0	0.0	0.0	0.0	0.0	0.0	0.0	0.0	0.0	0.0	0.0	0.0	0.0	0.0	0.0	0.0	0.0	0.0	0.0	0.0	7.849E-4	0.0	0.0	0.0	0.0	0.0	0.0	0.0	0.0	0.0	0.0	0.0	0.0	0.0	0.0	0.0	0.0	
Pied-billed Grebe	0.0227129	0.0146461	0.0155109	0.0175439	0.0133333	0.0220588	0.0153322	0.0380795	0.0408759	0.0396285	0.0528053	0.0737165	0.0968604	0.0971317	0.0608028	0.025193	0.0087427	0.0068659	0.0108447	0.0068783	0.008	0.0121681	0.0089374	0.0046168	0.0049383	0.0211566	0.0123077	0.0189394	0.0219072	0.0278481	0.0168394	0.0149137	0.0122574	0.016129	0.0114583	0.0239574	0.0276982	0.0223404	0.0341515	0.0475836	0.0391753	0.0377143	0.0246002	0.0252613	0.0351827	0.0165975	0.0142077	0.0200803	
Horned Grebe	0.0012618	8.137E-4	0.0027372	0.0222672	0.0066667	0.0053476	0.0034072	0.0115894	0.0124088	0.0179567	0.0244224	0.0351031	0.0400802	0.0293351	0.0135773	0.002438	0.0020816	4.039E-4	0.0015	0.0	0.0	0.0	0.0	0.0	0.0	0.0	0.0	0.0	0.0	0.0	0.0	0.0	0.0	0.0	0.0	0.0	0.0	0.0	0.0	0.001487	0.0010309	0.0034286	0.00246	0.0017422	0.0	0.0	0.0	0.0017212	
Red-necked Grebe	0.0	0.0	0.0	0.0128205	0.0038095	0.0013369	0.0029813	8.278E-4	0.0021898	0.0068111	0.0052805	0.0	0.0015	6.519E-4	0.0029516	4.063E-4	0.0041632	0.0	0.0	0.0	0.0	0.0	0.0	0.0	0.0	0.0	0.0	0.0	0.0	0.0	0.0	0.0	0.0	0.0	0.0	0.0	0.0015	0.0	0.0	0.0	0.0	0.0	0.0	0.0	0.0	0.0	0.0	0.0	
Eared Grebe	0.0012618	8.137E-4	0.0015	0.0	0.0	0.0	0.0	0.0	0.0	0.0	0.0	0.0	0.0	0.0	0.0	0.0	0.0	0.0	0.0	0.0	0.0	0.0	0.0	0.0	0.0	0.0	0.0	0.0	0.0	0.0	0.0	0.0070644	0.0541369	0.0	0.0	0.0	0.0	0.0	0.0	7.435E-4	0.0	0.0015	0.0	0.0	0.0	0.0027663	0.0054645	5.737E-4	
Horned/Eared Grebe	0.0	0.0	0.0	0.0	0.0	0.0	0.0	0.0	0.0	0.0	0.0	0.0	0.0	0.0	0.0	0.0	0.0	0.0	0.0	0.0	0.0	0.0	0.0	0.0	0.0	0.0	0.0	0.0	0.0	0.0	0.0	0.0	0.0	0.0	0.0	0.0	0.0	0.0	0.0	0.0	0.0	0.0011429	0.0	0.0	0.0	0.0	0.0	0.0	
grebe sp.	0.0	0.0	0.0	0.0	0.0	0.0	0.0	0.0	0.0	0.0	6.601E-4	4.388E-4	0.0	0.0	0.0	8.127E-4	0.0015	0.0	0.0	0.0	0.0	0.0	0.0	0.0	0.0	0.0	0.0	0.0	0.0	0.0	0.0	0.0	0.0	0.0	0.0	0.0	0.0	0.0	0.0	0.0	0.0	0.0	0.0	0.0	0.0	0.0	0.0	5.737E-4	
Red-throated Loon	0.0	0.0	0.0	0.0155196	0.0019048	0.0	0.0	0.0	0.0	0.0	0.0	0.0	0.004008	0.0019557	5.903E-4	4.063E-4	4.163E-4	0.0	5.708E-4	0.0	0.0	0.0	0.0	0.0	0.0	0.0	0.0	0.0	0.0	0.0	0.0	0.0	0.0	0.0	0.0	0.0	0.0	0.0	0.0	0.001487	0.0041237	0.0011429	0.0	0.0017422	0.0013532	0.0	0.0	0.0	
Common Loon	0.0044164	8.137E-4	0.0	0.0013495	9.524E-4	0.0015	0.0017036	0.0033113	0.0014599	6.192E-4	0.0019802	0.0096534	0.0454242	0.053455	0.0306966	0.0142219	0.0141549	0.016559	0.0199772	0.0010582	0.0015	0.0	0.0	0.0	0.0	0.0	0.0	0.0	0.0	0.0037975	0.0	0.0015699	0.0	0.0010753	0.0020833	0.0079858	0.0028653	0.0053191	0.0085379	0.0066914	0.0113402	0.024	0.0123001	0.0130662	0.0013532	0.0	0.0021858	0.0045898	
loon sp.	6.309E-4	0.0	0.0	0.0	0.0	0.0	0.0	0.0	0.0	0.0	0.0	0.0	0.0	0.0	5.903E-4	0.001219	4.163E-4	4.039E-4	0.0028539	0.0	0.0	0.0	0.0	0.0	0.0	0.0	0.0	0.0	0.0	0.0	0.0	0.0	0.0	0.0	0.0010417	0.0	9.551E-4	0.0	0.0	0.0	0.0	0.0034286	0.00123	8.711E-4	0.0	0.0	0.0	0.0	
Brown Booby	0.0	0.0	0.0	0.0	0.0	0.0	0.0	0.0	0.0	0.0	0.0	0.0	0.0	0.0	0.0	0.0	0.0	0.0	0.0	0.0	0.0	0.0	0.0	0.0	0.0	0.0	0.0	0.0	0.0	0.0	0.0012953	0.0	0.0	0.0	0.0	0.0	0.0	0.0	0.0	0.0	0.0	0.0	0.0	0.0	0.0	0.0	0.0	0.0	
Great Cormorant	0.0	0.0015	9.124E-4	0.0	0.0	0.0	0.0	0.0015	0.0015	0.0037152	0.0013201	8.776E-4	6.68E-4	6.519E-4	0.0	0.0015	0.0	0.0	0.0	5.291E-4	0.0	0.0	0.0	0.0	0.0	0.0	0.0	0.0	0.0	0.0	0.0	0.0	0.0	0.0	0.0	0.0	0.0	0.0	0.0015	7.435E-4	0.0	0.0	0.0015	0.0	0.0013532	0.0	0.0015	0.0017212	
Double-crested Cormorant	0.0025237	0.0	9.124E-4	0.0013495	0.0	0.0040107	0.0	0.0024834	0.0014599	0.0049536	0.0349835	0.0583589	0.1102204	0.119296	0.1269185	0.0861438	0.0470441	0.0371567	0.0371005	0.026455	0.026	0.0287611	0.0258193	0.0277008	0.0271605	0.022567	0.0338462	0.03125	0.0425258	0.0329114	0.0375648	0.033752	0.0388151	0.0258065	0.04375	0.0337178	0.0286533	0.0191489	0.0288154	0.0416357	0.0175258	0.0148571	0.0086101	0.0095819	0.0	0.0055325	0.0021858	0.0034423	
cormorant sp.	0.0	0.0	0.0	0.0	0.0	0.0	0.0	0.0	0.0	0.0	0.0	0.0	0.0	0.0	0.0	0.0	0.0	0.0	0.0	0.0	0.0	0.0	0.0	0.0	0.0	0.0	0.0	0.0	0.0	0.0	0.0	0.0	0.0	0.0	0.0	0.0	0.0	0.0	0.0	0.0	0.0	0.0	0.0	0.0	0.0	0.0	0.0	5.737E-4	
White Ibis	0.0	0.0	0.0	0.0	0.0	0.0	0.0	0.0	0.0	0.0	0.0	0.0	0.0	0.0	0.0	0.0	0.0	0.0	0.0	0.0	0.0	0.0	0.0	0.0	0.0	0.0	0.0	0.0113636	0.0015	0.0015	0.0	0.0	0.0	0.0	0.0	0.0	0.0	0.0	0.0	0.0	0.0	0.0	0.0	0.0	0.0	0.0	0.0	0.0	
Glossy Ibis	0.0	0.0	0.0	0.0	0.0	0.0	0.0	0.0	0.0	0.0	0.0	4.388E-4	0.0	0.0	0.0029516	0.0020317	0.0162365	0.0012116	0.0039954	0.0	0.0	0.0	0.0015	0.0	0.0024691	0.0112835	0.0	9.47E-4	0.0015	0.0	0.0051813	0.0	0.0	0.0	0.0	0.0	0.0	0.0	0.0	0.0	0.0	0.0	0.0	0.0	0.0	0.0	0.0	0.0	
White-faced Ibis	0.0	0.0	0.0	0.0	0.0	0.0	0.0	0.0	0.0	0.0	0.0	0.0	0.0	0.0	0.0	0.0	0.0016653	0.0	0.0	0.0	0.0	0.0	0.0	0.0	0.0	0.0	0.0	0.0	0.0	0.0	0.0	0.0	0.0	0.0	0.0	0.0	0.0	0.0	0.0	0.0	0.0	0.0	0.0	0.0	0.0	0.0	0.0	0.0	
Glossy/White-faced Ibis	0.0	0.0	0.0	0.0	0.0	0.0	0.0	0.0	0.0	0.0	0.0	0.0	0.0	0.0	0.0	0.0	0.0	0.0	0.0	0.0	0.0	0.0	0.0	0.0	0.0	0.0	0.0	0.0	0.0	0.0015	0.0	0.0	0.0	0.0	0.0	0.0	0.0	0.0	0.0	0.0	0.0	0.0	0.0	0.0	0.0	0.0	0.0	0.0	
American Bittern	0.0	0.0	0.0	0.0	0.0	0.0	0.0	0.0	0.0	0.0	0.0	8.776E-4	0.007348	0.0013038	0.0165289	0.0052824	0.0029142	0.0024233	0.0011416	5.291E-4	0.0015	0.0	0.0	0.0	0.0	0.0	0.0015385	0.0	0.0	0.0	0.0	0.0015	0.0	0.0	0.0	0.0	0.0019102	0.0031915	0.0010672	7.435E-4	0.0010309	0.0057143	0.0	0.0	0.0	0.0	0.0	0.0	
Least Bittern	0.0	0.0	0.0	0.0	0.0	0.0	0.0	0.0	0.0	0.0	0.0	0.0	0.0	0.0	0.0	0.0	0.0	8.078E-4	0.0011416	5.291E-4	0.001	0.0	0.0	0.0	0.0	0.0	0.0	0.0075758	0.0012887	0.0	0.0	0.0	0.0	0.0	0.0	0.0	0.0	0.0	0.0	0.0	0.0	0.0	0.0	0.0	0.0	0.0	0.0	0.0	
Black-crowned Night Heron	0.0	0.0	0.0	0.0	0.0	0.0	0.0	0.0	0.0	0.0	0.0	0.0030715	0.0	6.519E-4	0.0023613	0.0069078	8.326E-4	0.0016155	0.0015	5.291E-4	0.003	0.0033186	9.93E-4	0.0055402	0.0	0.0	0.0015	9.47E-4	0.007732	0.0025316	0.0012953	0.0015699	0.0015	0.0	0.0010417	0.0	0.0028653	0.0074468	0.0085379	0.0022305	0.0	0.0	0.0	0.0	0.0	0.0	0.0	0.0	
Little Blue Heron	0.0	0.0	0.0	0.0	0.0	0.0	0.0	0.0	0.0	0.0	0.0	0.0	0.0	0.0	0.0	0.0	0.0	0.0	0.0	0.0	0.0	0.0	9.93E-4	0.0	0.0	0.0	0.0	0.032197	0.0296392	0.0126582	0.007772	0.0023548	0.0	0.0	0.0	0.0	0.0	0.0	0.0	0.0	0.0	0.0	0.0	0.0	0.0	0.0	0.0	0.0	
Snowy Egret	0.0	0.0	0.0	0.0	0.0	0.0	0.0	0.0	0.0	0.0	0.0	0.0	0.0	0.0	0.0011806	0.0	0.0	0.0	5.708E-4	0.0	0.0	0.0	0.0109235	0.0	0.0	0.0	0.0	9.47E-4	0.0012887	0.0	0.0	0.0	0.0	0.0	0.0	0.0	0.0	0.0	0.0	0.0	0.0	0.0	0.0	0.0	0.0	0.0	0.0	0.0	
Green Heron	0.0	0.0	0.0	0.0	0.0	0.0	0.0	0.0	0.0	0.0	0.0	0.0	0.0	0.005867	0.0236128	0.0564811	0.0595337	0.0674475	0.0656393	0.0624339	0.068	0.0608407	0.0635551	0.0609418	0.0555556	0.100141	0.0676923	0.1268939	0.1224227	0.1202532	0.0777202	0.0894819	0.1041879	0.0537634	0.0375	0.0310559	0.0066858	0.0053191	0.0010672	0.001487	0.0	0.0	0.0	0.0	0.0	0.0	0.0	0.0	
Western Cattle-Egret	0.0	0.0	0.0	0.0	0.0	0.0	0.0	0.0	0.0	0.0	0.0	4.388E-4	0.0	0.0	0.0	0.0015	0.0024979	0.0	0.0	0.0021164	0.0	0.0	0.0	0.0	0.0	0.0	0.0	0.0	0.0	0.0	0.0	0.0	0.0	0.0	0.0	0.0	0.0	0.0	0.0	0.0104089	0.0051546	0.0	0.0	0.0	0.0	0.0	0.0	0.0	
Great Egret	0.0	0.0	0.0	0.0	0.0	0.0015	0.0	0.0	0.0	0.0	0.0	0.0	0.005344	0.0078227	0.014758	0.0040634	0.0058285	0.0088853	0.0108447	0.0100529	0.007	0.0022124	0.0119166	0.0036934	0.0098765	0.0267983	0.0630769	0.0909091	0.117268	0.1329114	0.0854922	0.100471	0.0459653	0.0301075	0.03125	0.0319432	0.025788	0.0244681	0.0053362	0.0037175	0.0010309	0.0	0.0	0.0	0.0	0.0	0.0	0.0	
Great Blue Heron	0.0637224	0.0610252	0.0520073	0.0465587	0.0438095	0.0360963	0.0302385	0.044702	0.0394161	0.0458204	0.0712871	0.1066257	0.1416166	0.1401565	0.1558442	0.1454693	0.1423813	0.118336	0.125	0.1100529	0.114	0.1139381	0.0933466	0.0941828	0.1395062	0.167842	0.1907692	0.2357955	0.2409794	0.2481013	0.1645078	0.1828885	0.1634321	0.1419355	0.1614583	0.1632653	0.148042	0.1255319	0.1600854	0.1427509	0.1257732	0.1337143	0.1242312	0.1080139	0.1326116	0.1217151	0.0907104	0.0866322	
heron sp.	0.0	0.0	0.0	0.0	0.0	0.0	0.0	0.0	0.0	0.0	0.0	0.0	0.0	0.0	0.0	0.0	8.326E-4	0.0	0.0	5.291E-4	0.0	0.0	0.0	0.0	0.0012346	0.0	0.0	0.0	0.0012887	0.0	0.0	0.0	0.0	0.0	0.0	0.0	0.0	0.0	0.0	0.0	0.0	0.0	0.0	0.0	0.0	0.0	0.0	0.0	
American White Pelican	0.0	0.0	0.0	0.0	0.0	0.0	0.0	0.0	0.0	0.0	0.0	0.0	0.0	0.0	0.0	0.0	0.0	0.0	0.0	0.0	0.0	0.0	0.0	0.0015	0.0	0.0	0.0	0.0	0.0	0.0	0.0	0.0	0.0	0.0	0.0	0.0	0.0	0.0	0.0	0.0	0.0	0.0	0.0	0.0	0.0	0.0	0.0	0.0	
Black Vulture	0.0990536	0.0878763	0.0839416	0.0985155	0.0885714	0.0855615	0.0689949	0.0960265	0.1007299	0.0965944	0.089769	0.0846863	0.0941884	0.0984355	0.0985832	0.1170256	0.0940883	0.1050081	0.1010274	0.0825397	0.105	0.074115	0.0705065	0.0618652	0.0654321	0.0719323	0.06	0.0568182	0.0502577	0.0607595	0.0751295	0.0832025	0.1164454	0.1010753	0.2083333	0.1180124	0.1298949	0.1361702	0.1568837	0.1152416	0.1226804	0.1291429	0.098401	0.097561	0.0595399	0.077455	0.0655738	0.0895009	
Turkey Vulture	0.2195584	0.2156225	0.2116788	0.1983806	0.2419048	0.2058824	0.1963373	0.3013245	0.3335766	0.3690402	0.4105611	0.3716542	0.4081496	0.4080834	0.4173554	0.4014628	0.3634471	0.355412	0.3613014	0.3243386	0.332	0.3086283	0.2969215	0.2336103	0.3135802	0.2905501	0.3030769	0.2907197	0.2603093	0.2708861	0.3186528	0.33281	0.360572	0.3580645	0.4572917	0.3744454	0.408787	0.4457447	0.4855923	0.3962825	0.3835052	0.3885714	0.3382534	0.3118467	0.2124493	0.1894882	0.2087432	0.1870338	
new world vulture sp.	0.0015	0.0	0.0	0.0	0.0	0.0	4.259E-4	0.0	0.0	0.0	0.0015	0.0	0.0	0.0	0.0	0.0	0.0	0.0	0.0	0.0	0.0	0.0	0.0	9.234E-4	0.0	0.0	0.0	0.0	0.0	0.0	0.0	0.0	0.0	0.0	0.0	0.0	0.0	0.0010638	0.0	0.0	0.0	0.0	0.0	0.0	0.0	0.0	0.0	0.0	
Osprey	0.0	0.0	0.0	0.0	0.0	0.0	0.0	0.0	0.0	0.0049536	0.020462	0.0754717	0.1202405	0.1473272	0.1546635	0.1479074	0.1190674	0.1033926	0.1015982	0.0888889	0.08	0.0630531	0.0784508	0.0710988	0.091358	0.0648801	0.0923077	0.0975379	0.0902062	0.0949367	0.0841969	0.0855573	0.0919305	0.0860215	0.1614583	0.0567879	0.0448902	0.0276596	0.0298826	0.0081784	0.0041237	0.0034286	0.0	8.711E-4	0.0	0.0	0.0	0.0	
Swallow-tailed Kite	0.0	0.0	0.0	0.0	0.0	0.0	0.0	0.0	0.0	0.0	0.0	0.0	0.0	0.0	0.0	4.063E-4	0.0	4.039E-4	0.0	0.0	0.0	0.0	0.0	0.0	0.0	0.0	0.0	0.0	0.0	0.0	0.0	0.0	0.0	0.0	0.0	0.0	0.0	0.0	0.0	0.0	0.0	0.0	0.0	0.0	0.0	0.0	0.0	0.0	
Golden Eagle	0.0012618	0.0016273	0.0018248	6.748E-4	0.0015	6.684E-4	0.0017036	0.0016556	0.0014599	0.0012384	0.0019802	4.388E-4	0.0	0.0	0.0	0.0	0.0	0.0	0.0	0.0	0.0	0.0	0.0	0.0	0.0	0.0	0.0	0.0	0.0	0.0	0.0	0.0	0.0	0.0021505	0.0	8.873E-4	9.551E-4	0.0085106	0.0192102	0.0252788	0.043299	0.048	0.0282903	0.0200348	0.0027064	0.0	0.0021858	0.0034423	
Sharp-shinned Hawk	0.0277603	0.0195281	0.0255474	0.0236167	0.0190476	0.0213904	0.0204429	0.0206954	0.0270073	0.028483	0.0270627	0.0276437	0.0267201	0.0378096	0.0330579	0.0442909	0.0266445	0.0145396	0.0079909	0.0063492	0.005	0.0066372	0.0059583	0.0073869	0.0049383	0.0112835	0.0076923	0.0056818	0.0	0.0101266	0.011658	0.0345369	0.0592441	0.0860215	0.196875	0.1322094	0.1346705	0.1319149	0.1280683	0.1107807	0.1030928	0.0925714	0.0615006	0.033101	0.0230041	0.0248963	0.042623	0.0384395	
Cooper's Hawk	0.044164	0.0577705	0.0565693	0.0533063	0.0361905	0.0467914	0.0353492	0.044702	0.0386861	0.0482972	0.0620462	0.0609917	0.0574482	0.0677966	0.0779221	0.0804551	0.0620316	0.0500808	0.0376712	0.0243386	0.035	0.0376106	0.0347567	0.0424746	0.0580247	0.0267983	0.04	0.032197	0.0335052	0.035443	0.0427461	0.0604396	0.092952	0.1236559	0.1895833	0.1251109	0.1528176	0.1425532	0.149413	0.1241636	0.1134021	0.1154286	0.0811808	0.0783972	0.0649526	0.0636238	0.0469945	0.0608147	
Sharp-shinned/Cooper's Hawk	0.0018927	0.0065094	0.0018248	0.0026991	0.0019048	0.0040107	0.0072402	0.0049669	0.0	6.192E-4	0.0019802	0.0021939	0.001336	0.0052151	0.0035419	0.0040634	0.0033306	0.0028271	0.0011416	0.0	0.004	0.0022124	9.93E-4	0.0	0.0	0.0014104	0.0	0.0018939	0.0	0.0	0.0012953	0.0023548	0.0040858	0.0032258	0.00625	0.0150843	0.0076409	0.006383	0.0128068	0.0052045	0.0092784	0.0034286	0.00369	0.0026132	0.0015	0.0013831	0.0010929	0.0045898	
American Goshawk	0.0	0.0	0.0	0.0	0.0	0.0	4.259E-4	0.0	0.0	0.0	0.0015	4.388E-4	0.0	6.519E-4	0.0	0.0	0.0	0.0	0.0	0.0	0.0	0.0	0.0	0.0	0.0	0.0	0.0	0.0	0.0	0.0	0.0	0.0	0.0	0.0	0.0	8.873E-4	0.0015	0.0010638	0.0085379	0.0052045	0.0103093	0.0114286	0.00123	8.711E-4	0.0013532	0.0	0.0010929	5.737E-4	
Accipitrine hawk sp. (former Accipiter sp.)	0.0012618	0.0016273	0.0036496	0.0013495	0.0028571	6.684E-4	0.0012777	0.0033113	0.0029197	0.0018576	0.0013201	0.0013164	6.68E-4	0.0013038	0.0023613	0.0016254	0.0020816	0.0016155	0.0011416	5.291E-4	0.001	0.0	0.0	0.0	0.0012346	0.0	0.0030769	0.0	0.0	0.0	0.0015	0.0	0.0040858	0.0010753	0.0041667	0.0044366	0.0057307	0.0095745	0.0096051	0.0052045	0.0030928	0.0045714	0.0061501	0.0026132	0.0	0.0027663	0.0054645	0.0011474	
Northern Harrier	0.0328076	0.0252238	0.0282847	0.0350877	0.0266667	0.0354278	0.0097956	0.0149007	0.0087591	0.0160991	0.0105611	0.0153576	0.008684	0.0078227	0.0053129	0.0081268	0.0029142	0.0052504	0.0039954	0.0015873	0.0	0.0011062	9.93E-4	0.0015	0.0	0.0	0.0015	0.0	0.0015	0.0	0.0025907	0.0062794	0.0224719	0.0311828	0.084375	0.0390417	0.0324737	0.0457447	0.054429	0.0475836	0.0546392	0.0548571	0.0393604	0.0243902	0.0324763	0.0318119	0.0218579	0.0327022	
Bald Eagle	0.111041	0.0943857	0.0912409	0.1153846	0.0990476	0.0868984	0.0600511	0.0927152	0.0919708	0.0978328	0.1062706	0.0965336	0.0935204	0.095176	0.1109799	0.1093052	0.0865945	0.0779483	0.0753425	0.0481481	0.058	0.0320796	0.0278054	0.033241	0.0320988	0.0409027	0.0461538	0.0426136	0.0322165	0.0544304	0.0440415	0.0620094	0.1041879	0.1139785	0.2020833	0.1135759	0.0907354	0.1414894	0.1323372	0.1063197	0.1134021	0.1462857	0.0910209	0.1062718	0.0663058	0.0816044	0.0994536	0.1026965	
Golden/Bald Eagle	0.0	0.0	0.0	0.0	0.0	0.0	0.0	8.278E-4	7.299E-4	0.0	0.0	0.0	0.0	0.0	0.0	0.0	0.0	0.0	0.0	0.0	0.0	0.0	0.0	0.0	0.0	0.0	0.0	0.0	0.0	0.0	0.0	0.0	0.0	0.0	0.0	0.0	0.0	0.0	0.0010672	7.435E-4	0.0	0.0	0.0	0.0	0.0	0.0	0.0	0.0	
Mississippi Kite	0.0	0.0	0.0	0.0	0.0	0.0	0.0	0.0	0.0	0.0	0.0	0.0	0.0	0.0	0.0	4.063E-4	0.001249	0.0	5.708E-4	5.291E-4	0.002	0.0011062	0.0	9.234E-4	0.0012346	0.0	0.0	0.0	0.0	0.0	0.0	0.0015	0.0	0.0	0.0	0.0	0.0	0.0	0.0	0.0	0.0	0.0	0.0	0.0	0.0	0.0	0.0	0.0	
Broad-winged Hawk	0.0	0.0	0.0	0.0	0.0	0.0	0.0	0.0	0.0	0.0	0.0	0.0	0.0	0.0286832	0.0572609	0.0662332	0.0449625	0.026252	0.0171233	0.0137566	0.012	0.0066372	0.0029791	0.0092336	0.0123457	0.022567	0.0138462	0.0094697	0.0103093	0.0101266	0.0297927	0.0392465	0.0755873	0.1	0.203125	0.0887311	0.0238777	0.0053191	0.0032017	0.0	0.0	0.0	0.0	0.0	0.0	0.0	0.0	0.0	
Red-shouldered Hawk	0.0119874	0.0105777	0.0118613	0.0094467	0.0095238	0.006016	0.0085179	0.0149007	0.0240876	0.0334365	0.0349835	0.0267661	0.0247161	0.0241199	0.0301063	0.0207233	0.0224813	0.0238288	0.0302511	0.0137566	0.009	0.0033186	0.0029791	0.0055402	0.0024691	0.0070522	0.0030769	0.0113636	0.0051546	0.0088608	0.007772	0.0172684	0.020429	0.0236559	0.03125	0.0248447	0.0276982	0.0351064	0.0533618	0.06171	0.0474227	0.0697143	0.0307503	0.0278746	0.0067659	0.0096819	0.0087432	0.0120482	
Swainson's Hawk	0.0	0.0	0.0	0.0	0.0	0.0	0.0	0.0	0.0	0.0	0.0	0.0	0.0	0.0	0.0015	0.0	0.0	0.0	0.0	0.0	0.0	0.0	0.0	0.0	0.0	0.0	0.0	0.0	0.0	0.0	0.0	0.0	0.0	0.0	0.0	0.0	0.0	0.0015	0.0	0.0	0.0	0.0	0.0	0.0	0.0	0.0	0.0	0.0	
Red-tailed Hawk	0.2277603	0.1993491	0.2189781	0.2037787	0.2142857	0.2045455	0.1703578	0.2301325	0.2211679	0.2470588	0.2613861	0.2207108	0.2137609	0.2275098	0.2249115	0.2381146	0.2010824	0.1890145	0.1889269	0.1608466	0.187	0.1449115	0.1410129	0.1412742	0.1333333	0.1748942	0.1492308	0.188447	0.1701031	0.1797468	0.1917098	0.2017268	0.2206333	0.2204301	0.309375	0.2102928	0.2330468	0.243617	0.3041622	0.2565056	0.2835052	0.304	0.2841328	0.2421603	0.2002706	0.186722	0.2142077	0.2300631	
Rough-legged Hawk	0.0031546	8.137E-4	9.124E-4	0.0013495	0.0015	0.0040107	0.0068143	0.0016556	0.0015	6.192E-4	0.0019802	8.776E-4	0.0	0.0	0.0	0.0	0.0	0.0	0.0	0.0	0.0	0.0	0.0	0.0	0.0	0.0	0.0	0.0	0.0	0.0	0.0	0.0	0.0	0.0	0.0	0.0	0.0	0.0	0.0042689	7.435E-4	0.0	0.0011429	0.0015	0.0015	0.0	0.0013831	0.0	0.0034423	
Buteo sp.	0.0012618	0.002441	9.124E-4	6.748E-4	9.524E-4	0.0020053	0.0017036	8.278E-4	0.0015	6.192E-4	0.0	0.0030715	0.001336	0.0013038	0.0011806	0.003657	8.326E-4	8.078E-4	0.0017123	5.291E-4	0.002	0.0011062	9.93E-4	9.234E-4	0.0012346	0.0028209	0.0015385	0.0	0.0012887	0.0037975	0.0025907	0.0031397	0.0071502	0.0021505	0.0083333	0.0044366	9.551E-4	0.0042553	0.0053362	0.0074349	0.0061856	0.0057143	0.0061501	8.711E-4	0.0	0.0027663	0.0	0.0011474	
hawk sp.	0.0018927	8.137E-4	0.0036496	0.0013495	0.0	0.0020053	0.0055366	0.0016556	0.0014599	0.0018576	0.0013201	0.0017552	6.68E-4	0.0019557	0.0023613	0.002438	0.0016653	0.0016155	0.0011416	0.0010582	0.002	0.0011062	0.0	9.234E-4	0.0012346	0.0	0.0015	9.47E-4	0.0	0.0	0.0025907	0.0023548	0.011236	0.0129032	0.0197917	0.0079858	0.008596	0.0106383	0.0096051	0.0104089	0.0030928	0.008	0.00492	0.0017422	0.0027064	0.0013831	0.0	5.737E-4	
eagle sp.	0.0	0.0	0.0	0.0	0.0	0.0	0.0	0.0	0.0	0.0	0.0	0.0	6.68E-4	0.0	0.0	0.0	0.0	0.0	0.0	0.0	0.0	0.0	0.0	0.0	0.0	0.0	0.0	0.0	0.0	0.0	0.0	0.0	0.0	0.0010753	0.0015	8.873E-4	9.551E-4	0.0015	0.0015	7.435E-4	0.0015	0.0015	0.0015	0.0015	0.0	0.0	0.0	0.0	
American Barn Owl	6.309E-4	0.0	0.0	0.0	0.0	0.0	0.0	0.0	0.0	0.0	0.0015	0.0	0.0	0.0	0.0	0.0	0.0	0.0	0.0	0.0	0.001	0.0	0.0	0.0015	0.0	0.0	0.0	0.0	0.0	0.0	0.0	0.0	0.0	0.0	0.0	0.0	0.0	0.0	0.0	7.435E-4	0.0010309	0.0	0.0	0.0	0.0	0.0	0.0	0.0	
Eastern Screech-Owl	0.0107256	0.007323	0.0072993	0.0067476	0.0019048	0.0033422	0.0055366	0.0016556	7.299E-4	0.003096	0.0019802	0.0035103	0.001336	0.0026076	0.0029516	0.0020317	0.0029142	0.0109047	0.0045662	0.0015873	0.006	0.005531	0.0039722	0.0027701	0.0037037	0.0098731	0.0046154	0.0075758	0.0090206	0.0113924	0.0103627	0.0086342	0.0122574	0.0172043	0.0104167	0.0079858	0.0028653	0.006383	0.0032017	0.0066914	0.0123711	0.0057143	0.00369	0.0017422	0.0013532	0.0069156	0.0120219	0.0286862	
Snowy Owl	0.0015	0.0	0.0	6.748E-4	0.0	0.0	0.0015	0.0	0.0	0.0	0.0	0.0	0.0	0.0	0.0	0.0	0.0	0.0	0.0	0.0	0.0	0.0	0.0	0.0	0.0	0.0	0.0	0.0	0.0	0.0	0.0	0.0	0.0	0.0	0.0	0.0	0.0	0.0	0.0	0.0	0.0	0.0015	0.0	8.711E-4	0.0	0.0	0.0054645	0.0028686	
Great Horned Owl	0.0126183	0.012205	0.0182482	0.0155196	0.0209524	0.0113636	0.0102215	0.022351	0.010219	0.0130031	0.0125413	0.0109697	0.007348	0.0123859	0.0135773	0.0113775	0.0099917	0.0088853	0.0062785	0.0068783	0.007	0.0066372	0.0089374	0.0110803	0.0061728	0.0042313	0.0061538	0.0056818	0.007732	0.0075949	0.0064767	0.0117739	0.0020429	0.016129	0.0052083	0.0097604	0.008596	0.012766	0.0074707	0.0118959	0.0082474	0.0114286	0.0098401	0.0121951	0.0054127	0.0082988	0.010929	0.0286862	
Barred Owl	0.0012618	0.0016273	9.124E-4	0.0013495	0.0015	0.0013369	0.0012777	0.0016556	0.0021898	0.0037152	0.0013201	0.0043879	0.00334	0.0052151	0.0064935	0.0048761	0.0095754	0.0084814	0.0057078	0.0047619	0.001	0.0033186	0.0039722	9.234E-4	0.0024691	0.0	0.0015385	0.0018939	0.0025773	0.0	0.0025907	0.0039246	0.0010215	0.0043011	0.0020833	8.873E-4	0.0019102	0.0021277	0.0	7.435E-4	0.0	0.0034286	0.0015	0.0015	0.0015	0.0	0.0010929	0.0034423	
Long-eared Owl	0.0025237	0.004882	0.0018248	6.748E-4	0.0019048	0.0015	0.0	8.278E-4	0.0021898	0.0012384	0.0	4.388E-4	0.0	0.0	0.0	0.0	0.0	0.0	0.0	0.0	0.0015	0.0	0.0	0.0	0.0015	0.0	0.0	0.0	0.0	0.0	0.0	0.0	0.0	0.0	0.0	0.0	0.0	0.0	0.0	0.0	0.0	0.0	0.0	0.0	0.0	0.0013831	0.0043716	0.0051635	
Short-eared Owl	0.0050473	8.137E-4	0.0027372	0.0020243	9.524E-4	0.0	4.259E-4	8.278E-4	0.0014599	6.192E-4	0.0	0.0	0.0	0.0	0.0	0.0	0.0	0.0	0.0	0.0	0.0	0.0	0.0	0.0	0.0	0.0	0.0	0.0	0.0	0.0	0.0	0.0	0.0	0.0	0.0	0.0	0.0	0.0	0.0	0.0	0.0030928	0.0	0.0	0.0	0.0	0.0	0.0	0.0040161	
Long-eared/Short-eared Owl	0.0	0.0	0.0	0.0	0.0	0.0	0.0	0.0	0.0	0.0	0.0	0.0	0.0	0.0	0.0	0.0	0.0	0.0	0.0	0.0	0.0	0.0	0.0	0.0	0.0	0.0	0.0	0.0	0.0	0.0	0.0	0.0	0.0	0.0	0.0	0.0	0.0	0.0	0.0	0.0	0.0	0.0	0.0	0.0	0.0	0.0	0.0	0.0015	
Northern Saw-whet Owl	0.0	0.0015	9.124E-4	0.0015	0.0015	6.684E-4	0.0	8.278E-4	7.299E-4	0.0	6.601E-4	4.388E-4	0.0	0.0	0.0011806	0.0	0.0	0.0	0.0	0.0	0.0	0.0	0.0	0.0	0.0	0.0	0.0	0.0015	0.0	0.0	0.0	0.0	0.0	0.0	0.0	0.0	0.0	0.0021277	0.0021345	0.0022305	0.0072165	0.0057143	0.00246	8.711E-4	0.0	0.0	0.0015	0.0034423	
owl sp.	6.309E-4	0.0	0.0	0.0013495	0.0	0.0	0.0	0.0	0.0	0.0	0.0	0.0	0.0	0.0	0.0	0.0	0.0	0.0	0.0	0.0	0.0	0.0	0.0	0.0	0.0	0.0	0.0	0.0015	0.0	0.0015	0.0	0.0	0.0	0.0	0.0015	0.0	0.0	0.0	0.0	0.0	0.0	0.0015	0.0	0.0	0.0	0.0	0.0	0.0	
Belted Kingfisher	0.0719243	0.0569569	0.0675182	0.0560054	0.0666667	0.0454545	0.0298126	0.0504967	0.050365	0.0526316	0.069967	0.081176	0.0975284	0.1043025	0.1062574	0.1076798	0.0749376	0.0617932	0.0542237	0.037037	0.041	0.039823	0.0337637	0.0544783	0.0518519	0.0521862	0.0538462	0.0767045	0.068299	0.0670886	0.0803109	0.1169545	0.1062308	0.1053763	0.1052083	0.1242236	0.1270296	0.1191489	0.0928495	0.1003717	0.0814433	0.08	0.0897909	0.0818815	0.097429	0.0940526	0.0765027	0.0849111	
Yellow-bellied Sapsucker	0.0895899	0.0602116	0.0720803	0.0647773	0.0457143	0.0514706	0.0366269	0.0347682	0.0372263	0.0489164	0.0620462	0.0688899	0.0728123	0.0423729	0.0312869	0.0121902	0.0029142	0.0016155	0.0022831	0.0	0.0	0.0011062	9.93E-4	0.0	0.0024691	0.0	0.0	0.0	0.0	0.0012658	0.0	0.0	0.0010215	0.0	0.015625	0.1109139	0.2273161	0.2159574	0.1750267	0.1211896	0.0979381	0.0937143	0.1057811	0.1289199	0.0947226	0.0885201	0.0852459	0.1044177	
Red-headed Woodpecker	0.0037855	0.0032547	0.0015	6.748E-4	0.0	0.0020053	4.259E-4	0.0	7.299E-4	0.006192	0.0052805	0.0057043	0.002672	0.0015	0.0011806	0.0040634	0.0058285	0.0072698	0.0057078	0.0037037	0.0015	0.0022124	0.0029791	0.0083102	0.008642	0.0084626	0.0015385	9.47E-4	0.0012887	0.0012658	0.0012953	0.0015699	0.0071502	0.0096774	0.01875	0.0044366	0.0038204	0.0031915	0.0010672	0.0	0.0010309	0.0045714	0.00246	0.0	0.0040595	0.0013831	0.0054645	5.737E-4	
Red-bellied Woodpecker	0.318612	0.3059398	0.3047445	0.3083671	0.3142857	0.3208556	0.3113288	0.3261589	0.3021898	0.3287926	0.3478548	0.3843791	0.3767535	0.4400261	0.4917355	0.5550589	0.5058285	0.4608239	0.510274	0.4126984	0.423	0.3639381	0.347567	0.3388735	0.3506173	0.2863188	0.2907692	0.2575758	0.2306701	0.2139241	0.2694301	0.3320251	0.3850868	0.4505376	0.5354167	0.5465839	0.5692455	0.5265957	0.4941302	0.4275093	0.4010309	0.3782857	0.400984	0.3893728	0.3843031	0.3762102	0.3540984	0.373494	
Downy Woodpecker	0.3211356	0.3506916	0.3467153	0.3346829	0.352381	0.3723262	0.3965077	0.3402318	0.3094891	0.3164087	0.3267327	0.3510312	0.3480294	0.4100391	0.4451004	0.4583503	0.4142381	0.3376414	0.3224886	0.2428571	0.265	0.2588496	0.2562066	0.3204063	0.3641975	0.3117066	0.2861538	0.2651515	0.2345361	0.2164557	0.257772	0.3626374	0.3912155	0.4258065	0.515625	0.484472	0.5157593	0.4489362	0.4332978	0.4074349	0.3865979	0.3691429	0.4108241	0.4076655	0.3626522	0.3886584	0.3409836	0.3981641	
Hairy Woodpecker	0.1280757	0.1228641	0.120438	0.1194332	0.127619	0.1209893	0.1239353	0.1009934	0.1029197	0.0978328	0.1069307	0.101799	0.0915164	0.1049544	0.1115702	0.1296221	0.1065779	0.0912763	0.1158676	0.0783069	0.076	0.0774336	0.0506455	0.0710988	0.0740741	0.0606488	0.0646154	0.063447	0.056701	0.0443038	0.0556995	0.0902669	0.1348315	0.1569892	0.1895833	0.1818988	0.1757402	0.1382979	0.167556	0.1457249	0.1206186	0.1474286	0.1611316	0.141115	0.1271989	0.1479945	0.1355191	0.1600688	
Downy/Hairy Woodpecker	0.0	0.0	0.0	0.0	9.524E-4	0.0	0.0	0.0	0.0	0.0	0.0	0.0	0.0	0.0	0.0	0.0	4.163E-4	0.0	0.0	0.0	0.0	0.0	0.0	0.0	0.0	0.0	0.0	0.0	0.0	0.0	0.0	0.0	0.0010215	0.0	0.0	0.0	0.0	0.0010638	0.0	0.0	0.0	0.0	0.0	0.0	0.0	0.0	0.0	0.0	
Pileated Woodpecker	0.029653	0.0358015	0.0301095	0.0411606	0.0352381	0.0187166	0.0268313	0.0397351	0.0452555	0.0439628	0.0481848	0.0653796	0.0614562	0.0704042	0.1080283	0.1064608	0.0974188	0.1009693	0.1135845	0.0878307	0.071	0.0586283	0.061569	0.0535549	0.0432099	0.0380818	0.0292308	0.03125	0.0193299	0.0253165	0.0440415	0.0753532	0.0898876	0.1075269	0.1385417	0.0816327	0.0974212	0.0893617	0.0885806	0.0713755	0.0659794	0.0754286	0.0738007	0.0513937	0.037889	0.0318119	0.0349727	0.0533563	
Northern Flicker	0.1123028	0.0992677	0.0948905	0.1032389	0.1009524	0.0902406	0.0702726	0.1043046	0.1058394	0.149226	0.1524752	0.2650285	0.3393454	0.4439374	0.4634002	0.4433157	0.3651124	0.2936187	0.3007991	0.2497354	0.305	0.2820796	0.2562066	0.2936288	0.317284	0.2849083	0.2707692	0.2689394	0.2371134	0.2265823	0.2435233	0.3265306	0.3626149	0.4344086	0.5010417	0.4942325	0.4508118	0.3712766	0.3127001	0.2565056	0.1989691	0.1988571	0.1845018	0.1986063	0.1583221	0.1590595	0.1213115	0.16179	
woodpecker sp.	0.0018927	8.137E-4	0.0	0.0	0.0019048	0.0013369	0.0017036	0.0033113	7.299E-4	0.0	0.0039604	8.776E-4	6.68E-4	0.0032595	0.0011806	0.001219	8.326E-4	0.0024233	5.708E-4	0.0015873	0.0	0.0022124	0.0	0.0018467	0.0012346	0.0014104	0.0015385	0.0	0.0	0.0025316	0.0	0.0	0.0	0.0021505	0.0010417	0.0053239	0.0019102	0.0053191	0.0032017	0.0022305	0.0020619	0.0022857	0.00369	0.0017422	0.0	0.0013831	0.0	0.0011474	
American Kestrel	0.0548896	0.0398698	0.0364964	0.0384615	0.0342857	0.0347594	0.0212947	0.0273179	0.0416058	0.0501548	0.0679868	0.0794208	0.0634603	0.071708	0.0572609	0.0406339	0.0303913	0.0371567	0.0359589	0.0354497	0.044	0.0420354	0.0436941	0.043398	0.0432099	0.045134	0.0569231	0.030303	0.0244845	0.0405063	0.0272021	0.0510204	0.0674157	0.0731183	0.1708333	0.0718722	0.0830946	0.0776596	0.0640342	0.0267658	0.0278351	0.0274286	0.0221402	0.0383275	0.0311231	0.0414938	0.0338798	0.0522088	
Merlin	0.0157729	0.0162734	0.020073	0.0188934	0.02	0.0127005	0.0097956	0.0124172	0.0109489	0.0111455	0.0165017	0.0078982	0.004676	0.0084746	0.0106257	0.0085331	0.0029142	0.0024233	0.0011416	0.0	0.0	0.0	0.0	0.0	0.0	0.0	0.0	9.47E-4	0.0012887	0.0015	0.0090674	0.0133438	0.0439224	0.0763441	0.1145833	0.0505768	0.0639924	0.0659574	0.058698	0.0587361	0.0443299	0.0411429	0.0442804	0.033101	0.0243572	0.0124481	0.0174863	0.0223752	
Gyrfalcon	0.0012618	0.0	0.0036496	0.0074224	0.0	6.684E-4	8.518E-4	0.0024834	0.0043796	0.003096	0.0013201	0.0	0.0	0.0	0.0	0.0	0.0	0.0	0.0	0.0	0.0	0.0	0.0	0.0	0.0	0.0	0.0	0.0	0.0	0.0	0.0	0.0	0.0	0.0	0.0	0.0	0.0	0.0	0.0	0.0	0.0010309	0.0091429	0.0	0.0015	0.0015	0.0	0.0	0.0015	
Peregrine Falcon	0.014511	0.0162734	0.024635	0.0222672	0.0161905	0.0180481	0.0089438	0.0231788	0.019708	0.022291	0.0224422	0.0232558	0.0140281	0.0149935	0.0106257	0.0109711	0.0074938	0.0109047	0.0114155	0.0132275	0.013	0.0143805	0.0059583	0.0267775	0.0209877	0.0155148	0.0153846	0.0113636	0.0115979	0.0101266	0.0142487	0.0141287	0.0265577	0.044086	0.0541667	0.0239574	0.0391595	0.0457447	0.036286	0.0223048	0.0247423	0.0262857	0.0123001	0.011324	0.0135318	0.0055325	0.0120219	0.0258176	
large falcon sp.	0.0	0.0	0.0	0.0	0.0	6.684E-4	0.0	0.0	0.0	0.0	0.0	0.0	0.0	0.0	0.0	0.0	0.0	0.0	0.0	0.0	0.0	0.0	0.0	0.0	0.0	0.0	0.0	0.0	0.0	0.0	0.0	0.0	0.0	0.0	0.0	0.0	0.0	0.0	0.0	0.0	0.0	0.0	0.0	0.0	0.0	0.0	0.0	0.0	
small falcon sp.	0.0	0.0	0.0	0.0	0.0	0.0	0.0	0.0	0.0	0.0	0.0	0.0	0.0	0.0	0.0	0.0	0.0	0.0	0.0	0.0	0.001	0.0	0.0	0.0	0.0	0.0	0.0	0.0	0.0	0.0	0.0	0.0	0.0	0.0	0.0	0.0	0.0	0.0	0.0	7.435E-4	0.0015	0.0	0.0	0.0	0.0	0.0	0.0	0.0	
falcon sp.	0.0	0.0	0.0	0.0033738	0.0057143	0.0	4.259E-4	0.0	0.0	0.0	6.601E-4	4.388E-4	0.0	0.0032595	5.903E-4	4.063E-4	0.0	0.0	0.0015	0.0	0.0	0.0	0.0019861	9.234E-4	0.0	0.0	0.0	0.0	0.0	0.0015	0.0012953	7.849E-4	0.0061287	0.0053763	0.00625	0.0026619	0.0047755	0.006383	0.0021345	0.004461	0.0030928	0.0015	0.00369	0.0	0.0040595	0.0	0.0	5.737E-4	
diurnal raptor sp.	0.0	0.0	9.124E-4	6.748E-4	0.0	0.0013369	8.518E-4	0.0	0.0	6.192E-4	0.0	0.0013164	0.0	6.519E-4	0.0011806	0.0	8.326E-4	0.0	5.708E-4	0.0	0.0	0.0011062	0.0	0.0015	0.0	0.0	0.0030769	0.0	0.0	0.0	0.0015	7.849E-4	0.0030644	0.0010753	0.003125	8.873E-4	9.551E-4	0.0021277	0.0032017	0.0052045	0.0010309	0.0045714	0.00369	8.711E-4	0.0	0.0	0.0	0.0011474	
Olive-sided Flycatcher	0.0	0.0	0.0	0.0	0.0	0.0	0.0	0.0	0.0	0.0	0.0	0.0	0.0	0.0	0.0	0.0	8.326E-4	0.0036349	0.0114155	0.0031746	0.004	0.0	0.0015	0.0	0.0	0.0	0.0	0.0	0.0	0.0025316	0.003886	0.0062794	0.0091931	0.0193548	0.0104167	8.873E-4	0.0	0.0	0.0	0.0	0.0	0.0	0.0	0.0	0.0	0.0	0.0	0.0	
Eastern Wood-Pewee	0.0	0.0	0.0	0.0	0.0	0.0	0.0	0.0	0.0	0.0	0.0	0.0	0.0	0.0	0.0	8.127E-4	0.0124896	0.1134895	0.3321918	0.3587302	0.371	0.2688053	0.2720953	0.2714681	0.2851852	0.2623413	0.2338462	0.250947	0.2255155	0.2303797	0.2823834	0.389325	0.3850868	0.3301075	0.2854167	0.18811	0.0706781	0.0202128	0.0010672	7.435E-4	0.0	0.0	0.0	0.0	0.0	0.0	0.0	0.0	
Yellow-bellied Flycatcher	0.0	0.0	0.0	0.0	0.0	0.0	0.0	0.0	0.0	0.0	0.0	0.0	0.0	0.0	0.0	0.0	0.0	4.039E-4	0.0045662	0.0047619	0.0	0.0	0.0	0.0	0.0	0.0	0.0	0.0	0.0	0.0	0.003886	0.0070644	0.0143003	0.0107527	0.0072917	0.0053239	9.551E-4	0.0	0.0	0.0	0.0	0.0	0.0	0.0	0.0	0.0	0.0	0.0	
Acadian Flycatcher	0.0	0.0	0.0	0.0	0.0	0.0	0.0	0.0	0.0	0.0	0.0	0.0	0.0	0.0	0.0	0.0	0.0037469	0.016559	0.0530822	0.0375661	0.017	0.0044248	0.0119166	0.0156971	0.0098765	0.0084626	0.0030769	0.0028409	0.0	0.0050633	0.0012953	0.0023548	0.0020429	0.0032258	0.0020833	8.873E-4	0.0	0.0	0.0	0.0	0.0	0.0	0.0	0.0	0.0	0.0	0.0	0.0	
Alder Flycatcher	0.0	0.0	0.0	0.0	0.0	0.0	0.0	0.0	0.0	0.0	0.0	0.0	0.0	0.0	0.0	0.0	0.0	0.0012116	0.0171233	0.0190476	0.009	0.0044248	0.0039722	0.0036934	0.0	0.0	0.0	0.0	0.0	0.0	0.0	0.0	0.0010215	0.0	0.0	0.0	0.0	0.0	0.0	0.0	0.0	0.0	0.0	0.0	0.0	0.0	0.0	0.0	
Willow Flycatcher	0.0	0.0	0.0	0.0	0.0	0.0	0.0	0.0	0.0	0.0	0.0	0.0	0.0	0.0	0.0	4.063E-4	8.326E-4	0.0222132	0.0530822	0.1148148	0.112	0.090708	0.0714995	0.0461681	0.045679	0.0564175	0.0815385	0.0625	0.0283505	0.0240506	0.0103627	0.0180534	0.0071502	0.0053763	0.00625	8.873E-4	0.0	0.0	0.0	0.0	0.0	0.0	0.0	0.0	0.0	0.0	0.0	0.0	
Alder/Willow Flycatcher (Traill's Flycatcher)	0.0	0.0	0.0	0.0	0.0	0.0	0.0	0.0	0.0	0.0	0.0	0.0	0.0	0.0	0.0	0.0	0.0	0.0012116	0.0057078	0.0037037	0.006	0.005531	0.0019861	0.0083102	0.008642	0.0014104	0.0046154	0.0028409	0.003866	0.0050633	0.003886	0.0117739	0.0122574	0.0107527	0.0145833	0.0035492	9.551E-4	0.0	0.0	0.0	0.0	0.0	0.0	0.0	0.0	0.0	0.0	0.0	
Least Flycatcher	0.0	0.0	0.0	0.0	0.0	0.0	0.0	0.0	0.0	0.0	0.0	0.0	0.0	0.0	0.0011806	0.0040634	0.0258118	0.0391761	0.0325342	0.0063492	0.0	0.0022124	0.0015	9.234E-4	0.0	0.0	0.0	9.47E-4	0.0012887	0.0037975	0.0181347	0.0306122	0.0469867	0.0344086	0.0364583	0.0124224	0.008596	0.0010638	0.0	0.0	0.0	0.0	0.0	0.0	0.0	0.0	0.0	0.0	
Hammond's Flycatcher	0.0	0.0	0.0	0.0	0.0	0.0	0.0	0.0	0.0	0.0	0.0	0.0	0.0	0.0	0.0	0.0	0.0	0.0	0.0	0.0	0.0	0.0	0.0	0.0	0.0	0.0	0.0	0.0	0.0	0.0	0.0	0.0	0.0	0.0	0.0	0.0	0.0	0.0	0.0	0.0	0.0	0.0	0.0015	0.0015	0.0081191	0.0015	0.0015	0.0	
Empidonax sp.	0.0	0.0	0.0	0.0	0.0	0.0	0.0	0.0	0.0	0.0	0.0	0.0	0.0	0.0	0.0	0.0	0.0037469	0.0052504	0.0097032	0.0026455	0.002	0.0	0.0029791	0.0027701	0.0024691	0.0014104	0.0061538	9.47E-4	0.0012887	0.0025316	0.0090674	0.0211931	0.0255363	0.0193548	0.0197917	0.014197	0.0095511	0.0	0.0021345	7.435E-4	0.0	0.0	0.0	0.0	0.0	0.0	0.0	0.0	
Eastern Phoebe	0.0031546	8.137E-4	0.0	0.0026991	0.0047619	0.0040107	0.0025554	0.0049669	0.0116788	0.0427245	0.1557756	0.3005704	0.3573814	0.3435463	0.283353	0.3002844	0.2785179	0.2714055	0.2642694	0.1931217	0.195	0.199115	0.2005958	0.2049861	0.2135802	0.1706629	0.1615385	0.155303	0.1108247	0.1265823	0.1256477	0.1766091	0.1787538	0.2064516	0.3052083	0.3620231	0.3896848	0.306383	0.2379936	0.1100372	0.0319588	0.0114286	0.00123	0.0043554	0.0	0.0013831	0.0010929	0.0017212	
Say's Phoebe	0.0	0.0	0.0	0.0	0.0	0.0	0.0	0.0	0.0	0.0	0.0	0.0	0.0	0.0	0.0	0.0	0.0	0.0	0.0	0.0	0.0	0.0	0.0	0.0	0.0	0.0	0.0	0.0	0.0	0.0	0.0	0.0	0.0	0.0268817	0.0	0.0	0.0	0.0	0.0	0.0	0.0	0.0	0.0	0.0	0.0	0.0	0.0	0.0	
Ash-throated Flycatcher	0.0	0.0	0.0	0.0	0.0	0.0	0.0	0.0	0.0	0.0	0.0	0.0	0.0	0.0	0.0	0.0	0.0	0.0	0.0	0.0	0.0	0.0	0.0	0.0	0.0	0.0	0.0	0.0	0.0	0.0	0.0	0.0	0.0	0.0	0.0	0.0	0.0	0.0	0.0	0.0	0.0	0.0	0.0	8.711E-4	0.0	0.0	0.0	0.0	
Great Crested Flycatcher	0.0	0.0	0.0	0.0	0.0	0.0	0.0	0.0	0.0	0.0	0.0	0.0	0.0	0.0	0.0015	0.0410402	0.1915071	0.2936187	0.3961187	0.3322751	0.324	0.1980088	0.1906653	0.1874423	0.1654321	0.1466855	0.1153846	0.1060606	0.0786082	0.0772152	0.0803109	0.1067504	0.0806946	0.0430108	0.0302083	0.0062112	0.0019102	0.0	0.0	0.0	0.0	0.0	0.0	0.0	0.0	0.0	0.0	0.0	
Western Kingbird	0.0050473	0.0	0.0	0.0	0.0	0.0	0.0	0.0	0.0	0.0	0.0	0.0	0.0	0.0	0.0	0.0	0.0	0.0	0.0	0.0	0.0	0.0	0.0	0.0	0.0	0.0	0.0	0.0	0.0	0.0	0.0	0.0	0.0	0.0	0.0	0.0	0.0	0.0	0.0117396	0.0074349	0.0278351	0.0057143	0.00492	0.0148084	0.0067659	0.0055325	0.0010929	0.0011474	
Eastern Kingbird	0.0	0.0	0.0	0.0	0.0	0.0	0.0	0.0	0.0	0.0	0.0	0.0	0.0	0.0	0.0029516	0.0451036	0.113239	0.1748788	0.2226027	0.1968254	0.195	0.1803097	0.1519364	0.1477378	0.1567901	0.212976	0.2138462	0.2263258	0.2615979	0.2291139	0.1787565	0.0934066	0.0398366	0.0150538	0.0041667	0.0	9.551E-4	0.0	0.0	0.0	0.0	0.0	0.0	0.0	0.0	0.0	0.0	0.0	
new world flycatcher sp.	0.0	0.0	0.0	0.0	0.0	0.0	0.0	0.0	0.0	0.0	6.601E-4	0.0	0.0	0.0	5.903E-4	0.0	0.0	4.039E-4	0.0	0.0	0.0	0.0	0.0	9.234E-4	0.0	0.0	0.0	0.0018939	0.0	0.0	0.0	0.0015699	0.0	0.0	0.0	8.873E-4	0.0	0.0	0.0	7.435E-4	0.0	0.0	0.0	0.0	0.0	0.0	0.0	0.0	
White-eyed Vireo	0.0	0.0	0.0	0.0	0.0	0.0	0.0	0.0	0.0	0.0	0.0	0.0	0.0	0.0	0.0029516	0.0016254	0.0162365	0.0181745	0.015411	0.010582	0.007	0.0077434	0.0059583	0.0073869	0.0061728	0.0042313	0.0015385	0.0028409	0.0012887	0.0015	0.0	0.0	0.0	0.0	0.0	8.873E-4	0.0019102	0.0	0.0	0.0	0.0	0.0	0.0	0.0	0.0	0.0	0.0	0.0	
Yellow-throated Vireo	0.0	0.0	0.0	0.0	0.0	0.0	0.0	0.0	0.0	0.0	0.0	0.0	0.0	0.0	0.0	0.0316944	0.0832639	0.1102585	0.1067352	0.0656085	0.046	0.0365044	0.0238332	0.023084	0.0111111	0.0169252	0.0153846	0.0066288	0.0051546	0.0113924	0.0103627	0.0313972	0.0326864	0.0494624	0.0385417	0.0168589	0.0047755	0.0010638	0.0010672	0.0	0.0	0.0	0.0	0.0	0.0	0.0	0.0	0.0	
Blue-headed Vireo	0.0	0.0	0.0	0.0	0.0	0.0	0.0	0.0	0.0	0.0	0.0	0.0	0.002004	0.0078227	0.0466352	0.0999594	0.113239	0.0634087	0.0262557	0.0058201	0.0	0.0022124	9.93E-4	0.0	0.0012346	0.0	0.0	0.0	0.0	0.0025316	0.0	0.0039246	0.0102145	0.0172043	0.0885417	0.1419698	0.1700096	0.1659574	0.135539	0.0527881	0.0092784	0.0022857	0.0015	0.0	0.0	0.0	0.0	0.0	
Philadelphia Vireo	0.0	0.0	0.0	0.0	0.0	0.0	0.0	0.0	0.0	0.0	0.0	0.0	0.0	0.0	0.0	0.0	4.163E-4	0.0016155	0.0011416	5.291E-4	0.0	0.0	0.0	0.0	0.0	0.0	0.0	0.0	0.0	0.0	0.0	0.0094192	0.0286006	0.0537634	0.1072917	0.0372671	0.0066858	0.0	0.0	0.0	0.0	0.0	0.0	0.0	0.0	0.0	0.0	0.0	
Eastern Warbling Vireo	0.0	0.0	0.0	0.0	0.0	0.0	0.0	0.0	0.0	0.0	0.0	0.0	0.0	0.0	5.903E-4	0.1101178	0.195254	0.2132472	0.2688356	0.2296296	0.216	0.1714602	0.1509434	0.1468144	0.145679	0.1212976	0.1107692	0.0833333	0.0425258	0.0202532	0.0181347	0.0572998	0.0868233	0.0612903	0.0427083	0.0088731	0.0047755	0.0	0.0	7.435E-4	0.0	0.0	0.0	0.0	0.0	0.0	0.0	0.0	
Philadelphia/Eastern Warbling Vireo	0.0	0.0	0.0	0.0	0.0	0.0	0.0	0.0	0.0	0.0	0.0	0.0	0.0	0.0	0.0	0.0	0.0	0.0	0.0	0.0	0.0	0.0	0.0	0.0	0.0	0.0	0.0	0.0	0.0	0.0	0.0	7.849E-4	0.0	0.0010753	0.0	0.0	0.0	0.0	0.0	0.0	0.0	0.0	0.0	0.0	0.0	0.0	0.0	0.0	
Red-eyed Vireo	0.0	0.0	0.0	0.0	0.0	0.0	0.0	0.0	0.0	0.0	0.0	0.0	0.0	0.0	5.903E-4	0.0174726	0.1378018	0.312601	0.428653	0.3835979	0.339	0.2588496	0.3108242	0.3462604	0.2790123	0.2327221	0.2	0.1486742	0.1134021	0.1037975	0.1632124	0.255887	0.2819203	0.3064516	0.36875	0.2324756	0.1031519	0.0234043	0.0106724	0.0	0.0	0.0	0.0	0.0	0.0	0.0	0.0	0.0	
vireo sp.	0.0	0.0	0.0	0.0	0.0	0.0	0.0	0.0	0.0	0.0	0.0	0.0	0.0	0.0	0.0	0.0	4.163E-4	0.0	0.0	0.0	0.0	0.0	0.0	0.0	0.0	0.0	0.0	0.0	0.0	0.0	0.0015	7.849E-4	0.0	0.0	0.0	0.0	0.0	0.0	0.0	0.0	0.0	0.0	0.0	0.0	0.0	0.0	0.0	0.0	
Northern Shrike	0.0018927	0.0	0.0	6.748E-4	0.0015	0.0053476	4.259E-4	0.0	0.0015	0.0012384	0.0	0.0	0.0	0.0	0.0	0.0	0.0	0.0	0.0	0.0	0.0	0.0	0.0	0.0	0.0	0.0	0.0	0.0	0.0	0.0	0.0	0.0	0.0	0.0	0.0	0.0	0.0	0.0	0.0	0.0	0.0010309	0.0091429	0.0209102	0.011324	0.0257104	0.0069156	0.0076503	0.0017212	
Blue Jay	0.2681388	0.2538649	0.2664234	0.2449393	0.26	0.302139	0.2857751	0.2839404	0.2970803	0.3083591	0.3260726	0.36595	0.3373413	0.4080834	0.4622196	0.609102	0.6207327	0.5351373	0.5565068	0.478836	0.499	0.4369469	0.4528302	0.4607572	0.4753086	0.4724965	0.4707692	0.46875	0.4342784	0.435443	0.484456	0.5596546	0.6445352	0.711828	0.8052083	0.7710736	0.7459408	0.6861702	0.6083244	0.5085502	0.4164948	0.3794286	0.3862239	0.391115	0.3464141	0.3582296	0.3125683	0.3138267	
American Crow	0.4271293	0.4141579	0.4607664	0.428475	0.4685714	0.4545455	0.4080068	0.5182119	0.5051095	0.4959752	0.5194719	0.4910048	0.4455578	0.4322034	0.431523	0.4465664	0.4733555	0.4386107	0.4577626	0.4079365	0.441	0.3949115	0.3853029	0.3933518	0.4111111	0.3610719	0.3815385	0.3655303	0.3324742	0.3367089	0.3445596	0.3924647	0.4116445	0.4473118	0.5010417	0.4897959	0.5090735	0.4755319	0.547492	0.5360595	0.5360825	0.5085714	0.5055351	0.533101	0.4857916	0.4868603	0.4513661	0.4606999	
Fish Crow	0.0927445	0.098454	0.064781	0.0728745	0.092381	0.0748663	0.0583475	0.1283113	0.1408759	0.1399381	0.1636964	0.2066696	0.2010688	0.2301173	0.2125148	0.1889476	0.1498751	0.1199515	0.1318493	0.115873	0.14	0.1216814	0.1191658	0.1144968	0.1530864	0.1875882	0.1507692	0.1515152	0.117268	0.1113924	0.0841969	0.0729984	0.0888662	0.0666667	0.0479167	0.0559006	0.069723	0.0489362	0.1013874	0.0684015	0.085567	0.0857143	0.098401	0.1184669	0.1082544	0.0982019	0.0819672	0.0969593	
American/Fish Crow	0.0012618	0.002441	0.0015	0.0015	0.0028571	0.006016	0.0034072	0.0049669	7.299E-4	0.0037152	6.601E-4	4.388E-4	0.0	0.0	0.0	0.0	0.0	0.0	0.0	0.0	0.0	0.0	0.0	0.0	0.0	0.0	0.0	0.0	0.0	0.0012658	0.0	0.0	0.0	0.0	0.0	0.0	0.0	0.0	0.0	0.0	0.0	0.0	0.0	0.0	0.0	0.0	0.0015	0.0	
crow sp.	0.0435331	0.0374288	0.0355839	0.0323887	0.0238095	0.0414439	0.0293867	0.0430464	0.0321168	0.0365325	0.0376238	0.0364195	0.0267201	0.0378096	0.0430933	0.0422592	0.0283097	0.0242326	0.0291096	0.0322751	0.029	0.0287611	0.0268123	0.0203139	0.0234568	0.0253879	0.0261538	0.0227273	0.0296392	0.0278481	0.0362694	0.0376766	0.0337079	0.0150538	0.03125	0.0275067	0.0210124	0.0170213	0.0245464	0.0401487	0.042268	0.04	0.0516605	0.0487805	0.0365359	0.0373444	0.0338798	0.0430293	
Common Raven	0.0460568	0.0439382	0.044708	0.0499325	0.0457143	0.0354278	0.0289608	0.0455298	0.0474453	0.0470588	0.0528053	0.0447565	0.0427522	0.0449804	0.05549	0.049167	0.0457952	0.0403877	0.0542237	0.0449735	0.037	0.0331858	0.0347567	0.0387812	0.0407407	0.0507757	0.0507692	0.03125	0.0347938	0.0341772	0.0621762	0.0800628	0.1001021	0.1236559	0.1895833	0.1295475	0.1012416	0.1170213	0.1237994	0.1078067	0.1226804	0.1085714	0.0762608	0.0749129	0.0419486	0.0276625	0.0448087	0.0499139	
crow/raven sp.	0.0	0.0	0.0015	6.748E-4	0.0	0.0	0.0	0.0	0.0	0.0	0.0	0.0	0.0	0.0	0.0	0.0	0.0	0.0	0.0	0.0	0.0	0.0	0.0	0.0	0.0	0.0	0.0	0.0	0.0	0.0	0.0	0.0	0.0	0.0	0.0	0.0	0.0	0.0	0.0	0.0	0.0	0.0	0.0	0.0	0.0	0.0	0.0	0.0	
Carolina Chickadee	0.0132492	0.0089504	0.0082117	0.0148448	0.0142857	0.0180481	0.0110733	0.0173841	0.0131387	0.0154799	0.019802	0.0136025	0.0200401	0.0169492	0.0253837	0.0203169	0.0145712	0.0105008	0.0085616	0.0116402	0.014	0.0033186	0.0099305	0.0073869	0.017284	0.0056417	0.0046154	0.0123106	0.007732	0.0101266	0.0090674	0.0086342	0.0153218	0.016129	0.015625	0.0195209	0.0229226	0.0138298	0.0170758	0.0118959	0.0164948	0.0137143	0.0073801	0.0174216	0.0040595	0.0096819	0.0196721	0.0143431	
Black-capped Chickadee	0.1987382	0.1912124	0.2153285	0.2152497	0.2142857	0.2606952	0.258092	0.1862583	0.1773723	0.1814241	0.1927393	0.1886792	0.1750167	0.1760104	0.2001181	0.1921983	0.1648626	0.1542811	0.1501142	0.1010582	0.103	0.0984513	0.1032771	0.11265	0.1358025	0.1170663	0.12	0.1013258	0.1056701	0.1151899	0.1088083	0.1821036	0.2257406	0.2344086	0.2927083	0.2369122	0.2445081	0.256383	0.2241195	0.2252788	0.2463918	0.256	0.2718327	0.2534843	0.2354533	0.2254495	0.2196721	0.2271945	
Carolina/Black-capped Chickadee	0.1028391	0.1139138	0.1350365	0.097166	0.1085714	0.1022727	0.0949744	0.0885762	0.079562	0.0978328	0.1075908	0.1180342	0.1342685	0.1571056	0.1552538	0.1865095	0.1611157	0.118336	0.1124429	0.068254	0.078	0.0630531	0.0585899	0.0627886	0.0925926	0.0959097	0.0923077	0.1051136	0.0889175	0.0708861	0.1282383	0.1624804	0.1787538	0.188172	0.2395833	0.2315883	0.2091691	0.1744681	0.2017076	0.1776952	0.1381443	0.1165714	0.1414514	0.1472125	0.1136671	0.1023513	0.1027322	0.1388411	
chickadee sp.	0.0	0.002441	0.0	0.0	0.0	6.684E-4	0.0021295	0.0	0.0	0.0	0.0	0.0	0.0	0.0	5.903E-4	4.063E-4	0.0	0.0015	0.0	5.291E-4	0.0	0.0	0.0	9.234E-4	0.0	0.0	0.0015	0.0	0.0	0.0	0.0	0.0	0.0	0.0	0.0	0.0	0.0	0.0	0.0021345	0.001487	0.0	0.0015	0.0	8.711E-4	0.0	0.0013831	0.0	0.0	
Tufted Titmouse	0.281388	0.2717657	0.3020073	0.2995951	0.3495238	0.3449198	0.3475298	0.3162252	0.3145985	0.3287926	0.3478548	0.3773585	0.3881096	0.4146023	0.4781582	0.5062983	0.4587843	0.4168013	0.408105	0.3121693	0.325	0.3075221	0.2929494	0.3139428	0.3567901	0.3060649	0.3	0.280303	0.2203608	0.2278481	0.2525907	0.3155416	0.3564862	0.3870968	0.4197917	0.4090506	0.4393505	0.4042553	0.398079	0.3628253	0.2948454	0.2868571	0.3653137	0.3484321	0.3396482	0.362379	0.3256831	0.3459552	
Horned Lark	0.0429022	0.0366151	0.0821168	0.0802969	0.0790476	0.0568182	0.0353492	0.0364238	0.0408759	0.0241486	0.0283828	0.0179903	0.008016	0.0104302	0.0076741	0.0089395	0.0083264	0.0169628	0.010274	0.0111111	0.009	0.0088496	0.0139027	0.0083102	0.0098765	0.0112835	0.0061538	0.0085227	0.0206186	0.0126582	0.011658	0.0117739	0.0143003	0.0139785	0.0072917	0.011535	0.008596	0.012766	0.018143	0.0156134	0.0309278	0.0262857	0.0332103	0.0209059	0.0162382	0.0290456	0.0601093	0.0458979	
Bank Swallow	0.0	0.0	0.0	0.0	0.0	0.0	0.0	0.0	0.0	0.0	0.0	0.0	0.001336	0.0026076	0.0076741	0.0130028	0.0174854	0.0218094	0.0188356	0.0216931	0.015	0.0066372	0.0079444	0.0073869	0.0061728	0.0239774	0.0215385	0.0340909	0.0502577	0.0810127	0.0634715	0.0565149	0.0633299	0.0107527	0.003125	0.0044366	0.0028653	0.0	0.0	0.0	0.0	0.0	0.0	0.0	0.0	0.0	0.0	0.0	
Tree Swallow	0.0	0.0	0.0	0.0	0.0	0.0	0.0	0.0	0.0036496	0.019195	0.0640264	0.1443616	0.245825	0.3089961	0.3329398	0.3758635	0.3855121	0.365105	0.3789954	0.3312169	0.341	0.3097345	0.2681231	0.2474608	0.2024691	0.1946403	0.1646154	0.1647727	0.1765464	0.2341772	0.2266839	0.255887	0.2124617	0.1430108	0.165625	0.1295475	0.1489971	0.112766	0.0960512	0.0223048	0.0020619	0.0022857	0.0	0.0	0.0	0.0	0.0	0.0	
Purple Martin	0.0	0.0	0.0	0.0	0.0	0.0	0.0	0.0	0.0	0.0	0.0	0.0035103	0.012024	0.0247718	0.0318772	0.0195043	0.0283097	0.0274637	0.0405251	0.0280423	0.02	0.0132743	0.0228401	0.0193906	0.0259259	0.0197461	0.0169231	0.0445076	0.0360825	0.0227848	0.0207254	0.0125589	0.0051073	0.0015	0.0020833	0.0015	0.0	0.0	0.0	0.0	0.0	0.0	0.0	0.0	0.0	0.0	0.0	0.0	
Northern Rough-winged Swallow	0.0	0.0	0.0	0.0	0.0	0.0	0.0	0.0	0.0	0.0	0.0019802	0.0241334	0.0868403	0.1518905	0.2107438	0.2555872	0.2422981	0.2253635	0.2049087	0.1661376	0.145	0.1692478	0.1300894	0.1606648	0.1320988	0.1410437	0.1061538	0.1306818	0.128866	0.1063291	0.0841969	0.0910518	0.0684372	0.0494624	0.0291667	0.0319432	0.0305635	0.0117021	0.0042689	0.0022305	0.0	0.0	0.0	0.0	0.0	0.0	0.0	0.0	
Barn Swallow	0.0	0.0	0.0	0.0	0.0	0.0	0.0	0.0	0.0	0.0	0.0	0.0035103	0.0267201	0.0573664	0.1322314	0.1982934	0.3118235	0.3235057	0.3333333	0.3306878	0.3	0.295354	0.2730884	0.2797784	0.3135802	0.3667137	0.3738462	0.405303	0.4278351	0.4151899	0.373057	0.2747253	0.1491318	0.055914	0.025	0.0150843	0.0114613	0.0010638	0.0021345	0.0	0.0	0.0	0.0	0.0	0.0	0.0	0.0	0.0	
Cliff Swallow	0.0	0.0	0.0	0.0	0.0	0.0	0.0	0.0	0.0	0.0	0.0	0.0	0.0	0.0026076	0.0011806	0.0040634	0.0079101	0.0048465	0.0045662	0.0031746	0.001	0.0011062	0.0019861	9.234E-4	0.0037037	0.0014104	0.0030769	0.0047348	0.0115979	0.0278481	0.0401554	0.0353218	0.0306435	0.011828	0.0020833	0.0017746	0.0	0.0	0.0	0.0	0.0	0.0	0.0	0.0	0.0	0.0	0.0	0.0	
Cave Swallow	0.0	0.0	0.0	0.0	0.0	0.0	0.0	0.0	0.0	0.0	0.0	0.0	0.0	0.0	0.0	0.0	0.0	0.0	0.0	0.0	0.0	0.0	0.0	0.0	0.0	0.0	0.0	0.0	0.0	0.0	0.0	0.0	0.0	0.0	0.0	0.0	0.0	0.0	0.0	7.435E-4	0.0	0.0	0.0	0.0	0.0	0.0	0.0	0.0	
swallow sp.	0.0	0.0	0.0	0.0	0.0	0.0	0.0	0.0	0.0	0.0	0.0	0.0021939	0.00334	0.0052151	0.0064935	0.0097521	0.0066611	0.003231	0.0091324	0.0042328	0.007	0.0022124	0.0079444	0.0055402	0.0098765	0.0084626	0.0169231	0.0104167	0.0141753	0.0227848	0.0427461	0.0400314	0.0306435	0.0172043	0.0083333	0.014197	0.0076409	0.0031915	0.0	7.435E-4	0.0	0.0	0.0	0.0	0.0	0.0	0.0	0.0	
Ruby-crowned Kinglet	0.0321767	0.0244101	0.0109489	0.0188934	0.0180952	0.0187166	0.0110733	0.0190397	0.019708	0.022291	0.029703	0.0359807	0.0547762	0.1590613	0.2491145	0.1986997	0.1190674	0.0496769	0.0074201	0.0010582	0.0	0.0	0.0	0.0	0.0	0.0	0.0	0.0	0.0	0.0	0.0012953	7.849E-4	0.0020429	0.0064516	0.1	0.1322094	0.2445081	0.3191489	0.3906083	0.2817844	0.1226804	0.064	0.0282903	0.0409408	0.0270636	0.0262794	0.0349727	0.0504877	
Golden-crowned Kinglet	0.0656151	0.0537022	0.0465328	0.0438596	0.0542857	0.0347594	0.011925	0.031457	0.0233577	0.028483	0.049505	0.078982	0.1155645	0.065189	0.014758	0.0060951	0.0029142	0.0016155	0.0	0.0	0.0	0.0	0.0	0.0	0.0	0.0	0.0	0.0	0.0	0.0	0.0	0.0	0.0020429	0.0	0.003125	0.0177462	0.1461318	0.1925532	0.2134472	0.1881041	0.1278351	0.0857143	0.0799508	0.0749129	0.0703654	0.0511757	0.0677596	0.1015491	
Ruby-crowned/Golden-crowned Kinglet	0.0	8.137E-4	9.124E-4	0.0	9.524E-4	0.0	0.0	8.278E-4	0.0	0.0	6.601E-4	4.388E-4	0.0	0.0015	0.0	4.063E-4	0.0	0.0	0.0	0.0	0.0	0.0	0.0	0.0	0.0	0.0	0.0	0.0	0.0	0.0	0.0	0.0	0.0	0.0	0.0	8.873E-4	9.551E-4	0.0010638	0.0015	0.002974	0.0020619	0.0011429	0.0	0.0015	0.0	0.0	0.0010929	5.737E-4	
White-breasted Nuthatch	0.3230284	0.3091945	0.3074818	0.2968961	0.3161905	0.3442513	0.3326235	0.3062914	0.2525547	0.2724458	0.3194719	0.2970601	0.2832331	0.2868318	0.3004723	0.3482324	0.3022481	0.2487884	0.2522831	0.1941799	0.211	0.2134956	0.2343595	0.2908587	0.2950617	0.2665726	0.2461538	0.2405303	0.2036082	0.2278481	0.2629534	0.3563579	0.3758938	0.4182796	0.471875	0.4658385	0.4756447	0.4510638	0.4236926	0.3858736	0.3556701	0.3428571	0.403444	0.3954704	0.3518268	0.3858921	0.3355191	0.3580034	
Red-breasted Nuthatch	0.0246057	0.0195281	0.0228102	0.0209177	0.0228571	0.019385	0.0310903	0.0248344	0.0262774	0.0204334	0.0191419	0.0149188	0.00668	0.0045632	0.0094451	0.0105648	0.011657	0.0052504	0.0011416	5.291E-4	0.0	0.0	0.0	9.234E-4	0.0049383	0.0	0.0	0.0	0.0012887	0.0050633	0.0025907	0.0259027	0.0602656	0.0505376	0.1010417	0.0621118	0.0534862	0.0531915	0.0554963	0.0319703	0.0216495	0.0422857	0.0209102	0.0191638	0.02977	0.0318119	0.0360656	0.0275387	
Brown Creeper	0.0416404	0.0520749	0.0374088	0.0384615	0.0485714	0.0407754	0.0327939	0.0256623	0.0321168	0.0266254	0.0257426	0.0289601	0.0360721	0.029987	0.0141677	0.0032507	0.0029142	0.0028271	0.0057078	0.0021164	0.0	0.0	9.93E-4	9.234E-4	0.0	0.0014104	0.0	9.47E-4	0.0	0.0	0.0012953	0.0	0.0020429	0.0010753	0.0104167	0.0266193	0.0429799	0.0382979	0.054429	0.0520446	0.0515464	0.0388571	0.0492005	0.0513937	0.0433018	0.0387275	0.0502732	0.0722892	
Blue-gray Gnatcatcher	6.309E-4	0.0	0.0	0.0	0.0	0.0	0.0	0.0	0.0	0.0	0.0	0.0	0.0153641	0.0788787	0.2125148	0.3230394	0.3238968	0.26979	0.255137	0.157672	0.129	0.0818584	0.0913605	0.0932595	0.0802469	0.0691114	0.0630769	0.0558712	0.0335052	0.0455696	0.0816062	0.0926217	0.0970378	0.0849462	0.0239583	0.0053239	0.0019102	0.0042553	0.0010672	0.001487	0.0010309	0.0	0.0	0.0	0.0013532	0.0	0.0	0.0	
Northern House Wren	0.0	8.137E-4	9.124E-4	0.0	0.0	0.0	0.0	0.0	0.0	6.192E-4	0.0	8.776E-4	0.0	0.0104302	0.1257379	0.3421373	0.4450458	0.407916	0.4046804	0.3698413	0.437	0.3838496	0.4061569	0.3711911	0.4345679	0.3991537	0.3523077	0.2528409	0.2023196	0.1291139	0.1554404	0.166405	0.2022472	0.2150538	0.2354167	0.1668146	0.1146132	0.0574468	0.0234792	0.005948	0.0010309	0.0	0.0	0.0	0.0027064	0.0015	0.0	0.0	
Winter Wren	0.0264984	0.0227828	0.0182482	0.0175439	0.0180952	0.0093583	0.0059625	0.0149007	0.0065693	0.0123839	0.0145215	0.01448	0.0233801	0.0019557	0.0053129	0.0048761	0.0029142	0.0028271	5.708E-4	0.0	0.0	0.0	9.93E-4	0.0	0.0012346	0.0	0.0	0.0	0.0	0.0	0.0	0.0015699	0.0010215	0.0	0.0104167	0.0275067	0.0296084	0.0414894	0.0490928	0.0275093	0.0402062	0.0331429	0.0442804	0.0383275	0.0135318	0.0290456	0.0284153	0.0453242	
Sedge Wren	0.0	0.0	9.124E-4	0.0	0.0	0.0	0.0	0.0	0.0	0.0	0.0	0.0	0.0	0.0	5.903E-4	0.0	0.0	0.0015	0.0	0.0015	0.0	0.0	0.0	0.0015	0.0	0.0	0.0	0.0	0.0	0.0	0.0	0.0	0.0	0.0	0.0	0.0	0.0	0.0042553	0.0010672	0.0	0.0010309	0.0011429	0.0	0.0	0.0	0.0	0.0	0.0015	
Marsh Wren	0.0	0.0	0.0	0.0	0.0	0.0	0.0	0.0	0.0	0.0	0.0	0.0	0.0	0.0	0.0053129	0.0020317	0.0016653	0.0016155	0.0	0.0	0.0	0.0	0.0	0.0	0.0012346	0.0	0.0	0.0	0.0012887	0.0	0.0	0.0	0.0020429	0.0	0.0020833	0.0062112	0.0047755	0.0074468	0.0085379	0.0	0.0015	0.0011429	0.0	0.0	0.0	0.0	0.0	5.737E-4	
Carolina Wren	0.2466877	0.261188	0.25	0.2483131	0.2580952	0.2627005	0.2159284	0.2557947	0.2357664	0.2569659	0.2785479	0.2768758	0.2965932	0.3494133	0.3890201	0.4185291	0.3609492	0.332391	0.3510274	0.2931217	0.345	0.2743363	0.2939424	0.3305633	0.3876543	0.3526093	0.3415385	0.344697	0.3273196	0.2759494	0.3406736	0.3751962	0.3871297	0.4021505	0.4270833	0.4134871	0.3982808	0.356383	0.3351121	0.3412639	0.328866	0.2948571	0.3161132	0.3283972	0.2949932	0.3070539	0.2863388	0.319564	
wren sp.	0.0	0.0	0.0	0.0	0.0	0.0	0.0	0.0	0.0	0.0	0.0	0.0	0.0	0.0	5.903E-4	0.0	0.0	0.0	0.0	0.0	0.0	0.0	0.0	0.0	0.0	0.0	0.0	0.0	0.0	0.0	0.0	7.849E-4	0.0	0.0	0.0	0.0	0.0	0.0	0.0	0.0	0.0	0.0	0.0	0.0	0.0	0.0	0.0	0.0	
European Starling	0.2864353	0.2530513	0.3083942	0.3110661	0.3142857	0.3435829	0.3202726	0.3518212	0.3583942	0.3578947	0.3669967	0.3861343	0.3426854	0.3904824	0.4356553	0.3949614	0.3726062	0.3727787	0.3755708	0.3931217	0.409	0.3960177	0.3823237	0.3397969	0.3901235	0.3836389	0.3538462	0.3494318	0.306701	0.3329114	0.3082902	0.3304553	0.340143	0.283871	0.3052083	0.3149956	0.3237822	0.2840426	0.2956243	0.3122677	0.3185567	0.304	0.3284133	0.3101045	0.2976996	0.2669433	0.2896175	0.2954676	
Gray Catbird	0.0025237	0.0016273	9.124E-4	0.0026991	0.0028571	0.0013369	0.0	0.0	0.0014599	0.0	6.601E-4	8.776E-4	0.004676	0.0032595	0.0230224	0.2848436	0.6465445	0.6583199	0.7111872	0.6402116	0.651	0.6570796	0.6305859	0.6565097	0.6839506	0.6191819	0.6261538	0.5899621	0.5528351	0.5012658	0.5207254	0.5635793	0.5801839	0.5698925	0.60625	0.581189	0.4680038	0.2787234	0.1408751	0.0431227	0.0134021	0.0137143	0.0098401	0.0078397	0.0040595	0.0055325	0.0043716	0.006311	
Brown Thrasher	0.0	0.0	0.0	0.0015	0.0	0.0	0.0	0.0	0.0	0.0	0.0013201	0.0136025	0.0394122	0.1121252	0.1493506	0.145063	0.1461282	0.141357	0.1409817	0.1253968	0.117	0.1349558	0.1122145	0.1061865	0.1123457	0.0803949	0.0553846	0.0435606	0.0167526	0.0177215	0.0246114	0.032967	0.0531154	0.0602151	0.075	0.0603372	0.0248329	0.0074468	0.0032017	0.0022305	0.0	0.0011429	0.0	8.711E-4	0.0	0.0015	0.0	0.0	
Northern Mockingbird	0.140694	0.1139138	0.1177007	0.1018893	0.1171429	0.1270053	0.1158433	0.1266556	0.1394161	0.1386997	0.1676568	0.1768319	0.1716767	0.1929596	0.2042503	0.2068265	0.1998335	0.1886107	0.1917808	0.1915344	0.244	0.2300885	0.2403178	0.2086796	0.2567901	0.2708039	0.24	0.2320076	0.181701	0.1670886	0.1813472	0.1695447	0.1695608	0.1268817	0.15	0.1730257	0.2234957	0.1978723	0.2294557	0.2148699	0.2082474	0.1737143	0.1672817	0.1672474	0.1529093	0.1479945	0.1311475	0.1520367	
Eastern Bluebird	0.1337539	0.1285598	0.1222628	0.120108	0.12	0.1183155	0.1060477	0.1639073	0.1656934	0.1801858	0.2118812	0.220272	0.2104208	0.1994785	0.2284534	0.243397	0.2023314	0.1978998	0.2009132	0.1645503	0.2	0.1725664	0.1608739	0.1578947	0.1716049	0.167842	0.1846154	0.1723485	0.1443299	0.1405063	0.1541451	0.1679749	0.1511747	0.1860215	0.1770833	0.1943212	0.2244508	0.2212766	0.2230523	0.2527881	0.2505155	0.2388571	0.2054121	0.2003484	0.1637348	0.1825726	0.1256831	0.1583477	
Mountain Bluebird	0.0	0.0	0.0	0.0	0.0	0.0	0.0	0.0	0.0	0.0	0.0	0.0	0.0	0.0	0.0	0.0	0.0	0.0	0.0	0.0	0.0	0.0	0.0	0.0	0.0	0.0	0.0	0.0	0.0	0.0	0.0	0.0	0.0	0.0	0.0	0.0	0.0	0.0	0.0	0.0	0.0546392	0.0	0.0	0.0	0.0	0.0	0.0	0.0	
Varied Thrush	0.0	0.0	0.0	0.0015	0.0	0.0	0.0034072	0.0107616	0.0182482	0.0068111	0.0	0.0	0.0	0.0	0.0	0.0	0.0	0.0	0.0	0.0	0.0	0.0	0.0	0.0	0.0	0.0	0.0	0.0	0.0	0.0	0.0	0.0	0.0	0.0	0.0	0.0	0.0	0.0	0.0	0.0	0.0	0.0	0.0	0.0	0.0	0.0	0.0	0.0	
Veery	0.0	0.0	0.0	0.0	0.0	0.0	0.0	0.0	0.0	0.0	0.0	0.0	0.0	0.0	0.0	0.0093458	0.0778518	0.1219709	0.1603881	0.0952381	0.068	0.0431416	0.0486594	0.056325	0.0407407	0.0296192	0.0169231	0.0075758	0.0025773	0.0050633	0.0103627	0.0164835	0.0265577	0.0150538	0.00625	0.0053239	9.551E-4	0.0	0.0	0.0	0.0	0.0	0.0	0.0	0.0	0.0	0.0	0.0	
Gray-cheeked Thrush	0.0	0.0	0.0	0.0	0.0	0.0	0.0	0.0	0.0	0.0	0.0	0.0	0.0	0.0	0.0	0.0	4.163E-4	0.003231	0.0148402	0.005291	0.0	0.0	0.0	0.0	0.0	0.0	0.0	0.0	0.0	0.0	0.0	0.0	0.0010215	0.0032258	0.0020833	0.0044366	0.0015	0.0053191	0.0	0.0	0.0	0.0	0.0	0.0	0.0	0.0	0.0	0.0	
Gray-cheeked/Bicknell's Thrush	0.0	0.0	0.0	0.0	0.0	0.0	0.0	0.0	0.0	0.0	0.0	0.0	0.0	0.0	0.0	0.0	0.0	0.0	5.708E-4	0.0010582	0.0	0.0	0.0	0.0	0.0	0.0	0.0	0.0	0.0	0.0	0.0	0.0	0.0	0.0	0.0	0.0	0.0	0.0	0.0	0.0	0.0	0.0	0.0	0.0	0.0	0.0	0.0	0.0	
Swainson's Thrush	0.0	0.0	0.0	0.0	0.0	0.0	0.0	0.0	0.0	0.0	0.0	0.0	0.0	0.0	0.0	8.127E-4	0.020816	0.0565428	0.0930365	0.0275132	0.002	0.0	0.0	0.0	0.0	0.0	0.0	0.0	0.0	0.0012658	0.0	7.849E-4	0.0091931	0.0430108	0.0552083	0.0585626	0.0334288	0.0287234	0.0117396	0.002974	0.0010309	0.0	0.0	0.0	0.0	0.0	0.0	0.0	
Hermit Thrush	0.0170347	0.0219691	0.0127737	0.0175439	0.0190476	0.0173797	0.008092	0.009106	0.0131387	0.006192	0.0125413	0.0118473	0.0394122	0.059322	0.0543093	0.0386022	0.0278934	0.026252	0.0159817	0.0058201	0.001	0.0011062	9.93E-4	0.0	0.0	0.0	0.0	0.0	0.0	0.0	0.0012953	0.0031397	0.0	0.0	0.0020833	0.0062112	0.0267431	0.0531915	0.0864461	0.0542751	0.0360825	0.0308571	0.0159902	0.0235192	0.0202977	0.0235131	0.0262295	0.0349971	
Catharus sp.	0.0	0.0	0.0	0.0	0.0	0.0	0.0	0.0	0.0	0.0	0.0	0.0	0.0	0.0	0.0	0.0	0.0	0.0	0.0	0.0	0.0	0.0	0.0	0.0	0.0	0.0	0.0	0.0	0.0	0.0	0.0	7.849E-4	0.0010215	0.0	0.0	0.0017746	0.0	0.0	0.0	0.0	0.0	0.0	0.0	0.0	0.0	0.0	0.0	0.0	
Wood Thrush	0.0	0.0	0.0	0.0	0.0	0.0	0.0	0.0	0.0	0.0	0.0	0.0	0.0	0.0	0.0011806	0.0922389	0.3384679	0.4006462	0.4326484	0.326455	0.323	0.2865044	0.3128103	0.3684211	0.3395062	0.3004231	0.2353846	0.1534091	0.0708763	0.0341772	0.0336788	0.0463108	0.0500511	0.0505376	0.08125	0.0381544	0.0015	0.0010638	0.0	0.0	0.0	0.0	0.0	0.0	0.0	0.0	0.0	0.0	
American Robin	0.1728707	0.1611066	0.1551095	0.1848853	0.1819048	0.1898396	0.1784497	0.285596	0.3576642	0.5244582	0.6224422	0.7033787	0.7181029	0.7646675	0.8122786	0.8090207	0.7972523	0.7451535	0.7631279	0.7455026	0.794	0.795354	0.7616683	0.7506925	0.8049383	0.7291961	0.7184615	0.6174242	0.5141753	0.4367089	0.3950777	0.4348509	0.3871297	0.3774194	0.4489583	0.5039929	0.5415473	0.487234	0.5229456	0.5226766	0.5113402	0.4251429	0.3259533	0.2926829	0.2341001	0.2130014	0.1748634	0.1876076	
thrush sp.	0.0	0.0	0.0	0.0	0.0	0.0	0.0015	0.0	7.299E-4	0.0	6.601E-4	0.0	0.0	0.0	0.0	4.063E-4	0.0016653	0.0012116	5.708E-4	5.291E-4	0.0	0.0033186	0.0	0.0	0.0	0.0	0.0	9.47E-4	0.0012887	0.0	0.0	7.849E-4	0.0010215	0.0043011	0.0020833	0.0026619	9.551E-4	0.0010638	0.0032017	0.0022305	0.0	0.0	0.0	0.0	0.0	0.0	0.0010929	5.737E-4	
Cedar Waxwing	0.0208202	0.0162734	0.0191606	0.0155196	0.0104762	0.0066845	0.0076661	0.0115894	0.0058394	0.006192	0.019802	0.0096534	0.0160321	0.017601	0.0123967	0.0166599	0.029975	0.0621971	0.2254566	0.3074074	0.341	0.2809735	0.2393247	0.2197599	0.208642	0.2186178	0.1861538	0.1818182	0.1314433	0.1189873	0.134715	0.1601256	0.1838611	0.2	0.253125	0.2315883	0.2559694	0.1893617	0.2123799	0.2527881	0.2164948	0.1645714	0.1279213	0.1062718	0.0595399	0.04426	0.0229508	0.0378657	
Northern Red Bishop	6.309E-4	0.0	0.0	0.0	0.0	0.0	0.0	0.0	0.0	0.0	0.0	0.0	0.0	0.0	0.0	0.0	0.0	0.0	0.0	0.0	0.0	0.0	0.0	0.0	0.0	0.0	0.0	0.0	0.0	0.0	0.0	0.0	0.0	0.0	0.0	0.0	0.0	0.0	0.0	0.0	0.0	0.0	0.0	0.0	0.0	0.0	0.0	0.0	
Pin-tailed Whydah	0.0	0.0	0.0	0.0	0.0	0.0	0.0	0.0	0.0	0.0	0.0	0.0	0.0	0.0	0.0	0.0	0.0	0.0	0.0	0.0	0.0	0.0	0.0	0.0	0.0	0.0	0.0	0.0	0.0	0.0	0.0	0.0	0.0	0.0	0.0015	0.0	0.0	0.0	0.0	0.0	0.0	0.0	0.0	0.0	0.0	0.0	0.0	0.0	
House Sparrow	0.1659306	0.1855167	0.2281022	0.1956815	0.227619	0.2740642	0.286201	0.2119205	0.1912409	0.1894737	0.1887789	0.1948223	0.1897128	0.202086	0.2095632	0.1755384	0.195254	0.1902262	0.1986301	0.2232804	0.282	0.2378319	0.2353525	0.2289935	0.2802469	0.2595205	0.2815385	0.2035985	0.2242268	0.1848101	0.1619171	0.1389325	0.1419816	0.1064516	0.0989583	0.1535049	0.1442216	0.1659574	0.1760939	0.1561338	0.1618557	0.1645714	0.1857319	0.1890244	0.1677943	0.1728907	0.1846995	0.1996558	
American Pipit	0.0056782	0.002441	0.0018248	0.011471	0.012381	0.0053476	0.0029813	0.0049669	0.0021898	0.0024768	0.0026403	0.0065818	0.004676	0.0026076	0.0029516	0.0109711	0.0062448	0.0060582	5.708E-4	0.0010582	0.0	0.0	0.0	0.0	0.0	0.0	0.0	0.0	0.0	0.0	0.0015	0.0	0.0	0.0015	0.0020833	0.0079858	0.0191022	0.0351064	0.0416222	0.0527881	0.0463918	0.0468571	0.0295203	0.0130662	0.0027064	0.0013831	0.0076503	0.0057372	
Evening Grosbeak	0.0	8.137E-4	9.124E-4	0.0	0.0019048	0.0	0.0	0.0	0.0	0.0	0.0	0.0	0.0	0.0	0.0	0.0	4.163E-4	4.039E-4	0.0	0.0	0.0	0.0	0.0	0.0	0.0	0.0	0.0	0.0	0.0	0.0	0.0	0.0	0.0	0.0	0.0	0.0	0.0	0.0	0.0	0.0089219	0.0123711	0.0045714	0.00492	0.0017422	0.0015	0.0015	0.0	5.737E-4	
House Finch	0.2662461	0.2554923	0.2883212	0.3049933	0.3228571	0.3957219	0.4126917	0.3625828	0.3189781	0.3021672	0.3287129	0.3418166	0.3166333	0.333116	0.3311688	0.3035351	0.286428	0.2548465	0.2545662	0.2724868	0.332	0.335177	0.346574	0.3296399	0.391358	0.3963329	0.4	0.3513258	0.3273196	0.3088608	0.3393782	0.3273155	0.3054137	0.3182796	0.3072917	0.3460515	0.3696275	0.3234043	0.3351121	0.3241636	0.3175258	0.3165714	0.3493235	0.3310105	0.3464141	0.340249	0.2994536	0.2851406	
Purple Finch	0.0088328	0.012205	0.0072993	0.0080972	0.0114286	0.0066845	0.0123509	0.013245	0.0248175	0.0173375	0.0079208	0.0048267	0.008684	0.0247718	0.0513577	0.0390085	0.0387177	0.0133279	0.0045662	0.0010582	0.0	0.0022124	0.0	0.0	0.0	0.0	0.0	0.0	0.0012887	0.0	0.0	7.849E-4	0.0132789	0.0107527	0.025	0.0319432	0.0639924	0.106383	0.1558164	0.1449814	0.1020619	0.0811429	0.0713407	0.0487805	0.0270636	0.0165975	0.0142077	0.010327	
House/Purple Finch	0.0	0.0	9.124E-4	0.0	0.0	0.0040107	0.0051107	0.0015	0.0	0.0	6.601E-4	0.0	0.0	6.519E-4	0.0	0.0	4.163E-4	8.078E-4	0.0017123	5.291E-4	0.0	0.0011062	0.0	0.0	0.0	0.0028209	0.0	0.0	0.0	0.0012658	0.0012953	7.849E-4	0.0010215	0.0	0.0	0.0	0.0015	0.0	0.0	0.0	0.0	0.0	0.0	0.0	0.0	0.0013831	0.0010929	0.0	
Redpoll	0.0012618	8.137E-4	9.124E-4	0.0015	0.0019048	6.684E-4	0.0017036	8.278E-4	0.0015	6.192E-4	6.601E-4	4.388E-4	6.68E-4	0.0	0.0	0.0	0.0	0.0	0.0	0.0	0.0	0.0	0.0	0.0	0.0	0.0	0.0	0.0	0.0	0.0	0.0	0.0	0.0	0.0	0.0	0.0	0.0	0.0	0.0	0.0022305	0.0	0.0045714	0.00369	0.0087108	0.0	0.0041494	0.0	0.0022949	
Red Crossbill	0.0	0.0	0.0	0.0	0.0	0.0	0.0	0.0	0.0	0.0	0.0	0.0	0.0	0.0	0.0015	0.0	4.163E-4	0.0	0.0015	0.0	0.0	0.0	0.0	0.0	0.0	0.0	0.0	0.0	0.0	0.0	0.0	0.0	0.0	0.0	0.0	0.0	0.0	0.0	0.0	0.004461	0.0092784	0.016	0.00369	8.711E-4	0.0	0.0027663	0.0010929	5.737E-4	
White-winged Crossbill	0.0	0.0015	0.0018248	6.748E-4	9.524E-4	0.0015	0.0015	0.0	0.0015	0.0	0.0	0.0	0.0	0.0	0.0	0.0	0.0	0.0	0.0	5.291E-4	0.0	0.0	0.0	0.0	0.0	0.0	0.0	0.0	0.0	0.0	0.0	0.0	0.0	0.0	0.0	0.0	0.0	0.0	0.0	0.0	0.0010309	0.0011429	0.0015	0.0026132	0.0	0.0	0.0015	0.0	
Pine Siskin	0.0037855	0.0040683	0.0072993	0.0013495	0.0047619	0.0093583	0.0055366	0.0049669	0.0021898	0.003096	0.0039604	0.0074594	0.00334	0.0045632	0.0047226	0.0069078	0.0045795	0.006462	0.0039954	0.0021164	0.0	0.0	0.0	0.0	0.0	0.0	0.0	0.0	0.0	0.0	0.0015	0.0	0.0	0.0	0.0	0.0035492	0.0105062	0.062766	0.0651014	0.0669145	0.0628866	0.0422857	0.0270603	0.0121951	0.0067659	0.0138313	0.0076503	0.006311	
American Goldfinch	0.1652997	0.1627339	0.1523723	0.1383266	0.1304762	0.1858289	0.189523	0.1283113	0.129927	0.1486068	0.1478548	0.1803423	0.2104208	0.3233377	0.4391972	0.5176757	0.490841	0.4273021	0.3932648	0.3465608	0.389	0.3561947	0.3833168	0.4108957	0.5382716	0.5669958	0.5738462	0.5852273	0.5850515	0.6025316	0.5932642	0.6043956	0.5955056	0.4935484	0.50625	0.4010648	0.3677173	0.3074468	0.298826	0.3174721	0.314433	0.2994286	0.2902829	0.2787456	0.2232747	0.2213001	0.168306	0.188755	
finch sp.	6.309E-4	0.0016273	0.0	0.0	9.524E-4	0.0013369	0.0025554	8.278E-4	0.0	0.0	0.0	4.388E-4	0.0	0.0	5.903E-4	4.063E-4	0.001249	0.0	5.708E-4	0.0	0.0	0.0022124	0.0	0.0	0.0024691	0.0	0.0	9.47E-4	0.0	0.0012658	0.0012953	7.849E-4	0.0010215	0.0	0.0015	0.0026619	0.0019102	0.0042553	0.0032017	0.0052045	0.0061856	0.0022857	0.00369	0.0017422	0.0	0.0013831	0.0015	0.0011474	
Lapland Longspur	0.0037855	0.0032547	0.0100365	0.0155196	0.0161905	0.0086898	0.0051107	0.0024834	7.299E-4	0.0012384	0.0066007	8.776E-4	0.0	0.0	0.0	4.063E-4	0.0	0.0	0.0	0.0	0.0	0.0	0.0	0.0	0.0	0.0	0.0	0.0	0.0	0.0	0.0	0.0	0.0	0.0	0.0	0.0	0.0	0.0	0.0	7.435E-4	0.0	0.0	0.00123	0.0017422	0.0	0.0041494	0.0142077	0.0040161	
Snow Bunting	0.0082019	0.0105777	0.0145985	0.0222672	0.0257143	0.0140374	0.008092	0.0041391	0.0021898	0.0018576	0.0052805	0.0	0.0	0.0	0.0	0.0	0.0	0.0	0.0	0.0	0.0	0.0	0.0	0.0	0.0	0.0	0.0	0.0	0.0	0.0	0.0	0.0	0.0	0.0	0.0	0.0	9.551E-4	0.0	0.0	0.002974	0.0061856	0.0068571	0.0086101	0.0060976	0.0013532	0.0055325	0.0240437	0.010327	
Grasshopper Sparrow	0.0	0.0	0.0	0.0	0.0	0.0	0.0	0.0	0.0	0.0	0.0	0.0	0.0	0.0	0.0	8.127E-4	0.0049958	0.0125202	0.0085616	0.0137566	0.02	0.0132743	0.0228401	0.0092336	0.017284	0.0253879	0.0107692	0.0255682	0.0115979	0.0037975	0.0090674	0.0031397	0.0	0.0010753	0.0	0.0	9.551E-4	0.0010638	0.0	0.0	0.0	0.0	0.0	0.0	0.0	0.0	0.0	0.0	
Chipping Sparrow	0.0138801	0.0162734	0.0127737	0.0188934	0.0209524	0.0173797	0.0097956	0.0173841	0.0160584	0.0148607	0.0211221	0.0482668	0.1269205	0.2894394	0.3972845	0.4209671	0.3967527	0.3441034	0.2813927	0.3084656	0.288	0.3196903	0.3525323	0.3065559	0.3283951	0.2933709	0.2615385	0.2613636	0.1958763	0.1468354	0.1632124	0.1405024	0.1317671	0.1075269	0.121875	0.1259982	0.1843362	0.1776596	0.203842	0.1680297	0.0814433	0.0411429	0.0332103	0.0278746	0.014885	0.0096819	0.0163934	0.0149168	
Clay-colored Sparrow	0.0015	0.0015	0.0018248	0.0026991	0.007619	0.0093583	0.0055366	0.0	0.0014599	6.192E-4	6.601E-4	8.776E-4	0.001336	0.0013038	0.0	4.063E-4	0.0	4.039E-4	0.0	0.0	0.0	0.0	0.0	0.0	0.0	0.0	0.0	0.0	0.0	0.0	0.0	0.0	0.0	0.0	0.0015	0.0	9.551E-4	0.0042553	0.0010672	0.0015	0.0	0.0	0.0015	0.0	0.0	0.0	0.0015	5.737E-4	
Chipping x Clay-colored Sparrow (hybrid)	0.0	0.0	0.0	0.0	0.0	0.0	0.0	0.0	0.0	0.0	0.0	0.0	0.0	0.0	0.0	0.0	0.0	0.0	0.0	0.0	0.0	0.0	0.0	0.0	0.0	0.0	0.0	0.0	0.0	0.0	0.0	0.0	0.0	0.0	0.0	0.0	0.0	0.0	0.0	0.0	0.0	0.0	0.0	0.0	0.0	0.0	0.0	5.737E-4	
Field Sparrow	0.022082	0.0301058	0.0273723	0.0161943	0.0304762	0.0180481	0.0140545	0.0157285	0.020438	0.0458204	0.069967	0.0846863	0.1242485	0.1720991	0.1859504	0.1824462	0.1873439	0.1894184	0.1940639	0.173545	0.17	0.1869469	0.1906653	0.1819021	0.1728395	0.1974612	0.18	0.1439394	0.1469072	0.0708861	0.0945596	0.0643642	0.0592441	0.0591398	0.0458333	0.065661	0.0764088	0.1042553	0.1291355	0.1092937	0.0474227	0.056	0.0418204	0.0452962	0.0351827	0.0373444	0.0284153	0.0338497	
Spizella sp.	0.0	0.0	0.0	0.0	0.0	0.0	0.0	0.0	0.0	0.0	0.0	0.0	0.0	0.0	0.0	0.0	0.0	0.0	0.0	0.0	0.0	0.0	0.0	0.0	0.0	0.0	0.0	0.0	0.0	0.0	0.0012953	0.0	0.0	0.0	0.0	0.0	0.0	0.0	0.0	0.0	0.0	0.0	0.0	0.0	0.0	0.0	0.0	0.0	
Lark Sparrow	0.0	0.0	0.0	0.0	0.0	0.0	0.0	0.0	0.0	0.0	0.0	0.0	0.0	0.0	0.0	0.0	0.0	0.0	0.0	0.0	0.0	0.0	0.0	0.0	0.0	0.0	0.0	0.0	0.0	0.0	0.0	0.0	0.0	0.0	0.0	0.0	0.0	0.0	0.0015	0.0	0.0	0.0	0.0	0.0	0.0	0.0	0.0	0.0	
American Tree Sparrow	0.0492114	0.0626526	0.0638686	0.0566802	0.0752381	0.0715241	0.0464225	0.0496689	0.0357664	0.0247678	0.0250825	0.01448	0.012024	0.0052151	0.0023613	8.127E-4	0.0	0.0	0.0	0.0	0.0	0.0	0.0	0.0	0.0	0.0	0.0	0.0	0.0	0.0	0.0	0.0	0.0	0.0	0.0	0.0	0.0	0.0	0.0	0.0022305	0.0041237	0.0068571	0.0209102	0.0505226	0.037889	0.0622407	0.0546448	0.0625359	
Fox Sparrow	0.0094637	0.0113914	0.0145985	0.0175439	0.0171429	0.0147059	0.0072402	0.0074503	0.0182482	0.0371517	0.0382838	0.0307152	0.0233801	0.0084746	0.0011806	0.0016254	4.163E-4	4.039E-4	0.0	0.0	0.0	0.0	0.0	0.0	0.0	0.0	0.0	0.0	0.0	0.0	0.0	0.0	0.0	0.0	0.0	0.0	9.551E-4	0.0	0.0032017	0.0104089	0.0175258	0.0331429	0.0528905	0.0383275	0.014885	0.0124481	0.0174863	0.0143431	
Dark-eyed Junco	0.4410095	0.441009	0.4781022	0.4831309	0.5028571	0.5407754	0.5711244	0.3965232	0.3635036	0.3783282	0.3980198	0.4229925	0.4201737	0.3526728	0.2207792	0.0621698	0.0112406	0.0052504	5.708E-4	0.0	0.0	0.0	0.0	0.0	0.0012346	0.0028209	0.0	0.0	0.0	0.0	0.0	7.849E-4	0.0	0.0021505	0.0041667	0.0124224	0.0372493	0.1095745	0.26254	0.3836431	0.4680412	0.5017143	0.5645756	0.5400697	0.4952639	0.5186722	0.5038251	0.4951234	
White-crowned Sparrow	0.0271293	0.0284784	0.0392336	0.0330634	0.0409524	0.0300802	0.0204429	0.0124172	0.010219	0.0080495	0.009901	0.0105309	0.0220441	0.0156454	0.0118064	0.0182852	0.0303913	0.0238288	0.0022831	0.0	0.0	0.0	0.0	0.0	0.0	0.0	0.0	0.0	0.0	0.0	0.0	0.0	0.0	0.0010753	0.0010417	0.0053239	0.0133715	0.043617	0.0693703	0.0624535	0.0298969	0.0194286	0.0295203	0.0304878	0.014885	0.0138313	0.0284153	0.0355709	
Golden-crowned Sparrow	0.0	0.0	0.0	0.0	0.0	0.0	0.0	0.0	0.0	0.0	0.0	0.0	0.0	0.0	0.0	0.0	0.0	0.0	0.0	0.0	0.0015	0.0	0.0	0.0	0.0	0.0	0.0	0.0	0.0	0.0	0.0	0.0	0.0	0.0	0.0	0.0	0.0	0.0	0.0	0.0	0.0	0.0	0.0	0.0	0.0	0.0	0.0	0.0	
Harris's Sparrow	0.0018927	0.002441	9.124E-4	0.0033738	0.007619	0.0033422	0.0012777	0.0016556	0.0014599	0.0012384	0.0015	8.776E-4	0.0	6.519E-4	5.903E-4	0.001219	0.0	0.0	0.0	0.0	0.0	0.0	0.0	0.0	0.0	0.0	0.0	0.0	0.0	0.0	0.0	0.0	0.0	0.0	0.0	0.0	0.0	0.0	0.0	0.0	0.0	0.0	0.0110701	0.0148084	0.0	0.0041494	0.0010929	0.0040161	
White-throated Sparrow	0.4454259	0.4540277	0.4635036	0.4757085	0.5038095	0.4451872	0.4173765	0.4180464	0.3905109	0.3733746	0.3742574	0.3922773	0.4001336	0.4986962	0.5631641	0.5607477	0.4587843	0.2479806	0.0547945	0.0042328	0.001	0.0	9.93E-4	0.0027701	0.0015	0.0	0.0	0.0018939	0.0	0.0	0.0	0.0	0.0	0.0010753	0.0270833	0.119787	0.3619866	0.4797872	0.5731057	0.5821561	0.5463918	0.4994286	0.5215252	0.5374564	0.5128552	0.5311203	0.5092896	0.535284	
Dark-eyed Junco x White-throated Sparrow (hybrid)	0.0	0.0	0.0	0.0	0.0	0.0	0.0	0.0	0.0	0.0	0.0	0.0	0.0	0.0	0.0	0.0	0.0	0.0	0.0	0.0	0.0	0.0	0.0	0.0	0.0	0.0	0.0	0.0	0.0	0.0	0.0	0.0	0.0	0.0	0.0	0.0	0.0	0.0	0.0010672	7.435E-4	0.0	0.0	0.0	0.0	0.0	0.0	0.0	0.0	
Vesper Sparrow	0.0	0.0	9.124E-4	0.0	0.0	6.684E-4	4.259E-4	0.0	0.0	0.0012384	6.601E-4	0.0026327	0.002672	0.0026076	0.0070838	0.0040634	0.0033306	0.0109047	0.0022831	0.005291	0.004	0.0088496	0.0059583	0.0036934	0.0049383	0.0042313	0.0030769	0.0028409	0.0025773	0.0025316	0.0025907	0.0015699	0.0	0.0032258	0.0010417	8.873E-4	0.0019102	0.006383	0.0106724	0.0081784	0.0010309	0.0	0.00246	0.0	0.0	0.0	0.0	0.0	
LeConte's Sparrow	0.0	0.0	0.0	0.0	0.0	0.0	0.0	0.0	0.0	0.0	0.0	0.0	0.0	0.0	0.0	0.0	0.0	0.0	0.0	0.0	0.0	0.0	0.0	0.0	0.0	0.0	0.0	0.0	0.0	0.0	0.0	0.0	0.0	0.0	0.0	0.0	0.0	0.0	0.0	0.0015	0.0	0.0	0.0	0.0	0.0	0.0	0.0	0.0	
Seaside Sparrow	0.0	0.0	0.0	0.0	0.0	0.0	0.0	0.0	0.0	0.0	0.0	0.0	0.0	0.0	0.0	4.063E-4	0.0	0.0	0.0	0.0	0.0	0.0	0.0	0.0	0.0	0.0	0.0	0.0	0.0	0.0	0.0	0.0	0.0	0.0	0.0	0.0	0.0	0.0	0.0	0.0	0.0	0.0	0.0	0.0	0.0	0.0	0.0	0.0	
Nelson's Sparrow	0.0	0.0	0.0	0.0	0.0	0.0	0.0	0.0	0.0	0.0	0.0	0.0	0.0	0.0	0.0	0.0	0.0	0.0	0.0	0.0	0.002	0.0	0.0	0.0	0.0	0.0	0.0	0.0	0.0	0.0	0.0	0.0	0.0	0.0	0.0	0.0	0.0	0.0	0.0010672	0.0	0.0	0.0	0.0	0.0	0.0	0.0	0.0	0.0	
Saltmarsh Sparrow	0.0	0.0	0.0	0.0	0.0	0.0	0.0	0.0	0.0	0.0	0.0	0.0	0.0	0.0	0.0	0.0	0.0	0.0	0.0	0.0	0.0	0.0	0.0	0.0	0.0	0.0	0.0	0.0	0.0	0.0	0.0	0.0	0.0	0.0	0.0	0.0	0.0	0.0	0.0	0.0	0.0	0.0015	0.0	0.0	0.0	0.0	0.0	0.0	
Savannah Sparrow	0.0094637	0.0113914	0.0191606	0.0101215	0.027619	0.0120321	0.0063884	0.0041391	0.0051095	0.0074303	0.0046205	0.006143	0.005344	0.0110821	0.0171192	0.0199106	0.0262281	0.0214055	0.0091324	0.0058201	0.008	0.0022124	0.0069513	0.0036934	0.0049383	0.0126939	0.0030769	0.0018939	0.0015	0.0012658	0.0025907	0.0031397	0.0010215	0.0086022	0.0125	0.0470275	0.1060172	0.1021277	0.1515475	0.1011152	0.0556701	0.0457143	0.0184502	0.0174216	0.0081191	0.0096819	0.020765	0.0183592	
Song Sparrow	0.273817	0.2823434	0.2928832	0.2908232	0.3314286	0.3114973	0.2704429	0.3543046	0.3934307	0.4569659	0.4930693	0.5388328	0.5597862	0.565189	0.5920897	0.6017879	0.5928393	0.5339257	0.5542237	0.5608466	0.582	0.574115	0.5849057	0.5383195	0.562963	0.6135402	0.6076923	0.5965909	0.5360825	0.4506329	0.357513	0.2496075	0.258427	0.2225806	0.23125	0.2928128	0.3801337	0.4234043	0.4610459	0.4520446	0.3639175	0.3325714	0.3382534	0.3658537	0.2949932	0.3430152	0.3387978	0.3614458	
Lincoln's Sparrow	0.0	0.0	0.0	0.0	0.0	0.0	0.0	0.0	0.0	0.0	0.0	0.0	0.0	0.0	0.0	0.0016254	0.0083264	0.0060582	0.0085616	0.0010582	0.0	0.0	0.0	0.0	0.0	0.0	0.0	0.0	0.0	0.0	0.0	0.0	0.0	0.0	0.0166667	0.0692103	0.0964661	0.0808511	0.0533618	0.0312268	0.0051546	0.0022857	0.0	0.0	0.0	0.0	0.0010929	0.0	
Swamp Sparrow	0.0088328	0.012205	0.0109489	0.0080972	0.0085714	0.0053476	0.0042589	0.0057947	0.0065693	0.0080495	0.0145215	0.0307152	0.0601202	0.065189	0.0956316	0.0999594	0.0757702	0.042811	0.0268265	0.0132275	0.001	0.0033186	0.0039722	0.0064635	0.0012346	0.0028209	0.0030769	0.0037879	0.007732	0.0088608	0.0051813	7.849E-4	0.0030644	0.0043011	0.0083333	0.0443656	0.104107	0.1319149	0.1398079	0.1107807	0.0474227	0.0457143	0.0319803	0.0278746	0.014885	0.0248963	0.010929	0.0327022	
Eastern Towhee	0.0050473	0.0081367	0.0054745	0.0053981	0.0057143	0.0080214	0.0063884	0.0107616	0.0094891	0.0099071	0.0184818	0.0315928	0.0581162	0.1160365	0.1605667	0.2295815	0.2414654	0.2035541	0.1940639	0.1555556	0.14	0.1415929	0.1320755	0.1246537	0.1320988	0.1184767	0.12	0.09375	0.0721649	0.0493671	0.0518135	0.0729984	0.0960163	0.0784946	0.1166667	0.1064774	0.182426	0.1829787	0.135539	0.063197	0.0185567	0.008	0.0135301	0.0139373	0.0027064	0.0041494	0.0065574	0.0097533	
new world sparrow sp.	0.0031546	0.009764	0.0100365	0.0040486	0.0028571	0.0066845	0.0136286	0.0033113	0.0029197	0.0018576	0.0066007	0.0026327	0.004676	0.005867	0.0029516	0.0040634	0.0024979	0.0028271	0.0022831	0.0021164	0.002	0.0011062	9.93E-4	9.234E-4	0.0024691	0.0056417	0.0015385	9.47E-4	0.0025773	0.0025316	0.0025907	0.0047096	0.0061287	0.0043011	0.0010417	0.0106477	0.0047755	0.0180851	0.0149413	0.0074349	0.0041237	0.0091429	0.00369	0.0043554	0.0027064	0.0013831	0.0021858	0.0045898	
Yellow-breasted Chat	0.0	0.0	0.0	0.0	0.0	0.0	0.0	0.0	0.0	0.0	0.0	0.0	0.0	0.0	5.903E-4	4.063E-4	0.0	0.0	0.0	0.0	0.0	0.0	9.93E-4	0.0	0.0	0.0	0.0	0.0	0.0	0.0	0.0	0.0	0.0	0.0	0.0	0.0	0.0	0.0	0.0015	0.0	0.0	0.0	0.0	0.0	0.0	0.0	0.0	0.0015	
Yellow-headed Blackbird	0.0	0.0	0.0	0.0	0.0	0.0	0.0	0.0	7.299E-4	0.0	0.0	0.0	0.0	0.0	0.0015	0.0015	0.0	0.0	0.0	0.0	0.0	0.0	0.0	0.0	0.0	0.0	0.0	0.0	0.0	0.0	0.0	0.0	0.0015	0.0	0.0	0.0	0.0	0.0	0.0	0.0	0.0	0.0	0.0	0.0	0.0	0.0	0.0015	0.0	
Bobolink	0.0	0.0	0.0	0.0	0.0	0.0	0.0	0.0	0.0	0.0	0.0	0.0	0.0	0.0	0.0	4.063E-4	0.0099917	0.0343296	0.0296804	0.0164021	0.01	0.0099558	0.0129096	0.0120037	0.0037037	0.0070522	0.0030769	0.0047348	0.003866	0.0025316	0.011658	0.0188383	0.0214505	0.0139785	0.0020833	0.0044366	0.0028653	0.0053191	0.0	0.0	0.0	0.0	0.0	0.0	0.0	0.0	0.0	0.0	
Eastern Meadowlark	0.0025237	0.0	0.0	0.0026991	0.0019048	0.0015	4.259E-4	0.0024834	0.0094891	0.0111455	0.0125413	0.0149188	0.012024	0.0143416	0.0200708	0.0113775	0.0245629	0.0407916	0.0228311	0.0190476	0.02	0.0188053	0.0148957	0.0221607	0.0160494	0.0098731	0.0153846	0.0113636	0.0051546	0.0015	0.0012953	0.0047096	0.0010215	0.0032258	0.0020833	8.873E-4	0.0038204	0.0074468	0.0117396	0.0081784	0.0010309	0.0022857	0.00123	8.711E-4	0.0040595	0.0013831	0.0021858	0.0040161	
Orchard Oriole	0.0	0.0	0.0	0.0	0.0	0.0	0.0	0.0	0.0	0.0	0.0	0.0	0.0	0.0	5.903E-4	0.0325071	0.0774355	0.0892569	0.0878995	0.0724868	0.079	0.0652655	0.0645482	0.0646353	0.0691358	0.0620592	0.0584615	0.0340909	0.0128866	0.0037975	0.0064767	7.849E-4	0.0	0.0	0.0	0.0	0.0	0.0	0.0	0.0	0.0	0.0	0.0	0.0	0.0	0.0	0.0	0.0	
Bullock's Oriole	6.309E-4	0.002441	0.0015	0.0	0.0	0.0	0.0	0.0015	7.299E-4	0.0015	0.0	0.0	0.0	0.0	0.0015	0.0	0.0	0.0	0.0	0.0	0.0	0.0	0.0	0.0	0.0	0.0	0.0	0.0	0.0	0.0	0.0	0.0	0.0	0.0	0.0	0.0	0.0	0.0	0.0	0.0	0.0	0.0	0.0	0.0	0.0	0.0	0.0	0.0	
Baltimore Oriole	0.0	0.0	0.0	0.0	0.0	0.0	0.0	0.0	0.0	0.0015	0.0	0.0	0.0	0.0	0.0	0.1036164	0.3871774	0.4555735	0.4731735	0.368254	0.354	0.3064159	0.2164846	0.1680517	0.1444444	0.090268	0.0815385	0.0748106	0.1095361	0.1253165	0.1709845	0.1405024	0.0551583	0.016129	0.0083333	0.0079858	0.0038204	0.0010638	0.0	0.0	0.0	0.0	0.00123	0.0	0.0013532	0.0	0.0	0.0011474	
Bullock's/Baltimore Oriole	0.0	0.0	0.0	0.0	0.0	0.0	0.0	0.0	0.0	0.0	0.0	0.0	0.0	0.0	0.0	0.0	0.0	0.0	0.0	0.0	0.0	0.0	0.0	0.0	0.0	0.0	0.0	0.0	0.0	0.0	0.0	0.0	0.0	0.0	0.0	0.0	0.0	0.0	0.0	0.0	0.0	0.0015	0.0	0.0	0.0	0.0	0.0	0.0	
new world oriole sp.	0.0	0.0	0.0	0.0	0.0	0.0	0.0	0.0	0.0	0.0	0.0	0.0	0.0	0.0	0.0	4.063E-4	0.0020816	0.0	0.0	0.0	0.0	0.0	0.0	0.0	0.0012346	0.0	0.0	9.47E-4	0.0	0.0	0.0	0.0	0.0	0.0	0.0	0.0	9.551E-4	0.0	0.0	0.0	0.0	0.0	0.0	0.0	0.0	0.0	0.0	0.0	
Red-winged Blackbird	0.0246057	0.0268511	0.0155109	0.0290148	0.0371429	0.0815508	0.1094549	0.2293046	0.3270073	0.3832817	0.4475248	0.4804739	0.4716099	0.5143416	0.5608028	0.5449004	0.5253955	0.4822294	0.4994292	0.4883598	0.483	0.4767699	0.4270109	0.3850416	0.3950617	0.4217207	0.3861538	0.3579545	0.2268041	0.1291139	0.0621762	0.0533752	0.0377937	0.0225806	0.028125	0.0665484	0.1184336	0.1361702	0.1760939	0.2	0.1670103	0.128	0.0762608	0.0513937	0.0189445	0.0345781	0.0284153	0.0304073	
Brown-headed Cowbird	0.0126183	0.0146461	0.0054745	0.0128205	0.0104762	0.0207219	0.0191652	0.0397351	0.0474453	0.1089783	0.139934	0.2347521	0.2959252	0.3865711	0.4515939	0.4774482	0.4567027	0.3869144	0.3944064	0.3343915	0.349	0.3119469	0.2879841	0.2843952	0.282716	0.1988717	0.1692308	0.0965909	0.0837629	0.035443	0.0479275	0.0463108	0.0306435	0.0236559	0.0291667	0.0408163	0.0448902	0.0489362	0.0490928	0.0327138	0.0278351	0.0205714	0.0172202	0.0043554	0.0015	0.0138313	0.0131148	0.020654	
Rusty Blackbird	0.0	8.137E-4	9.124E-4	0.0013495	0.0019048	0.0013369	8.518E-4	0.0041391	0.0058394	0.0111455	0.0165017	0.0197455	0.0300601	0.0247718	0.0312869	0.0190979	0.009159	0.0028271	0.0	0.0	0.0	0.0	0.0	0.0	0.0	0.0	0.0	0.0	0.0	0.0	0.0	0.0	0.0	0.0	0.0	0.0	0.0015	0.006383	0.0074707	0.005948	0.0103093	0.0068571	0.00246	0.0017422	0.0013532	0.0055325	0.0021858	0.0022949	
Brewer's Blackbird	0.0	0.0	0.0	0.0	0.0	0.0	0.0	0.0	0.0	0.0	0.0	0.0	0.0	0.0	0.0	0.0	0.0	0.0	0.0	0.0	0.0	0.0	0.0	0.0	0.0	0.0	0.0	0.0	0.0	0.0	0.0	0.0	0.0	0.0	0.0	0.0	0.0	0.0	0.0	0.0	0.0	0.0015	0.0	0.0	0.0	0.0	0.0	0.0015	
Common Grackle	0.0126183	0.0081367	0.0118613	0.0161943	0.0161905	0.0508021	0.0660136	0.134106	0.2175182	0.2452012	0.2811881	0.2865292	0.2672011	0.2692308	0.3429752	0.3482324	0.3813489	0.3929725	0.4457763	0.4412698	0.437	0.4247788	0.3843098	0.3508772	0.3148148	0.248237	0.2092308	0.1780303	0.1237113	0.1037975	0.0932642	0.0706436	0.0326864	0.0225806	0.0333333	0.0346051	0.0334288	0.0351064	0.0384205	0.0460967	0.0701031	0.0537143	0.0344403	0.0252613	0.0081191	0.0207469	0.0120219	0.0189329	
blackbird sp.	0.0050473	0.002441	0.0018248	0.0020243	9.524E-4	0.0113636	0.0085179	0.0074503	0.0124088	0.0148607	0.0039604	0.0048267	0.002004	0.0019557	0.0041322	0.0016254	0.0016653	0.0016155	0.0011416	5.291E-4	0.001	0.0011062	0.0	0.0018467	0.0061728	0.0015	0.0015	0.0018939	0.0025773	0.0025316	0.0064767	0.0023548	0.0030644	0.0043011	0.0020833	0.0070985	0.0076409	0.0074468	0.0074707	0.0245353	0.0329897	0.0251429	0.0184502	0.0121951	0.0054127	0.0027663	0.0021858	0.0028686	
Ovenbird	0.0	0.0	0.0	0.0	0.0	0.0	0.0	0.0	0.0	0.0	0.0	0.0	0.0	0.0	0.0011806	0.0828931	0.2535387	0.2770598	0.2636986	0.1973545	0.155	0.1172566	0.1698113	0.1754386	0.0790123	0.0620592	0.0107692	0.0123106	0.003866	0.0101266	0.0220207	0.0470958	0.0796731	0.0666667	0.11875	0.0390417	0.0200573	0.0021277	0.0010672	0.0	0.0	0.0	0.0	0.0	0.0	0.0	0.0	0.0	
Worm-eating Warbler	0.0	0.0	0.0	0.0	0.0	0.0	0.0	0.0	0.0	0.0	0.0	0.0	0.0	0.0	0.0	0.0073141	0.0303913	0.0516963	0.043379	0.021164	0.025	0.0110619	0.0297915	0.0221607	0.0098765	0.0084626	0.0	0.0	0.0015	0.0025316	0.0025907	0.0047096	0.0030644	0.0010753	0.0041667	8.873E-4	0.0	0.0	0.0	0.0	0.0	0.0	0.0	0.0	0.0	0.0	0.0	0.0	
Louisiana Waterthrush	0.0	0.0	0.0	0.0	0.0	0.0	0.0	0.0	0.0	0.0	6.601E-4	0.0015	0.0146961	0.0267275	0.0448642	0.0572938	0.0799334	0.0908724	0.0993151	0.0396825	0.025	0.0221239	0.019861	0.0212373	0.0061728	0.0084626	0.0107692	0.0047348	0.0051546	0.0025316	0.0012953	0.0015699	0.0010215	0.0	0.0	0.0	0.0	0.0	0.0	0.0	0.0	0.0	0.0	0.0	0.0	0.0	0.0	0.0	
Northern Waterthrush	0.0	0.0	0.0	0.0	0.0	0.0	0.0	0.0	0.0	0.0	0.0	0.0	0.0	0.0	0.0100354	0.0694839	0.0961699	0.1114701	0.1204338	0.0285714	0.002	0.0044248	0.0029791	0.0036934	0.0012346	0.0	0.0	9.47E-4	0.0	0.0012658	0.0025907	0.0078493	0.0040858	0.0010753	0.0020833	8.873E-4	9.551E-4	0.0010638	0.0	0.0	0.0	0.0	0.0	0.0	0.0	0.0	0.0	0.0	
Louisiana/Northern Waterthrush	0.0	0.0	0.0	0.0	0.0	0.0	0.0	0.0	0.0	0.0	0.0	0.0	0.0	0.0	0.0	0.0	0.0	4.039E-4	0.0	0.0	0.0	0.0	0.0	0.0	0.0	0.0	0.0	0.0	0.0	0.0	0.0	0.0	0.0	0.0	0.0	0.0	0.0	0.0	0.0	0.0	0.0	0.0	0.0	0.0	0.0	0.0	0.0	0.0	
Golden-winged Warbler	0.0	0.0	0.0	0.0	0.0	0.0	0.0	0.0	0.0	0.0	0.0	0.0	0.0	0.0	0.0	8.127E-4	0.0029142	0.003231	5.708E-4	0.0	0.0	0.0	0.0	0.0	0.0	0.0	0.0	0.0	0.0	0.0	0.0012953	0.0015699	0.0030644	0.0	0.0	0.0	0.0	0.0	0.0	0.0	0.0	0.0	0.0	0.0	0.0	0.0	0.0	0.0	
Blue-winged Warbler	0.0	0.0	0.0	0.0	0.0	0.0	0.0	0.0	0.0	0.0	0.0	0.0	0.0	6.519E-4	5.903E-4	0.0247867	0.0974188	0.0989499	0.0873288	0.0539683	0.031	0.0188053	0.0178749	0.010157	0.0123457	0.0014104	0.0046154	0.0018939	0.0025773	0.0075949	0.0168394	0.021978	0.0183861	0.0064516	0.0052083	8.873E-4	0.0	0.0	0.0	0.0	0.0	0.0	0.0	0.0	0.0	0.0	0.0	0.0	
Brewster's Warbler (hybrid)	0.0	0.0	0.0	0.0	0.0	0.0	0.0	0.0	0.0	0.0	0.0	0.0	0.0	0.0	0.0	4.063E-4	8.326E-4	8.078E-4	5.708E-4	0.0010582	0.001	0.0011062	9.93E-4	0.0	0.0	0.0	0.0	0.0	0.0	0.0	0.0	0.0	0.0	0.0	0.0	0.0	0.0	0.0	0.0	0.0	0.0	0.0	0.0	0.0	0.0	0.0	0.0	0.0	
Lawrence's Warbler (hybrid)	0.0	0.0	0.0	0.0	0.0	0.0	0.0	0.0	0.0	0.0	0.0	0.0	0.0	0.0	0.0	0.0	0.0015	0.0	5.708E-4	0.0015	0.0	0.0	0.0	0.0	0.0	0.0	0.0	0.0	0.0	0.0	0.0	0.0	0.0	0.0010753	0.0	0.0	0.0	0.0	0.0	0.0	0.0	0.0	0.0	0.0	0.0	0.0	0.0	0.0	
Black-and-white Warbler	0.0	0.0	0.0	0.0	0.0	0.0	0.0	0.0	0.0	0.0	0.0	0.0	0.0	6.519E-4	0.0182999	0.1373425	0.2527061	0.2003231	0.1232877	0.0492063	0.045	0.0254425	0.040715	0.0360111	0.0185185	0.0098731	0.0030769	0.0056818	0.0141753	0.0202532	0.0544041	0.1169545	0.1440245	0.1677419	0.2197917	0.122449	0.0487106	0.012766	0.0021345	0.0	0.0	0.0	0.0	8.711E-4	0.0	0.0	0.0	0.0	
Prothonotary Warbler	0.0	0.0	0.0	0.0	0.0	0.0	0.0	0.0	0.0	0.0	0.0	0.0	0.0	0.0	0.0	0.0052824	4.163E-4	8.078E-4	0.0045662	0.0031746	0.0	0.0	9.93E-4	9.234E-4	0.0012346	0.0015	0.0	0.0	0.0	0.0	0.0	0.0	0.0	0.0	0.0	0.0	9.551E-4	0.0	0.0	0.0	0.0	0.0	0.0	0.0	0.0	0.0	0.0	0.0	
Swainson's Warbler	0.0	0.0	0.0	0.0	0.0	0.0	0.0	0.0	0.0	0.0	0.0	0.0	0.0	0.0	0.0	0.0	8.326E-4	4.039E-4	0.0068493	0.0026455	0.003	0.0	0.0	0.0	0.0	0.0	0.0	0.0	0.0	0.0	0.0	0.0	0.0	0.0	0.0	0.0	0.0	0.0	0.0	0.0	0.0	0.0	0.0	0.0	0.0	0.0	0.0	0.0	
Tennessee Warbler	0.0	0.0	0.0	0.0	0.0	0.0	0.0	0.0	0.0	0.0	0.0	0.0	0.0	0.0	0.0	0.001219	0.0095754	0.0306947	0.0502283	0.005291	0.0	0.0	0.0	0.0	0.0	0.0	0.0	0.0	0.0	0.0	0.003886	0.0164835	0.0326864	0.0387097	0.0989583	0.0514641	0.0315186	0.0255319	0.0064034	0.002974	0.0010309	0.0	0.0	0.0	0.0	0.0	0.0	0.0	
Orange-crowned Warbler	0.0	0.0	0.0	6.748E-4	9.524E-4	0.0	0.0	0.0	0.0	0.0	0.0	0.0127249	0.001336	0.0	5.903E-4	0.0020317	4.163E-4	8.078E-4	0.0	0.0	0.0	0.0	0.0	0.0	0.0	0.0	0.0	0.0	0.0	0.0	0.0	0.0	0.0	0.0010753	0.0010417	8.873E-4	0.0047755	0.006383	0.0010672	0.001487	0.0082474	0.0034286	0.0	0.0017422	0.0	0.0	0.0	0.0011474	
Nashville Warbler	0.0	0.0	0.0	0.0	0.0	0.0	0.0	0.0	0.0	0.0	0.0	0.0	0.0	0.0	0.0011806	0.0085331	0.0620316	0.0351373	0.0182648	0.0010582	0.0	0.0	0.0	0.0	0.0	0.0	0.0	0.0	0.0	0.0	0.0	0.0141287	0.0153218	0.0430108	0.0604167	0.0372671	0.0458453	0.0255319	0.0117396	0.0066914	0.0	0.0022857	0.0	0.0	0.0	0.0	0.0	0.0	
Connecticut Warbler	0.0	0.0	0.0	0.0	0.0	0.0	0.0	0.0	0.0	0.0	0.0	0.0	0.0	0.0	0.0	0.0	0.0	0.0	0.0	0.0	0.0	0.0	0.0	0.0	0.0	0.0	0.0	0.0	0.0	0.0	0.0	7.849E-4	0.0102145	0.0075269	0.0145833	0.0097604	0.0076409	0.0042553	0.0	0.0	0.0	0.0	0.0	0.0	0.0	0.0	0.0	0.0	
Mourning Warbler	0.0	0.0	0.0	0.0	0.0	0.0	0.0	0.0	0.0	0.0	0.0	0.0	0.0	0.0	0.0	0.0	0.0	0.006462	0.0097032	0.0031746	0.001	0.0	0.0	0.0	0.0	0.0	0.0	0.0	0.0	0.0015	0.0012953	0.0031397	0.0020429	0.0010753	0.003125	0.0035492	0.0	0.0	0.0	0.0	0.0	0.0	0.0	0.0	0.0	0.0	0.0	0.0	
Connecticut/MacGillivray's/Mourning Warbler	0.0	0.0	0.0	0.0	0.0	0.0	0.0	0.0	0.0	0.0	0.0	0.0	0.0	0.0	0.0	0.0	0.0	0.0	0.0	0.0	0.0	0.0	0.0	0.0	0.0	0.0	0.0	0.0	0.0	0.0	0.0	0.0	0.0	0.0	0.0	0.0	0.0015	0.0	0.0	0.0	0.0	0.0	0.0	0.0	0.0	0.0	0.0	0.0	
Kentucky Warbler	0.0	0.0	0.0	0.0	0.0	0.0	0.0	0.0	0.0	0.0	0.0	0.0	0.0	0.0	0.0	4.063E-4	4.163E-4	8.078E-4	0.0091324	0.0095238	0.001	0.0033186	0.0	0.0015	0.0	0.0	0.0	0.0	0.0	0.0	0.0	7.849E-4	0.0010215	0.0010753	0.0010417	0.0	9.551E-4	0.0	0.0	0.0	0.0	0.0	0.0	0.0	0.0	0.0	0.0	0.0	
Common Yellowthroat	0.0	0.0015	0.0	0.0	0.0	0.0	0.0	0.0	7.299E-4	0.0	0.0	8.776E-4	0.0	0.0013038	0.0088548	0.1040228	0.3351374	0.3768174	0.385274	0.3047619	0.271	0.2345133	0.2293942	0.2308403	0.2617284	0.2454161	0.1907692	0.1666667	0.0837629	0.0582278	0.0582902	0.1295133	0.1695608	0.1935484	0.2083333	0.1996451	0.1642789	0.0882979	0.040555	0.0156134	0.0	0.0011429	0.00123	0.0	0.0013532	0.0	0.0010929	0.0017212	
Hooded Warbler	0.0	0.0	0.0	0.0	0.0	0.0	0.0	0.0	0.0	0.0	0.0	0.0	0.0	0.0	5.903E-4	0.0028444	0.0233139	0.0403877	0.0422374	0.026455	0.014	0.0066372	0.0139027	0.0110803	0.0074074	0.0056417	0.0	9.47E-4	0.0012887	0.0025316	0.003886	0.0031397	0.0051073	0.0064516	0.0010417	0.0026619	0.0019102	0.0	0.0	0.0	0.0	0.0	0.0	0.0	0.0	0.0	0.0	0.0	
American Redstart	0.0	0.0	0.0	0.0	0.0	0.0	0.0	0.0	0.0	0.0	0.0	0.0	0.0	0.0	0.0011806	0.0613572	0.2364696	0.3247173	0.3424658	0.2026455	0.147	0.1073009	0.0784508	0.0987996	0.082716	0.0550071	0.0230769	0.0255682	0.0360825	0.0455696	0.0958549	0.1734694	0.2533197	0.2763441	0.325	0.1685892	0.0573066	0.012766	0.0042689	7.435E-4	0.0	0.0	0.0	0.0	0.0	0.0	0.0	0.0	
Cape May Warbler	0.0	0.0	0.0015	0.0	0.0	0.0	0.0	0.0	0.0	0.0	0.0	0.0	0.0	0.0	0.0	0.002438	0.0249792	0.0383683	0.0165525	0.0015873	0.0	0.0	0.0	0.0	0.0	0.0	0.0	0.0	0.0	0.0	0.0064767	0.0204082	0.0510725	0.0666667	0.1145833	0.0612245	0.0534862	0.0159574	0.0064034	0.0022305	0.0	0.0	0.0	0.0	0.0	0.0	0.0010929	0.0	
Cerulean Warbler	0.0	0.0	0.0	0.0	0.0	0.0	0.0	0.0	0.0	0.0	0.0	0.0	0.0	0.0	0.0	0.003657	0.0129059	0.0177706	0.0108447	0.0084656	0.004	0.005531	0.0029791	0.0036934	0.0074074	0.0056417	0.0	0.0	0.0012887	0.0012658	0.0025907	7.849E-4	0.0	0.0010753	0.0	0.0	0.0	0.0	0.0	0.0	0.0	0.0	0.0	0.0	0.0	0.0	0.0	0.0	
Northern Parula	0.0	0.0	0.0	0.0	0.0	0.0	0.0	0.0	0.0	0.0	0.0	0.0	0.0	0.0019557	0.0123967	0.0629825	0.2014988	0.2059774	0.1392694	0.0291005	0.013	0.0154867	0.0039722	0.0073869	0.0024691	0.0028209	0.0	0.0	0.003866	0.0	0.0051813	0.021978	0.0786517	0.1698925	0.265625	0.1668146	0.0974212	0.0138298	0.0032017	0.001487	0.0	0.0	0.0	0.0	0.0	0.0	0.0	0.0	
Cerulean Warbler x Northern Parula (hybrid)	0.0	0.0	0.0	0.0	0.0	0.0	0.0	0.0	0.0	0.0	0.0	0.0	0.0	0.0	0.0	0.0	0.0	0.0015	0.0	0.0015	0.0	0.0015	0.0	0.0	0.0	0.0	0.0	0.0	0.0	0.0	0.0	0.0	0.0	0.0	0.0	0.0	0.0	0.0	0.0	0.0	0.0	0.0	0.0	0.0	0.0	0.0	0.0	0.0	
Magnolia Warbler	0.0	0.0	0.0	0.0	0.0	0.0	0.0	0.0	0.0	0.0	0.0	0.0	0.0	0.0	0.0	0.0032507	0.0570358	0.1025848	0.1238584	0.0227513	0.004	0.0	0.0	0.0	0.0	0.0	0.0	0.0015	0.0	0.0012658	0.011658	0.0855573	0.165475	0.2268817	0.3291667	0.2191659	0.1165234	0.0276596	0.0085379	0.0037175	0.0010309	0.0	0.0	0.0	0.0	0.0	0.0	0.0	
Bay-breasted Warbler	0.0	0.0	0.0	0.0	0.0	0.0	0.0	0.0	0.0	0.0	0.0	0.0	0.0	0.0	0.0	0.0	0.0066611	0.0302908	0.06621	0.0084656	0.0	0.0	0.0	0.0	0.0	0.0	0.0	0.0	0.0	0.0	0.0012953	0.0156986	0.0480082	0.072043	0.0958333	0.0621118	0.0095511	0.0031915	0.0010672	0.0	0.0	0.0	0.0	0.0	0.0	0.0	0.0	0.0	
Blackburnian Warbler	0.0	0.0	0.0	0.0	0.0	0.0	0.0	0.0	0.0	0.0	0.0	0.0	0.0	0.0	0.0	0.0069078	0.0395504	0.062601	0.0507991	0.010582	0.0	0.0	9.93E-4	0.0	0.0	0.0	0.0	0.0	0.0	0.0012658	0.0194301	0.0745683	0.0827375	0.0827957	0.1010417	0.0408163	0.0143266	0.0	0.0	0.0	0.0	0.0	0.0	0.0	0.0	0.0	0.0	0.0	
Northern Yellow Warbler	0.0	0.0	0.0	0.0	0.0	0.0	0.0	0.0	0.0	0.0	0.0	0.0	0.0	0.0	0.0100354	0.1824462	0.3584513	0.3780291	0.3321918	0.2994709	0.238	0.2090708	0.183714	0.1366574	0.117284	0.0874471	0.0676923	0.0606061	0.0347938	0.0253165	0.0142487	0.0117739	0.0173647	0.0107527	0.0041667	0.0044366	9.551E-4	0.0	0.0	0.0	0.0	0.0	0.0	0.0	0.0	0.0	0.0	0.0	
Chestnut-sided Warbler	0.0	0.0	0.0	0.0	0.0	0.0	0.0	0.0	0.0	0.0	0.0	0.0	0.0	0.0	0.0	0.0081268	0.0928393	0.1296446	0.0850457	0.0206349	0.006	0.0033186	0.0019861	9.234E-4	0.0	0.0	0.0	0.0	0.0012887	0.0126582	0.0479275	0.1248038	0.1378958	0.1709677	0.1916667	0.0745342	0.0324737	0.0021277	0.0	0.0	0.0	0.0	0.0	0.0	0.0	0.0	0.0	0.0	
Blackpoll Warbler	0.0	0.0	0.0	0.0	0.0	0.0	0.0	0.0	0.0	0.0	0.0	0.0	0.0	0.0	0.0	0.0	0.0070774	0.0488691	0.1678082	0.1	0.004	0.0	9.93E-4	0.0	0.0	0.0	0.0	0.0	0.0	0.0	0.0	0.0039246	0.0214505	0.0473118	0.1041667	0.1118012	0.0983763	0.0914894	0.0373533	0.0089219	0.0010309	0.0	0.00123	0.0	0.0	0.0	0.0	0.0	
Bay-breasted/Blackpoll Warbler	0.0	0.0	0.0	0.0	0.0	0.0	0.0	0.0	0.0	0.0	0.0	0.0	0.0	0.0	0.0	0.0	0.0	0.0	0.0	0.0	0.0	0.0	0.0	0.0	0.0	0.0	0.0	0.0	0.0	0.0	0.0	7.849E-4	0.0	0.0010753	0.0020833	0.0017746	9.551E-4	0.0	0.0	0.001487	0.0	0.0	0.0	0.0	0.0	0.0	0.0	0.0	
Black-throated Blue Warbler	0.0	0.0	0.0	0.0	0.0	0.0	0.0	0.0	0.0	0.0	0.0	0.0	0.0	0.0	5.903E-4	0.021536	0.1386345	0.1530695	0.0799087	0.0079365	0.001	0.0	0.0	0.0	0.0	0.0	0.0	0.0	0.0	0.0012658	0.0090674	0.0345369	0.061287	0.0784946	0.1239583	0.0878438	0.0687679	0.0361702	0.0149413	0.0022305	0.0	0.0	0.00123	8.711E-4	0.0	0.0	0.0	0.0	
Palm Warbler	0.0	0.0	0.0	0.0	0.0	0.0	0.0	0.0	0.0	0.0	6.601E-4	0.0065818	0.0587842	0.1336375	0.1458087	0.1088988	0.0437136	0.0109047	0.0034247	5.291E-4	0.0	0.0	0.0	0.0	0.0	0.0	0.0	0.0	0.0	0.0012658	0.0	7.849E-4	0.0010215	0.0182796	0.053125	0.079858	0.1107927	0.1319149	0.1237994	0.0728625	0.0061856	0.0045714	0.00123	0.0	0.0	0.0	0.0	0.0	
Pine Warbler	0.0	0.0	0.0	0.0	0.0	0.0	0.0	8.278E-4	0.0	0.0	0.0033003	0.0092146	0.0480962	0.0606258	0.05549	0.0337261	0.0137386	0.0048465	0.0028539	0.0015873	0.001	0.0022124	0.0019861	0.0018467	0.0037037	0.0	0.0015385	0.0	0.0012887	0.0	0.0	0.0031397	0.0102145	0.0182796	0.0291667	0.0346051	0.0334288	0.0297872	0.0106724	0.0074349	0.0	0.0011429	0.0	0.0	0.0013532	0.0	0.0	0.0	
Yellow-rumped Warbler	0.0170347	0.0146461	0.0218978	0.0209177	0.0190476	0.013369	0.0097956	0.0182119	0.0182482	0.022291	0.0323432	0.0381746	0.0420842	0.089309	0.2066116	0.3462007	0.3759367	0.2479806	0.0913242	0.0074074	0.001	0.0	9.93E-4	0.0	0.0	0.0	0.0	0.0	0.0	0.0012658	0.0015	0.0047096	0.011236	0.0129032	0.0677083	0.1109139	0.2416428	0.3382979	0.3724653	0.2468401	0.1061856	0.0605714	0.0344403	0.0261324	0.0175913	0.0138313	0.0196721	0.0240964	
Yellow-throated Warbler	0.0	0.0	0.0	0.0	0.0	0.0	0.0	0.0	0.0	0.0	0.0	0.0	0.0015	0.0156454	0.0295159	0.0312881	0.0179017	0.0133279	0.0091324	0.0079365	0.013	0.0165929	0.0148957	0.0083102	0.0197531	0.0141044	0.0107692	0.0047348	0.0	0.0	0.0	0.0	0.0	0.0	0.0	8.873E-4	0.0	0.0	0.0	0.0	0.0	0.0	0.0	0.0	0.0	0.0	0.0	0.0	
Prairie Warbler	0.0	0.0	0.0	0.0	0.0	0.0	0.0	0.0	0.0	0.0	0.0	0.0	0.0	6.519E-4	0.0023613	0.021536	0.05204	0.0371567	0.0268265	0.0222222	0.012	0.0143805	0.0129096	0.0073869	0.0049383	0.0	0.0030769	9.47E-4	0.0012887	0.0063291	0.003886	0.0172684	0.0234934	0.0215054	0.0125	0.0053239	0.0047755	0.0010638	0.0	0.0	0.0	0.0	0.0	0.0	0.0	0.0	0.0	0.0	
Black-throated Gray Warbler	0.0	8.137E-4	0.0	0.0	0.0	0.0	0.0	0.0	0.0	0.0	0.0	0.0	0.0	0.0	0.0	0.0	0.0	0.0	0.0	0.0	0.0	0.0	0.0	0.0	0.0	0.0	0.0	0.0	0.0	0.0	0.0	0.0	0.0	0.0	0.0	0.0	0.0	0.0	0.0	0.0	0.0	0.0	0.0	0.0	0.0	0.0	0.0	0.0	
Black-throated Green Warbler	0.0	0.0	0.0	0.0	0.0	0.0	0.0	0.0	0.0	0.0	0.0	0.0	0.0	6.519E-4	0.0023613	0.0536367	0.1519567	0.1619548	0.0856164	0.0164021	0.001	0.0	9.93E-4	0.0	0.0024691	0.0	0.0015	9.47E-4	0.0	0.0015	0.003886	0.0533752	0.1389173	0.2107527	0.3114583	0.2502218	0.1805158	0.0425532	0.0160085	0.0052045	0.0010309	0.0	0.0	0.0	0.0	0.0	0.0	0.0	
Canada Warbler	0.0	0.0	0.0	0.0	0.0	0.0	0.0	0.0	0.0	0.0	0.0	0.0	0.0	0.0	0.0	4.063E-4	0.011657	0.0452342	0.0787671	0.0206349	0.0	0.0	0.0	0.0	0.0	0.0	0.0	0.0	0.0025773	0.0075949	0.0194301	0.0612245	0.0367722	0.0354839	0.0229167	0.0079858	9.551E-4	0.0	0.0	0.0	0.0	0.0	0.0	0.0	0.0	0.0	0.0	0.0	
Wilson's Warbler	0.0	0.0	0.0	0.0	0.0	0.0	0.0	0.0	0.0	0.0	0.0	0.0	0.0	0.0	0.0	0.0	0.0058285	0.0242326	0.0176941	0.0026455	0.0	0.0	0.0	0.0	0.0	0.0	0.0	0.0	0.0	0.0	0.0025907	0.0039246	0.011236	0.0172043	0.0135417	0.0044366	0.0057307	0.0031915	0.0	0.0	0.0	0.0	0.0	0.0	0.0	0.0	0.0	0.0	
new world warbler sp.	0.0	0.0	0.0	0.0	0.0	0.0	0.0	0.0	0.0	0.0	0.0013201	0.0	0.0	0.0	0.001771	0.0048761	0.0037469	0.0060582	0.0074201	0.0026455	0.001	0.0011062	9.93E-4	0.0018467	0.0012346	0.0	0.0015385	0.0015	0.0025773	0.0050633	0.0012953	0.0102041	0.0163432	0.0193548	0.0270833	0.0310559	0.0248329	0.0138298	0.0042689	0.004461	0.0010309	0.0	0.0	0.0	0.0	0.0013831	0.0	0.0	
Summer Tanager	0.0	0.0	0.0	0.0	0.0	0.0	0.0	0.0	0.0	0.0	0.0	0.0	0.0	0.0	0.0	0.0	0.0	0.0	0.0011416	0.0	0.0	0.0	0.0	0.0	0.0	0.0	0.0	0.0	0.0	0.0	0.0	0.0	0.0020429	0.0	0.0	0.0	0.0	0.0	0.0	0.0	0.0	0.0	0.0	0.0	0.0	0.0	0.0	0.0	
Scarlet Tanager	0.0	0.0	0.0	0.0	0.0	0.0	0.0	0.0	0.0	0.0	0.0	0.0	0.0	0.0	0.0	0.0199106	0.122398	0.2168821	0.260274	0.1698413	0.113	0.0873894	0.1340616	0.1385042	0.1197531	0.0916784	0.0584615	0.0672348	0.0283505	0.0227848	0.0401554	0.0706436	0.124617	0.1344086	0.1864583	0.119787	0.0553964	0.0106383	0.0021345	0.0	0.0	0.0	0.0	0.0	0.0	0.0	0.0	0.0	
Northern Cardinal	0.3861199	0.4060212	0.4114964	0.4055331	0.4342857	0.4839572	0.5298126	0.4412252	0.450365	0.4619195	0.4877888	0.5362001	0.5277221	0.6219035	0.6564345	0.6826493	0.6557036	0.5997577	0.6421233	0.5560847	0.595	0.5818584	0.5948361	0.5992613	0.6395062	0.5895628	0.5953846	0.5501894	0.4884021	0.4329114	0.4676166	0.4874411	0.4882533	0.4935484	0.521875	0.5421473	0.5224451	0.4808511	0.488794	0.4609665	0.4113402	0.3702857	0.4366544	0.4172474	0.4451962	0.4481328	0.4273224	0.4561102	
Rose-breasted Grosbeak	0.0	0.0	0.0	0.0	0.0	0.0	0.0	0.0	0.0	0.0	0.0	0.0	0.0	0.0	0.0	0.0353515	0.1394671	0.1498384	0.1050228	0.0661376	0.047	0.045354	0.0486594	0.0341644	0.0358025	0.0380818	0.0184615	0.0160985	0.0180412	0.0177215	0.0259067	0.0282575	0.0592441	0.0913978	0.153125	0.0949423	0.0362942	0.0095745	0.0021345	7.435E-4	0.0	0.0	0.0	0.0	0.0	0.0	0.0	0.0	
Black-headed Grosbeak	0.0	0.0	0.0	0.0	0.0	0.0015	4.259E-4	0.0015	7.299E-4	0.0	0.0013201	0.0	0.001336	0.0	5.903E-4	0.0	0.0	0.0015	0.0	0.0	0.0	0.0	0.0	0.0	0.0	0.0	0.0	0.0	0.0	0.0	0.0	0.0	0.0	0.0	0.0	0.0	0.0	0.0	0.0	0.0	0.0	0.0	0.0	0.0	0.0	0.0	0.0	0.0	
Blue Grosbeak	0.0	0.0	0.0	0.0	0.0	0.0	0.0	0.0	0.0	0.0	0.0	0.0	0.0	0.0	0.0	0.0	0.0020816	0.0012116	0.005137	0.0047619	0.009	0.0099558	0.0069513	0.0073869	0.008642	0.0197461	0.0169231	0.0037879	0.0051546	0.0025316	0.0012953	0.0015699	0.0	0.0	0.0	0.0017746	0.0	0.0	0.0	0.0	0.0	0.0	0.0	0.0	0.0	0.0	0.0	0.0	
Indigo Bunting	0.0	0.0	0.0	0.0	0.0	0.0	0.0	0.0	0.0	0.0	0.0	0.0	0.0	0.0	5.903E-4	0.0069078	0.0666112	0.1773021	0.2579909	0.2084656	0.216	0.210177	0.2720953	0.2216066	0.2395062	0.2270804	0.1723077	0.1931818	0.1958763	0.1012658	0.0893782	0.0643642	0.0490296	0.0612903	0.0572917	0.0727595	0.0391595	0.0159574	0.0021345	7.435E-4	0.0	0.0	0.0	0.0	0.0	0.0	0.0	0.0	
Painted Bunting	0.0	0.0	0.0	0.0	0.0	0.0	0.0	0.0	0.0	0.0	0.0	0.0	0.0	0.0	0.0	0.0015	0.0	0.0	0.0	0.0	0.0	0.0	0.0	0.0	0.0	0.0	0.0	0.0	0.0	0.0	0.0	0.0	0.0	0.0	0.0	0.0	0.0	0.0	0.0	0.0	0.0	0.0	0.0	0.0	0.0	0.0	0.0	0.0	
Dickcissel	0.0	8.137E-4	0.0	0.0	0.0	0.0	0.0012777	8.278E-4	7.299E-4	0.0018576	0.0015	0.0013164	6.68E-4	0.0	0.0	0.0	0.0	0.0	0.0	0.0	0.0	0.0	0.0	9.234E-4	0.0	0.0014104	0.0	0.0	0.0	0.0	0.0	0.0	0.0010215	0.0021505	0.0015	0.0026619	9.551E-4	0.0021277	0.0010672	0.0022305	0.0	0.0	0.0	0.0	0.0	0.0	0.0015	0.0015	
passerine sp.	0.0044164	0.0056957	0.004562	0.0060729	0.0019048	0.0053476	0.0046848	0.0016556	0.0021898	6.192E-4	0.0019802	0.0017552	0.001336	0.0026076	0.0011806	0.001219	0.0033306	0.0012116	0.0039954	0.005291	0.005	0.0110619	0.0089374	0.0046168	0.0049383	0.0098731	0.0046154	0.0094697	0.0051546	0.0063291	0.007772	0.0094192	0.0061287	0.0043011	0.009375	0.0186335	0.0133715	0.0212766	0.0192102	0.0193309	0.0051546	0.008	0.0086101	0.0069686	0.014885	0.0124481	0.0043716	0.0034423	
bird sp.	6.309E-4	8.137E-4	0.0015	0.0015	9.524E-4	6.684E-4	0.0055366	0.0024834	7.299E-4	0.0024768	6.601E-4	0.0013164	0.002004	0.0	5.903E-4	4.063E-4	0.0015	0.0024233	0.0017123	5.291E-4	0.0	0.0033186	0.0	9.234E-4	0.0012346	0.0028209	0.0	0.0	0.0012887	0.0050633	0.0	0.0015699	0.0020429	0.0021505	0.00625	0.0015	0.0019102	0.0010638	0.0032017	0.001487	0.0041237	0.0022857	0.00246	0.0017422	0.0	0.0013831	0.0010929	5.737E-4	

