RegionName,RegionCode,RegionType
"Parwan",AF-PAR,subnational1
"Bamian",AF-BAM,subnational1
"Konar",AF-KNR,subnational1
"Balkh",AF-BAL,subnational1
"Kabol",AF-KAB,subnational1
"Badakhshan",AF-BDS,subnational1
"Herat",AF-HER,subnational1
"Fier",AL-04,subnational1
"Tiranë",AL-11,subnational1
"Shkodër",AL-10,subnational1
"Berat",AL-01,subnational1
"Vlorë",AL-12,subnational1
"Gjirokastër",AL-05,subnational1
"Korçë",AL-06,subnational1
"Kukës",AL-07,subnational1
"Durrës",AL-02,subnational1
"Elbasan",AL-03,subnational1
"Lezhë",AL-08,subnational1
"Dibër",AL-09,subnational1
"Alger",DZ-16,subnational1
"Sétif",DZ-19,subnational1
"El Bayadh",DZ-32,subnational1
"Constantine",DZ-25,subnational1
"Jijel",DZ-18,subnational1
"Biskra",DZ-07,subnational1
"El Tarf",DZ-36,subnational1
"Ghardaïa",DZ-47,subnational1
"American Samoa, American Samoa",AS-,subnational1
"Andorra la Vella",AD-07,subnational1
"Ordino",AD-05,subnational1
"La Massana",AD-04,subnational1
"Canillo",AD-02,subnational1
"Sant Julià de Lòria",AD-06,subnational1
"Encamp",AD-03,subnational1
"Huíla",AO-HUI,subnational1
"Benguela",AO-BGU,subnational1
"Namibe",AO-NAM,subnational1
"Cuanza Sul",AO-CUS,subnational1
"Bengo",AO-BGO,subnational1
"Cunene",AO-CNN,subnational1
"Cuanza Norte",AO-CNO,subnational1
"Cuando-Cubango",AO-CCU,subnational1
"Huambo",AO-HUA,subnational1
"Uíge",AO-UIG,subnational1
"Luanda",AO-LUA,subnational1
"Malange",AO-MAL,subnational1
"Zaire",AO-ZAI,subnational1
"Lunda Sul",AO-LSU,subnational1
"Anguilla, Anguilla",AI-,subnational1
"Antarctica, Antarctica",AQ-,subnational1
"Saint Paul",AG-06,subnational1
"Saint Philip",AG-08,subnational1
"Barbuda",AG-10,subnational1
"Saint Mary",AG-05,subnational1
"Saint Peter",AG-07,subnational1
"Saint John’s",AG-04,subnational1
"Luján",AR-B-LU,subnational2
"Morón",AR-B-MN,subnational2
"Rió Cuarto",AR-X-RC,subnational2
"Iguazú",AR-N-IG,subnational2
"Güer Aike",AR-Z-GA,subnational2
"San Javier",AR-S-SV,subnational2
"General López",AR-S-GL,subnational2
"Las Colonias",AR-S-LC,subnational2
"Collón Curá",AR-Q-CC,subnational2
"Nueve de Julio",AR-B-NJ,subnational2
"Rió Grande",AR-V-RG,subnational2
"La Capital",AR-S-LP,subnational2
"Florentino Ameghino",AR-U-FA,subnational2
"General San Martín",AR-X-GM,subnational2
"San Antonio",AR-R-SA,subnational2
"Confluencia",AR-Q-CO,subnational2
"Biedma",AR-U-BI,subnational2
"Picún Leufú",AR-Q-PL,subnational2
"San Justo",AR-X-SJ,subnational2
"Futaleufú",AR-U-FU,subnational2
"Languiñeo",AR-U-LA,subnational2
"Paso de Indios",AR-U-PI,subnational2
"El Cuy",AR-R-EC,subnational2
"Minas",AR-Q-MI,subnational2
"Capital",AR-N-PS,subnational2
"Constitución",AR-S-CO,subnational2
"Aluminé",AR-Q-AL,subnational2
"Orán",AR-A-OR,subnational2
"Banda",AR-G-BA,subnational2
"Cochinoca",AR-Y-CO,subnational2
"Santa Victoria",AR-A-SV,subnational2
"El Carmen",AR-Y-EC,subnational2
"La Caldera",AR-A-LC,subnational2
"La Poma",AR-A-LP,subnational2
"San Miguel",AR-W-SG,subnational2
"San Cayetano",AR-B-SC,subnational2
"Villarino",AR-B-VI,subnational2
"Andalgalá",AR-K-AG,subnational2
"Ancasti",AR-K-AC,subnational2
"Rosario",AR-S-RO,subnational2
"Juárez Celman",AR-X-JC,subnational2
"Chicoana",AR-A-CH,subnational2
"Tinogasta",AR-K-TI,subnational2
"San Cristóbal",AR-S-SC,subnational2
"General Roca",AR-R-GR,subnational2
"Eldorado",AR-N-ED,subnational2
"Tercero Arriba",AR-X-TA,subnational2
"General José de San Martín",AR-A-GM,subnational2
"Punilla",AR-X-PU,subnational2
"Ciudad Autónoma de Buenos Aires",AR-C,subnational1
"Esteban Echeverría",AR-B-EB,subnational2
"Capital",AR-J-SJ,subnational2
"Ushuaia",AR-V-US,subnational2
"Loncopué",AR-Q-LO,subnational2
"General Pueyrredón",AR-B-GP,subnational2
"Villa Gesell",AR-B-VG,subnational2
"Zapala",AR-Q-ZA,subnational2
"San Fernando",AR-H-SF,subnational2
"San Fernando Partido",AR-B-SF,subnational2
"Primero de Mayo",AR-H-PM,subnational2
"Buenos Aires",AR-B,subnational1
"Bahía Blanca",AR-B-BB,subnational2
"Picunches",AR-Q-PI,subnational2
"Lavalle",AR-M-LA,subnational2
"Silípica",AR-G-SI,subnational2
"Cruz del Eje",AR-X-CE,subnational2
"Lago Argentino",AR-Z-LA,subnational2
"Metán",AR-A-ME,subnational2
"Antofagasta de la Sierra",AR-K-AS,subnational2
"La Costa",AR-B-LC,subnational2
"Minas",AR-X-MI,subnational2
"Guaraní",AR-N-GU,subnational2
"Capital",AR-G-SE,subnational2
"Alberti",AR-B-AL,subnational2
"Rió Senguer",AR-U-RS,subnational2
"La Viña",AR-A-LV,subnational2
"Belgrano",AR-S-BE,subnational2
"Nueve de Julio",AR-S-NJ,subnational2
"Junín",AR-D-JU,subnational2
"Santa Rosa",AR-K-SR,subnational2
"Santa María",AR-X-SM,subnational2
"Rinconada",AR-Y-RI,subnational2
"Sargento Cabral",AR-H-SC,subnational2
"San Pedro",AR-N-SP,subnational2
"Tupungato",AR-M-TP,subnational2
"San Alberto",AR-X-SA,subnational2
"Unión",AR-X-UN,subnational2
"Valle Grande",AR-Y-VG,subnational2
"Córdoba",AR-X,subnational1
"Empedrado",AR-W-EM,subnational2
"Magdalena",AR-B-ML,subnational2
"Tafí del Valle",AR-T-TD,subnational2
"Anta",AR-A-AN,subnational2
"El Alto",AR-K-EA,subnational2
"Capital",AR-Y-CA,subnational2
"Tilcara",AR-Y-TI,subnational2
"Castro Barros",AR-F-CB,subnational2
"Puelén",AR-L-PU,subnational2
"Caleu Caleu",AR-L-CL,subnational2
"Oberá",AR-N-OB,subnational2
"Apóstoles",AR-N-AP,subnational2
"Añelo",AR-Q-AN,subnational2
"Moreno",AR-B-MR,subnational2
"Guachipas",AR-A-GU,subnational2
"Bariloche",AR-R-BA,subnational2
"Lobería",AR-B-LO,subnational2
"La Plata",AR-B-LT,subnational2
"Feliciano",AR-E-FL,subnational2
"Guatraché",AR-L-GU,subnational2
"Tigre",AR-B-TI,subnational2
"Goya",AR-W-GO,subnational2
"Pocho",AR-X-PO,subnational2
"Concepción",AR-W-CO,subnational2
"Capital",AR-A-SA,subnational2
"Tehuelches",AR-U-TH,subnational2
"Tres Arroyos",AR-B-TA,subnational2
"San Jerónimo",AR-S-SR,subnational2
"Leandro N. Alem",AR-B-LA,subnational2
"Calamuchita",AR-X-CA,subnational2
"Castellanos",AR-S-CL,subnational2
"General Obligado",AR-S-GO,subnational2
"Diamante",AR-E-DI,subnational2
"Nogoyá",AR-E-NO,subnational2
"Escobar",AR-B-ES,subnational2
"Quilmes",AR-B-QU,subnational2
"Vicente López",AR-B-VL,subnational2
"General Rodríguez",AR-B-GR,subnational2
"Paraná",AR-E-PA,subnational2
"Garay",AR-S-GA,subnational2
"Escalante",AR-U-ES,subnational2
"Islas del Ibicuy",AR-E-II,subnational2
"Luján de Cuyo",AR-M-LC,subnational2
"Tres de Febrero",AR-B-TF,subnational2
"Coronel Pringles",AR-B-CP,subnational2
"Atamisqui",AR-G-AT,subnational2
"Rosario de la Frontera",AR-A-RF,subnational2
"Lago Buenos Aires",AR-Z-LB,subnational2
"General Manuel Belgrano",AR-N-GB,subnational2
"Concordia",AR-E-CC,subnational2
"Mercedes",AR-B-MD,subnational2
"San Vicente",AR-B-SE,subnational2
"Exaltación de la Cruz",AR-B-EC,subnational2
"San Lorenzo",AR-S-SL,subnational2
"Ramallo",AR-B-RM,subnational2
"Huiliches",AR-Q-HU,subnational2
"Misiones",AR-N,subnational1
"La Capital",AR-D-LC,subnational2
"Humahuaca",AR-Y-HU,subnational2
"Azul",AR-B-AZ,subnational2
"Ituzaingó",AR-W-IZ,subnational2
"Adolfo Alsina",AR-R-AA,subnational2
"Patagones",AR-B-PA,subnational2
"Castelli",AR-B-CI,subnational2
"Rió Chico",AR-Z-RC,subnational2
"Jiménez",AR-G-JM,subnational2
"Capital",AR-K-CT,subnational2
"Adolfo Gonzales Chaves",AR-B-AC,subnational2
"Toay",AR-L-TO,subnational2
"Quemú Quemú",AR-L-QQ,subnational2
"Vera",AR-S-VE,subnational2
"Coronel Dorrego",AR-B-CD,subnational2
"Santiago del Estero",AR-G,subnational1
"Juan Felipe Ibarra",AR-G-JI,subnational2
"Paclín",AR-K-PA,subnational2
"Coronel de Marina Leonardo Rosales",AR-B-CR,subnational2
"General Paz",AR-W-GP,subnational2
"Uruguay",AR-E-UR,subnational2
"Laprida",AR-B-LR,subnational2
"Necochea",AR-B-NE,subnational2
"Monte Hermoso",AR-B-MH,subnational2
"Avellaneda",AR-R-AV,subnational2
"Chacabuco",AR-D-CH,subnational2
"Rió Segundo",AR-X-RG,subnational2
"Colón",AR-E-CO,subnational2
"Baradero",AR-B-BD,subnational2
"Malargüe",AR-M-ML,subnational2
"Chicligasta",AR-T-CH,subnational2
"Calingasta",AR-J-CL,subnational2
"Formosa",AR-P-FO,subnational2
"Ledesma",AR-Y-LE,subnational2
"Las Heras",AR-M-LH,subnational2
"Santo Tomé",AR-W-ST,subnational2
"Patiño",AR-P-PA,subnational2
"Formosa",AR-P,subnational1
"Bermejo",AR-P-BE,subnational2
"General Taboada",AR-G-GT,subnational2
"Zonda",AR-J-ZO,subnational2
"Rivadavia",AR-G-RI,subnational2
"Figueroa",AR-G-FI,subnational2
"Aguirre",AR-G-AG,subnational2
"San Justo",AR-S-SJ,subnational2
"Rivadavia",AR-A-RI,subnational2
"Mitre",AR-G-MI,subnational2
"Salavina",AR-G-SV,subnational2
"Angaco",AR-J-AN,subnational2
"Bella Vista",AR-W-BV,subnational2
"General Sarmiento",AR-B-GS,subnational2
"Ambato",AR-K-AM,subnational2
"Berisso",AR-B-BS,subnational2
"Iriondo",AR-S-IR,subnational2
"San Javier",AR-X-SV,subnational2
"Mercedes",AR-W-ME,subnational2
"Puán",AR-B-PU,subnational2
"Coronel Suárez",AR-B-CE,subnational2
"San Isidro",AR-B-SI,subnational2
"General Pedernera",AR-D-GP,subnational2
"General San Martín",AR-B-GN,subnational2
"Ñorquín",AR-Q-NO,subnational2
"Capayán",AR-K-CA,subnational2
"General Ortiz de Ocampo",AR-F-GO,subnational2
"General Alvear",AR-M-GA,subnational2
"Bragado",AR-B-BG,subnational2
"Villaguay",AR-E-VG,subnational2
"Pehuenches",AR-Q-PE,subnational2
"Avellaneda",AR-B-AV,subnational2
"Mar Chiquita",AR-B-MC,subnational2
"Libertador General San Martín",AR-N-LM,subnational2
"Chilecito",AR-F-CL,subnational2
"Tornquist",AR-B-TQ,subnational2
"General Güemes",AR-A-GG,subnational2
"Rivadavia",AR-J-RI,subnational2
"Magallanes",AR-Z-MA,subnational2
"Cachi",AR-A-CA,subnational2
"Cafayate",AR-A-CF,subnational2
"San Martín",AR-W-SM,subnational2
"Santa Bárbara",AR-Y-SB,subnational2
"Yavi",AR-Y-YA,subnational2
"Deseado",AR-Z-DE,subnational2
"Godoy Cruz",AR-M-GC,subnational2
"Federal",AR-E-FE,subnational2
"Cushamen",AR-U-CU,subnational2
"Campana",AR-B-CM,subnational2
"Laishi",AR-P-LA,subnational2
"Rosario de Lerma",AR-A-RL,subnational2
"Cañuelas",AR-B-CL,subnational2
"General Villegas",AR-B-GV,subnational2
"Gualeguay",AR-E-GG,subnational2
"San Antonio",AR-Y-SA,subnational2
"General Juan Madariaga",AR-B-GJ,subnational2
"Gualeguaychú",AR-E-GC,subnational2
"Merlo",AR-B-ME,subnational2
"General Lavalle",AR-B-GL,subnational2
"San Pedro",AR-B-SP,subnational2
"Jáchal",AR-J-JA,subnational2
"Lobos",AR-B-LB,subnational2
"Rió Hondo",AR-G-RH,subnational2
"La Paz",AR-E-LP,subnational2
"Pirané",AR-P-PR,subnational2
"Lacar",AR-Q-LA,subnational2
"Montecarlo",AR-N-MO,subnational2
"Mburucuyá",AR-W-MB,subnational2
"Los Lagos",AR-Q-LL,subnational2
"Cainguás",AR-N-CG,subnational2
"Junín",AR-B-JU,subnational2
"San Martín",AR-S-SM,subnational2
"General Güemes",AR-H-GG,subnational2
"Capital",AR-X-CB,subnational2
"Guaymallén",AR-M-GU,subnational2
"Moreno",AR-G-MO,subnational2
"Bermejo",AR-H-BE,subnational2
"Candelaria",AR-N-CD,subnational2
"Colón",AR-X-CO,subnational2
"Rió Primero",AR-X-RP,subnational2
"Pinamar",AR-B-PI,subnational2
"Carlos Casares",AR-B-CC,subnational2
"Rauch",AR-B-RU,subnational2
"Yerba Buena",AR-T-YB,subnational2
"Capital",AR-W-CN,subnational2
"Chascomús",AR-B-CH,subnational2
"Fray Justo Santa María de Oro",AR-H-FJ,subnational2
"Caseros",AR-S-CR,subnational2
"Santa Fe",AR-S,subnational1
"San Rafael",AR-M-SR,subnational2
"Famatina",AR-F-FA,subnational2
"General Alvarado",AR-B-GD,subnational2
"San Cosme",AR-W-SC,subnational2
"Tordillo",AR-B-TO,subnational2
"Adolfo Alsina",AR-B-AA,subnational2
"Leandro N. Alem",AR-N-LA,subnational2
"Rió Seco",AR-X-RS,subnational2
"Pilcaniyeu",AR-R-PI,subnational2
"Valcheta",AR-R-VA,subnational2
"Pellegrini",AR-G-PE,subnational2
"Coronel Pringles",AR-D-CP,subnational2
"Libertador General San Martín",AR-D-LM,subnational2
"Capital",AR-M-MZ,subnational2
"Utracán",AR-L-UT,subnational2
"Salta",AR-A,subnational1
"Federación",AR-E-FC,subnational2
"Chos Malal",AR-Q-CM,subnational2
"Chacabuco",AR-H-CH,subnational2
"San Roque",AR-W-SR,subnational2
"Mártires",AR-U-MA,subnational2
"Iruya",AR-A-IR,subnational2
"San Carlos",AR-A-SC,subnational2
"Pilcomayo",AR-P-PM,subnational2
"Rivadavia",AR-M-RI,subnational2
"Saavedra",AR-B-SD,subnational2
"San Ignacio",AR-N-SI,subnational2
"San Antonio de Areco",AR-B-SA,subnational2
"Pilagás",AR-P-PG,subnational2
"Avellaneda",AR-G-AV,subnational2
"Corpen Aike",AR-Z-CA,subnational2
"Comandante Fernández",AR-H-CF,subnational2
"Ullum",AR-J-UL,subnational2
"Corrientes",AR-W,subnational1
"Los Andes",AR-A-LA,subnational2
"Ischilín",AR-X-IS,subnational2
"Susques",AR-Y-SU,subnational2
"Catán Lil",AR-Q-CL,subnational2
"Mayor Luis J. Fontana",AR-H-MF,subnational2
"General Roca",AR-X-GR,subnational2
"Berazategui",AR-B-BZ,subnational2
"Robles",AR-G-RO,subnational2
"Pichi Mahuida",AR-R-PM,subnational2
"Paso de los Libres",AR-W-PL,subnational2
"Zárate",AR-B-ZA,subnational2
"Lihuel Calel",AR-L-UC,subnational2
"Trenque Lauquen",AR-B-TR,subnational2
"Tumbaya",AR-Y-TU,subnational2
"Valle Viejo",AR-K-VV,subnational2
"Curuzú Cuatiá",AR-W-CC,subnational2
"La Paz",AR-M-LP,subnational2
"Lavalle",AR-W-LA,subnational2
"Capital",AR-F-LR,subnational2
"Tafí Viejo",AR-T-TV,subnational2
"La Cocha",AR-T-LC,subnational2
"Gaiman",AR-U-GM,subnational2
"Ayacucho",AR-D-AY,subnational2
"Fray Mamerto Esquiú",AR-K-FE,subnational2
"Graneros",AR-T-GR,subnational2
"Valle Fértil",AR-J-VF,subnational2
"Belgrano",AR-D-BE,subnational2
"Rió Chico",AR-T-RC,subnational2
"Sanagasta",AR-F-SA,subnational2
"La Candelaria",AR-A-LD,subnational2
"Rawson",AR-U-RA,subnational2
"Monte",AR-B-MT,subnational2
"Esquina",AR-W-ES,subnational2
"Berón de Astrada",AR-W-BA,subnational2
"Totoral",AR-X-TO,subnational2
"Libertad",AR-H-LI,subnational2
"Tulumba",AR-X-TU,subnational2
"Iglesia",AR-J-IG,subnational2
"Libertador General San Martín",AR-H-LM,subnational2
"General Alvear",AR-W-GA,subnational2
"Marcos Juárez",AR-X-MJ,subnational2
"General Alvear",AR-B-GA,subnational2
"Gobernador Dupuy",AR-D-GD,subnational2
"Tunuyán",AR-M-TN,subnational2
"Tapenagá",AR-H-TA,subnational2
"Balcarce",AR-B-BC,subnational2
"Pomán",AR-K-PO,subnational2
"Junín",AR-M-JU,subnational2
"San Pedro",AR-Y-SP,subnational2
"Limay Mahuida",AR-L-LM,subnational2
"Victoria",AR-E-VC,subnational2
"Atreucó",AR-L-AT,subnational2
"Belén",AR-K-BE,subnational2
"Santa María",AR-K-SM,subnational2
"Santa Cruz",AR-Z,subnational1
"Realicó",AR-L-RE,subnational2
"San Luis",AR-D,subnational1
"Monteros",AR-T-MO,subnational2
"San Nicolás",AR-B-SN,subnational2
"Ensenada",AR-B-EN,subnational2
"General Donovan",AR-H-GD,subnational2
"Presidente Roque Sáenz Peña",AR-X-PP,subnational2
"Sarmiento",AR-J-SA,subnational2
"Rivadavia",AR-B-RI,subnational2
"Tandil",AR-B-TD,subnational2
"General Guido",AR-B-GG,subnational2
"General Belgrano",AR-B-GB,subnational2
"Conesa",AR-R-CO,subnational2
"Almirante Brown",AR-B-AB,subnational2
"Albardón",AR-J-AL,subnational2
"Guaminí",AR-B-GU,subnational2
"Guasayán",AR-G-GU,subnational2
"San Luis del Palmar",AR-W-SP,subnational2
"Trancas",AR-T-TR,subnational2
"-31.4919641",-31.4919641,subnational2
"Cerrillos",AR-A-CE,subnational2
"La Paz",AR-K-LP,subnational2
"Entre Ríos",AR-E,subnational1
"Hucal",AR-L-HU,subnational2
"Capital",AR-T-TM,subnational2
"San Martín",AR-G-SM,subnational2
"Lules",AR-T-LU,subnational2
"Dolores",AR-B-DO,subnational2
"Copo",AR-G-CO,subnational2
"Molinos",AR-A-MO,subnational2
"Famaillá",AR-T-FA,subnational2
"Sarmiento",AR-U-SA,subnational2
"Olavarría",AR-B-OL,subnational2
"Veinticinco de Mayo",AR-R-VM,subnational2
"Capital",AR-L-SR,subnational2
"Ayacucho",AR-B-AY,subnational2
"Rawson",AR-J-RA,subnational2
"Telsen",AR-U-TN,subnational2
"Jujuy",AR-Y,subnational1
"General Lamadrid",AR-F-GL,subnational2
"Vinchina",AR-F-VI,subnational2
"Daireaux",AR-B-DA,subnational2
"Maipú",AR-B-MA,subnational2
"Maipú",AR-M-MP,subnational2
"Benito Juárez",AR-B-BJ,subnational2
"Rojas",AR-B-RO,subnational2
"Catamarca",AR-K,subnational1
"Veinticinco de Mayo",AR-B-VM,subnational2
"Trenel",AR-L-TR,subnational2
"Tapalqué",AR-B-TP,subnational2
"Navarro",AR-B-NA,subnational2
"Carlos Tejedor",AR-B-CT,subnational2
"Conhelo",AR-L-CO,subnational2
"San Juan",AR-J,subnational1
"Lanús",AR-B-LS,subnational2
"Las Flores",AR-B-LF,subnational2
"Loventué",AR-L-LO,subnational2
"Pehuajó",AR-B-PJ,subnational2
"Palpalá",AR-Y-PA,subnational2
"Choya",AR-G-CH,subnational2
"Nueve de Julio",AR-R-NJ,subnational2
"Gastre",AR-U-GS,subnational2
"La Matanza",AR-B-LM,subnational2
"General Belgrano",AR-F-GB,subnational2
"Presidencia de la Plaza",AR-H-PP,subnational2
"Coronel Felipe Varela",AR-F-CF,subnational2
"Tucumán",AR-T,subnational1
"Independencia",AR-F-IN,subnational2
"Almirante Brown",AR-H-AB,subnational2
"Tala",AR-E-TA,subnational2
"Florencio Varela",AR-B-FC,subnational2
"Lomas de Zamora",AR-B-LZ,subnational2
"Chivilcoy",AR-B-CV,subnational2
"Pilar",AR-B-PX,subnational2
"Chalileo",AR-L-CH,subnational2
"Pila",AR-B-PL,subnational2
"Maracó",AR-L-MA,subnational2
"General Las Heras",AR-B-GH,subnational2
"Roque Pérez",AR-B-RP,subnational2
"Burruyacú",AR-T-BU,subnational2
"Curacó",AR-L-CU,subnational2
"Caucete",AR-J-CC,subnational2
"Santa Catalina",AR-Y-SC,subnational2
"Quebrachos",AR-G-QU,subnational2
"General Paz",AR-B-GZ,subnational2
"Doce de Octubre",AR-H-DC,subnational2
"Chical Có",AR-L-CC,subnational2
"Santa Rosa",AR-M-ST,subnational2
"Simoca",AR-T-SI,subnational2
"Concepción",AR-N-CO,subnational2
"Sarmiento",AR-G-SR,subnational2
"General Pinto",AR-B-GI,subnational2
"Alberdi",AR-G-AL,subnational2
"Loreto",AR-G-LO,subnational2
"Ojo de Agua",AR-G-OJ,subnational2
"Bolívar",AR-B-BO,subnational2
"San Javier",AR-N-SJ,subnational2
"Saladas",AR-W-SL,subnational2
"La Rioja",AR-F,subnational1
"San Carlos",AR-M-SC,subnational2
"Sobremonte",AR-X-SO,subnational2
"Arauco",AR-F-AR,subnational2
"Chaco",AR-H,subnational1
"Saladillo",AR-B-SL,subnational2
"Monte Caseros",AR-W-MC,subnational2
"San Lorenzo",AR-H-SL,subnational2
"Syunik'",AM-SU,subnational1
"Kotayk'",AM-KT,subnational1
"Širak",AM-SH,subnational1
"Aragatsotn",AM-AG,subnational1
"Ararat",AM-AR,subnational1
"Vayoc Jor",AM-VD,subnational1
"Gegark'unik'",AM-GR,subnational1
"Lorri",AM-LO,subnational1
"Erevan",AM-ER,subnational1
"Tavuš",AM-TV,subnational1
"Armavir",AM-AV,subnational1
"Aruba, Aruba",AW-,subnational1
"Ashmore and Cartier Islands, Ashmore and Cartier Islands",AC-,subnational1
"Palerang",AU-NSW-PAL,subnational2
"Tamworth Regional",AU-NSW-TAM,subnational2
"Broome",AU-WA-BRM,subnational2
"Australian Capital Territory",AU-ACT,subnational1
"Mid-Western Regional",AU-NSW-MID,subnational2
"Upper Hunter Shire",AU-NSW-UPH,subnational2
"Liverpool Plains",AU-NSW-LIP,subnational2
"Litchfield",AU-NT-LIT,subnational2
"Casey",AU-VIC-CAS,subnational2
"Byron",AU-NSW-BYR,subnational2
"Murray",AU-NSW-MUR,subnational2
"Warringah",AU-NSW-WRG,subnational2
"Ravensthorpe",AU-WA-RAV,subnational2
"Wyong",AU-NSW-WYO,subnational2
"Moreton Bay",AU-QLD-MRB,subnational2
"Greater Taree",AU-NSW-GRT,subnational2
"Cassowary Coast",AU-QLD-CAS,subnational2
"Unincorporated SA",AU-SA-UNI,subnational2
"Greater Geelong",AU-VIC-GGE,subnational2
"Cuballing",AU-WA-CUB,subnational2
"Carnarvon",AU-WA-CAR,subnational2
"Cowra",AU-NSW-COW,subnational2
"Wangaratta",AU-VIC-WAN,subnational2
"Murrindindi",AU-VIC-MUR,subnational2
"Brisbane",AU-QLD-BRI,subnational2
"Surf Coast",AU-VIC-SUR,subnational2
"Toowoomba",AU-QLD-TOO,subnational2
"Hornsby",AU-NSW-HOR,subnational2
"Shoalhaven",AU-NSW-SHO,subnational2
"Port Macquarie-Hastings",AU-NSW-PMH,subnational2
"Palmerston",AU-NT-PAL,subnational2
"Lake Macquarie",AU-NSW-LAK,subnational2
"Eurobodalla",AU-NSW-EUR,subnational2
"Gladstone",AU-QLD-GLA,subnational2
"Dungog",AU-NSW-DUN,subnational2
"Wingecarribee",AU-NSW-WIN,subnational2
"Pittwater",AU-NSW-PIT,subnational2
"Tablelands",AU-QLD-TAB,subnational2
"Central Highlands",AU-QLD-CEN,subnational2
"Penrith",AU-NSW-PEN,subnational2
"Bega Valley",AU-NSW-BEG,subnational2
"South Burnett",AU-QLD-SOB,subnational2
"Cook",AU-QLD-COO,subnational2
"Gold Coast",AU-QLD-GOL,subnational2
"Tweed",AU-NSW-TWE,subnational2
"Sunshine Coast",AU-QLD-SUN,subnational2
"Newcastle",AU-NSW-NEW,subnational2
"Campaspe",AU-VIC-CAM,subnational2
"East Gippsland",AU-VIC-EAS,subnational2
"Gympie",AU-QLD-GYM,subnational2
"Mansfield",AU-VIC-MNS,subnational2
"Uralla",AU-NSW-URL,subnational2
"Frankston",AU-VIC-FRA,subnational2
"Maitland",AU-NSW-MAI,subnational2
"Oberon",AU-NSW-OBE,subnational2
"Lachlan",AU-NSW-LAC,subnational2
"West Coast",AU-TAS-WEC,subnational2
"Brewarrina",AU-NSW-BRE,subnational2
"Roebourne",AU-WA-ROE,subnational2
"Barkly",AU-NT-BAR,subnational2
"Meander Valley",AU-TAS-MEA,subnational2
"Manly",AU-NSW-MAN,subnational2
"Wagga Wagga",AU-NSW-WAG,subnational2
"Greater Bendigo",AU-VIC-GBE,subnational2
"Queanbeyan",AU-NSW-QUE,subnational2
"Upper Lachlan Shire",AU-NSW-UPL,subnational2
"Southern Downs",AU-QLD-SOD,subnational2
"Scenic Rim",AU-QLD-SCE,subnational2
"Randwick",AU-NSW-RAN,subnational2
"Narromine",AU-NSW-NRM,subnational2
"Young",AU-NSW-YOU,subnational2
"Wellington",AU-VIC-WEL,subnational2
"Gosford",AU-NSW-GOS,subnational2
"Hobsons Bay",AU-VIC-HOB,subnational2
"Sutherland Shire",AU-NSW-SUT,subnational2
"Glen Innes Severn",AU-NSW-GLE,subnational2
"Onkaparinga",AU-SA-ONK,subnational2
"Forbes",AU-NSW-FOR,subnational2
"Yalgoo",AU-WA-YAL,subnational2
"Alice Springs",AU-NT-ALI,subnational2
"Loddon",AU-VIC-LOD,subnational2
"Lockyer Valley",AU-QLD-LOV,subnational2
"Logan",AU-QLD-LOG,subnational2
"Whitsunday",AU-QLD-WHI,subnational2
"Yarra",AU-VIC-YAR,subnational2
"Central Coast",AU-TAS-CCO,subnational2
"Greater Dandenong",AU-VIC-GDA,subnational2
"Balranald",AU-NSW-BLR,subnational2
"Gwydir",AU-NSW-GWY,subnational2
"Walcha",AU-NSW-WLC,subnational2
"Bathurst Regional",AU-NSW-BAT,subnational2
"Guyra",AU-NSW-GUY,subnational2
"Tatiara",AU-SA-TAT,subnational2
"Hinchinbrook",AU-QLD-HIN,subnational2
"Cessnock",AU-NSW-CES,subnational2
"Balonne",AU-QLD-BAL,subnational2
"Tasman",AU-TAS-TAS,subnational2
"Augusta-Margaret River",AU-WA-AUG,subnational2
"Blacktown",AU-NSW-BLK,subnational2
"Tenterfield",AU-NSW-TEN,subnational2
"Bland",AU-NSW-BLA,subnational2
"Burdekin",AU-QLD-BDK,subnational2
"Ceduna",AU-SA-CED,subnational2
"Clarence",AU-TAS-CLA,subnational2
"Baw Baw",AU-VIC-BAW,subnational2
"Belmont",AU-WA-BEL,subnational2
"Northeast Top End",AU-NT-TOP,subnational2
"Snowy River",AU-NSW-SNO,subnational2
"South Gippsland",AU-VIC-SGI,subnational2
"Somerset",AU-QLD-SOM,subnational2
"Wentworth",AU-NSW-WEN,subnational2
"Huon Valley",AU-TAS-HUO,subnational2
"Quilpie",AU-QLD-QUI,subnational2
"Murweh",AU-QLD-MUR,subnational2
"Derby-West Kimberley",AU-WA-DER,subnational2
"Redland",AU-QLD-RED,subnational2
"Hepburn",AU-VIC-HEP,subnational2
"West Torrens",AU-SA-WES,subnational2
"Adelaide",AU-SA-ADL,subnational2
"Northwestern NSW",AU-NSW-NWN,subnational2
"Bulloo",AU-QLD-BUL,subnational2
"Coomalie",AU-NT-COO,subnational2
"Light",AU-SA-LIG,subnational2
"Blue Mountains",AU-NSW-BLU,subnational2
"Tumut Shire",AU-NSW-TMT,subnational2
"Burke",AU-QLD-BRK,subnational2
"Warrumbungle Shire",AU-NSW-WRM,subnational2
"Canning",AU-WA-CAN,subnational2
"Gundagai",AU-NSW-GDG,subnational2
"Grant",AU-SA-GRA,subnational2
"Lord Howe Island",AU-NSW-LHI,subnational2
"Maranoa",AU-QLD-MAR,subnational2
"Kingborough",AU-TAS-KIN,subnational2
"Paroo",AU-QLD-PAR,subnational2
"Dundas",AU-WA-DUN,subnational2
"Kyogle",AU-NSW-KYO,subnational2
"Moonee Valley",AU-VIC-MVA,subnational2
"Etheridge",AU-QLD-ETH,subnational2
"Winton",AU-QLD-WIN,subnational2
"Cairns",AU-QLD-CAI,subnational2
"Central Desert",AU-NT-CEN,subnational2
"Colac-Otway",AU-VIC-COL,subnational2
"Wyndham-East Kimberley",AU-WA-WYN,subnational2
"Richmond Valley",AU-NSW-RIC,subnational2
"Inverell",AU-NSW-INV,subnational2
"Mildura",AU-VIC-MIL,subnational2
"Charters Towers",AU-QLD-CHA,subnational2
"Hume",AU-VIC-HUM,subnational2
"Townsville",AU-QLD-TOW,subnational2
"Break O'Day",AU-TAS-BRE,subnational2
"Boorowa",AU-NSW-BOO,subnational2
"Kalamunda",AU-WA-KAL,subnational2
"Nillumbik",AU-VIC-NIL,subnational2
"Latrobe",AU-VIC-LAT,subnational2
"Northern Peninsula Area",AU-QLD-NPA,subnational2
"Loxton Waikerie",AU-SA-LOX,subnational2
"Albany",AU-WA-ALB,subnational2
"Wandering",AU-WA-WND,subnational2
"Plantagenet",AU-WA-PLA,subnational2
"Cranbrook",AU-WA-CRA,subnational2
"Weipa",AU-QLD-WEI,subnational2
"Circular Head",AU-TAS-CIR,subnational2
"MacDonnell",AU-NT-MAC,subnational2
"Port Phillip",AU-VIC-POR,subnational2
"Bass Coast",AU-VIC-BAS,subnational2
"Ashburton",AU-WA-ASH,subnational2
"Leonora",AU-WA-LEO,subnational2
"Albury",AU-NSW-ALB,subnational2
"Alexandrina",AU-SA-ALE,subnational2
"Rockingham",AU-WA-ROC,subnational2
"Kempsey",AU-NSW-KEM,subnational2
"Boulia",AU-QLD-BOU,subnational2
"Adelaide Hills",AU-SA-ADH,subnational2
"Parkes",AU-NSW-PAR,subnational2
"Merri-bek",AU-VIC-MOR,subnational2
"Shellharbour",AU-NSW-SHE,subnational2
"Walgett",AU-NSW-WAL,subnational2
"Esperance",AU-WA-ESP,subnational2
"Roper Gulf",AU-NT-ROP,subnational2
"Greater Shepparton",AU-VIC-GSH,subnational2
"Hobart",AU-TAS-HOB,subnational2
"Melbourne",AU-VIC-MEL,subnational2
"Ararat",AU-VIC-ARA,subnational2
"Canada Bay",AU-NSW-CBY,subnational2
"Sydney",AU-NSW-SYD,subnational2
"Melville",AU-WA-MEL,subnational2
"Yarra Ranges",AU-VIC-YRA,subnational2
"Armadale",AU-WA-ARM,subnational2
"Carpentaria",AU-QLD-CAR,subnational2
"Goulburn Mulwaree",AU-NSW-GOU,subnational2
"Rockhampton",AU-QLD-ROC,subnational2
"Darebin",AU-VIC-DAR,subnational2
"Indigo",AU-VIC-IND,subnational2
"Ballina",AU-NSW-BLL,subnational2
"Nedlands",AU-WA-MED,subnational2
"Flinders",AU-QLD-FLI,subnational2
"Glen Eira",AU-VIC-GEI,subnational2
"Greater Hume Shire",AU-NSW-GHS,subnational2
"Leeton",AU-NSW-LEE,subnational2
"Moira",AU-VIC-MOI,subnational2
"Kiama",AU-NSW-KIA,subnational2
"Barcaldine",AU-QLD-BCL,subnational2
"Alpine",AU-VIC-ALP,subnational2
"Mt Hotham",AU-VIC-HOT,subnational2
"Towong",AU-VIC-TOW,subnational2
"Mount Buller",AU-VIC-MBU,subnational2
"Tumbarumba",AU-NSW-TMB,subnational2
"Murrumbidgee",AU-NSW-MRM,subnational2
"Barossa",AU-SA-BAR,subnational2
"Clarence Valley",AU-NSW-CLA,subnational2
"Alyangula",AU-NT-ALY,subnational2
"Anangu Pitjantjatjara",AU-SA-ANA,subnational2
"Campbelltown",AU-NSW-CAM,subnational2
"Busselton",AU-WA-BUS,subnational2
"Ipswich",AU-QLD-IPS,subnational2
"Wollongong",AU-NSW-WLG,subnational2
"Kangaroo Island",AU-SA-KAN,subnational2
"Wattle Range",AU-SA-WAT,subnational2
"Central Goldfields",AU-VIC-CEN,subnational2
"Mount Magnet",AU-WA-MMA,subnational2
"West Arnhem",AU-NT-WES,subnational2
"Wilsons Promontory Islands",AU-VIC-WPI,subnational2
"Broomehill-Tambellup",AU-WA-BRT,subnational2
"Boroondara",AU-VIC-BOR,subnational2
"North Sydney",AU-NSW-NOR,subnational2
"Manningham",AU-VIC-MAN,subnational2
"Bombala",AU-NSW-BOM,subnational2
"Banyule",AU-VIC-BAN,subnational2
"Fraser Coast",AU-QLD-FRA,subnational2
"Cooma-Monaro",AU-NSW-CMO,subnational2
"Bellingen",AU-NSW-BEL,subnational2
"Strathbogie",AU-VIC-STR,subnational2
"Tea Tree Gully",AU-SA-TEA,subnational2
"East Arnhem",AU-NT-EAS,subnational2
"Moyne",AU-VIC-MOY,subnational2
"Camden",AU-NSW-CMD,subnational2
"Leichhardt",AU-NSW-LEI,subnational2
"The Hills Shire",AU-NSW-THE,subnational2
"Swan Hill",AU-VIC-SWA,subnational2
"Armidale Dumaresq",AU-NSW-ARM,subnational2
"Whitehorse",AU-VIC-WHO,subnational2
"Elliston",AU-SA-ELL,subnational2
"Horsham",AU-VIC-HOR,subnational2
"Goondiwindi",AU-QLD-GOO,subnational2
"Kingston",AU-SA-KIN,subnational2
"Wudinna",AU-SA-WUD,subnational2
"Isaac",AU-QLD-ISA,subnational2
"Cootamundra",AU-NSW-CTM,subnational2
"Griffith",AU-NSW-GRI,subnational2
"Longreach",AU-QLD-LON,subnational2
"Northern Areas",AU-SA-NOR,subnational2
"Wollondilly",AU-NSW-WOL,subnational2
"Gannawarra",AU-VIC-GAN,subnational2
"Bundaberg",AU-QLD-BUN,subnational2
"Maroondah",AU-VIC-MAR,subnational2
"Glamorgan/Spring Bay",AU-TAS-GLA,subnational2
"West Wimmera",AU-VIC-WES,subnational2
"Darwin",AU-NT-DAR,subnational2
"Cardinia",AU-VIC-CAR,subnational2
"Southern Grampians",AU-VIC-SGR,subnational2
"Bayswater",AU-WA-BAY,subnational2
"Temora",AU-NSW-TEM,subnational2
"Parramatta",AU-NSW-PRM,subnational2
"Aurukun",AU-QLD-AUR,subnational2
"North Burnett",AU-QLD-NBU,subnational2
"Coolamon",AU-NSW-CLM,subnational2
"Stonnington",AU-VIC-STO,subnational2
"Yorke Peninsula",AU-SA-YOR,subnational2
"Hawkesbury",AU-NSW-HAW,subnational2
"Mount Isa",AU-QLD-MOU,subnational2
"Gilgandra",AU-NSW-GIL,subnational2
"Mackay",AU-QLD-MAC,subnational2
"Cockburn",AU-WA-COC,subnational2
"Murray Bridge",AU-SA-MUR,subnational2
"Rockdale",AU-NSW-ROC,subnational2
"Cleve",AU-SA-CLE,subnational2
"Hindmarsh",AU-VIC-HIN,subnational2
"Melton",AU-VIC-MLT,subnational2
"Barcoo",AU-QLD-BAR,subnational2
"Coffs Harbour",AU-NSW-COF,subnational2
"Glenorchy",AU-TAS-GLE,subnational2
"Willoughby",AU-NSW-WIL,subnational2
"Central Highlands",AU-TAS-CHI,subnational2
"Mornington Peninsula",AU-VIC-MPE,subnational2
"Benalla",AU-VIC-BEN,subnational2
"Canterbury",AU-NSW-CAN,subnational2
"Northern Midlands",AU-TAS-NOR,subnational2
"Ashfield",AU-NSW-ASH,subnational2
"Bassendean",AU-WA-BAS,subnational2
"Bankstown",AU-NSW-BAN,subnational2
"Moree Plains",AU-NSW-MOR,subnational2
"Monash",AU-VIC-MON,subnational2
"West Tamar",AU-TAS-WET,subnational2
"Diamantina",AU-QLD-DIA,subnational2
"Auburn",AU-NSW-AUB,subnational2
"Ku-ring-gai",AU-NSW-KRG,subnational2
"Whittlesea",AU-VIC-WHI,subnational2
"Murray",AU-WA-MUR,subnational2
"Cue",AU-WA-CUE,subnational2
"Narrabri",AU-NSW-NRB,subnational2
"Port Augusta",AU-SA-PAU,subnational2
"Mitchell",AU-VIC-MIT,subnational2
"Harvey",AU-WA-HAR,subnational2
"Conargo",AU-NSW-CON,subnational2
"Pyrenees",AU-VIC-PYR,subnational2
"Buloke",AU-VIC-BUL,subnational2
"Bayside",AU-VIC-BAY,subnational2
"York",AU-WA-YOR,subnational2
"Northam",AU-WA-NOR,subnational2
"Toodyay",AU-WA-TOO,subnational2
"Swan",AU-WA-SWA,subnational2
"Yulara",AU-NT-YUL,subnational2
"Corangamite",AU-VIC-COR,subnational2
"Deniliquin",AU-NSW-DEN,subnational2
"Hay",AU-NSW-HAY,subnational2
"Kellerberrin",AU-WA-KEL,subnational2
"Moorabool",AU-VIC-MOO,subnational2
"Great Lakes",AU-NSW-GLA,subnational2
"Urana",AU-NSW-URN,subnational2
"Bourke",AU-NSW-BOU,subnational2
"Southern Midlands",AU-TAS-SOU,subnational2
"Central Darling",AU-NSW-CEN,subnational2
"Katanning",AU-WA-KAT,subnational2
"King Island",AU-TAS-KNS,subnational2
"Flinders",AU-TAS-FLI,subnational2
"Dandaragan",AU-WA-DAN,subnational2
"Quairading",AU-WA-QUA,subnational2
"Torres Strait Island",AU-QLD-TSI,subnational2
"Muswellbrook",AU-NSW-MUS,subnational2
"Robe",AU-SA-ROB,subnational2
"Glenelg",AU-VIC-GLG,subnational2
"Singleton",AU-NSW-SIN,subnational2
"Streaky Bay",AU-SA-STR,subnational2
"Mallala",AU-SA-MAL,subnational2
"Blayney",AU-NSW-BLY,subnational2
"Wakefield",AU-SA-WAK,subnational2
"Wellington",AU-NSW-WEL,subnational2
"Kingston",AU-VIC-KIN,subnational2
"Macedon Ranges",AU-VIC-MAC,subnational2
"Westonia",AU-WA-WES,subnational2
"Cabonne",AU-NSW-CAB,subnational2
"Halls Creek",AU-WA-HAL,subnational2
"Donnybrook-Balingup",AU-WA-DON,subnational2
"Western Downs",AU-QLD-WES,subnational2
"Ballarat",AU-VIC-BAL,subnational2
"Corowa Shire",AU-NSW-COR,subnational2
"Dubbo",AU-NSW-DUB,subnational2
"Mosman",AU-NSW-MOS,subnational2
"Cobar",AU-NSW-COB,subnational2
"Wakool",AU-NSW-WAK,subnational2
"Torres",AU-QLD-TOR,subnational2
"Golden Plains",AU-VIC-GOL,subnational2
"Banana",AU-QLD-BAN,subnational2
"Yass Valley",AU-NSW-YAS,subnational2
"Ryde",AU-NSW-RYD,subnational2
"Hunters Hill",AU-NSW-HUN,subnational2
"Vincent",AU-WA-VIN,subnational2
"Victoria-Daly",AU-NT-VIC,subnational2
"Wodonga",AU-VIC-WOD,subnational2
"Blackall Tambo",AU-QLD-BLA,subnational2
"Mandurah",AU-WA-MND,subnational2
"French Island",AU-VIC-FRE,subnational2
"Port Adelaide Enfield",AU-SA-PAD,subnational2
"Salisbury",AU-SA-SAL,subnational2
"Mount Alexander",AU-VIC-MOU,subnational2
"Cloncurry",AU-QLD-CLO,subnational2
"Dorset",AU-TAS-DOR,subnational2
"Berrigan",AU-NSW-BER,subnational2
"Yarriambiack",AU-VIC-YMB,subnational2
"Nannup",AU-WA-NAN,subnational2
"Northern Grampians",AU-VIC-NOR,subnational2
"Bogan",AU-NSW-BOG,subnational2
"Gloucester",AU-NSW-GLO,subnational2
"Port Stephens",AU-NSW-PST,subnational2
"Brookton",AU-WA-BRK,subnational2
"Harden",AU-NSW-HAR,subnational2
"Latrobe",AU-TAS-LAT,subnational2
"Waratah/Wynyard",AU-TAS-WAR,subnational2
"Knox",AU-VIC-KNO,subnational2
"George Town",AU-TAS-GEO,subnational2
"Lane Cove",AU-NSW-LAN,subnational2
"Queenscliffe",AU-VIC-QUE,subnational2
"Kwinana",AU-WA-KWI,subnational2
"Yankalilla",AU-SA-YAN,subnational2
"Lismore",AU-NSW-LIS,subnational2
"Mount Marshall",AU-WA-MOU,subnational2
"Maribyrnong",AU-VIC-MBY,subnational2
"West Arthur",AU-WA-WEA,subnational2
"Joondalup",AU-WA-JPP,subnational2
"Mount Remarkable",AU-SA-MTR,subnational2
"Manjimup",AU-WA-MNJ,subnational2
"Mundaring",AU-WA-MUN,subnational2
"Gingin",AU-WA-GIN,subnational2
"Mitcham",AU-SA-MIT,subnational2
"Warren",AU-NSW-WRR,subnational2
"Kentish",AU-TAS-KEN,subnational2
"Kogarah",AU-NSW-KOG,subnational2
"Nambucca",AU-NSW-NAM,subnational2
"Lithgow",AU-NSW-LIT,subnational2
"Lake Grace",AU-WA-LAK,subnational2
"Liverpool",AU-NSW-LIV,subnational2
"Beverley",AU-WA-BEV,subnational2
"Mukinbudin",AU-WA-MUK,subnational2
"Berri and Barmera",AU-SA-BER,subnational2
"Renmark Paringa",AU-SA-REN,subnational2
"Junee",AU-NSW-JUN,subnational2
"Australia, Australia",AU-,subnational1
"Hurstville",AU-NSW-HUR,subnational2
"Denmark",AU-WA-DEN,subnational2
"Gosnells",AU-WA-GOS,subnational2
"Mid Murray",AU-SA-MID,subnational2
"Stirling",AU-WA-STI,subnational2
"Naracoorte and Lucindale",AU-SA-NAR,subnational2
"Bunbury",AU-WA-BUN,subnational2
"Lower Eyre Peninsula",AU-SA-LOW,subnational2
"Shark Bay",AU-WA-SHA,subnational2
"Carrathool",AU-NSW-CAR,subnational2
"Port Lincoln",AU-SA-PLI,subnational2
"Trayning",AU-WA-TRA,subnational2
"Murchison",AU-WA-MRC,subnational2
"Meekatharra",AU-WA-MEE,subnational2
"Weddin",AU-NSW-WED,subnational2
"Chittering",AU-WA-CHI,subnational2
"Katherine",AU-NT-KAT,subnational2
"Copper Coast",AU-SA-COP,subnational2
"Kojonup",AU-WA-KOJ,subnational2
"Perth",AU-WA-PER,subnational2
"Gunnedah",AU-NSW-GUN,subnational2
"Orroroo/Carrieton",AU-SA-ORR,subnational2
"Orange",AU-NSW-ORA,subnational2
"Sorell",AU-TAS-SOR,subnational2
"Bridgetown-Greenbushes",AU-WA-BRI,subnational2
"Boyup Brook",AU-WA-BOY,subnational2
"Lockhart",AU-NSW-LOC,subnational2
"Lockhart River",AU-QLD-LOR,subnational2
"Mount Gambier",AU-SA-MTG,subnational2
"Devonport",AU-TAS-DEV,subnational2
"Wyndham",AU-VIC-WYN,subnational2
"Holdfast Bay",AU-SA-HOL,subnational2
"Yilgarn",AU-WA-YIL,subnational2
"Boddington",AU-WA-BOD,subnational2
"South Perth",AU-WA-SOU,subnational2
"Cambridge",AU-WA-CAM,subnational2
"Waverley",AU-NSW-WAV,subnational2
"Fairfield",AU-NSW-FAI,subnational2
"Brighton",AU-TAS-BRI,subnational2
"Irwin",AU-WA-IRW,subnational2
"Bruce Rock",AU-WA-BRU,subnational2
"Coolgardie",AU-WA-CLG,subnational2
"Geraldton-Greenough",AU-WA-GER,subnational2
"The Coorong",AU-SA-THE,subnational2
"Holroyd",AU-NSW-HOL,subnational2
"Fremantle",AU-WA-FRE,subnational2
"Jerramungup",AU-WA-JER,subnational2
"Botany Bay",AU-NSW-BOT,subnational2
"Napranum",AU-QLD-NAP,subnational2
"Kalgoorlie/Boulder",AU-WA-KAB,subnational2
"Mornington",AU-QLD-MOR,subnational2
"Port Pirie City and Dists",AU-SA-PPI,subnational2
"Coonamble",AU-NSW-COO,subnational2
"Pingelly",AU-WA-PIN,subnational2
"Wanneroo",AU-WA-WAN,subnational2
"Brimbank",AU-VIC-BRI,subnational2
"Broken Hill",AU-NSW-BRO,subnational2
"Wickepin",AU-WA-WIC,subnational2
"Flinders Ranges",AU-SA-FLI,subnational2
"Narrandera",AU-NSW-NRN,subnational2
"Playford",AU-SA-PLA,subnational2
"Kulin",AU-WA-KUL,subnational2
"Mount Barker",AU-SA-MTB,subnational2
"Exmouth",AU-WA-EXM,subnational2
"Ngaanyatjarraku",AU-WA-NGA,subnational2
"Dalwallinu",AU-WA-DAL,subnational2
"New South Wales",AU-NSW,subnational1
"Burnie",AU-TAS-BUR,subnational2
"Goyder",AU-SA-GOY,subnational2
"Victoria Park",AU-WA-VPA,subnational2
"Burwood",AU-NSW-BUR,subnational2
"Derwent Valley",AU-TAS-DER,subnational2
"Serpentine-Jarrahdale",AU-WA-SER,subnational2
"Victoria Plains",AU-WA-VPL,subnational2
"Richmond",AU-QLD-RIC,subnational2
"Launceston",AU-TAS-LAU,subnational2
"Perenjori",AU-WA-PRJ,subnational2
"Moora",AU-WA-MOO,subnational2
"Morawa",AU-WA-MOR,subnational2
"Wiluna",AU-WA-WLN,subnational2
"East Pilbara",AU-WA-EPI,subnational2
"Hope Vale",AU-QLD-HOP,subnational2
"Capel",AU-WA-CAP,subnational2
"Carnamah",AU-WA-CNM,subnational2
"Mullewa",AU-WA-MUL,subnational2
"Tumby Bay",AU-SA-TUM,subnational2
"Pormpuraaw",AU-QLD-POR,subnational2
"Chapman Valley",AU-WA-CHA,subnational2
"Tammin",AU-WA-TAM,subnational2
"Gnowangerup",AU-WA-GNO,subnational2
"Mosman Park",AU-WA-MOS,subnational2
"Kent",AU-WA-KEN,subnational2
"Victor Harbor",AU-SA-VIC,subnational2
"Woollahra",AU-NSW-WOO,subnational2
"Wongan-Ballidu",AU-WA-WON,subnational2
"Clare and Gilbert Valleys",AU-SA-CLA,subnational2
"Claremont",AU-WA-CLA,subnational2
"Burnside",AU-SA-BUR,subnational2
"Gawler",AU-SA-GAW,subnational2
"Mingenew",AU-WA-MIN,subnational2
"Collie",AU-WA-COL,subnational2
"Charles Sturt",AU-SA-CHA,subnational2
"Jerilderie",AU-NSW-JER,subnational2
"McKinlay",AU-QLD-MCK,subnational2
"Laverton",AU-WA-LAV,subnational2
"Menzies",AU-WA-MEN,subnational2
"Coober Pedy",AU-SA-COO,subnational2
"Port Hedland",AU-WA-POR,subnational2
"Marrickville",AU-NSW-MAR,subnational2
"Northampton",AU-WA-NHP,subnational2
"Corrigin",AU-WA-COR,subnational2
"Cottesloe",AU-WA-COT,subnational2
"Franklin Harbour",AU-SA-FRA,subnational2
"Whyalla",AU-SA-WHY,subnational2
"Dardanup",AU-WA-DAR,subnational2
"Croydon",AU-QLD-CRO,subnational2
"Mapoon",AU-QLD-MAP,subnational2
"Cunderdin",AU-WA-CUN,subnational2
"Tiwi Islands",AU-NT-TIW,subnational2
"Peterborough",AU-SA-PET,subnational2
"Warrnambool",AU-VIC-WAR,subnational2
"Doomadgee",AU-QLD-DOO,subnational2
"Waroona",AU-WA-WAR,subnational2
"Dowerin",AU-WA-DOW,subnational2
"Williams",AU-WA-WLL,subnational2
"Dumbleyung",AU-WA-DUM,subnational2
"Falls Creek",AU-VIC-FAC,subnational2
"Norwood Payneham St Peters",AU-SA-NPS,subnational2
"Barunga West",AU-SA-BRW,subnational2
"Kondinin",AU-WA-KON,subnational2
"Narrogin",AU-WA-NAT,subnational2
"Peppermint Grove",AU-WA-PEP,subnational2
"Goomalling",AU-WA-GOO,subnational2
"Upper Gascoyne",AU-WA-UPP,subnational2
"Southern Mallee",AU-SA-SOU,subnational2
"Wagin",AU-WA-WAG,subnational2
"Marion",AU-SA-MAR,subnational2
"Merredin",AU-WA-MER,subnational2
"Nhulunbuy",AU-NT-NHU,subnational2
"Coorow",AU-WA-COO,subnational2
"Unley",AU-SA-UNL,subnational2
"Narembeen",AU-WA-NRM,subnational2
"Narrogin",AU-WA-NAS,subnational2
"Subiaco",AU-WA-SUB,subnational2
"East Fremantle",AU-WA-EFR,subnational2
"Karoonda East Murray",AU-SA-KAR,subnational2
"Palm Island",AU-QLD-PAL,subnational2
"Sandstone",AU-WA-SAN,subnational2
"Wyalkatchem",AU-WA-WYA,subnational2
"Kowanyama",AU-QLD-KOW,subnational2
"Lady Julia Percy Island",AU-VIC-LJP,subnational2
"Nungarin",AU-WA-NUN,subnational2
"Kimba",AU-SA-KIM,subnational2
"Lake Mountain",AU-VIC-LAK,subnational2
"Campbelltown",AU-SA-CAM,subnational2
"Wagait",AU-NT-WAG,subnational2
"Woodanilling",AU-WA-WOO,subnational2
"Strathfield",AU-NSW-STR,subnational2
"Koorda",AU-WA-KOO,subnational2
"Mt Baw Baw",AU-VIC-MBB,subnational2
"Roxby Downs",AU-SA-ROX,subnational2
"Yarrabah",AU-QLD-YAR,subnational2
"Prospect",AU-SA-PRO,subnational2
"Three Springs",AU-WA-THR,subnational2
"Walkerville",AU-SA-WAL,subnational2
"Oberösterreich",AT-4,subnational1
"Niederösterreich",AT-3,subnational1
"Tirol",AT-7,subnational1
"Wien",AT-9,subnational1
"Vorarlberg",AT-8,subnational1
"Steiermark",AT-6,subnational1
"Burgenland",AT-1,subnational1
"Salzburg",AT-5,subnational1
"Kärnten",AT-2,subnational1
"Oberallgäu",DE-BY-OA,subnational2
"Baki",AZ-BA,subnational1
"Qax",AZ-QAX,subnational1
"Beyläqan",AZ-BEY,subnational1
"Agsu",AZ-AGU,subnational1
"Samux",AZ-SMX,subnational1
"Xizi",AZ-XIZ,subnational1
"Säki",AZ-SAK,subnational1
"Imisli",AZ-IMI,subnational1
"Naxçivan",AZ-NX,subnational1
"Siyäzän",AZ-SIY,subnational1
"Biläsuvar",AZ-BIL,subnational1
"Goranboy",AZ-GOR,subnational1
"Abseron",AZ-ABS,subnational1
"Däväçi",AZ-DAV,subnational1
"Haciqabul",AZ-HAC,subnational1
"Qazax",AZ-QAZ,subnational1
"Kürdämir",AZ-KUR,subnational1
"Qäbälä",AZ-QAB,subnational1
"Ismayilli",AZ-ISM,subnational1
"Astara",AZ-AST,subnational1
"Tovuz",AZ-TOV,subnational1
"Quba",AZ-QBA,subnational1
"Länkäran",AZ-LAN,subnational1
"Neftçala",AZ-NEF,subnational1
"Salyan",AZ-SAL,subnational1
"Qusar",AZ-QUS,subnational1
"Lerik",AZ-LER,subnational1
"Masalli",AZ-MAS,subnational1
"Yevlax",AZ-YEV,subnational1
"Samaxi",AZ-SMI,subnational1
"Xaçmaz",AZ-XAC,subnational1
"Sumqayit",AZ-SM,subnational1
"Balakän",AZ-BAL,subnational1
"Inagua",BS-IN,subnational1
"Central Abaco, Hope Town and Green Turtle Cay",BS-MH,subnational1
"South Abaco and Moore's Island",BS-SP,subnational1
"North Abaco and Grand Cay",BS-GT,subnational1
"Acklins and Crooked Islands",BS-AC,subnational1
"San Salvador and Rum Cay",BS-SR,subnational1
"North Eleuthera, Harbour Island and Spanish Wells",BS-HI,subnational1
"New Providence",BS-NP,subnational1
"Exuma and Black Point",BS-EX,subnational1
"North Andros",BS-NS,subnational1
"Central Andros",BS-FC,subnational1
"Bimini",BS-BI,subnational1
"Freeport and West Grand Bahama",BS-FP,subnational1
"Central Eleuthera",BS-GH,subnational1
"South Andros and Mangrove Cay",BS-KB,subnational1
"East Grand Bahama",BS-HR,subnational1
"Long Island",BS-LI,subnational1
"Mayaguana",BS-MG,subnational1
"South Eleuthera",BS-RS,subnational1
"Cat Island",BS-CI,subnational1
"Ragged Island",BS-RI,subnational1
"Berry Islands",BS-BY,subnational1
"Ash Shamaliyah",BH-17,subnational1
"Al Janubiyah",BH-14,subnational1
"Al Wustá",BH-16,subnational1
"Al Muharraq",BH-15,subnational1
"Al Manamah",BH-13,subnational1
"Barisal bibhag",BD-1,subnational1
"Sylhet bibhag",BD-6,subnational1
"Dhaka bibhag",BD-3,subnational1
"Chittagong bibhag",BD-2,subnational1
"Khulna bibhag",BD-4,subnational1
"Rajshahi bibhag",BD-5,subnational1
"Lawngtlai",IN-MZ-LA,subnational2
"Saint Joseph",BB-06,subnational1
"Saint George",BB-03,subnational1
"Saint Philip",BB-10,subnational1
"Saint Andrew",BB-02,subnational1
"Saint Michael",BB-08,subnational1
"Saint Peter",BB-09,subnational1
"Saint Lucy",BB-07,subnational1
"Christ Church",BB-01,subnational1
"Saint John",BB-05,subnational1
"Saint Thomas",BB-11,subnational1
"Saint James",BB-04,subnational1
"Brèsckaja voblasc'",BY-BR,subnational1
"Hrodzenskaja voblasc'",BY-HR,subnational1
"Homel'skaja voblasc'",BY-HO,subnational1
"Minskaja voblasc'",BY-MI,subnational1
"Vicebskaja voblasc'",BY-VI,subnational1
"Mahilioúskaja voblasc'",BY-MA,subnational1
"Oost-Vlaanderen",BE-VLG-OV,subnational2
"Vlaams Brabant",BE-VLG-VB,subnational2
"Antwerpen",BE-VLG-AN,subnational2
"Limburg",BE-VLG-LI,subnational2
"West-Vlaanderen",BE-VLG-WV,subnational2
"Hainaut",BE-WAL-HT,subnational2
"Liège",BE-WAL-LG,subnational2
"Namur",BE-WAL-NA,subnational2
"Bruxelles/Brussel",BE-BRU,subnational1
"Luxembourg",BE-WAL-LX,subnational2
"Brabant Wallon",BE-WAL-BW,subnational2
"Toledo",BZ-TOL,subnational1
"Cayo",BZ-CY,subnational1
"Orange Walk",BZ-OW,subnational1
"Stann Creek",BZ-SC,subnational1
"Belize",BZ-BZ,subnational1
"Corozal",BZ-CZL,subnational1
"Atlantique",BJ-AQ,subnational1
"Collines",BJ-CO,subnational1
"Atakora",BJ-AK,subnational1
"Littoral",BJ-LI,subnational1
"Zou",BJ-ZO,subnational1
"Mono",BJ-MO,subnational1
"Alibori",BJ-AL,subnational1
"Bermuda, Bermuda",BM-,subnational1
"Trongsa",BT-32,subnational1
"Bumthang",BT-33,subnational1
"Chhukha",BT-12,subnational1
"Paro",BT-11,subnational1
"Thimphu",BT-15,subnational1
"Punakha",BT-23,subnational1
"Sarpang",BT-31,subnational1
"Samdrup Jongkha",BT-45,subnational1
"Monggar",BT-42,subnational1
"Zhemgang",BT-34,subnational1
"Wangdue Phodrang",BT-24,subnational1
"Lhuentse",BT-44,subnational1
"Trashigang",BT-41,subnational1
"Chuquisaca",BO-H,subnational1
"Santa Cruz",BO-S,subnational1
"El Beni",BO-B,subnational1
"La Paz",BO-L,subnational1
"Tarija",BO-T,subnational1
"Cochabamba",BO-C,subnational1
"Potosí",BO-P,subnational1
"Pando",BO-N,subnational1
"Oruro",BO-O,subnational1
"Federacija Bosna i Hercegovina",BA-BIH,subnational1
"Republika Srpska",BA-SRP,subnational1
"North-East",BW-NE,subnational1
"Central",BW-CE,subnational1
"North-West",BW-NW,subnational1
"Southern",BW-SO,subnational1
"Kgatleng",BW-KL,subnational1
"South-East",BW-SE,subnational1
"Ghanzi",BW-GH,subnational1
"Kweneng",BW-KW,subnational1
"Kgalagadi",BW-KG,subnational1
"Bouvet Island, Bouvet Island",BV-,subnational1
"Alto Paraíso de Goiás",BR-GO-010,subnational2
"Corumbá",BR-MS-026,subnational2
"Pontalina",BR-GO-187,subnational2
"Porto Murtinho",BR-MS-063,subnational2
"Petrolina",BR-PE-127,subnational2
"Viseu",BR-PA-142,subnational2
"Paranaíta",BR-MT-089,subnational2
"Iranduba",BR-AM-028,subnational2
"Maraú",BR-BA-250,subnational2
"Vera Cruz",BR-BA-411,subnational2
"Guapimirim",BR-RJ-027,subnational2
"São Paulo",BR-SP-565,subnational2
"Rio Branco",BR-AC-016,subnational2
"Penedo",BR-AL-073,subnational2
"Cotia",BR-SP-146,subnational2
"São Bento do Sul",BR-SC-238,subnational2
"Meruoca",BR-CE-110,subnational2
"Timóteo",BR-MG-807,subnational2
"Jaguaruna",BR-SC-135,subnational2
"Laguna",BR-SC-144,subnational2
"Imbituba",BR-SC-114,subnational2
"Balneário Rincão",BR-SC-031,subnational2
"Passo de Camaragibe",BR-AL-071,subnational2
"Macapá",BR-AP-007,subnational2
"Rio das Ostras",BR-RJ-067,subnational2
"Resende",BR-RJ-063,subnational2
"Rio de Janeiro",BR-RJ-068,subnational2
"São Gonçalo",BR-RJ-073,subnational2
"Governador Celso Ramos",BR-SC-099,subnational2
"Cananéia",BR-SP-113,subnational2
"Maricá",BR-RJ-041,subnational2
"Piaçabuçu",BR-AL-074,subnational2
"Campo Grande",BR-MS-020,subnational2
"Brasília",BR-DF-001,subnational2
"Ibirapitanga",BR-BA-154,subnational2
"Capanema",BR-PR-066,subnational2
"São Roque",BR-SP-568,subnational2
"Bombinhas",BR-SC-045,subnational2
"Barra Mansa",BR-RJ-008,subnational2
"Itanhaém",BR-SP-255,subnational2
"Cruzeiro do Sul",BR-AC-006,subnational2
"Santo Antônio do Içá",BR-AM-051,subnational2
"João Pessoa",BR-PB-094,subnational2
"Campinas",BR-SP-109,subnational2
"Presidente Figueiredo",BR-AM-048,subnational2
"Goiás",BR-GO-096,subnational2
"Belém",BR-PA-019,subnational2
"Abadiânia",BR-GO-001,subnational2
"Abaeté",BR-MG-002,subnational2
"Abelardo Luz",BR-SC-002,subnational2
"Abreulândia",BR-TO-001,subnational2
"Itatiaia",BR-RJ-034,subnational2
"Porto Velho",BR-RO-037,subnational2
"Leme",BR-SP-304,subnational2
"Borba",BR-AM-014,subnational2
"Acaraú",BR-CE-003,subnational2
"Acará",BR-PA-003,subnational2
"Aceguá",BR-RS-001,subnational2
"Manaquiri",BR-AM-037,subnational2
"Acreúna",BR-GO-002,subnational2
"Adrianópolis",BR-PR-002,subnational2
"Várzea Grande",BR-MT-138,subnational2
"Guarulhos",BR-SP-215,subnational2
"Santarém",BR-PA-114,subnational2
"Tabatinga",BR-AM-056,subnational2
"Pouso Alegre",BR-MG-615,subnational2
"São Gabriel da Cachoeira",BR-AM-052,subnational2
"Vitória",BR-ES-078,subnational2
"Curitiba",BR-PR-095,subnational2
"Carazinho",BR-RS-090,subnational2
"Afogados da Ingazeira",BR-PE-002,subnational2
"Afonso Cláudio",BR-ES-001,subnational2
"Chaves",BR-PA-037,subnational2
"Afuá",BR-PA-004,subnational2
"Teresópolis",BR-RJ-086,subnational2
"Agronômica",BR-SC-004,subnational2
"Tailândia",BR-PA-131,subnational2
"Tibau",BR-RN-156,subnational2
"Aguaí",BR-SP-003,subnational2
"Agudos",BR-SP-008,subnational2
"Aimorés",BR-MG-011,subnational2
"Novo Airão",BR-AM-044,subnational2
"Aiuruoca",BR-MG-012,subnational2
"Londrina",BR-PR-193,subnational2
"Teodoro Sampaio",BR-SP-609,subnational2
"Serrita",BR-PE-160,subnational2
"Serra",BR-ES-070,subnational2
"Alagoa",BR-MG-013,subnational2
"Belo Monte",BR-AL-009,subnational2
"Alcinópolis",BR-MS-002,subnational2
"Alcobaça",BR-BA-008,subnational2
"Alcântara",BR-MA-004,subnational2
"Aquidauana",BR-MS-009,subnational2
"Peruíbe",BR-SP-426,subnational2
"Alegre",BR-ES-004,subnational2
"Alegrete",BR-RS-006,subnational2
"Paranaguá",BR-PR-255,subnational2
"Alexânia",BR-GO-007,subnational2
"Alfenas",BR-MG-016,subnational2
"Alfredo Chaves",BR-ES-005,subnational2
"Alfredo Wagner",BR-SC-009,subnational2
"Alhandra",BR-PB-008,subnational2
"Almas",BR-TO-004,subnational2
"Almeirim",BR-PA-007,subnational2
"Guarapari",BR-ES-029,subnational2
"Almirante Tamandaré",BR-PR-004,subnational2
"Alta Floresta",BR-MT-003,subnational2
"Altair",BR-SP-011,subnational2
"Onda Verde",BR-SP-386,subnational2
"Altamira",BR-PA-008,subnational2
"Altinópolis",BR-SP-012,subnational2
"Patrocínio Paulista",BR-SP-411,subnational2
"Alto Araguaia",BR-MT-004,subnational2
"Santa Rita do Araguaia",BR-GO-205,subnational2
"Alto Caparaó",BR-MG-022,subnational2
"Alto Jequitibá",BR-MG-023,subnational2
"Colinas do Sul",BR-GO-066,subnational2
"Alto Taquari",BR-MT-008,subnational2
"Serra Negra",BR-SP-577,subnational2
"Armação dos Búzios",BR-RJ-005,subnational2
"Varre-Sai",BR-RJ-090,subnational2
"Altos",BR-PI-007,subnational2
"Alumínio",BR-SP-014,subnational2
"Alvarães",BR-AM-001,subnational2
"Uarini",BR-AM-060,subnational2
"Amajari",BR-RR-002,subnational2
"Amapá",BR-AP-001,subnational2
"Amaral Ferrador",BR-RS-013,subnational2
"São Paulo de Olivença",BR-AM-053,subnational2
"Manaus",BR-AM-038,subnational2
"Rio Preto da Eva",BR-AM-049,subnational2
"Benjamin Constant",BR-AM-010,subnational2
"Americana",BR-SP-019,subnational2
"Cosmópolis",BR-SP-144,subnational2
"Santa Bárbara d'Oeste",BR-SP-516,subnational2
"Amontada",BR-CE-009,subnational2
"Conceição do Almeida",BR-BA-101,subnational2
"Amparo",BR-SP-022,subnational2
"Américo Brasiliense",BR-SP-020,subnational2
"Anagé",BR-BA-013,subnational2
"Analândia",BR-SP-023,subnational2
"Ananindeua",BR-PA-010,subnational2
"Anastácio",BR-MS-004,subnational2
"Anaurilândia",BR-MS-005,subnational2
"Anchieta",BR-SC-011,subnational2
"Anchieta",BR-ES-007,subnational2
"Andaraí",BR-BA-014,subnational2
"Andradas",BR-MG-029,subnational2
"Andradina",BR-SP-024,subnational2
"Andrelândia",BR-MG-030,subnational2
"André da Rocha",BR-RS-015,subnational2
"Angatuba",BR-SP-025,subnational2
"Angelina",BR-SC-012,subnational2
"Angra dos Reis",BR-RJ-001,subnational2
"Angélica",BR-MS-006,subnational2
"Anhembi",BR-SP-026,subnational2
"Anitápolis",BR-SC-014,subnational2
"Cachoeiras de Macacu",BR-RJ-013,subnational2
"Antonina",BR-PR-016,subnational2
"Antônio Carlos",BR-MG-032,subnational2
"Antônio Dias",BR-MG-033,subnational2
"Antônio Prado",BR-RS-017,subnational2
"Anápolis",BR-GO-015,subnational2
"Aparecida de Goiânia",BR-GO-018,subnational2
"Aparecida do Taboado",BR-MS-008,subnational2
"Aparecida",BR-SP-028,subnational2
"Potim",BR-SP-458,subnational2
"Apiacás",BR-MT-009,subnational2
"Apiaí",BR-SP-030,subnational2
"Apiúna",BR-SC-016,subnational2
"Apucarana",BR-PR-018,subnational2
"Arapongas",BR-PR-019,subnational2
"Apuí",BR-AM-005,subnational2
"Rio Verde de Mato Grosso",BR-MS-067,subnational2
"Aquiraz",BR-CE-012,subnational2
"Rosário Oeste",BR-MT-111,subnational2
"Aracaju",BR-SE-003,subnational2
"Aracati",BR-CE-013,subnational2
"Aracruz",BR-ES-009,subnational2
"Aragoiânia",BR-GO-023,subnational2
"Araguapaz",BR-GO-024,subnational2
"Araguari",BR-MG-038,subnational2
"Araguaína",BR-TO-012,subnational2
"Araioses",BR-MA-016,subnational2
"Arambaré",BR-RS-018,subnational2
"Tapes",BR-RS-443,subnational2
"Arapiraca",BR-AL-003,subnational2
"Araputanga",BR-MT-012,subnational2
"Araranguá",BR-SC-019,subnational2
"Araraquara",BR-SP-037,subnational2
"Araras",BR-SP-038,subnational2
"Arari",BR-MA-018,subnational2
"Araricá",BR-RS-019,subnational2
"Careiro",BR-AM-018,subnational2
"Exu",BR-PE-059,subnational2
"Araripina",BR-PE-013,subnational2
"Saquarema",BR-RJ-081,subnational2
"Araruama",BR-RJ-003,subnational2
"Araucária",BR-PR-023,subnational2
"Araxá",BR-MG-044,subnational2
"Araçariguama",BR-SP-031,subnational2
"Araçatuba",BR-SP-032,subnational2
"Araçaí",BR-MG-035,subnational2
"Araçoiaba da Serra",BR-SP-033,subnational2
"Arceburgo",BR-MG-045,subnational2
"Arcos",BR-MG-046,subnational2
"Pains",BR-MG-546,subnational2
"Areado",BR-MG-047,subnational2
"Areal",BR-RJ-004,subnational2
"Areia Branca",BR-RN-011,subnational2
"Areiópolis",BR-SP-042,subnational2
"Camaçari",BR-BA-070,subnational2
"Arenápolis",BR-MT-013,subnational2
"Arinos",BR-MG-050,subnational2
"Aripuanã",BR-MT-014,subnational2
"Ariquemes",BR-RO-005,subnational2
"Porto Seguro",BR-BA-311,subnational2
"Arraial do Cabo",BR-RJ-006,subnational2
"Arraias",BR-TO-016,subnational2
"Novo Planalto",BR-GO-167,subnational2
"Itirapina",BR-SP-272,subnational2
"Arroio Grande",BR-RS-026,subnational2
"Arroio Trinta",BR-SC-021,subnational2
"Arroio do Meio",BR-RS-021,subnational2
"Arroio do Padre",BR-RS-022,subnational2
"Arroio do Sal",BR-RS-023,subnational2
"Tremembé",BR-SP-616,subnational2
"Artur Nogueira",BR-SP-044,subnational2
"Aruanã",BR-GO-026,subnational2
"Britânia",BR-GO-037,subnational2
"Arujá",BR-SP-045,subnational2
"Arês",BR-RN-012,subnational2
"Ascurra",BR-SC-023,subnational2
"Murici",BR-AL-059,subnational2
"Assis Brasil",BR-AC-002,subnational2
"Assis Chateaubriand",BR-PR-026,subnational2
"Assis",BR-SP-047,subnational2
"Rio Claro",BR-SP-494,subnational2
"Itacaré",BR-BA-178,subnational2
"Santo Ângelo",BR-RS-376,subnational2
"Atalaia",BR-PR-028,subnational2
"Atalaia",BR-AL-004,subnational2
"Atalanta",BR-SC-024,subnational2
"Atibaia",BR-SP-048,subnational2
"Barreirinhas",BR-MA-027,subnational2
"Augusto de Lima",BR-MG-053,subnational2
"Auriflama",BR-SP-049,subnational2
"Aurora do Tocantins",BR-TO-018,subnational2
"Autazes",BR-AM-007,subnational2
"Capão Bonito",BR-SP-118,subnational2
"Salinópolis",BR-PA-105,subnational2
"Ubatuba",BR-SP-624,subnational2
"Avanhandava",BR-SP-051,subnational2
"Avaré",BR-SP-052,subnational2
"Piraí",BR-RJ-057,subnational2
"Camanducaia",BR-MG-115,subnational2
"Itaquaquecetuba",BR-SP-267,subnational2
"Indaiatuba",BR-SP-238,subnational2
"Piracicaba",BR-SP-436,subnational2
"Paraty",BR-RJ-053,subnational2
"Axixá",BR-MA-019,subnational2
"Açailândia",BR-MA-001,subnational2
"Mata de São João",BR-BA-253,subnational2
"Cansanção",BR-BA-081,subnational2
"Iguatu",BR-CE-077,subnational2
"Lagoa dos Gatos",BR-PE-100,subnational2
"Fontoura Xavier",BR-RS-169,subnational2
"Cascavel",BR-CE-041,subnational2
"Passo Fundo",BR-RS-307,subnational2
"Mostardas",BR-RS-266,subnational2
"Capão do Leão",BR-RS-085,subnational2
"Pedro Osório",BR-RS-311,subnational2
"Boa Vista",BR-RR-003,subnational2
"Uruguaiana",BR-RS-476,subnational2
"Vacaria",BR-RS-477,subnational2
"Sena Madureira",BR-AC-019,subnational2
"Capivari",BR-SP-120,subnational2
"Beruri",BR-AM-011,subnational2
"Bacabeira",BR-MA-021,subnational2
"Campos dos Goytacazes",BR-RJ-015,subnational2
"Bady Bassitt",BR-SP-053,subnational2
"Baependi",BR-MG-054,subnational2
"Bagé",BR-RS-030,subnational2
"Santo Amaro",BR-BA-349,subnational2
"Pinhalzinho",BR-SP-432,subnational2
"Pompéu",BR-MG-608,subnational2
"Pindamonhangaba",BR-SP-430,subnational2
"Ribeirão Pires",BR-SP-489,subnational2
"Esplanada",BR-BA-126,subnational2
"Porto Franco",BR-MA-148,subnational2
"Guajará-Mirim",BR-RO-021,subnational2
"Balneário Barra do Sul",BR-SC-027,subnational2
"Balneário Camboriú",BR-SC-028,subnational2
"Itajaí",BR-SC-128,subnational2
"Carolina",BR-MA-050,subnational2
"Balneário Gaivota",BR-SC-029,subnational2
"Sertanópolis",BR-PR-367,subnational2
"Balneário Pinhal",BR-RS-031,subnational2
"Balneário Piçarras",BR-SC-030,subnational2
"Cavalcante",BR-GO-060,subnational2
"Álvares Machado",BR-SP-016,subnational2
"Jequié",BR-BA-213,subnational2
"Bertioga",BR-SP-072,subnational2
"Balsa Nova",BR-PR-029,subnational2
"Santa Maria das Barreiras",BR-PA-111,subnational2
"Bambuí",BR-MG-056,subnational2
"Bananal",BR-SP-056,subnational2
"Bananeiras",BR-PB-020,subnational2
"Icapuí",BR-CE-075,subnational2
"Bom Jesus",BR-RS-049,subnational2
"Paulínia",BR-SP-413,subnational2
"Candiota",BR-RS-077,subnational2
"Palmeira das Missões",BR-RS-297,subnational2
"Beberibe",BR-CE-028,subnational2
"Baraúna",BR-RN-014,subnational2
"Barbacena",BR-MG-061,subnational2
"Barbalha",BR-CE-023,subnational2
"Barcelos",BR-AM-008,subnational2
"Barra Bonita",BR-SP-060,subnational2
"Barra Funda",BR-RS-039,subnational2
"Cajueiro da Praia",BR-PI-041,subnational2
"Barra Velha",BR-SC-034,subnational2
"Barra da Estiva",BR-BA-034,subnational2
"Caravelas",BR-BA-086,subnational2
"Barra de Santo Antônio",BR-AL-005,subnational2
"Casimiro de Abreu",BR-RJ-020,subnational2
"Maués",BR-AM-041,subnational2
"Barra de São Miguel",BR-AL-006,subnational2
"Barra do Bugres",BR-MT-016,subnational2
"Prado",BR-BA-313,subnational2
"Barra do Chapéu",BR-SP-061,subnational2
"Santa Vitória do Palmar",BR-RS-373,subnational2
"Barra do Corda",BR-MA-026,subnational2
"Barra do Quaraí",BR-RS-036,subnational2
"Barra do Ribeiro",BR-RS-037,subnational2
"Sacramento",BR-MG-661,subnational2
"Barra do Rocha",BR-BA-037,subnational2
"Sirinhaém",BR-PE-162,subnational2
"Barra do Turvo",BR-SP-062,subnational2
"Pilão Arcado",BR-BA-299,subnational2
"Barra",BR-BA-033,subnational2
"Maria da Fé",BR-MG-459,subnational2
"Itajubá",BR-MG-368,subnational2
"Delfim Moreira",BR-MG-235,subnational2
"Boracéia",BR-SP-083,subnational2
"Piraju",BR-SP-437,subnational2
"Governador Dix-Sept Rosado",BR-RN-047,subnational2
"Teófilo Otoni",BR-MG-806,subnational2
"Garanhuns",BR-PE-067,subnational2
"São Bernardo do Campo",BR-SP-547,subnational2
"Barreiras",BR-BA-038,subnational2
"Barreiros",BR-PE-016,subnational2
"Barretos",BR-SP-063,subnational2
"Barrinha",BR-SP-064,subnational2
"Barueri",BR-SP-065,subnational2
"Barão de Antonina",BR-SP-057,subnational2
"Barão de Melgaço",BR-MT-015,subnational2
"Bataguassu",BR-MS-012,subnational2
"Batatais",BR-SP-067,subnational2
"Franca",BR-SP-188,subnational2
"Batayporã",BR-MS-013,subnational2
"Baturité",BR-CE-027,subnational2
"Bauru",BR-SP-068,subnational2
"Piratininga",BR-SP-443,subnational2
"Baía Formosa",BR-RN-013,subnational2
"Guaratuba",BR-PR-139,subnational2
"Augusto Corrêa",BR-PA-012,subnational2
"Bebedouro",BR-SP-069,subnational2
"Buri",BR-SP-092,subnational2
"Bela Vista",BR-MS-014,subnational2
"Belford Roxo",BR-RJ-009,subnational2
"Belmiro Braga",BR-MG-065,subnational2
"Belmonte",BR-BA-042,subnational2
"Belo Horizonte",BR-MG-066,subnational2
"Belo Vale",BR-MG-068,subnational2
"Belterra",BR-PA-020,subnational2
"Belém",BR-AL-008,subnational2
"Barcarena",BR-PA-018,subnational2
"Benedito Novo",BR-SC-037,subnational2
"Benevides",BR-PA-021,subnational2
"Bento Gonçalves",BR-RS-043,subnational2
"Bernardino de Campos",BR-SP-071,subnational2
"Guarujá",BR-SP-214,subnational2
"Iperó",BR-SP-243,subnational2
"Bezerros",BR-PE-021,subnational2
"Biguaçu",BR-SC-038,subnational2
"Biritiba Mirim",BR-SP-075,subnational2
"Bituruna",BR-PR-036,subnational2
"Blumenau",BR-SC-039,subnational2
"Boa Esperança do Sul",BR-SP-076,subnational2
"Boa Nova",BR-BA-045,subnational2
"Cantá",BR-RR-005,subnational2
"Parintins",BR-AM-046,subnational2
"Boca do Acre",BR-AM-013,subnational2
"Bocaina de Minas",BR-MG-077,subnational2
"Bocaina do Sul",BR-SC-040,subnational2
"Bocaina",BR-SP-077,subnational2
"Campina Grande do Sul",BR-PR-057,subnational2
"Montes Claros",BR-MG-501,subnational2
"Bodocó",BR-PE-022,subnational2
"Bodoquena",BR-MS-015,subnational2
"Bofete",BR-SP-078,subnational2
"Boituva",BR-SP-079,subnational2
"São José do Norte",BR-RS-397,subnational2
"Bom Jardim da Serra",BR-SC-041,subnational2
"Nobres",BR-MT-068,subnational2
"Bom Jardim",BR-RJ-010,subnational2
"Bom Jesus da Lapa",BR-BA-047,subnational2
"Bom Jesus do Galho",BR-MG-083,subnational2
"Bom Jesus do Itabapoana",BR-RJ-011,subnational2
"Bom Jesus dos Perdões",BR-SP-080,subnational2
"Bom Jesus",BR-PI-031,subnational2
"Bom Jesus",BR-SC-042,subnational2
"Bom Princípio",BR-RS-050,subnational2
"Bom Retiro",BR-SC-044,subnational2
"Bom Sucesso de Itararé",BR-SP-081,subnational2
"Bonito",BR-MS-016,subnational2
"Bonito",BR-PE-025,subnational2
"Novo Aripuanã",BR-AM-045,subnational2
"Borborema",BR-SP-084,subnational2
"Borebi",BR-SP-085,subnational2
"Sabará",BR-MG-659,subnational2
"Anicuns",BR-GO-017,subnational2
"Garça",BR-SP-193,subnational2
"São Bento do Sapucaí",BR-SP-546,subnational2
"Botucatu",BR-SP-086,subnational2
"São Manuel",BR-SP-563,subnational2
"Botumirim",BR-MG-091,subnational2
"Botuverá",BR-SC-046,subnational2
"Bozano",BR-RS-055,subnational2
"Bragança Paulista",BR-SP-087,subnational2
"Itatiba",BR-SP-270,subnational2
"Bragança",BR-PA-024,subnational2
"Branquinha",BR-AL-011,subnational2
"Brazópolis",BR-MG-096,subnational2
"Goianira",BR-GO-095,subnational2
"Brazabrantes",BR-GO-036,subnational2
"Fronteira",BR-MG-302,subnational2
"São José do Rio Preto",BR-SP-559,subnational2
"Brejo da Madre de Deus",BR-PE-028,subnational2
"Tamandaré",BR-PE-168,subnational2
"Nepomuceno",BR-MG-516,subnational2
"Porciúncula",BR-RJ-058,subnational2
"Porto Calvo",BR-AL-079,subnational2
"Morretes",BR-PR-227,subnational2
"Quartel Geral",BR-MG-626,subnational2
"Jardinópolis",BR-SP-287,subnational2
"Brodowski",BR-SP-090,subnational2
"Brotas",BR-SP-091,subnational2
"Brumadinho",BR-MG-097,subnational2
"Brumado",BR-BA-056,subnational2
"Brusque",BR-SC-050,subnational2
"Bueno Brandão",BR-MG-098,subnational2
"Buenópolis",BR-MG-099,subnational2
"Ponta Grossa",BR-PR-277,subnational2
"Buritizeiro",BR-MG-102,subnational2
"Buíque",BR-PE-030,subnational2
"Bálsamo",BR-SP-055,subnational2
"Cabo Frio",BR-RJ-012,subnational2
"Quixadá",BR-CE-149,subnational2
"Sapiranga",BR-RS-421,subnational2
"Timon",BR-MA-204,subnational2
"São Francisco de Paula",BR-RS-387,subnational2
"Caatiba",BR-BA-059,subnational2
"Cabaceiras",BR-PB-039,subnational2
"Sant'Ana do Livramento",BR-RS-363,subnational2
"Uberaba",BR-MG-824,subnational2
"Cabedelo",BR-PB-040,subnational2
"São Pedro da Aldeia",BR-RJ-078,subnational2
"Cabo de Santo Agostinho",BR-PE-031,subnational2
"Cabreúva",BR-SP-096,subnational2
"Caçapava",BR-SP-097,subnational2
"Cacequi",BR-RS-060,subnational2
"Divino de São Lourenço",BR-ES-022,subnational2
"Magé",BR-RJ-039,subnational2
"Lamim",BR-MG-433,subnational2
"Cachoeira Paulista",BR-SP-098,subnational2
"Teresina de Goiás",BR-GO-229,subnational2
"Pirassununga",BR-SP-442,subnational2
"Cachoeira de Goiás",BR-GO-043,subnational2
"Cachoeira de Minas",BR-MG-106,subnational2
"Jaboticatubas",BR-MG-391,subnational2
"Chapada dos Guimarães",BR-MT-029,subnational2
"Cachoeiro de Itapemirim",BR-ES-016,subnational2
"Cacoal",BR-RO-009,subnational2
"Caconde",BR-SP-099,subnational2
"Caetité",BR-BA-065,subnational2
"Caeté",BR-MG-110,subnational2
"Cafelândia",BR-SP-100,subnational2
"Caicó",BR-RN-022,subnational2
"Caieiras",BR-SP-102,subnational2
"Miranda",BR-MS-051,subnational2
"Cairu",BR-BA-067,subnational2
"Recife",BR-PE-133,subnational2
"Caiçara do Norte",BR-RN-020,subnational2
"São Bento do Norte",BR-RN-125,subnational2
"Cajamar",BR-SP-104,subnational2
"Cajuru",BR-SP-107,subnational2
"Caldas Novas",BR-GO-047,subnational2
"Caldas",BR-MG-113,subnational2
"Caldeirão Grande do Piauí",BR-PI-042,subnational2
"Calçoene",BR-AP-002,subnational2
"Camacan",BR-BA-069,subnational2
"Camaquã",BR-RS-066,subnational2
"Cambará do Sul",BR-RS-068,subnational2
"Camboriú",BR-SC-054,subnational2
"Cambuquira",BR-MG-117,subnational2
"Cambuí",BR-MG-116,subnational2
"Cametá",BR-PA-032,subnational2
"Camocim",BR-CE-032,subnational2
"Campanha",BR-MG-119,subnational2
"Campina Grande",BR-PB-050,subnational2
"Itapagipe",BR-MG-378,subnational2
"Caçapava do Sul",BR-RS-059,subnational2
"Santo Antônio do Planalto",BR-RS-380,subnational2
"Iporanga",BR-SP-246,subnational2
"Joanópolis",BR-SP-291,subnational2
"Campo Alegre",BR-SC-055,subnational2
"Campo Alegre",BR-AL-015,subnational2
"Campo Belo",BR-MG-123,subnational2
"Campo Erê",BR-SC-057,subnational2
"Campo Formoso",BR-BA-073,subnational2
"Jundiaí",BR-SP-296,subnational2
"Campo Largo",BR-PR-060,subnational2
"Campo Limpo Paulista",BR-SP-110,subnational2
"Campo Limpo de Goiás",BR-GO-053,subnational2
"Campo Magro",BR-PR-061,subnational2
"Campo Maior",BR-PI-047,subnational2
"Campo Mourão",BR-PR-062,subnational2
"Campo Novo de Rondônia",BR-RO-010,subnational2
"Campo Novo",BR-RS-073,subnational2
"Itamonte",BR-MG-374,subnational2
"Campo Verde",BR-MT-023,subnational2
"Campos Novos Paulista",BR-SP-112,subnational2
"Mairiporã",BR-SP-323,subnational2
"Tracuateua",BR-PA-135,subnational2
"Campos do Jordão",BR-SP-111,subnational2
"Natal",BR-RN-088,subnational2
"Pitimbu",BR-PB-147,subnational2
"Luís Correia",BR-PI-119,subnational2
"Cana Verde",BR-MG-128,subnational2
"Canarana",BR-MT-026,subnational2
"Canas",BR-SP-114,subnational2
"Canavieiras",BR-BA-076,subnational2
"Canaã dos Carajás",BR-PA-033,subnational2
"Candeias",BR-MG-131,subnational2
"Gramado",BR-RS-182,subnational2
"Canela",BR-RS-078,subnational2
"Canguaretama",BR-RN-025,subnational2
"Canindé de São Francisco",BR-SE-011,subnational2
"Canindé",BR-CE-034,subnational2
"Canoas",BR-RS-080,subnational2
"Canoinhas",BR-SC-060,subnational2
"Cantagalo",BR-RJ-016,subnational2
"Cantanhede",BR-MA-048,subnational2
"Santa Teresa",BR-ES-064,subnational2
"Imaruí",BR-SC-113,subnational2
"Canudos",BR-BA-082,subnational2
"Canutama",BR-AM-016,subnational2
"Capitólio",BR-MG-141,subnational2
"São Sebastião",BR-SP-569,subnational2
"Foz do Iguaçu",BR-PR-121,subnational2
"Serranópolis do Iguaçu",BR-PR-365,subnational2
"Capela de Santana",BR-RS-086,subnational2
"São José dos Campos",BR-SP-560,subnational2
"Capim Grosso",BR-BA-084,subnational2
"Capitão Gervásio Oliveira",BR-PI-051,subnational2
"Capitão Leônidas Marques",BR-PR-067,subnational2
"Bocaiúva do Sul",BR-PR-041,subnational2
"Capivari de Baixo",BR-SC-063,subnational2
"Capivari do Sul",BR-RS-088,subnational2
"Caputira",BR-MG-142,subnational2
"Capão da Canoa",BR-RS-083,subnational2
"Ernestina",BR-RS-149,subnational2
"Caracaraí",BR-RR-006,subnational2
"Caracol",BR-PI-052,subnational2
"Caraguatatuba",BR-SP-121,subnational2
"Parauapebas",BR-PA-090,subnational2
"Marabá",BR-PA-066,subnational2
"Carambeí",BR-PR-068,subnational2
"Carandaí",BR-MG-145,subnational2
"Carangola",BR-MG-146,subnational2
"Carapicuíba",BR-SP-122,subnational2
"Caratinga",BR-MG-147,subnational2
"Caraíbas",BR-BA-085,subnational2
"Careiro da Várzea",BR-AM-019,subnational2
"Caridade",BR-CE-036,subnational2
"Ipatinga",BR-MG-357,subnational2
"Carlinda",BR-MT-027,subnational2
"Passa Vinte",BR-MG-558,subnational2
"Ribeirão Claro",BR-PR-305,subnational2
"Carlópolis",BR-PR-069,subnational2
"Carmo de Minas",BR-MG-154,subnational2
"Carmo do Rio Claro",BR-MG-157,subnational2
"Carmo",BR-RJ-019,subnational2
"Carmópolis de Minas",BR-MG-158,subnational2
"Carnaubais",BR-RN-028,subnational2
"Carrancas",BR-MG-160,subnational2
"Crato",BR-CE-051,subnational2
"Caruaru",BR-PE-045,subnational2
"Carvalhópolis",BR-MG-161,subnational2
"Casa Branca",BR-SP-124,subnational2
"Casa Grande",BR-MG-163,subnational2
"Vila Bela da Santíssima Trindade",BR-MT-140,subnational2
"Salesópolis",BR-SP-507,subnational2
"Maturéia",BR-PB-119,subnational2
"Pelotas",BR-RS-313,subnational2
"Cascavel",BR-PR-070,subnational2
"Caseara",BR-TO-034,subnational2
"Castanhal",BR-PA-036,subnational2
"Buriti dos Montes",BR-PI-038,subnational2
"Castelo",BR-ES-018,subnational2
"Castelândia",BR-GO-057,subnational2
"Maurilândia",BR-GO-140,subnational2
"Castro",BR-PR-071,subnational2
"Catalão",BR-GO-058,subnational2
"Catanduva",BR-SP-127,subnational2
"Catanduvas",BR-SC-064,subnational2
"Catas Altas da Noruega",BR-MG-168,subnational2
"Catas Altas",BR-MG-167,subnational2
"Catende",BR-PE-047,subnational2
"Senhor do Bonfim",BR-BA-370,subnational2
"Caucaia",BR-CE-044,subnational2
"Soledade de Minas",BR-MG-797,subnational2
"Caxambu",BR-MG-171,subnational2
"Caxias do Sul",BR-RS-096,subnational2
"Caxias",BR-MA-052,subnational2
"Ceará-Mirim",BR-RN-029,subnational2
"Cedral",BR-SP-129,subnational2
"Centro Novo do Maranhão",BR-MA-056,subnational2
"Santo André",BR-SP-537,subnational2
"Cordeirópolis",BR-SP-140,subnational2
"Tramandaí",BR-RS-455,subnational2
"Cerqueira César",BR-SP-130,subnational2
"Cerro Grande",BR-RS-100,subnational2
"Coronel José Dias",BR-PI-064,subnational2
"Cesário Lange",BR-SP-132,subnational2
"Varjão",BR-GO-241,subnational2
"Mucugê",BR-BA-264,subnational2
"Petrópolis",BR-RJ-055,subnational2
"Palmeiras",BR-BA-289,subnational2
"Cuiabá",BR-MT-038,subnational2
"Chapadinha",BR-MA-057,subnational2
"Chapadão do Céu",BR-GO-063,subnational2
"Chapecó",BR-SC-069,subnational2
"Charqueada",BR-SP-133,subnational2
"Chaval",BR-CE-046,subnational2
"Santo Antônio da Patrulha",BR-RS-377,subnational2
"Chorrochó",BR-BA-095,subnational2
"Pacoti",BR-CE-129,subnational2
"Ribeirão Grande",BR-SP-488,subnational2
"Suzano",BR-SP-588,subnational2
"Sidrolândia",BR-MS-073,subnational2
"Palmas",BR-PR-249,subnational2
"Águas de Lindóia",BR-SP-005,subnational2
"Cianorte",BR-PR-077,subnational2
"Cidreira",BR-RS-109,subnational2
"Abaré",BR-BA-002,subnational2
"Cipotânea",BR-MG-180,subnational2
"Claro dos Poções",BR-MG-182,subnational2
"Clevelândia",BR-PR-079,subnational2
"Paudalho",BR-PE-122,subnational2
"Mairinque",BR-SP-322,subnational2
"Cláudia",BR-MT-030,subnational2
"Cláudio",BR-MG-183,subnational2
"Coari",BR-AM-020,subnational2
"Cocalzinho de Goiás",BR-GO-065,subnational2
"Codó",BR-MA-059,subnational2
"Coimbra",BR-MG-184,subnational2
"Colatina",BR-ES-019,subnational2
"Colina",BR-SP-136,subnational2
"Colinas do Tocantins",BR-TO-038,subnational2
"Colniza",BR-MT-033,subnational2
"Colombo",BR-PR-080,subnational2
"Colômbia",BR-SP-137,subnational2
"Colônia Leopoldina",BR-AL-022,subnational2
"Comendador Gomes",BR-MG-186,subnational2
"Ipojuca",BR-PE-080,subnational2
"Maraã",BR-AM-040,subnational2
"Santa Cruz do Sul",BR-RS-367,subnational2
"Eldorado",BR-SP-165,subnational2
"Mâncio Lima",BR-AC-010,subnational2
"Tefé",BR-AM-058,subnational2
"Conceição da Barra",BR-ES-020,subnational2
"Conceição das Alagoas",BR-MG-190,subnational2
"Mangaratiba",BR-RJ-040,subnational2
"Conceição do Araguaia",BR-PA-039,subnational2
"Conceição do Castelo",BR-ES-021,subnational2
"Conceição do Mato Dentro",BR-MG-193,subnational2
"Conceição dos Ouros",BR-MG-196,subnational2
"Conchal",BR-SP-138,subnational2
"Conchas",BR-SP-139,subnational2
"Concórdia",BR-SC-071,subnational2
"Conde",BR-BA-104,subnational2
"Conde",BR-PB-060,subnational2
"Rio Acima",BR-MG-639,subnational2
"Mira Estrela",BR-SP-339,subnational2
"Confins",BR-MG-198,subnational2
"Congonhal",BR-MG-199,subnational2
"Telêmaco Borba",BR-PR-375,subnational2
"Conquista",BR-MG-202,subnational2
"Conselheiro Lafaiete",BR-MG-203,subnational2
"Conselheiro Mairinck",BR-PR-083,subnational2
"Consolação",BR-MG-205,subnational2
"Contagem",BR-MG-206,subnational2
"Poconé",BR-MT-094,subnational2
"Coqueiro Seco",BR-AL-023,subnational2
"Cordeiro",BR-RJ-023,subnational2
"Cordisburgo",BR-MG-209,subnational2
"Corguinho",BR-MS-024,subnational2
"Igarassu",BR-PE-075,subnational2
"Apicum-Açu",BR-MA-014,subnational2
"Coroatá",BR-MA-063,subnational2
"Coronel Domingos Soares",BR-PR-087,subnational2
"Coronel Fabriciano",BR-MG-214,subnational2
"Coronel Freitas",BR-SC-073,subnational2
"Coronel Macedo",BR-SP-142,subnational2
"Coronel Vivida",BR-PR-088,subnational2
"Coronel Xavier Chaves",BR-MG-217,subnational2
"Corumbataí",BR-SP-143,subnational2
"Corumbá de Goiás",BR-GO-068,subnational2
"Corupá",BR-SC-076,subnational2
"Coruripe",BR-AL-024,subnational2
"Cosmorama",BR-SP-145,subnational2
"Sebastianópolis do Sul",BR-SP-575,subnational2
"Costa Marques",BR-RO-017,subnational2
"Costa Rica",BR-MS-027,subnational2
"Embu das Artes",BR-SP-170,subnational2
"Itapevi",BR-SP-260,subnational2
"Cotriguaçu",BR-MT-037,subnational2
"Couto Magalhães",BR-TO-042,subnational2
"Granja",BR-CE-064,subnational2
"Santa Luzia do Itanhy",BR-SE-062,subnational2
"Caririaçu",BR-CE-038,subnational2
"Cravinhos",BR-SP-147,subnational2
"Criciúma",BR-SC-077,subnational2
"Cristal",BR-RS-123,subnational2
"Cristalina",BR-GO-070,subnational2
"Novo Mundo",BR-MT-086,subnational2
"Cristianópolis",BR-GO-071,subnational2
"Cristina",BR-MG-227,subnational2
"São Gonçalo do Amarante",BR-CE-162,subnational2
"Professor Jamil",BR-GO-192,subnational2
"Cromínia",BR-GO-073,subnational2
"Cruz Alta",BR-RS-125,subnational2
"Cruz",BR-CE-053,subnational2
"Jijoca de Jericoacoara",BR-CE-098,subnational2
"Santos",BR-SP-545,subnational2
"Cruzeiro do Iguaçu",BR-PR-091,subnational2
"Cruzeiro do Oeste",BR-PR-092,subnational2
"Cruzeiro",BR-SP-150,subnational2
"Cruzília",BR-MG-230,subnational2
"Cubatão",BR-SP-151,subnational2
"Cunha",BR-SP-152,subnational2
"Cupira",BR-PE-055,subnational2
"Curaçá",BR-BA-117,subnational2
"Curitibanos",BR-SC-080,subnational2
"Currais Novos",BR-RN-034,subnational2
"Serrano do Maranhão",BR-MA-198,subnational2
"Curvelo",BR-MG-233,subnational2
"Cutias",BR-AP-003,subnational2
"Cáceres",BR-MT-020,subnational2
"Mococa",BR-SP-345,subnational2
"Cássia",BR-MG-165,subnational2
"Cândido Mota",BR-SP-115,subnational2
"Itapeva",BR-SP-259,subnational2
"Céu Azul",BR-PR-075,subnational2
"Jaboticabal",BR-SP-279,subnational2
"Olímpia",BR-SP-385,subnational2
"Damolândia",BR-GO-076,subnational2
"Wenceslau Braz",BR-MG-853,subnational2
"Delfinópolis",BR-MG-236,subnational2
"Ilha Grande",BR-PI-094,subnational2
"Derrubadas",BR-RS-129,subnational2
"Descalvado",BR-SP-153,subnational2
"Desterro de Entre Rios",BR-MG-239,subnational2
"Desterro do Melo",BR-MG-240,subnational2
"Diadema",BR-SP-154,subnational2
"Diamantina",BR-MG-241,subnational2
"Diamantino",BR-MT-041,subnational2
"Santa Maria",BR-RS-369,subnational2
"Macau",BR-RN-078,subnational2
"Monte Alto",BR-SP-353,subnational2
"Jaraguari",BR-MS-044,subnational2
"Divinópolis",BR-MG-248,subnational2
"Planura",BR-MG-604,subnational2
"Dobrada",BR-SP-157,subnational2
"Dois Córregos",BR-SP-158,subnational2
"Dois Irmãos do Buriti",BR-MS-030,subnational2
"Dois Vizinhos",BR-PR-100,subnational2
"Dom Eliseu",BR-PA-046,subnational2
"Dom Pedrito",BR-RS-136,subnational2
"Dom Pedro de Alcântara",BR-RS-137,subnational2
"Domingos Martins",BR-ES-023,subnational2
"Dores do Indaiá",BR-MG-260,subnational2
"Dores do Rio Preto",BR-ES-024,subnational2
"Dourado",BR-SP-160,subnational2
"Dourados",BR-MS-032,subnational2
"Doutor Pedrinho",BR-SC-084,subnational2
"Duas Barras",BR-RJ-024,subnational2
"Jequiá da Praia",BR-AL-041,subnational2
"Quaraí",BR-RS-338,subnational2
"Duque de Caxias",BR-RJ-025,subnational2
"Florianópolis",BR-SC-090,subnational2
"Marabá Paulista",BR-SP-325,subnational2
"Euclides da Cunha Paulista",BR-SP-178,subnational2
"Flexeiras",BR-AL-031,subnational2
"Jeremoabo",BR-BA-214,subnational2
"Muitos Capões",BR-RS-268,subnational2
"Ribeirão Preto",BR-SP-490,subnational2
"São Simão",BR-SP-571,subnational2
"Rio Grande",BR-RS-346,subnational2
"Rio Quente",BR-GO-196,subnational2
"São João do Paraíso",BR-MA-181,subnational2
"Edealina",BR-GO-081,subnational2
"Eldorado do Sul",BR-RS-141,subnational2
"Eldorado",BR-MS-033,subnational2
"Elias Fausto",BR-SP-166,subnational2
"Embaúba",BR-SP-168,subnational2
"Embu-Guaçu",BR-SP-169,subnational2
"Encruzilhada do Sul",BR-RS-143,subnational2
"Engenheiro Coelho",BR-SP-172,subnational2
"Pontal",BR-SP-451,subnational2
"Jaqueira",BR-PE-089,subnational2
"Cariacica",BR-ES-017,subnational2
"Vargem Alta",BR-ES-072,subnational2
"Entre Rios do Oeste",BR-PR-106,subnational2
"Erechim",BR-RS-148,subnational2
"Silveira Martins",BR-RS-436,subnational2
"Gália",BR-SP-192,subnational2
"Porto Estrela",BR-MT-101,subnational2
"Olinda",BR-PE-112,subnational2
"Ilha Comprida",BR-SP-235,subnational2
"Santa Branca",BR-SP-517,subnational2
"Espera Feliz",BR-MG-272,subnational2
"Espírito Santo do Pinhal",BR-SP-173,subnational2
"Melgaço",BR-PA-071,subnational2
"Paulista",BR-PE-123,subnational2
"São Francisco de Itabapoana",BR-RJ-072,subnational2
"Iguape",BR-SP-234,subnational2
"Paulo de Faria",BR-SP-415,subnational2
"Itaberá",BR-SP-251,subnational2
"Mogi das Cruzes",BR-SP-346,subnational2
"Paranapanema",BR-SP-405,subnational2
"Candeias do Jamari",BR-RO-011,subnational2
"Águas de Santa Bárbara",BR-SP-006,subnational2
"São Lourenço da Mata",BR-PE-157,subnational2
"Diamante do Norte",BR-PR-098,subnational2
"Oriximiná",BR-PA-084,subnational2
"Luís Antônio",BR-SP-314,subnational2
"Serra Negra do Norte",BR-RN-146,subnational2
"Ouro Preto",BR-MG-540,subnational2
"Itararé",BR-SP-268,subnational2
"Itatinga",BR-SP-271,subnational2
"Itapetininga",BR-SP-258,subnational2
"Mogi Guaçu",BR-SP-347,subnational2
"Santa Rita do Passa Quatro",BR-SP-531,subnational2
"Franco da Rocha",BR-SP-190,subnational2
"Rio Grande da Serra",BR-SP-496,subnational2
"São Miguel Arcanjo",BR-SP-564,subnational2
"Esteio",BR-RS-157,subnational2
"Estiva Gerbi",BR-SP-175,subnational2
"Estiva",BR-MG-275,subnational2
"Rio Bonito",BR-RJ-064,subnational2
"Guapiaçu",BR-SP-202,subnational2
"Nova Friburgo",BR-RJ-049,subnational2
"Araripe",BR-CE-016,subnational2
"Votuporanga",BR-SP-644,subnational2
"Guararema",BR-SP-210,subnational2
"Montenegro",BR-RS-261,subnational2
"Porto Alegre",BR-RS-328,subnational2
"Socorro",BR-SP-583,subnational2
"Quatro Barras",BR-PR-291,subnational2
"Pontal do Paraná",BR-PR-278,subnational2
"Santa Maria do Herval",BR-RS-370,subnational2
"Morungaba",BR-SP-360,subnational2
"Abreu e Lima",BR-PE-001,subnational2
"Alto Garças",BR-MT-006,subnational2
"Hidrolândia",BR-GO-104,subnational2
"Pingo-d'Água",BR-MG-592,subnational2
"Soledade",BR-RS-439,subnational2
"Martinópolis",BR-SP-331,subnational2
"Mucajaí",BR-RR-009,subnational2
"Miracatu",BR-SP-340,subnational2
"Claraval",BR-MG-181,subnational2
"Santo Antônio do Leverger",BR-MT-119,subnational2
"Juquitiba",BR-SP-299,subnational2
"Guaraqueçaba",BR-PR-138,subnational2
"Fernandópolis",BR-SP-181,subnational2
"Coqueiros do Sul",BR-RS-116,subnational2
"Tio Hugo",BR-RS-451,subnational2
"Estreito",BR-MA-069,subnational2
"Estrela Velha",BR-RS-159,subnational2
"Tamarana",BR-PR-370,subnational2
"Patrocínio",BR-MG-563,subnational2
"Estância",BR-SE-019,subnational2
"Euclides da Cunha",BR-BA-127,subnational2
"Eunápolis",BR-BA-128,subnational2
"Eusébio",BR-CE-056,subnational2
"Ewbank da Câmara",BR-MG-280,subnational2
"Extrema",BR-MG-281,subnational2
"Extremoz",BR-RN-039,subnational2
"Humaitá",BR-AM-026,subnational2
"Itapuã do Oeste",BR-RO-022,subnational2
"Itaituba",BR-PA-058,subnational2
"Açu",BR-RN-002,subnational2
"Portel",BR-PA-096,subnational2
"Caçador",BR-SC-051,subnational2
"Linhares",BR-ES-043,subnational2
"Ibirama",BR-SC-110,subnational2
"Nísia Floresta",BR-RN-089,subnational2
"Ritápolis",BR-MG-652,subnational2
"Três Barras",BR-SC-273,subnational2
"Ferreira Gomes",BR-AP-004,subnational2
"Cachoeira",BR-BA-061,subnational2
"Fama",BR-MG-282,subnational2
"Farias Brito",BR-CE-057,subnational2
"Farroupilha",BR-RS-162,subnational2
"Fartura",BR-SP-179,subnational2
"Turvo",BR-PR-387,subnational2
"Pinhão",BR-PR-270,subnational2
"Heitoraí",BR-GO-103,subnational2
"Massapê",BR-CE-108,subnational2
"Porto Feliz",BR-SP-456,subnational2
"Santa Gertrudes",BR-SP-525,subnational2
"Soure",BR-PA-130,subnational2
"São Sebastião do Passé",BR-BA-363,subnational2
"Paragominas",BR-PA-089,subnational2
"Ibirapuã",BR-BA-155,subnational2
"Itu",BR-SP-275,subnational2
"Senador Guiomard",BR-AC-020,subnational2
"Santana do Araguaia",BR-PA-113,subnational2
"Santa Terezinha",BR-MT-116,subnational2
"Lupércio",BR-SP-316,subnational2
"Feira da Mata",BR-BA-130,subnational2
"Miracema do Tocantins",BR-TO-075,subnational2
"Filadélfia",BR-TO-053,subnational2
"Nova Canaã do Norte",BR-MT-073,subnational2
"Jacareacanga",BR-PA-060,subnational2
"Tupã",BR-SP-619,subnational2
"Santa Cruz das Palmeiras",BR-SP-521,subnational2
"Iraquara",BR-BA-172,subnational2
"Fazenda Rio Grande",BR-PR-111,subnational2
"São Félix do Araguaia",BR-MT-120,subnational2
"Campo Florido",BR-MG-125,subnational2
"João Pinheiro",BR-MG-412,subnational2
"Bariri",BR-SP-059,subnational2
"Campo Alegre de Goiás",BR-GO-052,subnational2
"Nilo Peçanha",BR-BA-273,subnational2
"Guaimbê",BR-SP-200,subnational2
"Alvinlândia",BR-SP-018,subnational2
"Santa Maria de Itabira",BR-MG-677,subnational2
"Santa Bárbara",BR-MG-664,subnational2
"Feijó",BR-AC-008,subnational2
"Feira de Santana",BR-BA-131,subnational2
"Felixlândia",BR-MG-286,subnational2
"Feliz Deserto",BR-AL-030,subnational2
"Fernando Prestes",BR-SP-180,subnational2
"Fernando de Noronha",BR-PE-061,subnational2
"Pedranópolis",BR-SP-418,subnational2
"Ferraz de Vasconcelos",BR-SP-183,subnational2
"São Jorge do Ivaí",BR-PR-348,subnational2
"Floresta Azul",BR-BA-134,subnational2
"Porto Acre",BR-AC-014,subnational2
"Contendas do Sincorá",BR-BA-106,subnational2
"Lorena",BR-SP-309,subnational2
"Paraopeba",BR-MG-555,subnational2
"Passa Quatro",BR-MG-556,subnational2
"Mato Castelhano",BR-RS-252,subnational2
"Silvânia",BR-GO-225,subnational2
"Floresta",BR-PR-117,subnational2
"Floresta",BR-PE-064,subnational2
"Florestal",BR-MG-290,subnational2
"Alvinópolis",BR-MG-026,subnational2
"Fonte Boa",BR-AM-024,subnational2
"Poços de Caldas",BR-MG-606,subnational2
"Formosa",BR-GO-088,subnational2
"Formoso",BR-MG-292,subnational2
"Forquilha",BR-CE-058,subnational2
"Forquilhinha",BR-SC-092,subnational2
"Passos",BR-MG-560,subnational2
"Fortaleza de Minas",BR-MG-293,subnational2
"Fortaleza",BR-CE-059,subnational2
"Ilha de Itamaracá",BR-PE-077,subnational2
"Fortim",BR-CE-060,subnational2
"São Miguel dos Milagres",BR-AL-093,subnational2
"Caiuá",BR-SP-103,subnational2
"Ivinhema",BR-MS-042,subnational2
"Rio Formoso",BR-PE-136,subnational2
"Fraiburgo",BR-SC-093,subnational2
"Francisco Beltrão",BR-PR-124,subnational2
"Francisco Alves",BR-PR-123,subnational2
"Frederico Westphalen",BR-RS-173,subnational2
"Frutal",BR-MG-305,subnational2
"Formoso do Araguaia",BR-TO-054,subnational2
"Itacoatiara",BR-AM-029,subnational2
"Galinhos",BR-RN-045,subnational2
"Galvão",BR-SC-095,subnational2
"Rancharia",BR-SP-476,subnational2
"Garibaldi",BR-RS-174,subnational2
"Garopaba",BR-SC-096,subnational2
"Garuva",BR-SC-097,subnational2
"Gaspar",BR-SC-098,subnational2
"Viadutos",BR-RS-486,subnational2
"Gaurama",BR-RS-176,subnational2
"Gavião Peixoto",BR-SP-195,subnational2
"Gilbués",BR-PI-090,subnational2
"Natividade da Serra",BR-SP-365,subnational2
"Glória de Dourados",BR-MS-036,subnational2
"Goiana",BR-PE-069,subnational2
"Goianápolis",BR-GO-091,subnational2
"Goianésia",BR-GO-093,subnational2
"Goiânia",BR-GO-094,subnational2
"Gongogi",BR-BA-140,subnational2
"Gonçalves",BR-MG-312,subnational2
"Governador Valadares",BR-MG-315,subnational2
"Oliveira",BR-MG-533,subnational2
"Não-Me-Toque",BR-RS-270,subnational2
"Gravatal",BR-SC-101,subnational2
"Gravataí",BR-RS-185,subnational2
"Gravatá",BR-PE-071,subnational2
"Grossos",BR-RN-048,subnational2
"Grão Mogol",BR-MG-316,subnational2
"Grão-Pará",BR-SC-100,subnational2
"Guabiruba",BR-SC-102,subnational2
"Guadalupe",BR-PI-091,subnational2
"Bujaru",BR-PA-029,subnational2
"Trairi",BR-CE-175,subnational2
"Guamaré",BR-RN-049,subnational2
"Guaraci",BR-SP-206,subnational2
"Reriutaba",BR-CE-154,subnational2
"Guaraciaba",BR-MG-320,subnational2
"Guaramiranga",BR-CE-069,subnational2
"Guarapuava",BR-PR-137,subnational2
"Jacareí",BR-SP-280,subnational2
"Guaratinguetá",BR-SP-211,subnational2
"Guareí",BR-SP-212,subnational2
"Guariba",BR-SP-213,subnational2
"Guará",BR-SP-204,subnational2
"Guatapará",BR-SP-216,subnational2
"Guaxupé",BR-MG-326,subnational2
"Guaçuí",BR-ES-028,subnational2
"Guaíba",BR-RS-187,subnational2
"Guaíra",BR-PR-130,subnational2
"Guaíra",BR-SP-201,subnational2
"São Mateus",BR-ES-068,subnational2
"Harmonia",BR-RS-190,subnational2
"Atalaia do Norte",BR-AM-006,subnational2
"Herval",BR-RS-191,subnational2
"Holambra",BR-SP-219,subnational2
"Honório Serpa",BR-PR-140,subnational2
"Limeira",BR-SP-306,subnational2
"Ubajara",BR-CE-177,subnational2
"Niterói",BR-RJ-048,subnational2
"Hortolândia",BR-SP-220,subnational2
"Faxinal",BR-PR-110,subnational2
"Taubaté",BR-SP-607,subnational2
"Morada Nova",BR-CE-117,subnational2
"Ibiúna",BR-SP-228,subnational2
"Tibau do Sul",BR-RN-157,subnational2
"Lagoa Santa",BR-GO-132,subnational2
"Virgínia",BR-MG-848,subnational2
"Hulha Negra",BR-RS-194,subnational2
"Ilhabela",BR-SP-237,subnational2
"Rio Pomba",BR-MG-649,subnational2
"Machado",BR-MG-449,subnational2
"Iapu",BR-MG-332,subnational2
"Iaras",BR-SP-223,subnational2
"Iati",BR-PE-072,subnational2
"Ibateguara",BR-AL-033,subnational2
"Ibaté",BR-SP-224,subnational2
"Ibicaraí",BR-BA-148,subnational2
"Ibicoara",BR-BA-149,subnational2
"Ibicuí",BR-BA-150,subnational2
"Ibiraçu",BR-ES-031,subnational2
"Ibirubá",BR-RS-200,subnational2
"Ibirá",BR-SP-225,subnational2
"Ibitinga",BR-SP-227,subnational2
"Ibitirama",BR-ES-032,subnational2
"Ibiá",BR-MG-334,subnational2
"Ibotirama",BR-BA-159,subnational2
"Icém",BR-SP-229,subnational2
"Icó",BR-CE-076,subnational2
"Igarapava",BR-SP-232,subnational2
"Igaratá",BR-SP-233,subnational2
"Igrapiúna",BR-BA-162,subnational2
"Igrejinha",BR-RS-201,subnational2
"Taquara",BR-RS-444,subnational2
"Iguaba Grande",BR-RJ-028,subnational2
"Iguatu",BR-PR-146,subnational2
"Iguaí",BR-BA-163,subnational2
"Porto dos Gaúchos",BR-MT-099,subnational2
"Ilha Solteira",BR-SP-236,subnational2
"Porto Belo",BR-SC-205,subnational2
"Maracanã",BR-PA-067,subnational2
"Piúma",BR-ES-057,subnational2
"Sertaneja",BR-PR-366,subnational2
"Brazil, Brazil",BR-,subnational1
"Ilhota",BR-SC-112,subnational2
"Itapema",BR-SC-129,subnational2
"Ilhéus",BR-BA-164,subnational2
"Uruçuca",BR-BA-403,subnational2
"Itabuna",BR-BA-177,subnational2
"Imbé",BR-RS-204,subnational2
"Imigrante",BR-RS-205,subnational2
"Imperatriz",BR-MA-090,subnational2
"Inajá",BR-PR-150,subnational2
"Indaial",BR-SC-116,subnational2
"Salto",BR-SP-510,subnational2
"Independência",BR-CE-078,subnational2
"Indiana",BR-SP-239,subnational2
"Jandaia",BR-GO-125,subnational2
"Indiaroba",BR-SE-026,subnational2
"Serra Talhada",BR-PE-159,subnational2
"Ipaba",BR-MG-355,subnational2
"Santana do Paraíso",BR-MG-695,subnational2
"Ipeúna",BR-SP-244,subnational2
"Ipiranga do Sul",BR-RS-209,subnational2
"Ipiranga",BR-PR-152,subnational2
"Ipirá",BR-BA-168,subnational2
"Iporá",BR-GO-112,subnational2
"São Benedito",BR-CE-161,subnational2
"Iracemápolis",BR-SP-248,subnational2
"Iramaia",BR-BA-171,subnational2
"Irati",BR-PR-155,subnational2
"Itaara",BR-RS-211,subnational2
"Itabaiana",BR-SE-027,subnational2
"Itaberaba",BR-BA-176,subnational2
"Itaberaí",BR-GO-114,subnational2
"Itabira",BR-MG-361,subnational2
"Itabirito",BR-MG-363,subnational2
"Itaboraí",BR-RJ-029,subnational2
"Itacarambi",BR-MG-365,subnational2
"Itaeté",BR-BA-179,subnational2
"Itagibá",BR-BA-181,subnational2
"Itaitinga",BR-CE-086,subnational2
"Itaiçaba",BR-CE-085,subnational2
"Itajuípe",BR-BA-185,subnational2
"Itambé",BR-BA-188,subnational2
"Itanhandu",BR-MG-375,subnational2
"Itapajé",BR-CE-087,subnational2
"Itaparica",BR-BA-191,subnational2
"Itapecerica da Serra",BR-SP-257,subnational2
"São Lourenço da Serra",BR-SP-561,subnational2
"Itaperuna",BR-RJ-033,subnational2
"Itapetinga",BR-BA-194,subnational2
"Itapeva",BR-MG-380,subnational2
"Itapipoca",BR-CE-088,subnational2
"Itapira",BR-SP-261,subnational2
"Itapiranga",BR-SC-130,subnational2
"Itaporanga",BR-SP-264,subnational2
"Itapoá",BR-SC-131,subnational2
"Itapura",BR-SP-266,subnational2
"Itaquiraí",BR-MS-041,subnational2
"Itarema",BR-CE-090,subnational2
"Itariri",BR-SP-269,subnational2
"Itati",BR-RS-215,subnational2
"Itatim",BR-BA-199,subnational2
"Itaueira",BR-PI-099,subnational2
"Itauçu",BR-GO-122,subnational2
"Itaverava",BR-MG-384,subnational2
"Itaí",BR-SP-252,subnational2
"Itaú de Minas",BR-MG-382,subnational2
"Itaúba",BR-MT-053,subnational2
"Itinga do Maranhão",BR-MA-093,subnational2
"Itinga",BR-MG-385,subnational2
"Itororó",BR-BA-202,subnational2
"Ituaçu",BR-BA-203,subnational2
"Ituberá",BR-BA-204,subnational2
"Itueta",BR-MG-386,subnational2
"Ituiutaba",BR-MG-387,subnational2
"Itupeva",BR-SP-276,subnational2
"Ituporanga",BR-SC-132,subnational2
"Itápolis",BR-SP-263,subnational2
"Santa Adélia",BR-SP-514,subnational2
"Jaboatão dos Guararapes",BR-PE-088,subnational2
"Jaborandi",BR-SP-278,subnational2
"Jaboticaba",BR-RS-219,subnational2
"Jacarezinho",BR-PR-169,subnational2
"Jacaré dos Homens",BR-AL-037,subnational2
"Jacupiranga",BR-SP-282,subnational2
"Jacutinga",BR-MG-394,subnational2
"Jaguariaíva",BR-PR-171,subnational2
"Jaguaripe",BR-BA-211,subnational2
"Jaguariúna",BR-SP-283,subnational2
"Jaguarão",BR-RS-222,subnational2
"Jaguaré",BR-ES-039,subnational2
"São Félix do Tocantins",BR-TO-122,subnational2
"Mateiros",BR-TO-073,subnational2
"Jambeiro",BR-SP-285,subnational2
"Jandira",BR-SP-286,subnational2
"Januária",BR-MG-399,subnational2
"Pedras de Maria da Cruz",BR-MG-575,subnational2
"Japaratinga",BR-AL-039,subnational2
"Maragogi",BR-AL-050,subnational2
"Jaquirana",BR-RS-224,subnational2
"Jaraguá do Sul",BR-SC-136,subnational2
"Massaranduba",BR-SC-161,subnational2
"Jaraguá",BR-GO-126,subnational2
"Juiz de Fora",BR-MG-419,subnational2
"Sorocaba",BR-SP-584,subnational2
"São José do Rio Claro",BR-MT-122,subnational2
"Júlio de Castilhos",BR-RS-227,subnational2
"Jardim",BR-MS-045,subnational2
"Jarinu",BR-SP-288,subnational2
"Jataí",BR-GO-127,subnational2
"Jaú",BR-SP-289,subnational2
"Itapuí",BR-SP-265,subnational2
"Jesuânia",BR-MG-408,subnational2
"Ji-Paraná",BR-RO-024,subnational2
"Salvaterra",BR-PA-106,subnational2
"Joaquim Felício",BR-MG-413,subnational2
"Joaquim Gomes",BR-AL-042,subnational2
"Joinville",BR-SC-139,subnational2
"José Bonifácio",BR-SP-293,subnational2
"José de Freitas",BR-PI-108,subnational2
"João Câmara",BR-RN-063,subnational2
"Bayeux",BR-PB-025,subnational2
"Juazeiro do Norte",BR-CE-099,subnational2
"Juazeiro",BR-BA-218,subnational2
"Junco do Seridó",BR-PB-098,subnational2
"Junqueiro",BR-AL-044,subnational2
"Junqueirópolis",BR-SP-297,subnational2
"Vitorino",BR-PR-397,subnational2
"Juquiá",BR-SP-298,subnational2
"Juruaia",BR-MG-421,subnational2
"Juruti",BR-PA-062,subnational2
"Juscimeira",BR-MT-061,subnational2
"Jussara",BR-GO-131,subnational2
"Manacapuru",BR-AM-036,subnational2
"Victor Graeff",BR-RS-489,subnational2
"Ladário",BR-MS-048,subnational2
"Lafaiete Coutinho",BR-BA-223,subnational2
"Ouro Branco",BR-AL-065,subnational2
"Lages",BR-SC-143,subnational2
"Mineiros",BR-GO-143,subnational2
"Ortigueira",BR-PR-245,subnational2
"Ourinhos",BR-SP-393,subnational2
"Ibicuitinga",BR-CE-074,subnational2
"Lagoa Dourada",BR-MG-427,subnational2
"Vila Velha",BR-ES-077,subnational2
"Maxaranguape",BR-RN-082,subnational2
"Lagoa Nova",BR-RN-071,subnational2
"Lagoa Santa",BR-MG-430,subnational2
"Lagoa Seca",BR-PB-103,subnational2
"Poções",BR-BA-308,subnational2
"Quixelô",BR-CE-150,subnational2
"Lagoa da Confusão",BR-TO-066,subnational2
"Lagoa da Prata",BR-MG-425,subnational2
"Touros",BR-RN-159,subnational2
"Tavares",BR-RS-447,subnational2
"Mombaça",BR-CE-115,subnational2
"Lagoa dos Três Cantos",BR-RS-230,subnational2
"Laguna Carapã",BR-MS-049,subnational2
"Laje do Muriaé",BR-RJ-036,subnational2
"Lajeado",BR-RS-234,subnational2
"Lajeado",BR-TO-068,subnational2
"Lajedinho",BR-BA-227,subnational2
"Lambari",BR-MG-432,subnational2
"Lapa",BR-PR-185,subnational2
"Laranjal do Jari",BR-AP-006,subnational2
"Rio do Sul",BR-SC-218,subnational2
"Laurentino",BR-SC-146,subnational2
"Lauro Müller",BR-SC-147,subnational2
"Lauro de Freitas",BR-BA-231,subnational2
"Lavandeira",BR-TO-069,subnational2
"Lavras do Sul",BR-RS-236,subnational2
"Lavras",BR-MG-436,subnational2
"Lavrinhas",BR-SP-303,subnational2
"Tapiraí",BR-SP-598,subnational2
"Lençóis Paulista",BR-SP-305,subnational2
"Lençóis",BR-BA-232,subnational2
"Leoberto Leal",BR-SC-149,subnational2
"Leopoldina",BR-MG-439,subnational2
"Leopoldo de Bulhões",BR-GO-133,subnational2
"Lima Duarte",BR-MG-441,subnational2
"Lindoeste",BR-PR-190,subnational2
"Lindolfo Collor",BR-RS-238,subnational2
"Lindóia",BR-SP-307,subnational2
"Linha Nova",BR-RS-239,subnational2
"Lins",BR-SP-308,subnational2
"Lontras",BR-SC-151,subnational2
"Imbituva",BR-PR-148,subnational2
"São Vicente do Sul",BR-RS-420,subnational2
"Rio Real",BR-BA-332,subnational2
"Louveira",BR-SP-311,subnational2
"Lucas do Rio Verde",BR-MT-063,subnational2
"Lucena",BR-PB-107,subnational2
"Luís Eduardo Magalhães",BR-BA-235,subnational2
"São Miguel do Araguaia",BR-GO-219,subnational2
"Luminárias",BR-MG-446,subnational2
"Porto Nacional",BR-TO-104,subnational2
"Luziânia",BR-GO-134,subnational2
"Barão de Cocais",BR-MG-059,subnational2
"Primavera do Leste",BR-MT-103,subnational2
"Nova Monte Verde",BR-MT-078,subnational2
"Dom Aquino",BR-MT-042,subnational2
"Nossa Senhora do Livramento",BR-MT-070,subnational2
"Macajuba",BR-BA-236,subnational2
"Macaé",BR-RJ-037,subnational2
"Maceió",BR-AL-047,subnational2
"Rio Largo",BR-AL-083,subnational2
"Paripueira",BR-AL-070,subnational2
"Machadinho D'Oeste",BR-RO-025,subnational2
"Água Doce",BR-SC-005,subnational2
"Mafra",BR-SC-155,subnational2
"Magda",BR-SP-321,subnational2
"Meridiano",BR-SP-335,subnational2
"Major Gercino",BR-SC-156,subnational2
"Manduri",BR-SP-324,subnational2
"Itaguaí",BR-RJ-030,subnational2
"Jandaíra",BR-BA-212,subnational2
"Mangueirinha",BR-PR-203,subnational2
"Roteiro",BR-AL-084,subnational2
"Manoel Ribas",BR-PR-204,subnational2
"Manoel Urbano",BR-AC-011,subnational2
"Maquiné",BR-RS-244,subnational2
"Mar Vermelho",BR-AL-049,subnational2
"Maracajá",BR-SC-158,subnational2
"Maracanaú",BR-CE-104,subnational2
"Maranguape",BR-CE-105,subnational2
"Maracaí",BR-SP-326,subnational2
"Maracás",BR-BA-248,subnational2
"Maraial",BR-PE-107,subnational2
"Marataízes",BR-ES-045,subnational2
"Cruzeiro do Sul",BR-RS-127,subnational2
"Marcelino Ramos",BR-RS-247,subnational2
"Marechal Cândido Rondon",BR-PR-205,subnational2
"Marechal Deodoro",BR-AL-052,subnational2
"Marechal Floriano",BR-ES-046,subnational2
"Mariana",BR-MG-460,subnational2
"Maribondo",BR-AL-053,subnational2
"Marilena",BR-PR-209,subnational2
"Maragogipe",BR-BA-249,subnational2
"Maringá",BR-PR-211,subnational2
"Maripá",BR-PR-213,subnational2
"Marituba",BR-PA-069,subnational2
"Marliéria",BR-MG-464,subnational2
"Realeza",BR-PR-300,subnational2
"Marmelópolis",BR-MG-465,subnational2
"Regente Feijó",BR-SP-478,subnational2
"Marapanim",BR-PA-068,subnational2
"Marzagão",BR-GO-138,subnational2
"Marília",BR-SP-329,subnational2
"Varginha",BR-MG-835,subnational2
"Minduri",BR-MG-484,subnational2
"Almenara",BR-MG-018,subnational2
"Viçosa",BR-MG-845,subnational2
"Pombos",BR-PE-129,subnational2
"Cataguases",BR-MG-166,subnational2
"Mata",BR-RS-251,subnational2
"Mataraca",BR-PB-116,subnational2
"Nova Roma",BR-GO-163,subnational2
"Matelândia",BR-PR-217,subnational2
"Mateus Leme",BR-MG-470,subnational2
"Matinhos",BR-PR-218,subnational2
"Cachoeirinha",BR-RS-062,subnational2
"Matozinhos",BR-MG-476,subnational2
"Pedro Leopoldo",BR-MG-577,subnational2
"Matriz de Camaragibe",BR-AL-055,subnational2
"Matão",BR-SP-332,subnational2
"Mauá da Serra",BR-PR-220,subnational2
"Mauá",BR-SP-333,subnational2
"Mazagão",BR-AP-008,subnational2
"Paraíba do Sul",BR-RJ-052,subnational2
"Miguel Calmon",BR-BA-256,subnational2
"Miguel Pereira",BR-RJ-044,subnational2
"Serro",BR-MG-789,subnational2
"Mimoso do Sul",BR-ES-048,subnational2
"Mineiros do Tietê",BR-SP-338,subnational2
"Ministro Andreazza",BR-RO-026,subnational2
"Mirandópolis",BR-SP-341,subnational2
"Rio Novo do Sul",BR-ES-061,subnational2
"Mirassol",BR-SP-343,subnational2
"Missal",BR-PR-225,subnational2
"Missão Velha",BR-CE-114,subnational2
"Mocajuba",BR-PA-072,subnational2
"Moeda",BR-MG-489,subnational2
"Mogi Mirim",BR-SP-348,subnational2
"Mombuca",BR-SP-349,subnational2
"Mongaguá",BR-SP-351,subnational2
"Montanha",BR-ES-049,subnational2
"Monte Alegre de Goiás",BR-GO-145,subnational2
"Monte Alegre de Minas",BR-MG-494,subnational2
"Monte Alegre do Sul",BR-SP-352,subnational2
"Monte Alegre",BR-PA-075,subnational2
"Vista Alegre do Alto",BR-SP-641,subnational2
"Monte Aprazível",BR-SP-354,subnational2
"Monte Belo do Sul",BR-RS-260,subnational2
"Monte Belo",BR-MG-496,subnational2
"Monte Mor",BR-SP-357,subnational2
"Monte Santo",BR-BA-260,subnational2
"Monte Sião",BR-MG-500,subnational2
"Monteiro Lobato",BR-SP-358,subnational2
"Sapucaí-Mirim",BR-MG-768,subnational2
"Montes Claros de Goiás",BR-GO-146,subnational2
"Montividiu do Norte",BR-GO-148,subnational2
"Morada Nova de Minas",BR-MG-503,subnational2
"Morrinhos",BR-GO-149,subnational2
"Morro Agudo",BR-SP-359,subnational2
"Morro Grande",BR-SC-170,subnational2
"Morro Redondo",BR-RS-264,subnational2
"Morro Reuter",BR-RS-265,subnational2
"Morro da Fumaça",BR-SC-169,subnational2
"Morro do Pilar",BR-MG-505,subnational2
"Morros",BR-MA-123,subnational2
"Mossoró",BR-RN-087,subnational2
"Motuca",BR-SP-361,subnational2
"Muaná",BR-PA-076,subnational2
"Mucuri",BR-BA-265,subnational2
"Mojuí dos Campos",BR-PA-074,subnational2
"Mulungu",BR-CE-121,subnational2
"Mundo Novo",BR-MS-052,subnational2
"Mundo Novo",BR-GO-153,subnational2
"Mutum",BR-MG-508,subnational2
"Muzambinho",BR-MG-509,subnational2
"Mãe d'Água",BR-PB-108,subnational2
"Natividade",BR-RJ-046,subnational2
"Natuba",BR-PB-125,subnational2
"Navegantes",BR-SC-171,subnational2
"Naviraí",BR-MS-053,subnational2
"Nazaré Paulista",BR-SP-366,subnational2
"Nerópolis",BR-GO-156,subnational2
"Nipoã",BR-SP-369,subnational2
"Niquelândia",BR-GO-157,subnational2
"Nova Alvorada do Sul",BR-MS-055,subnational2
"Nova Andradina",BR-MS-056,subnational2
"Nova Bandeirantes",BR-MT-071,subnational2
"Nova Campina",BR-SP-371,subnational2
"Nova Cantu",BR-PR-233,subnational2
"Nova Crixás",BR-GO-160,subnational2
"Nova Esperança do Sul",BR-RS-279,subnational2
"Nova Europa",BR-SP-374,subnational2
"Nova Granada",BR-SP-375,subnational2
"Nova Iguaçu",BR-RJ-050,subnational2
"Nova Lacerda",BR-MT-075,subnational2
"Nova Lima",BR-MG-520,subnational2
"Nova Luzitânia",BR-SP-378,subnational2
"Nova Mamoré",BR-RO-030,subnational2
"Nova Mutum",BR-MT-079,subnational2
"Nova Odessa",BR-SP-379,subnational2
"Nova Olinda",BR-CE-122,subnational2
"Nova Petrópolis",BR-RS-283,subnational2
"Nova Redenção",BR-BA-279,subnational2
"Nova Santa Rita",BR-RS-287,subnational2
"Nova Santa Rosa",BR-PR-242,subnational2
"Nova Trento",BR-SC-174,subnational2
"Nova Veneza",BR-SC-175,subnational2
"Nova Viçosa",BR-BA-281,subnational2
"Nova Xavantina",BR-MT-084,subnational2
"Novo Hamburgo",BR-RS-290,subnational2
"Novo Horizonte",BR-SP-381,subnational2
"Novo Progresso",BR-PA-080,subnational2
"Piracaia",BR-SP-435,subnational2
"Ocauçu",BR-SP-383,subnational2
"Oiapoque",BR-AP-009,subnational2
"Quixeramobim",BR-CE-151,subnational2
"Olho d'Água das Flores",BR-AL-061,subnational2
"Orindiúva",BR-SP-388,subnational2
"Orizona",BR-GO-168,subnational2
"Orleans",BR-SC-177,subnational2
"Orlândia",BR-SP-389,subnational2
"Orós",BR-CE-126,subnational2
"Osasco",BR-SP-390,subnational2
"Osório",BR-RS-294,subnational2
"Ouro Branco",BR-RN-092,subnational2
"Ouro Branco",BR-MG-538,subnational2
"Ouro Fino",BR-MG-539,subnational2
"Ouro Preto do Oeste",BR-RO-033,subnational2
"Ouro Velho",BR-PB-132,subnational2
"Ouroeste",BR-SP-395,subnational2
"Santa Isabel do Rio Negro",BR-AM-050,subnational2
"Brejo do Piauí",BR-PI-036,subnational2
"Areia Branca",BR-SE-005,subnational2
"São Francisco do Sul",BR-SC-244,subnational2
"Sete Barras",BR-SP-580,subnational2
"Pimenteiras do Oeste",BR-RO-036,subnational2
"Guapiara",BR-SP-203,subnational2
"Areia",BR-PB-014,subnational2
"Agudo",BR-RS-003,subnational2
"Campos Novos",BR-SC-058,subnational2
"Pedro de Toledo",BR-SP-422,subnational2
"Paraibuna",BR-SP-403,subnational2
"São Luiz do Paraitinga",BR-SP-562,subnational2
"Praia Grande",BR-SP-462,subnational2
"Pirenópolis",BR-GO-184,subnational2
"São Domingos",BR-GO-213,subnational2
"São Vicente",BR-SP-572,subnational2
"São Pedro do Iguaçu",BR-PR-356,subnational2
"Torres",BR-RS-454,subnational2
"Araruna",BR-PB-013,subnational2
"Araponga",BR-MG-040,subnational2
"Fervedouro",BR-MG-289,subnational2
"Palhoça",BR-SC-183,subnational2
"Santo Amaro da Imperatriz",BR-SC-237,subnational2
"São Bonifácio",BR-SC-240,subnational2
"Águas Mornas",BR-SC-008,subnational2
"Paulo Lopes",BR-SC-191,subnational2
"São Domingos",BR-SC-243,subnational2
"Pedregulho",BR-SP-419,subnational2
"Barracão",BR-RS-040,subnational2
"Viamão",BR-RS-487,subnational2
"Porto Ferreira",BR-SP-457,subnational2
"Palotina",BR-PR-252,subnational2
"Nova Independência",BR-SP-377,subnational2
"Santa Maria Madalena",BR-RJ-069,subnational2
"São Fidélis",BR-RJ-071,subnational2
"Palmas",BR-TO-088,subnational2
"Sarandi",BR-RS-423,subnational2
"Uberlândia",BR-MG-825,subnational2
"Salgueiro",BR-PE-139,subnational2
"Mampituba",BR-RS-242,subnational2
"São Jorge do Patrocínio",BR-PR-349,subnational2
"Pedra Branca do Amapari",BR-AP-010,subnational2
"São Roque de Minas",BR-MG-755,subnational2
"São João Batista do Glória",BR-MG-726,subnational2
"Santana do Riacho",BR-MG-696,subnational2
"Urubici",BR-SC-282,subnational2
"Carapebus",BR-RJ-017,subnational2
"Quissamã",BR-RJ-062,subnational2
"Praia Grande",BR-SC-208,subnational2
"Passos Maia",BR-SC-190,subnational2
"Santa Tereza do Oeste",BR-PR-333,subnational2
"São Miguel do Iguaçu",BR-PR-355,subnational2
"Santo Amaro do Maranhão",BR-MA-169,subnational2
"Pacajus",BR-CE-127,subnational2
"Pacaraima",BR-RR-011,subnational2
"Neópolis",BR-SE-042,subnational2
"Painel",BR-SC-182,subnational2
"Palestina de Goiás",BR-GO-172,subnational2
"Palestina",BR-SP-397,subnational2
"Palma Sola",BR-SC-184,subnational2
"São José do Cedro",BR-SC-251,subnational2
"Palmares",BR-PE-116,subnational2
"Palmeira dos Índios",BR-AL-067,subnational2
"Palmeira",BR-PR-250,subnational2
"Palmeiras de Goiás",BR-GO-173,subnational2
"Palmeiras do Tocantins",BR-TO-090,subnational2
"Palminópolis",BR-GO-175,subnational2
"Várzea Alegre",BR-CE-183,subnational2
"Paracambi",BR-RJ-051,subnational2
"Paracatu",BR-MG-552,subnational2
"Paracuru",BR-CE-133,subnational2
"Paraguaçu Paulista",BR-SP-402,subnational2
"Paraipaba",BR-CE-134,subnational2
"Paraisópolis",BR-MG-554,subnational2
"Paranapoema",BR-PR-256,subnational2
"Paranapuã",BR-SP-406,subnational2
"Paranatinga",BR-MT-090,subnational2
"Paranavaí",BR-PR-257,subnational2
"Rorainópolis",BR-RR-012,subnational2
"Paranã",BR-TO-093,subnational2
"Paraíso do Sul",BR-RS-302,subnational2
"Paraíso do Tocantins",BR-TO-092,subnational2
"Rio Verde",BR-GO-197,subnational2
"Pardinho",BR-SP-408,subnational2
"Pariquera-Açu",BR-SP-409,subnational2
"Parisi",BR-SP-410,subnational2
"Parnaíba",BR-PI-152,subnational2
"Parobé",BR-RS-304,subnational2
"Nilópolis",BR-RJ-047,subnational2
"Timbó",BR-SC-271,subnational2
"Sertãozinho",BR-SP-579,subnational2
"Silva Jardim",BR-RJ-083,subnational2
"Pederneiras",BR-SP-416,subnational2
"Congonhas",BR-MG-200,subnational2
"Sete Lagoas",BR-MG-790,subnational2
"Santa Bárbara do Pará",BR-PA-107,subnational2
"Piedade",BR-SP-428,subnational2
"São Carlos",BR-SP-549,subnational2
"Vilhena",BR-RO-052,subnational2
"Três Barras do Paraná",BR-PR-383,subnational2
"Resplendor",BR-MG-633,subnational2
"Fênix",BR-PR-112,subnational2
"Água Limpa",BR-GO-005,subnational2
"Barra do Garças",BR-MT-017,subnational2
"Mossâmedes",BR-GO-151,subnational2
"Valença",BR-RJ-089,subnational2
"Jateí",BR-MS-046,subnational2
"Amaporã",BR-PR-011,subnational2
"Tunas do Paraná",BR-PR-384,subnational2
"Paraúna",BR-GO-178,subnational2
"Pium",BR-TO-100,subnational2
"São Gonçalo do Rio Preto",BR-MG-723,subnational2
"Cajati",BR-SP-105,subnational2
"Presidente Venceslau",BR-SP-468,subnational2
"União dos Palmares",BR-AL-101,subnational2
"Feliz",BR-RS-166,subnational2
"Bom Jardim de Minas",BR-MG-080,subnational2
"Fundão",BR-ES-026,subnational2
"Arataca",BR-BA-027,subnational2
"São José dos Pinhais",BR-PR-352,subnational2
"Piracuruca",BR-PI-163,subnational2
"Caracol",BR-MS-021,subnational2
"Volta Redonda",BR-RJ-092,subnational2
"Redenção",BR-PA-101,subnational2
"Dois Irmãos",BR-RS-132,subnational2
"São Lourenço",BR-MG-749,subnational2
"Valinhos",BR-SP-632,subnational2
"Pará de Minas",BR-MG-551,subnational2
"Passa Tempo",BR-MG-557,subnational2
"Passo de Torres",BR-SC-189,subnational2
"Pato Branco",BR-PR-259,subnational2
"Patos",BR-PB-135,subnational2
"Paty do Alferes",BR-RJ-054,subnational2
"Paulicéia",BR-SP-412,subnational2
"Paulino Neves",BR-MA-136,subnational2
"Paulo Afonso",BR-BA-294,subnational2
"Paulo Jacinto",BR-AL-072,subnational2
"Pedra Bela",BR-SP-417,subnational2
"Pedra Preta",BR-MT-091,subnational2
"Toledo",BR-PR-381,subnational2
"Pedreira",BR-SP-420,subnational2
"Pedro Teixeira",BR-MG-578,subnational2
"Pendências",BR-RN-106,subnational2
"Penha",BR-SC-193,subnational2
"Pereiras",BR-SP-425,subnational2
"Pescaria Brava",BR-SC-195,subnational2
"Pesqueira",BR-PE-125,subnational2
"Santo Antônio do Pinhal",BR-SP-542,subnational2
"Dom Viçoso",BR-MG-256,subnational2
"Picada Café",BR-RS-314,subnational2
"São José do Barreiro",BR-SP-557,subnational2
"Águas da Prata",BR-SP-004,subnational2
"Piquete",BR-SP-434,subnational2
"Picuí",BR-PB-142,subnational2
"Pimenta",BR-MG-591,subnational2
"Pindorama do Tocantins",BR-TO-098,subnational2
"Pindorama",BR-SP-431,subnational2
"Pinhais",BR-PR-267,subnational2
"Pinhalzinho",BR-SC-197,subnational2
"Pinheiral",BR-RJ-056,subnational2
"Pinheiro Machado",BR-RS-319,subnational2
"Reserva do Iguaçu",BR-PR-304,subnational2
"Pio IX",BR-PI-162,subnational2
"Tejupá",BR-SP-608,subnational2
"Pirajuí",BR-SP-438,subnational2
"Piranga",BR-MG-596,subnational2
"Parnamirim",BR-RN-097,subnational2
"Pirangi",BR-SP-439,subnational2
"Piranguinho",BR-MG-598,subnational2
"Piranguçu",BR-MG-597,subnational2
"Pirapora do Bom Jesus",BR-SP-440,subnational2
"Pirapora",BR-MG-600,subnational2
"Piraquara",BR-PR-272,subnational2
"Pitangueiras",BR-SP-444,subnational2
"Pitangui",BR-MG-602,subnational2
"Salvador",BR-BA-336,subnational2
"Piumhi",BR-MG-603,subnational2
"Planaltina",BR-GO-186,subnational2
"Pomerode",BR-SC-201,subnational2
"Ponta Porã",BR-MS-062,subnational2
"Ponte Alta do Tocantins",BR-TO-102,subnational2
"Castilho",BR-SP-126,subnational2
"Marmeleiro",BR-PR-214,subnational2
"Rafard",BR-SP-475,subnational2
"Pontes e Lacerda",BR-MT-097,subnational2
"Pontão",BR-RS-325,subnational2
"Porangaba",BR-SP-455,subnational2
"Porangatu",BR-GO-188,subnational2
"Porto Amazonas",BR-PR-280,subnational2
"Porto Firme",BR-MG-613,subnational2
"Porto Grande",BR-AP-011,subnational2
"Porto Real",BR-RJ-059,subnational2
"Porto União",BR-SC-206,subnational2
"Alto Paraíso",BR-RO-003,subnational2
"Porto de Pedras",BR-AL-080,subnational2
"Portão",BR-RS-327,subnational2
"Potengi",BR-CE-146,subnational2
"Cacaulândia",BR-RO-008,subnational2
"Tibagi",BR-PR-379,subnational2
"Vargem Bonita",BR-MG-833,subnational2
"Guarantã do Norte",BR-MT-048,subnational2
"Vitória do Xingu",BR-PA-143,subnational2
"Xapuri",BR-AC-022,subnational2
"Cocos",BR-BA-099,subnational2
"São Sebastião da Bela Vista",BR-MG-756,subnational2
"Pouso Alto",BR-MG-616,subnational2
"Pouso Redondo",BR-SC-207,subnational2
"Poxoréu",BR-MT-102,subnational2
"Poá",BR-SP-447,subnational2
"Poço Fundo",BR-MG-605,subnational2
"Poço Redondo",BR-SE-053,subnational2
"Atílio Vivácqua",BR-ES-010,subnational2
"Poção",BR-PE-128,subnational2
"Prados",BR-MG-617,subnational2
"Pradópolis",BR-SP-461,subnational2
"São José de Ribamar",BR-MA-184,subnational2
"Pongaí",BR-SP-450,subnational2
"Ubarana",BR-SP-623,subnational2
"Valentim Gentil",BR-SP-631,subnational2
"Pratânia",BR-SP-463,subnational2
"Presidente Epitácio",BR-SP-466,subnational2
"Presidente Bernardes",BR-MG-621,subnational2
"Presidente Bernardes",BR-SP-465,subnational2
"Presidente Getúlio",BR-SC-210,subnational2
"Presidente Prudente",BR-SP-467,subnational2
"Pirapozinho",BR-SP-441,subnational2
"Promissão",BR-SP-469,subnational2
"Prudente de Morais",BR-MG-625,subnational2
"Prudentópolis",BR-PR-288,subnational2
"Putinga",BR-RS-337,subnational2
"Pocinhos",BR-PB-148,subnational2
"Pão de Açúcar",BR-AL-068,subnational2
"Nova Canaã",BR-BA-275,subnational2
"Quatipuru",BR-PA-100,subnational2
"Quatis",BR-RJ-060,subnational2
"Quebrangulo",BR-AL-082,subnational2
"Queimados",BR-RJ-061,subnational2
"Queluz",BR-SP-473,subnational2
"Querência",BR-MT-104,subnational2
"Quirinópolis",BR-GO-193,subnational2
"Juruá",BR-AM-033,subnational2
"Teixeira Soares",BR-PR-374,subnational2
"Pinheiros",BR-ES-056,subnational2
"Mamanguape",BR-PB-110,subnational2
"Rio Tinto",BR-PB-163,subnational2
"Una",BR-BA-401,subnational2
"Cururupu",BR-MA-064,subnational2
"Brasilândia",BR-MS-017,subnational2
"São José da Coroa Grande",BR-PE-154,subnational2
"Saloá",BR-PE-140,subnational2
"São João da Barra",BR-RJ-074,subnational2
"Itanagra",BR-BA-189,subnational2
"Sapé",BR-PB-199,subnational2
"Querência do Norte",BR-PR-294,subnational2
"Pilar",BR-AL-075,subnational2
"Imbé de Minas",BR-MG-347,subnational2
"Santa Rita",BR-PB-171,subnational2
"Sapucaia do Sul",BR-RS-422,subnational2
"Serranópolis",BR-GO-224,subnational2
"Tanque d'Arca",BR-AL-097,subnational2
"Pedra Dourada",BR-MG-573,subnational2
"Santana",BR-AP-013,subnational2
"Santa Isabel",BR-SP-526,subnational2
"São Pedro de Alcântara",BR-SC-258,subnational2
"Congonhas do Norte",BR-MG-201,subnational2
"Crateús",BR-CE-050,subnational2
"Jussari",BR-BA-221,subnational2
"Iacanga",BR-SP-221,subnational2
"Rancho Queimado",BR-SC-214,subnational2
"Raposa",BR-MA-156,subnational2
"Raposos",BR-MG-628,subnational2
"Raul Soares",BR-MG-629,subnational2
"Dois Irmãos das Missões",BR-RS-133,subnational2
"Rebouças",BR-PR-301,subnational2
"Altônia",BR-PR-009,subnational2
"Veríssimo",BR-MG-842,subnational2
"São Vicente Férrer",BR-PE-158,subnational2
"Redenção",BR-CE-153,subnational2
"Capela",BR-SE-012,subnational2
"Santa Maria do Salto",BR-MG-678,subnational2
"Reginópolis",BR-SP-479,subnational2
"Registro",BR-SP-480,subnational2
"Renascença",BR-PR-302,subnational2
"Petrolândia",BR-SC-196,subnational2
"Betim",BR-MG-072,subnational2
"Cardoso",BR-SP-123,subnational2
"Resende Costa",BR-MG-632,subnational2
"Rio Fortuna",BR-SC-220,subnational2
"Santana de Parnaíba",BR-SP-535,subnational2
"Tuneiras do Oeste",BR-PR-385,subnational2
"Tacaratu",BR-PE-167,subnational2
"Sooretama",BR-ES-071,subnational2
"São Manoel do Paraná",BR-PR-353,subnational2
"Delmiro Gouveia",BR-AL-026,subnational2
"Mendonça",BR-SP-334,subnational2
"Bandeira",BR-MG-057,subnational2
"Macarani",BR-BA-237,subnational2
"Almirante Tamandaré do Sul",BR-RS-008,subnational2
"Itapemirim",BR-ES-036,subnational2
"Brasiléia",BR-AC-003,subnational2
"Ribas do Rio Pardo",BR-MS-064,subnational2
"Ribeiro Gonçalves",BR-PI-173,subnational2
"Ribeirão Bonito",BR-SP-483,subnational2
"Ribeirão Branco",BR-SP-484,subnational2
"Ribeirão Cascalheira",BR-MT-106,subnational2
"Ariranha",BR-SP-043,subnational2
"Ribeirão das Neves",BR-MG-637,subnational2
"Taió",BR-SC-266,subnational2
"Rifaina",BR-SP-491,subnational2
"Rincão",BR-SP-492,subnational2
"Abaetetuba",BR-PA-001,subnational2
"Cocalinho",BR-MT-031,subnational2
"Verê",BR-PR-395,subnational2
"Rio Claro",BR-RJ-065,subnational2
"Rio Espera",BR-MG-643,subnational2
"Vitória do Jari",BR-AP-016,subnational2
"Carauari",BR-AM-017,subnational2
"Araguacema",BR-TO-010,subnational2
"Pantano Grande",BR-RS-300,subnational2
"Rio Rufino",BR-SC-222,subnational2
"Rosário do Sul",BR-RS-356,subnational2
"Formoso",BR-GO-089,subnational2
"Rio Sono",BR-TO-112,subnational2
"Rio das Pedras",BR-SP-495,subnational2
"Rio de Contas",BR-BA-329,subnational2
"Rio do Fogo",BR-RN-117,subnational2
"Rio do Oeste",BR-SC-217,subnational2
"Prata",BR-MG-618,subnational2
"Turvelândia",BR-GO-235,subnational2
"Rio dos Cedros",BR-SC-219,subnational2
"Israelândia",BR-GO-113,subnational2
"Riozinho",BR-RS-348,subnational2
"Rodeio",BR-SC-224,subnational2
"Viradouro",BR-SP-640,subnational2
"Crixás",BR-GO-072,subnational2
"Sertão",BR-RS-432,subnational2
"Rolante",BR-RS-352,subnational2
"Rolim de Moura",BR-RO-041,subnational2
"Rolândia",BR-PR-313,subnational2
"Romaria",BR-MG-655,subnational2
"Rondon",BR-PR-315,subnational2
"Rondonópolis",BR-MT-110,subnational2
"Iracema",BR-RR-008,subnational2
"Rosana",BR-SP-499,subnational2
"Roseira",BR-SP-500,subnational2
"Muriaé",BR-MG-507,subnational2
"Rosário",BR-MA-159,subnational2
"Rubiataba",BR-GO-198,subnational2
"Ruy Barbosa",BR-BA-334,subnational2
"São José do Vale do Rio Preto",BR-RJ-077,subnational2
"Sabino",BR-SP-503,subnational2
"Sabinópolis",BR-MG-660,subnational2
"Sabáudia",BR-PR-317,subnational2
"Sales",BR-SP-505,subnational2
"Salgado",BR-SE-061,subnational2
"Barra dos Coqueiros",BR-SE-006,subnational2
"Santa Fé",BR-PR-324,subnational2
"Salto Grande",BR-SP-512,subnational2
"Salto de Pirapora",BR-SP-511,subnational2
"Sangão",BR-SC-229,subnational2
"Santa Albertina",BR-SP-515,subnational2
"Santa Bárbara de Goiás",BR-GO-200,subnational2
"Santa Carmem",BR-MT-113,subnational2
"Barra do Piraí",BR-RJ-007,subnational2
"Santa Cruz Cabrália",BR-BA-339,subnational2
"Santa Cruz da Esperança",BR-SP-520,subnational2
"Santa Cruz da Vitória",BR-BA-340,subnational2
"Santa Cruz do Capibaribe",BR-PE-144,subnational2
"Santa Cruz do Rio Pardo",BR-SP-522,subnational2
"Santa Ernestina",BR-SP-523,subnational2
"Santa Fé de Goiás",BR-GO-202,subnational2
"Rubinéia",BR-SP-502,subnational2
"Santa Fé do Sul",BR-SP-524,subnational2
"Santa Helena de Goiás",BR-GO-203,subnational2
"Santa Helena",BR-SC-231,subnational2
"Santa Isabel",BR-GO-204,subnational2
"Santa Leopoldina",BR-ES-062,subnational2
"Santa Luzia do Norte",BR-AL-085,subnational2
"Santa Luzia",BR-MG-675,subnational2
"Santa Luzia",BR-PB-170,subnational2
"Santa Lúcia",BR-SP-527,subnational2
"Santa Margarida",BR-MG-676,subnational2
"Santa Maria da Serra",BR-SP-528,subnational2
"Santa Maria do Oeste",BR-PR-330,subnational2
"Santa Quitéria do Maranhão",BR-MA-166,subnational2
"Santa Rita de Caldas",BR-MG-680,subnational2
"Santa Rita de Ibitipoca",BR-MG-681,subnational2
"Santana do Garambéu",BR-MG-692,subnational2
"Santa Rita de Jacutinga",BR-MG-682,subnational2
"Santa Rita do Sapucaí",BR-MG-685,subnational2
"Santa Rosa de Lima",BR-SC-232,subnational2
"Taquaral de Goiás",BR-GO-228,subnational2
"Santa Rosa de Goiás",BR-GO-207,subnational2
"Santa Rosa",BR-RS-371,subnational2
"Santa Tereza de Goiás",BR-GO-208,subnational2
"Santana do Cariri",BR-CE-160,subnational2
"Santana do Mundaú",BR-AL-087,subnational2
"Santana dos Montes",BR-MG-697,subnational2
"Santiago",BR-RS-375,subnational2
"Santo Amaro das Brotas",BR-SE-065,subnational2
"Santo Antônio do Jardim",BR-SP-541,subnational2
"Santo Antônio do Amparo",BR-MG-698,subnational2
"Santo Antônio da Platina",BR-PR-336,subnational2
"Santo Antônio de Posse",BR-SP-539,subnational2
"Santo Antônio do Aventureiro",BR-MG-699,subnational2
"Santo Antônio do Descoberto",BR-GO-212,subnational2
"Santo Antônio do Sudoeste",BR-PR-339,subnational2
"Ribeirão Corrente",BR-SP-485,subnational2
"Itaporanga d'Ajuda",BR-SE-030,subnational2
"Sapezal",BR-MT-126,subnational2
"Sapopema",BR-PR-361,subnational2
"Sarapuí",BR-SP-573,subnational2
"Sarutaiá",BR-SP-574,subnational2
"Sarzedo",BR-MG-770,subnational2
"Satuba",BR-AL-095,subnational2
"Schroeder",BR-SC-260,subnational2
"Seara",BR-SC-261,subnational2
"Selvíria",BR-MS-071,subnational2
"Coxilha",BR-RS-121,subnational2
"Caseiros",BR-RS-094,subnational2
"Senador Amaral",BR-MG-772,subnational2
"Sengés",BR-PR-364,subnational2
"Senhora de Oliveira",BR-MG-777,subnational2
"Sentinela do Sul",BR-RS-429,subnational2
"Seropédica",BR-RJ-082,subnational2
"Serra Azul",BR-SP-576,subnational2
"Serra Redonda",BR-PB-203,subnational2
"Morro Cabeça no Tempo",BR-PI-133,subnational2
"Passira",BR-PE-121,subnational2
"Serra da Saudade",BR-MG-783,subnational2
"Miracema",BR-RJ-045,subnational2
"Traipu",BR-AL-100,subnational2
"Antônio Gonçalves",BR-BA-020,subnational2
"São João del Rei",BR-MG-731,subnational2
"Córrego Novo",BR-MG-221,subnational2
"Serra do Mel",BR-RN-145,subnational2
"Serra do Navio",BR-AP-014,subnational2
"Glória",BR-BA-139,subnational2
"Sumidouro",BR-RJ-084,subnational2
"Serrana",BR-SP-578,subnational2
"Siderópolis",BR-SC-263,subnational2
"Silveiras",BR-SP-582,subnational2
"Silves",BR-AM-055,subnational2
"Silvianópolis",BR-MG-793,subnational2
"Sinop",BR-MT-128,subnational2
"Casa Nova",BR-BA-089,subnational2
"Sobral",BR-CE-167,subnational2
"Solidão",BR-PE-163,subnational2
"Sombrio",BR-SC-264,subnational2
"Votorantim",BR-SP-643,subnational2
"Sumaré",BR-SP-586,subnational2
"São Benedito do Rio Preto",BR-MA-171,subnational2
"São Benedito do Sul",BR-PE-149,subnational2
"São Bento do Una",BR-PE-150,subnational2
"São Borja",BR-RS-384,subnational2
"São Caetano de Odivelas",BR-PA-117,subnational2
"São Caetano do Sul",BR-SP-548,subnational2
"São Cristóvão do Sul",BR-SC-242,subnational2
"São Desidério",BR-BA-352,subnational2
"São Francisco de Assis",BR-RS-386,subnational2
"São Francisco de Goiás",BR-GO-214,subnational2
"Cidelândia",BR-MA-058,subnational2
"São Félix do Xingu",BR-PA-120,subnational2
"São Gabriel do Oeste",BR-MS-070,subnational2
"São Gabriel",BR-RS-388,subnational2
"São Gonçalo do Abaeté",BR-MG-720,subnational2
"São Gonçalo do Gurguéia",BR-PI-188,subnational2
"São Gonçalo do Rio Abaixo",BR-MG-722,subnational2
"São Gotardo",BR-MG-725,subnational2
"São Joaquim",BR-SC-249,subnational2
"São Jorge d'Oeste",BR-PR-347,subnational2
"São José da Barra",BR-MG-740,subnational2
"São José da Laje",BR-AL-089,subnational2
"São José da Lapa",BR-MG-741,subnational2
"São José de Ubá",BR-RJ-076,subnational2
"São José do Rio Pardo",BR-SP-558,subnational2
"São José",BR-SC-250,subnational2
"São João d'Aliança",BR-GO-215,subnational2
"São João da Boa Vista",BR-SP-551,subnational2
"São João da Lagoa",BR-MG-727,subnational2
"São João de Meriti",BR-RJ-075,subnational2
"São João do Sul",BR-SC-248,subnational2
"São Leopoldo",BR-RS-401,subnational2
"São Lourenço do Oeste",BR-SC-253,subnational2
"São Lourenço do Sul",BR-RS-402,subnational2
"São Luís",BR-MA-186,subnational2
"São Luís de Montes Belos",BR-GO-217,subnational2
"São Mateus do Sul",BR-PR-354,subnational2
"São Miguel das Missões",BR-RS-407,subnational2
"São Miguel do Gostoso",BR-RN-135,subnational2
"São Miguel do Guaporé",BR-RO-045,subnational2
"Vianópolis",BR-GO-242,subnational2
"São Miguel do Passa Quatro",BR-GO-220,subnational2
"São Pedro do Ivaí",BR-PR-357,subnational2
"São Pedro",BR-SP-566,subnational2
"Águas de São Pedro",BR-SP-007,subnational2
"São Raimundo Nonato",BR-PI-206,subnational2
"São Sebastião",BR-AL-094,subnational2
"São Sebastião da Grama",BR-SP-570,subnational2
"São Sebastião do Paraíso",BR-MG-761,subnational2
"São Sebastião do Rio Verde",BR-MG-763,subnational2
"São Tomé das Letras",BR-MG-766,subnational2
"São Tomé",BR-PR-360,subnational2
"Sério",BR-RS-431,subnational2
"Quitandinha",BR-PR-296,subnational2
"Tabatinga",BR-SP-590,subnational2
"Taboão da Serra",BR-SP-591,subnational2
"Antonina do Norte",BR-CE-010,subnational2
"Taguatinga",BR-TO-131,subnational2
"Taguaí",BR-SP-593,subnational2
"Taiaçu",BR-SP-594,subnational2
"Taiúva",BR-SP-595,subnational2
"Tanabi",BR-SP-597,subnational2
"Tangará da Serra",BR-MT-131,subnational2
"Tanhaçu",BR-BA-383,subnational2
"Tapejara",BR-PR-372,subnational2
"Tapera",BR-RS-442,subnational2
"Tapira",BR-PR-373,subnational2
"Taquaral",BR-SP-600,subnational2
"Taquaraçu de Minas",BR-MG-803,subnational2
"Taquari",BR-RS-445,subnational2
"Taquaritinga",BR-SP-601,subnational2
"Taquarituba",BR-SP-602,subnational2
"Taquarivaí",BR-SP-603,subnational2
"Taquarussu",BR-MS-076,subnational2
"Tarauacá",BR-AC-021,subnational2
"Tartarugalzinho",BR-AP-015,subnational2
"Tatuí",BR-SP-606,subnational2
"Tavares",BR-PB-214,subnational2
"Teixeiras",BR-MG-805,subnational2
"Terenos",BR-MS-077,subnational2
"Teresina",BR-PI-216,subnational2
"Terezópolis de Goiás",BR-GO-230,subnational2
"Três Arroios",BR-RS-457,subnational2
"Governador Jorge Teixeira",BR-RO-020,subnational2
"Chopinzinho",BR-PR-076,subnational2
"Tenente Portela",BR-RS-448,subnational2
"Terra Nova do Norte",BR-MT-133,subnational2
"Terra Roxa",BR-SP-610,subnational2
"Terra Santa",BR-PA-133,subnational2
"Tietê",BR-SP-611,subnational2
"Tijucas do Sul",BR-PR-380,subnational2
"Tijucas",BR-SC-269,subnational2
"Timburi",BR-SP-612,subnational2
"Timbé do Sul",BR-SC-270,subnational2
"Tiradentes",BR-MG-808,subnational2
"Tocos do Moji",BR-MG-811,subnational2
"Toledo",BR-MG-812,subnational2
"Tombos",BR-MG-813,subnational2
"Tonantins",BR-AM-059,subnational2
"Torixoréu",BR-MT-135,subnational2
"Torrinha",BR-SP-614,subnational2
"Travesseiro",BR-RS-456,subnational2
"Cachoeira do Arari",BR-PA-030,subnational2
"Três Rios",BR-RJ-088,subnational2
"Treviso",BR-SC-274,subnational2
"Treze de Maio",BR-SC-275,subnational2
"Rosário da Limeira",BR-MG-656,subnational2
"Trindade",BR-GO-232,subnational2
"Triunfo",BR-PE-176,subnational2
"Porto Mauá",BR-RS-330,subnational2
"Três Cachoeiras",BR-RS-458,subnational2
"Três Corações",BR-MG-814,subnational2
"Três Coroas",BR-RS-459,subnational2
"Três Forquilhas",BR-RS-461,subnational2
"Três Fronteiras",BR-SP-617,subnational2
"Três Lagoas",BR-MS-078,subnational2
"Três Pontas",BR-MG-816,subnational2
"Tucuruí",BR-PA-138,subnational2
"Tuiuti",BR-SP-618,subnational2
"Turilândia",BR-MA-209,subnational2
"Turmalina",BR-SP-622,subnational2
"Tutóia",BR-MA-210,subnational2
"Saudade do Iguaçu",BR-PR-363,subnational2
"Ulianópolis",BR-PA-139,subnational2
"Umuarama",BR-PR-389,subnational2
"Unistalda",BR-RS-475,subnational2
"União do Sul",BR-MT-136,subnational2
"Uruana de Minas",BR-MG-829,subnational2
"Uruaçu",BR-GO-237,subnational2
"Urucânia",BR-MG-830,subnational2
"Urupema",BR-SC-283,subnational2
"Urussanga",BR-SC-284,subnational2
"Unaí",BR-MG-827,subnational2
"Utinga",BR-BA-404,subnational2
"Vale Real",BR-RS-479,subnational2
"Valparaíso de Goiás",BR-GO-240,subnational2
"Valparaíso",BR-SP-633,subnational2
"Vargem Alegre",BR-MG-832,subnational2
"Vargem Grande Paulista",BR-SP-636,subnational2
"Vargem Grande do Sul",BR-SP-635,subnational2
"Vargem",BR-SP-634,subnational2
"Varjota",BR-CE-182,subnational2
"Vassouras",BR-RJ-091,subnational2
"Venda Nova do Imigrante",BR-ES-073,subnational2
"Vera Cruz",BR-SP-638,subnational2
"Vespasiano Corrêa",BR-RS-485,subnational2
"Vila Nova do Sul",BR-RS-493,subnational2
"Vila Propício",BR-GO-245,subnational2
"Vinhedo",BR-SP-639,subnational2
"Vitória da Conquista",BR-BA-413,subnational2
"Vitória de Santo Antão",BR-PE-184,subnational2
"Viçosa",BR-AL-102,subnational2
"Viçosa do Ceará",BR-CE-184,subnational2
"Xangri-lá",BR-RS-499,subnational2
"Feliz Natal",BR-MT-043,subnational2
"Xinguara",BR-PA-144,subnational2
"Água Azul do Norte",BR-PA-005,subnational2
"Água Fria de Goiás",BR-GO-004,subnational2
"Água Preta",BR-PE-005,subnational2
"Águas Lindas de Goiás",BR-GO-006,subnational2
"Águas de Chapecó",BR-SC-006,subnational2
"Álvares Florence",BR-SP-015,subnational2
"British Indian Ocean Territory, British Indian Ocean Territory",IO-,subnational1
"Belait",BN-BE,subnational1
"Brunei-Muara",BN-BM,subnational1
"Temburong",BN-TE,subnational1
"Sofia-Grad",BG-22,subnational1
"Burgas",BG-02,subnational1
"Gabrovo",BG-07,subnational1
"Plovdiv",BG-16,subnational1
"Sofia",BG-23,subnational1
"Pazardzhik",BG-13,subnational1
"Blagoevgrad",BG-01,subnational1
"Silistra",BG-19,subnational1
"Haskovo",BG-26,subnational1
"Kardzhali",BG-09,subnational1
"Varna",BG-03,subnational1
"Lovech",BG-11,subnational1
"Yambol",BG-28,subnational1
"Dobrich",BG-08,subnational1
"Razgrad",BG-17,subnational1
"Veliko Tarnovo",BG-04,subnational1
"Montana",BG-12,subnational1
"Ruse",BG-18,subnational1
"Kyustendil",BG-10,subnational1
"Pleven",BG-15,subnational1
"Vidin",BG-05,subnational1
"Smolyan",BG-21,subnational1
"Stara Zagora",BG-24,subnational1
"Pernik",BG-14,subnational1
"Vratsa",BG-06,subnational1
"Shumen",BG-27,subnational1
"Targovishte",BG-25,subnational1
"Sliven",BG-20,subnational1
"Nahouri",BF-NAO,subnational1
"Kadiogo",BF-KAD,subnational1
"Boulgou",BF-BLG,subnational1
"Bujumbura",BI-BJ,subnational1
"Bubanza",BI-BB,subnational1
"Muramvya",BI-MU,subnational1
"Kirundo",BI-KI,subnational1
"Rutana",BI-RT,subnational1
"Muyinga",BI-MY,subnational1
"Kândal",KH-8,subnational1
"Krong Kêb",KH-23,subnational1
"Bântéay Méanchey",KH-1,subnational1
"Phnum Pénh",KH-12,subnational1
"Siemréab",KH-17,subnational1
"Kâmpôt",KH-7,subnational1
"Pousaat",KH-15,subnational1
"Kâmpóng Thum",KH-6,subnational1
"Batdâmbâng",KH-2,subnational1
"Rôtânôkiri",KH-16,subnational1
"Krong Preah Sihanouk",KH-18,subnational1
"Takêv",KH-21,subnational1
"Prey Vêng",KH-14,subnational1
"Kaôh Kong",KH-9,subnational1
"Kâmpóng Cham",KH-3,subnational1
"Kâmpóng Spœ",KH-5,subnational1
"Preah Vihéar",KH-13,subnational1
"Môndól Kiri",KH-11,subnational1
"Krâchéh",KH-10,subnational1
"Stueng Traeng [Stœng Trêng]",KH-19,subnational1
"Krong Pailin",KH-24,subnational1
"Kâmpóng Chhnang",KH-4,subnational1
"Centre",CM-CE,subnational1
"North-West",CM-NW,subnational1
"West",CM-OU,subnational1
"South-West",CM-SW,subnational1
"North",CM-NO,subnational1
"East",CM-ES,subnational1
"South",CM-SU,subnational1
"Adamaoua",CM-AD,subnational1
"Littoral",CM-LT,subnational1
"Far North",CM-EN,subnational1
"Kitimat-Stikine",CA-BC-KS,subnational2
"East Kootenay",CA-BC-EK,subnational2
"Cariboo",CA-BC-CR,subnational2
"Wellington",CA-ON-WL,subnational2
"Laval",CA-QC-LV,subnational2
"Lethbridge",CA-AB-TW,subnational2
"York",CA-ON-YO,subnational2
"Yukon",CA-YT-YT,subnational2
"Calgary",CA-AB-SI,subnational2
"Dufferin",CA-ON-DF,subnational2
"Kootenay Boundary",CA-BC-KB,subnational2
"Norfolk",CA-ON-NF,subnational2
"Central Newfoundland-Grand Falls-Windsor",CA-NL-SI,subnational2
"Moose Jaw",CA-SK-SE,subnational2
"Capital",CA-BC-CP,subnational2
"Camrose-Lloydminister",CA-AB-TE,subnational2
"Peace River",CA-BC-PC,subnational2
"Saskatoon",CA-SK-EL,subnational2
"Thompson-Nicola",CA-BC-TN,subnational2
"Medicine Hat",CA-AB-ON,subnational2
"Athabasca",CA-AB-TN,subnational2
"Alberni-Clayoquot",CA-BC-AC,subnational2
"Edmonton",CA-AB-EL,subnational2
"Halton",CA-ON-HT,subnational2
"Nanaimo",CA-BC-NA,subnational2
"Grande Prairie",CA-AB-NT,subnational2
"Swift Current",CA-SK-EI,subnational2
"Hants",CA-NS-HN,subnational2
"Lambton",CA-ON-LM,subnational2
"Kenora",CA-ON-KR,subnational2
"Fraser Valley",CA-BC-FV,subnational2
"Prince Albert",CA-SK-FN,subnational2
"Keewatin",CA-NU-KV,subnational2
"Cochrane",CA-ON-CO,subnational2
"Peel",CA-ON-PL,subnational2
"Rocky Mountain House",CA-AB-NI,subnational2
"Halifax",CA-NS-HL,subnational2
"Yarmouth",CA-NS-YA,subnational2
"Digby",CA-NS-DI,subnational2
"Hanna",CA-AB-FO,subnational2
"Bellechasse",CA-QC-BL,subnational2
"Skeena-Queen Charlotte",CA-BC-SQ,subnational2
"Toronto",CA-ON-TO,subnational2
"Simcoe",CA-ON-SC,subnational2
"Comox-Strathcona",CA-BC-CX,subnational2
"Columbia-Shuswap",CA-BC-CS,subnational2
"Bruce",CA-ON-BC,subnational2
"Algoma",CA-ON-AL,subnational2
"Metro Vancouver",CA-BC-GV,subnational2
"Middlesex",CA-ON-MI,subnational2
"Bonavista/Trinity-Clarenville",CA-NL-SE,subnational2
"Lennox and Addington",CA-ON-LA,subnational2
"Prince Edward",CA-ON-PE,subnational2
"Cowichan Valley",CA-BC-CV,subnational2
"Cumberland",CA-NS-CU,subnational2
"Queens",CA-PE-QU,subnational2
"Eastern Manitoba - Eastman",CA-MB-ON,subnational2
"Rainy River",CA-ON-RR,subnational2
"Parry Sound",CA-ON-PS,subnational2
"Inverness",CA-NS-IN,subnational2
"Central Kootenay",CA-BC-CK,subnational2
"Rimouski-Neigette",CA-QC-RM,subnational2
"Saguenay",CA-QC-SAG,subnational2
"Jamésie",CA-QC-JAM,subnational2
"Rouyn-Noranda",CA-QC-RN,subnational2
"Québec",CA-QC-QU,subnational2
"Memphrémagog",CA-QC-MG,subnational2
"Trois-Rivières",CA-QC-FR,subnational2
"Durham",CA-ON-DR,subnational2
"Labrador-Happy Valley-Goose Bay",CA-NL-TE,subnational2
"Baffin",CA-NU-QK,subnational2
"Inuvik",CA-NT-IN,subnational2
"Sudbury",CA-ON-SB,subnational2
"Kativik",CA-QC-NQ,subnational2
"Estevan",CA-SK-ON,subnational2
"Northern Rockies",CA-BC-NR,subnational2
"Stikine",CA-BC-ST,subnational2
"Thunder Bay",CA-ON-TB,subnational2
"Waterloo",CA-ON-WT,subnational2
"Albert",CA-NB-AL,subnational2
"Essex",CA-ON-ES,subnational2
"Mount Waddington",CA-BC-MW,subnational2
"Northumberland",CA-ON-NU,subnational2
"Nipissing",CA-ON-NP,subnational2
"Renfrew",CA-ON-RE,subnational2
"Fort Smith",CA-NT-FS,subnational2
"Stormont, Dundas and Glengarry",CA-ON-SD,subnational2
"Fraser-Fort George",CA-BC-FF,subnational2
"Prescott and Russell",CA-ON-PR,subnational2
"Haliburton",CA-ON-HB,subnational2
"Squamish-Lillooet",CA-BC-SL,subnational2
"Red Deer",CA-AB-EI,subnational2
"Drumheller",CA-AB-FI,subnational2
"Grey",CA-ON-GR,subnational2
"Okanagan-Similkameen",CA-BC-OS,subnational2
"Lanark",CA-ON-LN,subnational2
"Kawartha Lakes",CA-ON-VI,subnational2
"Hamilton",CA-ON-HA,subnational2
"Sunshine Coast",CA-BC-SC,subnational2
"Frontenac",CA-ON-FR,subnational2
"Churchill and Northern Manitoba",CA-MB-EE,subnational2
"Manicouagan",CA-QC-MN,subnational2
"La Vallée-du-Richelieu",CA-QC-VR,subnational2
"Vaudreuil-Soulanges",CA-QC-VS,subnational2
"La Haute-Côte-Nord",CA-QC-HC,subnational2
"Kings",CA-NS-KI,subnational2
"Annapolis",CA-NS-AP,subnational2
"Westmorland",CA-NB-WE,subnational2
"Beausejour Area",CA-MB-TV,subnational2
"Lévis",CA-QC-DE,subnational2
"Les Basques",CA-QC-BA,subnational2
"La Haute-Gaspésie",CA-QC-DR,subnational2
"La Côte-de-Gaspé",CA-QC-CG,subnational2
"Les Îles-de-la-Madeleine",CA-QC-IM,subnational2
"La Mitis",CA-QC-MI,subnational2
"Le Fjord-du-Saguenay",CA-QC-FS,subnational2
"Minganie",CA-QC-MB,subnational2
"Le Rocher-Percé",CA-QC-PB,subnational2
"Montmagny",CA-QC-MM,subnational2
"L'Islet",CA-QC-IS,subnational2
"Le Golfe-du-Saint-Laurent",CA-QC-GSL,subnational2
"Charlevoix",CA-QC-CV,subnational2
"Charlevoix-Est",CA-QC-CE,subnational2
"L'Île-d'Orléans",CA-QC-IO,subnational2
"Ottawa",CA-ON-OT,subnational2
"Antigonish",CA-NS-AG,subnational2
"Brant",CA-ON-BN,subnational2
"Peterborough",CA-ON-PB,subnational2
"Nicolet-Yamaska",CA-QC-NY,subnational2
"Montréal",CA-QC-MR,subnational2
"Deux-Montagnes",CA-QC-DM,subnational2
"Beauce-Sartigan",CA-QC-BS,subnational2
"Abitibi",CA-QC-AB,subnational2
"Lac-Saint-Jean-Est",CA-QC-LS,subnational2
"Longueuil",CA-QC-CP,subnational2
"Elgin",CA-ON-EL,subnational2
"Battleford",CA-SK-TV,subnational2
"St. Paul",CA-AB-TV,subnational2
"Burin Peninsula-Marystown",CA-NL-TW,subnational2
"Avalon Peninsula-St. John's",CA-NL-ON,subnational2
"Stettler",CA-AB-SE,subnational2
"Regina",CA-SK-SI,subnational2
"North Okanagan",CA-BC-NO,subnational2
"Muskoka",CA-ON-MU,subnational2
"Central Okanagan",CA-BC-CO,subnational2
"Prince",CA-PE-PR,subnational2
"Central Coast",CA-BC-CC,subnational2
"Roblin - Russell - Rossburn Area",CA-MB-ST,subnational2
"Lunenburg",CA-NS-LU,subnational2
"Victoria",CA-NS-VI,subnational2
"Assiniboia",CA-SK-TR,subnational2
"Restigouche",CA-NB-RE,subnational2
"North East Northern Region",CA-MB-NT,subnational2
"Slave Lake",CA-AB-SN,subnational2
"Nunatsiavut-Nain",CA-NL-EL,subnational2
"Kindersley",CA-SK-TN,subnational2
"Huron",CA-ON-HU,subnational2
"Guysborough",CA-NS-GU,subnational2
"Bécancour",CA-QC-BC,subnational2
"Oxford",CA-ON-OX,subnational2
"Niagara",CA-ON-NG,subnational2
"Weyburn",CA-SK-TW,subnational2
"Hastings",CA-ON-HS,subnational2
"La Tuque",CA-QC-HM,subnational2
"Les Moulins",CA-QC-MU,subnational2
"Beauharnois-Salaberry",CA-QC-BH,subnational2
"Sept-Rivières",CA-QC-SR,subnational2
"Caniapiscau",CA-QC-CAN,subnational2
"Gatineau",CA-QC-OU,subnational2
"Mirabel",CA-QC-ML,subnational2
"Bonaventure",CA-QC-BO,subnational2
"Bulkley-Nechako",CA-BC-BN,subnational2
"Shelburne",CA-NS-SH,subnational2
"Charlotte",CA-NB-CH,subnational2
"Les Collines-de-l'Outaouais",CA-QC-CO,subnational2
"Le Granit",CA-QC-GR,subnational2
"Le Domaine-du-Roy",CA-QC-DD,subnational2
"La Vallée-de-la-Gatineau",CA-QC-VG,subnational2
"Le Val-Saint-François",CA-QC-VF,subnational2
"La Matanie",CA-QC-MT,subnational2
"Argenteuil",CA-QC-AG,subnational2
"Rivière-du-Loup",CA-QC-RL,subnational2
"Avignon",CA-QC-AV,subnational2
"Madawaska",CA-NB-MA,subnational2
"Flin Flon and North West",CA-MB-TO,subnational2
"Queens",CA-NB-QU,subnational2
"Cape Breton",CA-NS-CB,subnational2
"Colchester",CA-NS-CO,subnational2
"Banff",CA-AB-FN,subnational2
"Chatham-Kent",CA-ON-KT,subnational2
"St. George's-Stephenville",CA-NL-FO,subnational2
"Le Haut-Saint-François",CA-QC-HF,subnational2
"Sherbrooke",CA-QC-SH,subnational2
"Les Appalaches",CA-QC-APP,subnational2
"Kamouraska",CA-QC-KA,subnational2
"Drummond",CA-QC-DU,subnational2
"Témiscamingue",CA-QC-TM,subnational2
"Le Haut-Saint-Laurent",CA-QC-HL,subnational2
"Témiscouata",CA-QC-TT,subnational2
"Les Maskoutains",CA-QC-MK,subnational2
"Manitoulin",CA-ON-MA,subnational2
"Melfort",CA-SK-FT,subnational2
"Kings",CA-PE-KI,subnational2
"Les Laurentides",CA-QC-LL,subnational2
"Le Haut-Richelieu",CA-QC-HR,subnational2
"Kitikmeot",CA-NU-KT,subnational2
"Gloucester",CA-NB-GL,subnational2
"Melville",CA-SK-FI,subnational2
"Richmond",CA-NS-RI,subnational2
"Maple Creek",CA-SK-FO,subnational2
"South Coast-Channel-Port aux Basques",CA-NL-TR,subnational2
"Northumberland",CA-NB-NO,subnational2
"Notre Dame Bay-Lewisporte",CA-NL-EI,subnational2
"Humber District-Corner Brook",CA-NL-FI,subnational2
"Kings",CA-NB-KI,subnational2
"Queens",CA-NS-QU,subnational2
"Edson",CA-AB-FT,subnational2
"Whitehorse Plains",CA-MB-TE,subnational2
"Fort MacLeod",CA-AB-TR,subnational2
"Pictou",CA-NS-PI,subnational2
"Carleton",CA-NB-CA,subnational2
"Northern Peninsula-St. Anthony",CA-NL-NI,subnational2
"Lotbinière",CA-QC-LO,subnational2
"Matawinie",CA-QC-MW,subnational2
"Winnipeg",CA-MB-EL,subnational2
"La Haute-Yamaska",CA-QC-HY,subnational2
"La Ronge",CA-SK-ET,subnational2
"Wynyard",CA-SK-TE,subnational2
"Timiskaming",CA-ON-TI,subnational2
"Perth",CA-ON-PT,subnational2
"Saint John",CA-NB-SJ,subnational2
"Victoria",CA-NB-VI,subnational2
"Leeds and Grenville",CA-ON-LG,subnational2
"Steinbach Area",CA-MB-TW,subnational2
"Arthabaska",CA-QC-AT,subnational2
"Thérèse-De Blainville",CA-QC-TB,subnational2
"South West Westman",CA-MB-FI,subnational2
"Joliette",CA-QC-JO,subnational2
"Antoine-Labelle",CA-QC-AL,subnational2
"D'Autray",CA-QC-DA,subnational2
"La Vallée-de-l'Or",CA-QC-VO,subnational2
"Pierre-De Saurel",CA-QC-BR,subnational2
"L'Assomption",CA-QC-AN,subnational2
"Maria-Chapdelaine",CA-QC-MC,subnational2
"Kent",CA-NB-KE,subnational2
"North Battleford",CA-SK-ST,subnational2
"Brandon Area",CA-MB-SE,subnational2
"Yorkton",CA-SK-NI,subnational2
"Powell River",CA-BC-PW,subnational2
"Lloydminster",CA-SK-SN,subnational2
"Selkirk Area",CA-MB-TN,subnational2
"Haldimand",CA-ON-HD,subnational2
"North Interlake Area",CA-MB-ET,subnational2
"Portneuf",CA-QC-PR,subnational2
"Acton",CA-QC-AC,subnational2
"Rouville",CA-QC-RV,subnational2
"La Jacques-Cartier",CA-QC-JC,subnational2
"Coaticook",CA-QC-CT,subnational2
"Les Sources",CA-QC-AS,subnational2
"La Côte-de-Beaupré",CA-QC-CB,subnational2
"York",CA-NB-YO,subnational2
"Les Pays-d'en-Haut",CA-QC-PH,subnational2
"Pembina Valley",CA-MB-TR,subnational2
"Greater Sudbury",CA-ON-SU,subnational2
"Brome-Missisquoi",CA-QC-BM,subnational2
"La Rivière-du-Nord",CA-QC-RD,subnational2
"Papineau",CA-QC-PP,subnational2
"Roussillon",CA-QC-RS,subnational2
"Pontiac",CA-QC-PN,subnational2
"Fort McMurray",CA-AB-ST,subnational2
"Maskinongé",CA-QC-MS,subnational2
"La Matapédia",CA-QC-MP,subnational2
"Marguerite-D'Youville",CA-QC-LJ,subnational2
"Abitibi-Ouest",CA-QC-AO,subnational2
"Portage la Prairie Area",CA-MB-NI,subnational2
"La Nouvelle-Beauce",CA-QC-NB,subnational2
"Beauce-Centre",CA-QC-RC,subnational2
"Swan River",CA-MB-TT,subnational2
"Western Manitoba Westman",CA-MB-FN,subnational2
"Grande Cache",CA-AB-ET,subnational2
"Sunbury",CA-NB-SU,subnational2
"Les Chenaux",CA-QC-LCH,subnational2
"Montcalm",CA-QC-MO,subnational2
"Les Jardins-de-Napierville",CA-QC-JN,subnational2
"Mékinac",CA-QC-ME,subnational2
"Les Etchemins",CA-QC-ET,subnational2
"Pilot Mound Area",CA-MB-FO,subnational2
"L'Érable",CA-QC-ER,subnational2
"Shawinigan",CA-QC-CM,subnational2
"South Interlake",CA-MB-FT,subnational2
"Dauphin",CA-MB-SN,subnational2
"Thompson and North Central",CA-MB-TY,subnational2
"Virden Area",CA-MB-SI,subnational2
"Ilhas de Sotavento",CV-S,subnational1
"Ilhas de Barlavento",CV-B,subnational1
"Bonaire",BQ-BO,subnational1
"Saba",BQ-SA,subnational1
"Sint Eustatius",BQ-SE,subnational1
"Bodden Town",KY-BT,subnational1
"West Bay",KY-WB,subnational1
"George Town",KY-GT,subnational1
"Cayman Brac",KY-CB,subnational1
"Little Cayman",KY-SO,subnational1
"North Side",KY-NS,subnational1
"East End",KY-EE,subnational1
"Bangui",CF-BGF,subnational1
"Mambéré-Kadéï",CF-HS,subnational1
"Ombella-Mpoko",CF-MP,subnational1
"Ouaka",CF-UK,subnational1
"Sangha-Mbaéré",CF-SE,subnational1
"Nana-Mambéré",CF-NM,subnational1
"Basse-Kotto",CF-BK,subnational1
"Ndjamena",TD-ND,subnational1
"Guéra",TD-GR,subnational1
"Providencia",CL-RM-PRO,subnational2
"Viña del Mar",CL-VS-VIN,subnational2
"Talagante",CL-RM-TAL,subnational2
"Puchuncaví",CL-VS-PUC,subnational2
"Puerto Montt",CL-LL-OMO,subnational2
"Diego de Almagro",CL-AT-DIE,subnational2
"Futrono",CL-LR-FUT,subnational2
"Canela",CL-CO-CAN,subnational2
"La Pintana",CL-RM-LAP,subnational2
"Huara",CL-TA-HUA,subnational2
"Quinchao",CL-LL-QNC,subnational2
"Linares",CL-ML-LIN,subnational2
"Antofagasta",CL-AN-ANT,subnational2
"Pudahuel",CL-RM-PUD,subnational2
"Talcahuano",CL-BI-TAL,subnational2
"Arica",CL-AP-ARI,subnational2
"Iquique",CL-TA-IQU,subnational2
"Calama",CL-AN-CAL,subnational2
"Freire",CL-AR-FRE,subnational2
"Isla de Pascua",CL-VS-ISL,subnational2
"Punta Arenas",CL-MA-PUN,subnational2
"Illapel",CL-CO-ILL,subnational2
"Coyhaique",CL-AI-COY,subnational2
"Chillán",CL-NB-CLL,subnational2
"Osorno",CL-LL-OSO,subnational2
"Caldera",CL-AT-CAL,subnational2
"Puerto Varas",CL-LL-OVA,subnational2
"La Serena",CL-CO-LAS,subnational2
"Valdivia",CL-LR-VAL,subnational2
"Dalcahue",CL-LL-DAL,subnational2
"Mariquina",CL-LR-MAR,subnational2
"Cisnes",CL-AI-CIS,subnational2
"Ancud",CL-LL-ANC,subnational2
"Natales",CL-MA-NAT,subnational2
"Tirúa",CL-BI-TIR,subnational2
"Chaitén",CL-LL-CHA,subnational2
"Rancagua",CL-LI-RAN,subnational2
"Camarones",CL-AP-CAM,subnational2
"Villarrica",CL-AR-VLA,subnational2
"Pucón",CL-AR-PUC,subnational2
"Penco",CL-BI-PEN,subnational2
"San Fernando",CL-LI-FER,subnational2
"Taltal",CL-AN-TAL,subnational2
"Freirina",CL-AT-FRE,subnational2
"Vallenar",CL-AT-VAL,subnational2
"Huasco",CL-AT-HUA,subnational2
"Pinto",CL-NB-PIN,subnational2
"Queilén",CL-LL-QIL,subnational2
"Paihuano",CL-CO-PAI,subnational2
"Ollagüe",CL-AN-OLL,subnational2
"Puqueldón",CL-LL-PUQ,subnational2
"La Reina",CL-RM-LAR,subnational2
"Algarrobo",CL-VS-ALG,subnational2
"Alhué",CL-RM-ALH,subnational2
"Cabildo",CL-VS-CAB,subnational2
"Molina",CL-ML-MOL,subnational2
"Salamanca",CL-CO-SAL,subnational2
"Melipeuco",CL-AR-MEL,subnational2
"Alto Biobío",CL-BI-ALT,subnational2
"Alto Hospicio",CL-TA-ALT,subnational2
"Buin",CL-RM-BUI,subnational2
"Las Condes",CL-RM-LAS,subnational2
"San Pedro",CL-RM-PED,subnational2
"Los Muermos",CL-LL-MUE,subnational2
"La Florida",CL-RM-LAF,subnational2
"Putre",CL-AP-PUT,subnational2
"Coquimbo",CL-CO-COQ,subnational2
"Puente Alto",CL-RM-PUE,subnational2
"Alto del Carmen",CL-AT-ALT,subnational2
"Lo Barnechea",CL-RM-LOB,subnational2
"Quilpué",CL-VS-QLP,subnational2
"Graneros",CL-LI-GRA,subnational2
"Pica",CL-TA-PIC,subnational2
"Tierra Amarilla",CL-AT-TIE,subnational2
"Maullín",CL-LL-MAU,subnational2
"Loncoche",CL-AR-LCO,subnational2
"Colchane",CL-TA-COL,subnational2
"Vicuña",CL-CO-VIC,subnational2
"Angol",CL-AR-ANG,subnational2
"San Antonio",CL-VS-ANT,subnational2
"Antuco",CL-BI-ANT,subnational2
"Camiña",CL-TA-CAM,subnational2
"Vichuquén",CL-ML-VIC,subnational2
"Arauco",CL-BI-ARA,subnational2
"Pelluhue",CL-ML-PLU,subnational2
"Aysén",CL-AI-AYS,subnational2
"Torres del Paine",CL-MA-TOR,subnational2
"Castro",CL-LL-CAS,subnational2
"Quemchi",CL-LL-QMC,subnational2
"Quellón",CL-LL-QLL,subnational2
"Ñuñoa",CL-RM-NUN,subnational2
"Santiago",CL-RM-SAN,subnational2
"Peñalolén",CL-RM-PLO,subnational2
"Macul",CL-RM-MAC,subnational2
"Copiapó",CL-AT-COP,subnational2
"Porvenir",CL-MA-POR,subnational2
"San Gregorio",CL-MA-GRE,subnational2
"Primavera",CL-MA-PRI,subnational2
"Timaukel",CL-MA-TIM,subnational2
"Chile Chico",CL-AI-CLE,subnational2
"San Juan de la Costa",CL-LL-JUA,subnational2
"Cabo de Hornos",CL-MA-CAB,subnational2
"Mejillones",CL-AN-MEJ,subnational2
"Corral",CL-LR-COR,subnational2
"Los Vilos",CL-CO-VIL,subnational2
"Valparaíso",CL-VS-VAL,subnational2
"El Quisco",CL-VS-ELQ,subnational2
"Chañaral",CL-AT-CHA,subnational2
"Quilaco",CL-BI-QLA,subnational2
"Sierra Gorda",CL-AN-SIE,subnational2
"Hualañé",CL-ML-HUA,subnational2
"Curacautín",CL-AR-CAC,subnational2
"Pichilemu",CL-LI-PLE,subnational2
"Recoleta",CL-RM-REC,subnational2
"Guaitecas",CL-AI-GUA,subnational2
"Lonquimay",CL-AR-LQU,subnational2
"Lampa",CL-RM-LAM,subnational2
"Romeral",CL-ML-ROM,subnational2
"San José de Maipo",CL-RM-JOS,subnational2
"San Clemente",CL-ML-CLE,subnational2
"Villa Alemana",CL-VS-VIL,subnational2
"Treguaco",CL-NB-TRE,subnational2
"La Higuera",CL-CO-LAH,subnational2
"General Lagos",CL-AP-GEN,subnational2
"Chonchi",CL-LL-CHO,subnational2
"Quintero",CL-VS-QNT,subnational2
"Colina",CL-RM-COL,subnational2
"Cobquecura",CL-NB-COB,subnational2
"Curacaví",CL-RM-CUR,subnational2
"Concón",CL-VS-CON,subnational2
"Pencahue",CL-ML-PEN,subnational2
"Paredones",CL-LI-PAR,subnational2
"Contulmo",CL-BI-CTU,subnational2
"Cabrero",CL-BI-CAB,subnational2
"Zapallar",CL-VS-ZAP,subnational2
"Puerto Octay",CL-LL-OOC,subnational2
"Calbuco",CL-LL-CAL,subnational2
"Limache",CL-VS-LIM,subnational2
"Panguipulli",CL-LR-PAN,subnational2
"Calera de Tango",CL-RM-CAL,subnational2
"San Pedro de la Paz",CL-BI-PED,subnational2
"Tocopilla",CL-AN-TOC,subnational2
"Cochamó",CL-LL-COC,subnational2
"Hualpén",CL-BI-HPE,subnational2
"Río Negro",CL-LL-RIO,subnational2
"Lota",CL-BI-LOT,subnational2
"Hualaihué",CL-LL-HUA,subnational2
"Ovalle",CL-CO-OVA,subnational2
"Constitución",CL-ML-CON,subnational2
"Licantén",CL-ML-LIC,subnational2
"Tiltil",CL-RM-TIL,subnational2
"Calle Larga",CL-VS-CLA,subnational2
"Curepto",CL-ML-CEP,subnational2
"Paillaco",CL-LR-PAI,subnational2
"San Pedro de Atacama",CL-AN-PED,subnational2
"Maipú",CL-RM-MAI,subnational2
"Isla de Maipo",CL-RM-ISL,subnational2
"Padre Hurtado",CL-RM-PAD,subnational2
"Teno",CL-ML-TEN,subnational2
"Nancagua",CL-LI-NAN,subnational2
"Yerbas Buenas",CL-ML-YER,subnational2
"Río Ibáñez",CL-AI-RIO,subnational2
"Yungay",CL-NB-YUN,subnational2
"San Vicente",CL-LI-VIC,subnational2
"San Bernardo",CL-RM-BER,subnational2
"Palena",CL-LL-PAL,subnational2
"Curicó",CL-ML-CIC,subnational2
"Malloa",CL-LI-MAL,subnational2
"Olmué",CL-VS-OLM,subnational2
"San Esteban",CL-VS-EST,subnational2
"Temuco",CL-AR-TEM,subnational2
"Río Verde",CL-MA-RIO,subnational2
"Huechuraba",CL-RM-HUE,subnational2
"Tortel",CL-AI-TOR,subnational2
"Talca",CL-ML-TAL,subnational2
"Lo Prado",CL-RM-LOP,subnational2
"Requínoa",CL-LI-REQ,subnational2
"Concepción",CL-BI-CCE,subnational2
"Chiguayante",CL-BI-CGU,subnational2
"Lumaco",CL-AR-LUM,subnational2
"Carahue",CL-AR-CAR,subnational2
"Codegua",CL-LI-COD,subnational2
"Chimbarongo",CL-LI-CMB,subnational2
"Cartagena",CL-VS-CAR,subnational2
"Estación Central",CL-RM-EST,subnational2
"Pirque",CL-RM-PIR,subnational2
"Pozo Almonte",CL-TA-POZ,subnational2
"Frutillar",CL-LL-FRU,subnational2
"Catemu",CL-VS-CAT,subnational2
"Cauquenes",CL-ML-CAU,subnational2
"Lebu",CL-BI-LEB,subnational2
"Cañete",CL-BI-CAN,subnational2
"Paine",CL-RM-PAI,subnational2
"Lo Espejo",CL-RM-LOE,subnational2
"Llanquihue",CL-LL-LLA,subnational2
"Navidad",CL-LI-NAV,subnational2
"Quilleco",CL-BI-QEC,subnational2
"Machalí",CL-LI-MAC,subnational2
"Litueche",CL-LI-LIT,subnational2
"Quinta Normal",CL-RM-QNT,subnational2
"San Fabián",CL-NB-FAB,subnational2
"Quillota",CL-VS-QOT,subnational2
"Panquehue",CL-VS-PAN,subnational2
"Rengo",CL-LI-REN,subnational2
"Quilicura",CL-RM-QLI,subnational2
"Victoria",CL-AR-VIC,subnational2
"O'Higgins",CL-AI-OHI,subnational2
"Vitacura",CL-RM-VIT,subnational2
"El Monte",CL-RM-ELM,subnational2
"Renca",CL-RM-REN,subnational2
"Petorca",CL-VS-PET,subnational2
"Lago Ranco",CL-LR-RAN,subnational2
"Calera",CL-VS-CAL,subnational2
"Peñaflor",CL-RM-PFL,subnational2
"Futaleufú",CL-LL-FUT,subnational2
"Cerro Navia",CL-RM-CNA,subnational2
"Sagrada Familia",CL-ML-SAG,subnational2
"Los Andes",CL-VS-AND,subnational2
"Puyehue",CL-LL-PUY,subnational2
"Ninhue",CL-NB-NIN,subnational2
"Río Hurtado",CL-CO-RIO,subnational2
"Los Lagos",CL-LR-LAG,subnational2
"Monte Patria",CL-CO-MON,subnational2
"Coinco",CL-LI-COI,subnational2
"Coihueco",CL-NB-COI,subnational2
"Melipilla",CL-RM-MEL,subnational2
"Santa Cruz",CL-LI-CRU,subnational2
"María Pinto",CL-RM-MAR,subnational2
"Curaco de Vélez",CL-LL-CUR,subnational2
"Papudo",CL-VS-PAP,subnational2
"Tomé",CL-BI-TOM,subnational2
"Cochrane",CL-AI-COC,subnational2
"Coelemu",CL-NB-COE,subnational2
"Colbún",CL-ML-COL,subnational2
"San Miguel",CL-RM-MIG,subnational2
"Santo Domingo",CL-VS-SAN,subnational2
"Las Cabras",CL-LI-LAS,subnational2
"Saavedra",CL-AR-SAA,subnational2
"San Rosendo",CL-BI-ROS,subnational2
"Combarbalá",CL-CO-COM,subnational2
"El Tabo",CL-VS-ELT,subnational2
"Casablanca",CL-VS-CAS,subnational2
"Nogales",CL-VS-NOG,subnational2
"Purranque",CL-LL-PUR,subnational2
"Mostazal",CL-LI-MOS,subnational2
"Florida",CL-BI-FLO,subnational2
"Doñihue",CL-LI-DON,subnational2
"Región Metropolitana de Santiago",CL-RM,subnational1
"Llaillay",CL-VS-LLA,subnational2
"Rinconada",CL-VS-RIN,subnational2
"Chépica",CL-LI-CHE,subnational2
"Curarrehue",CL-AR-CUR,subnational2
"Cunco",CL-AR-CUN,subnational2
"Los Angeles",CL-BI-ANG,subnational2
"Maule",CL-ML-MAU,subnational2
"San Felipe",CL-VS-FEL,subnational2
"Quinta de Tilcoco",CL-LI-QNT,subnational2
"Palmilla",CL-LI-PAL,subnational2
"Parral",CL-ML-PAR,subnational2
"Traiguén",CL-AR-TRA,subnational2
"La Ligua",CL-VS-LAL,subnational2
"Renaico",CL-AR-REN,subnational2
"Marchigüe",CL-LI-MAR,subnational2
"María Elena",CL-AN-MAR,subnational2
"Empedrado",CL-ML-EMP,subnational2
"Ercilla",CL-AR-ERC,subnational2
"Peumo",CL-LI-PEU,subnational2
"El Bosque",CL-RM-ELB,subnational2
"Independencia",CL-RM-IND,subnational2
"Conchalí",CL-RM-CON,subnational2
"La Cisterna",CL-RM-LAC,subnational2
"Lago Verde",CL-AI-VER,subnational2
"Teodoro Schmidt",CL-AR-TEO,subnational2
"San Javier",CL-ML-JAV,subnational2
"Pichidegua",CL-LI-PDE,subnational2
"Coronel",CL-BI-COR,subnational2
"San Pablo",CL-LL-PAB,subnational2
"Putaendo",CL-VS-PUT,subnational2
"Fresia",CL-LL-FRE,subnational2
"La Unión",CL-LR-LAU,subnational2
"Gorbea",CL-AR-GOR,subnational2
"Hualqui",CL-BI-HQU,subnational2
"Purén",CL-AR-PUR,subnational2
"Los Sauces",CL-AR-SAU,subnational2
"Chanco",CL-ML-CHA,subnational2
"Galvarino",CL-AR-GAL,subnational2
"San Carlos",CL-NB-CAR,subnational2
"Collipulli",CL-AR-COL,subnational2
"Chillán Viejo",CL-NB-CVI,subnational2
"Juan Fernández",CL-VS-JUA,subnational2
"Toltén",CL-AR-TOL,subnational2
"Valparaíso",CL-VS,subnational1
"La Cruz",CL-VS-LAC,subnational2
"La Estrella",CL-LI-LAE,subnational2
"Rauco",CL-ML-RAU,subnational2
"Vilcún",CL-AR-VLC,subnational2
"Quillón",CL-NB-QON,subnational2
"Laguna Blanca",CL-MA-LAG,subnational2
"Bulnes",CL-NB-BUL,subnational2
"Nacimiento",CL-BI-NAC,subnational2
"Santa Bárbara",CL-BI-BAR,subnational2
"Pitrufquén",CL-AR-PIT,subnational2
"Laja",CL-BI-LAJ,subnational2
"Lautaro",CL-AR-LAU,subnational2
"Santa Juana",CL-BI-JUA,subnational2
"Tucapel",CL-BI-TUC,subnational2
"Yumbel",CL-BI-YUM,subnational2
"Lanco",CL-LR-LAN,subnational2
"Hijuelas",CL-VS-HIJ,subnational2
"Pelarco",CL-ML-PEL,subnational2
"Placilla",CL-LI-PLA,subnational2
"Lolol",CL-LI-LOL,subnational2
"Longaví",CL-ML-LON,subnational2
"Cerrillos",CL-RM-CER,subnational2
"Río Bueno",CL-LR-RIO,subnational2
"Pedro Aguirre Cerda",CL-RM-PAC,subnational2
"La Granja",CL-RM-LAG,subnational2
"Máfil",CL-LR-MAF,subnational2
"Negrete",CL-BI-NEG,subnational2
"Pumanque",CL-LI-PUM,subnational2
"Araucanía",CL-AR,subnational1
"San Ramón",CL-RM-RAM,subnational2
"San Joaquín",CL-RM-JOA,subnational2
"Peralillo",CL-LI-PER,subnational2
"Retiro",CL-ML-RET,subnational2
"Mulchén",CL-BI-MUL,subnational2
"San Rafael",CL-ML-RAF,subnational2
"Villa Alegre",CL-ML-VIL,subnational2
"Nueva Imperial",CL-AR-NUE,subnational2
"Olivar",CL-LI-OLI,subnational2
"Río Claro",CL-ML-RIO,subnational2
"Portezuelo",CL-NB-POR,subnational2
"Padre Las Casas",CL-AR-PAD,subnational2
"San Nicolás",CL-NB-NIC,subnational2
"Coltauco",CL-LI-COL,subnational2
"Santa María",CL-VS-MAR,subnational2
"Ñiquén",CL-NB-NIQ,subnational2
"Liaoning",CN-21,subnational1
"Xinjiang",CN-65,subnational1
"Qinghai",CN-63,subnational1
"Hebei",CN-13,subnational1
"Xizang",CN-54,subnational1
"Guangdong",CN-44,subnational1
"Zhejiang",CN-33,subnational1
"Jiangsu",CN-32,subnational1
"Hunan",CN-43,subnational1
"Heilongjiang",CN-23,subnational1
"Nei Mongol",CN-15,subnational1
"Hainan",CN-46,subnational1
"Guangxi",CN-45,subnational1
"Jilin",CN-22,subnational1
"Fujian",CN-35,subnational1
"Hubei",CN-42,subnational1
"Tianjin",CN-12,subnational1
"Beijing",CN-11,subnational1
"Shandong",CN-37,subnational1
"Sichuan",CN-51,subnational1
"Yunnan",CN-53,subnational1
"Anhui",CN-34,subnational1
"Jiangxi",CN-36,subnational1
"Shanghai",CN-31,subnational1
"Henan",CN-41,subnational1
"Shaanxi",CN-61,subnational1
"Shanxi",CN-14,subnational1
"Ningxia",CN-64,subnational1
"Guizhou",CN-52,subnational1
"Chongqing",CN-50,subnational1
"Gansu",CN-62,subnational1
"Christmas Island, Christmas Island",CX-,subnational1
"Clipperton Island, Clipperton Island",CP-,subnational1
"Cocos (Keeling) Islands, Cocos (Keeling) Islands",CC-,subnational1
"Antioquia",CO-ANT,subnational1
"Risaralda",CO-RIS,subnational1
"Cundinamarca",CO-CUN,subnational1
"Meta",CO-MET,subnational1
"Caldas",CO-CAL,subnational1
"Córdoba",CO-COR,subnational1
"Boyacá",CO-BOY,subnational1
"Casanare",CO-CAS,subnational1
"Atlántico",CO-ATL,subnational1
"Amazonas",CO-AMA,subnational1
"Chocó",CO-CHO,subnational1
"Santander",CO-SAN,subnational1
"Nariño",CO-NAR,subnational1
"Huila",CO-HUI,subnational1
"Quindío",CO-QUI,subnational1
"Caquetá",CO-CAQ,subnational1
"San Andrés, Providencia y Santa Catalina",CO-SAP,subnational1
"Valle del Cauca",CO-VAC,subnational1
"Distrito Capital de Bogotá",CO-DC,subnational1
"Tolima",CO-TOL,subnational1
"Magdalena",CO-MAG,subnational1
"Arauca",CO-ARA,subnational1
"Bolívar",CO-BOL,subnational1
"Putumayo",CO-PUT,subnational1
"Norte de Santander",CO-NSA,subnational1
"La Guajira",CO-LAG,subnational1
"Cesar",CO-CES,subnational1
"Cauca",CO-CAU,subnational1
"Guaviare",CO-GUV,subnational1
"Vaupés",CO-VAU,subnational1
"Guainía",CO-GUA,subnational1
"Vichada",CO-VID,subnational1
"Sucre",CO-SUC,subnational1
"Mohéli",KM-M,subnational1
"Anjouan",KM-A,subnational1
"Grande Comore",KM-G,subnational1
"Sangha",CG-13,subnational1
"Brazzaville",CG-BZV,subnational1
"Kouilou",CG-5,subnational1
"Pool",CG-12,subnational1
"Plateaux",CG-14,subnational1
"Cuvette-Ouest",CG-15,subnational1
"Cuvette",CG-8,subnational1
"Cook Islands, Cook Islands",CK-,subnational1
"Coral Sea Islands, Coral Sea Islands",CS-,subnational1
"San José",CR-SJ,subnational1
"Alajuela",CR-A,subnational1
"Puntarenas",CR-P,subnational1
"Limón",CR-L,subnational1
"Heredia",CR-H,subnational1
"Cartago",CR-C,subnational1
"Guanacaste",CR-G,subnational1
"Lagunes (Région des)",CI-01,subnational1
"Sud-Comoé (Région du)",CI-13,subnational1
"Zanzan (Région du)",CI-08,subnational1
"18 Montagnes (Région des)",CI-06,subnational1
"Marahoué (Région de la)",CI-12,subnational1
"Lacs (Région des)",CI-07,subnational1
"Bas-Sassandra (Région du)",CI-09,subnational1
"Agnébi (Région de l')",CI-16,subnational1
"Dubrovacko-neretvanska županija",HR-19,subnational1
"Primorsko-goranska županija",HR-08,subnational1
"Sisacko-moslavacka županija",HR-03,subnational1
"Brodsko-posavska županija",HR-12,subnational1
"Splitsko-dalmatinska županija",HR-17,subnational1
"Karlovacka županija",HR-04,subnational1
"Zadarska županija",HR-13,subnational1
"Istarska županija",HR-18,subnational1
"Bjelovarsko-bilogorska županija",HR-07,subnational1
"Grad Zagreb",HR-21,subnational1
"Zagrebacka županija",HR-01,subnational1
"Licko-senjska županija",HR-09,subnational1
"Šibensko-kninska županija",HR-15,subnational1
"Varaždinska županija",HR-05,subnational1
"Medimurska županija",HR-20,subnational1
"Osjecko-baranjska županija",HR-14,subnational1
"Koprivnicko-križevacka županija",HR-06,subnational1
"Viroviticko-podravska županija",HR-10,subnational1
"Požeško-slavonska županija",HR-11,subnational1
"Vukovarsko-srijemska županija",HR-16,subnational1
"Sancti Spíritus",CU-07,subnational1
"La Habana",CU-03,subnational1
"Granma",CU-12,subnational1
"Matanzas",CU-04,subnational1
"Pinar del Río",CU-01,subnational1
"Artemisa",CU-15,subnational1
"Cienfuegos",CU-06,subnational1
"Ciego de Ávila",CU-08,subnational1
"Guantánamo",CU-14,subnational1
"Holguín",CU-11,subnational1
"Isla de la Juventud",CU-99,subnational1
"Camagüey",CU-09,subnational1
"Villa Clara",CU-05,subnational1
"Santiago de Cuba",CU-13,subnational1
"Las Tunas",CU-10,subnational1
"Mayabeque",CU-16,subnational1
"Curaçao, Curaçao",CW-,subnational1
"Pafos",CY-05,subnational1
"Ammochostos",CY-04,subnational1
"Keryneia",CY-06,subnational1
"Lefkosia",CY-01,subnational1
"Lemesos",CY-02,subnational1
"Larnaka",CY-03,subnational1
"Karlovarský kraj",CZ-KA,subnational1
"Středočeský kraj",CZ-ST,subnational1
"Olomoucký kraj",CZ-OL,subnational1
"Plzeňský kraj",CZ-PL,subnational1
"Hlavní město Praha",CZ-PR,subnational1
"Zlínský kraj",CZ-ZL,subnational1
"Pardubický kraj",CZ-PA,subnational1
"Jihomoravský kraj",CZ-JM,subnational1
"Jihočeský kraj",CZ-JC,subnational1
"Liberecký kraj",CZ-LI,subnational1
"Moravskoslezský kraj",CZ-MO,subnational1
"Královéhradecký kraj",CZ-KR,subnational1
"Ústecký kraj",CZ-US,subnational1
"Kraj Vysočina",CZ-VY,subnational1
"Frederikshavn",DK-13-03,subnational2
"Aalborg",DK-13-01,subnational2
"Århus",DK-11-01,subnational2
"Haderslev",DK-07-02,subnational2
"Vordingborg",DK-04-05,subnational2
"Tønder",DK-07-04,subnational2
"Dragør",DK-01-04,subnational2
"Slagelse",DK-03-06,subnational2
"Morsø",DK-12-01,subnational2
"Thisted",DK-12-03,subnational2
"Kolding",DK-09-04,subnational2
"Ringkøbing-Skjern",DK-10-05,subnational2
"Allerød",DK-02-01,subnational2
"Kalundborg",DK-03-02,subnational2
"Bornholm",DK-05-01,subnational2
"Odder",DK-11-04,subnational2
"Hillerød",DK-02-07,subnational2
"København",DK-01-15,subnational2
"Norddjurs",DK-11-03,subnational2
"Næstved",DK-04-04,subnational2
"Faaborg-Midtfyn",DK-06-03,subnational2
"Gribskov",DK-02-04,subnational2
"Halsnæs",DK-02-05,subnational2
"Holbæk",DK-03-01,subnational2
"Odense",DK-06-09,subnational2
"Sønderborg",DK-07-03,subnational2
"Hvidovre",DK-01-13,subnational2
"Langeland",DK-06-05,subnational2
"Gladsaxe",DK-01-09,subnational2
"Albertslund",DK-01-01,subnational2
"Lolland",DK-04-03,subnational2
"Læsø",DK-13-06,subnational2
"Guldborgsund",DK-04-02,subnational2
"Nordfyns",DK-06-07,subnational2
"Gentofte",DK-01-08,subnational2
"Billund",DK-08-01,subnational2
"Hjørring",DK-13-04,subnational2
"Rudersdal",DK-02-09,subnational2
"Odsherred",DK-03-04,subnational2
"Fanø",DK-08-03,subnational2
"Jammerbugt",DK-13-05,subnational2
"Aabenraa",DK-07-01,subnational2
"Svendborg",DK-06-10,subnational2
"Horsens",DK-09-03,subnational2
"Varde",DK-08-04,subnational2
"Lejre",DK-01-22,subnational2
"Brønderslev",DK-13-02,subnational2
"Hedensted",DK-09-02,subnational2
"Skive",DK-12-02,subnational2
"Samsø",DK-11-06,subnational2
"Vejle",DK-09-05,subnational2
"Skanderborg",DK-11-08,subnational2
"Assens",DK-06-02,subnational2
"Vejen",DK-08-05,subnational2
"Stevns",DK-01-25,subnational2
"Silkeborg",DK-11-07,subnational2
"Faxe",DK-04-01,subnational2
"Tårnby",DK-01-18,subnational2
"Viborg",DK-12-04,subnational2
"Syddjurs",DK-11-09,subnational2
"Lyngby-Taarbæk",DK-01-16,subnational2
"Helsingør",DK-02-06,subnational2
"Køge",DK-01-21,subnational2
"Glostrup",DK-01-10,subnational2
"Middelfart",DK-06-06,subnational2
"Christiansø",DK-05-02,subnational2
"Esbjerg",DK-08-02,subnational2
"Frederikssund",DK-02-03,subnational2
"Furesø",DK-01-07,subnational2
"Roskilde",DK-01-23,subnational2
"Fredensborg",DK-02-02,subnational2
"Fredericia",DK-09-01,subnational2
"Sorø",DK-03-03,subnational2
"Frederiksberg",DK-01-06,subnational2
"Kerteminde",DK-06-04,subnational2
"Solrød",DK-01-24,subnational2
"Egedal",DK-01-05,subnational2
"Holstebro",DK-10-02,subnational2
"Lemvig",DK-10-04,subnational2
"Ikast-Brande",DK-10-03,subnational2
"Herning",DK-10-01,subnational2
"Ringsted",DK-03-05,subnational2
"Høje Taastrup",DK-01-12,subnational2
"Mariagerfjord",DK-13-07,subnational2
"Brøndby",DK-01-03,subnational2
"Randers",DK-11-05,subnational2
"Ishøj",DK-01-14,subnational2
"Rebild",DK-13-08,subnational2
"Nyborg",DK-06-08,subnational2
"Vesthimmerland",DK-13-09,subnational2
"Hørsholm",DK-02-08,subnational2
"Herlev",DK-01-11,subnational2
"Ærø",DK-06-01,subnational2
"Ballerup",DK-01-02,subnational2
"Vallensbæk",DK-01-19,subnational2
"Struer",DK-10-06,subnational2
"Arta",DJ-AR,subnational1
"Djibouti",DJ-DJ,subnational1
"Tadjourah",DJ-TA,subnational1
"Ali Sabieh",DJ-AS,subnational1
"Obock",DJ-OB,subnational1
"Dikhil",DJ-DI,subnational1
"Saint David",DM-03,subnational1
"Saint John",DM-05,subnational1
"Saint Andrew",DM-02,subnational1
"Saint Paul",DM-10,subnational1
"Saint Luke",DM-07,subnational1
"Saint George",DM-04,subnational1
"Saint Joseph",DM-06,subnational1
"Saint Peter",DM-11,subnational1
"Saint Patrick",DM-09,subnational1
"Saint Mark",DM-08,subnational1
"Pedernales",DO-16,subnational1
"Santo Domingo",DO-32,subnational1
"Independencia",DO-10,subnational1
"Samaná",DO-20,subnational1
"La Altagracia",DO-11,subnational1
"San Cristóbal",DO-21,subnational1
"María Trinidad Sánchez",DO-14,subnational1
"Salcedo",DO-19,subnational1
"Barahona",DO-04,subnational1
"Monte Cristi",DO-15,subnational1
"Distrito Nacional (Santo Domingo)",DO-01,subnational1
"San José de Ocoa",DO-31,subnational1
"Puerto Plata",DO-18,subnational1
"Espaillat",DO-09,subnational1
"Monte Plata",DO-29,subnational1
"Duarte",DO-06,subnational1
"La Vega",DO-13,subnational1
"Dajabón",DO-05,subnational1
"Peravia",DO-17,subnational1
"La Romana",DO-12,subnational1
"Hato Mayor",DO-30,subnational1
"Santiago",DO-25,subnational1
"Azua",DO-02,subnational1
"San Juan",DO-22,subnational1
"La Estrelleta",DO-07,subnational1
"Bahoruco",DO-03,subnational1
"San Pedro de Macorís",DO-23,subnational1
"Monseñor Nouel",DO-28,subnational1
"El Seybo",DO-08,subnational1
"Orientale",CD-OR,subnational1
"Sud-Kivu",CD-SK,subnational1
"Kasai-Oriental",CD-KE,subnational1
"Bas-Congo",CD-BC,subnational1
"Bandundu",CD-BN,subnational1
"Kinshasa",CD-KN,subnational1
"Équateur",CD-EQ,subnational1
"Katanga",CD-KA,subnational1
"Kasai-Occidental",CD-KW,subnational1
"Maniema",CD-MA,subnational1
"Morona-Santiago",EC-S,subnational1
"Azuay",EC-A,subnational1
"Zamora-Chinchipe",EC-Z,subnational1
"Guayas",EC-G,subnational1
"Los Ríos",EC-R,subnational1
"Pichincha",EC-P,subnational1
"Napo",EC-N,subnational1
"Pastaza",EC-Y,subnational1
"Orellana",EC-D,subnational1
"Manabí",EC-M,subnational1
"El Oro",EC-O,subnational1
"Sucumbíos",EC-U,subnational1
"Imbabura",EC-I,subnational1
"Chimborazo",EC-H,subnational1
"Loja",EC-L,subnational1
"Santo Domingo de los Tsáchilas",EC-SD,subnational1
"Carchi",EC-C,subnational1
"Esmeraldas",EC-E,subnational1
"Tungurahua",EC-T,subnational1
"Santa Elena",EC-SE,subnational1
"Cañar",EC-F,subnational1
"Galápagos",EC-W,subnational1
"Cotopaxi",EC-X,subnational1
"Bolívar",EC-B,subnational1
"Al Jizah",EG-GZ,subnational1
"Ash Sharqiyah",EG-SHR,subnational1
"Janub Sina'",EG-JS,subnational1
"Al Bahr al Ahmar",EG-BA,subnational1
"Shamal Sina'",EG-SIN,subnational1
"Aswan",EG-ASN,subnational1
"As Suways",EG-SUZ,subnational1
"Al Qahirah",EG-C,subnational1
"Al Wadi al Jadid",EG-WAD,subnational1
"Al Qalyubiyah",EG-KB,subnational1
"Kafr ash Shaykh",EG-KFS,subnational1
"Al Fayyum",EG-FYM,subnational1
"Al Iskandariyah",EG-ALX,subnational1
"Ad Daqahliyah",EG-DK,subnational1
"Qina",EG-KN,subnational1
"Bur Sa‘id",EG-PTS,subnational1
"Al Isma‘iliyah",EG-IS,subnational1
"Matruh",EG-MT,subnational1
"Al Minya",EG-MN,subnational1
"Suhaj",EG-SHG,subnational1
"Al Buhayrah",EG-BH,subnational1
"La Unión",SV-UN,subnational1
"Ahuachapán",SV-AH,subnational1
"Cuscatlán",SV-CU,subnational1
"La Libertad",SV-LI,subnational1
"Sonsonate",SV-SO,subnational1
"Usulután",SV-US,subnational1
"Morazán",SV-MO,subnational1
"San Vicente",SV-SV,subnational1
"Santa Ana",SV-SA,subnational1
"Chalatenango",SV-CH,subnational1
"San Miguel",SV-SM,subnational1
"La Paz",SV-PA,subnational1
"Cabañas",SV-CA,subnational1
"San Salvador",SV-SS,subnational1
"Litoral",GQ-C-LI,subnational2
"Bioko Norte",GQ-I-BN,subnational2
"Centro Sur",GQ-C-CS,subnational2
"Annobón",GQ-I-AN,subnational2
"Bioko Sur",GQ-I-BS,subnational2
"Wele-Nzas",GQ-C-WN,subnational2
"Debub",ER-DU,subnational1
"Maakel",ER-MA,subnational1
"Semien-Keih-Bahri",ER-SK,subnational1
"Debubawi Keyih Bahri",ER-DK,subnational1
"Anseba",ER-AN,subnational1
"Tartumaa",EE-78,subnational1
"Lääne-Virumaa",EE-59,subnational1
"Pärnumaa",EE-67,subnational1
"Võrumaa",EE-86,subnational1
"Saaremaa",EE-74,subnational1
"Jõgevamaa",EE-49,subnational1
"Harjumaa",EE-37,subnational1
"Viljandimaa",EE-84,subnational1
"Hiiumaa",EE-39,subnational1
"Valgamaa",EE-82,subnational1
"Põlvamaa",EE-65,subnational1
"Raplamaa",EE-70,subnational1
"Ida-Virumaa",EE-44,subnational1
"Järvamaa",EE-51,subnational1
"Hhohho",SZ-HH,subnational1
"Manzini",SZ-MA,subnational1
"Lubombo",SZ-LU,subnational1
"Shiselweni",SZ-SH,subnational1
"Oromia",ET-OR,subnational1
"Amara",ET-AM,subnational1
"Gambela Peoples",ET-GA,subnational1
"Tigrai",ET-TI,subnational1
"Addis Ababa",ET-AA,subnational1
"Afar",ET-AF,subnational1
"Southern Nations, Nationalities and Peoples",ET-SN,subnational1
"Somali",ET-SO,subnational1
"Dire Dawa",ET-DD,subnational1
"Falkland Islands (Malvinas), Falkland Islands (Malvinas)",FK-,subnational1
"Faroe Islands, Faroe Islands",FO-,subnational1
"Western",FJ-W,subnational1
"Central",FJ-C,subnational1
"Northern",FJ-N,subnational1
"Eastern",FJ-E,subnational1
"Rotuma",FJ-R,subnational1
"Lapland",FI-10,subnational1
"Northern Ostrobothnia",FI-14,subnational1
"Pirkanmaa",FI-11,subnational1
"South Karelia",FI-02,subnational1
"Southern Ostrobothnia",FI-03,subnational1
"Päijänne Tavastia",FI-16,subnational1
"Åland",FI-01,subnational1
"Uusimaa",FI-18,subnational1
"Satakunta",FI-17,subnational1
"Tavastia Proper",FI-06,subnational1
"Southern Savonia",FI-04,subnational1
"Northern Savonia",FI-15,subnational1
"Kymenlaakso",FI-09,subnational1
"Central Finland",FI-08,subnational1
"Central Ostrobothnia",FI-07,subnational1
"Kainuu",FI-05,subnational1
"North Karelia",FI-13,subnational1
"Southwest Finland",FI-19,subnational1
"Ostrobothnia",FI-12,subnational1
"Haute-Savoie",FR-ARA-74,subnational2
"Paris",FR-IDF-75C,subnational2
"Finistère",FR-BRE-29,subnational2
"Oise",FR-HDF-60,subnational2
"Nord",FR-HDF-59,subnational2
"Deux-Sèvres",FR-NAQ-79,subnational2
"Charente-Maritime",FR-NAQ-17,subnational2
"Gironde",FR-NAQ-33,subnational2
"Indre-et-Loire",FR-CVL-37,subnational2
"Vienne",FR-NAQ-86,subnational2
"Essonne",FR-IDF-91,subnational2
"Loiret",FR-CVL-45,subnational2
"Eure-et-Loir",FR-CVL-28,subnational2
"Maine-et-Loire",FR-PDL-49,subnational2
"Sarthe",FR-PDL-72,subnational2
"Calvados",FR-NOR-14,subnational2
"Yvelines",FR-IDF-78,subnational2
"Eure",FR-NOR-27,subnational2
"Somme",FR-HDF-80,subnational2
"Pas-de-Calais",FR-HDF-62,subnational2
"Aisne",FR-HDF-02,subnational2
"Seine-Maritime",FR-NOR-76,subnational2
"Côte-d'Or",FR-BFC-21,subnational2
"Bas-Rhin",FR-GES-67,subnational2
"Jura",FR-BFC-39,subnational2
"Ain",FR-ARA-01,subnational2
"Aube",FR-GES-10,subnational2
"Haute-Marne",FR-GES-52,subnational2
"Yonne",FR-BFC-89,subnational2
"Alpes-de-Haute-Provence",FR-PAC-04,subnational2
"Bouches-du-Rhône",FR-PAC-13,subnational2
"Isère",FR-ARA-38,subnational2
"Seine-et-Marne",FR-IDF-77,subnational2
"Saône-et-Loire",FR-BFC-71,subnational2
"Aude",FR-OCC-11,subnational2
"Haute-Garonne",FR-OCC-31,subnational2
"Tarn-et-Garonne",FR-OCC-82,subnational2
"Landes",FR-NAQ-40,subnational2
"Allier",FR-ARA-03,subnational2
"Loir-et-Cher",FR-CVL-41,subnational2
"Cher",FR-CVL-18,subnational2
"Puy-de-Dôme",FR-ARA-63,subnational2
"Loire",FR-ARA-42,subnational2
"Lozère",FR-OCC-48,subnational2
"Cantal",FR-ARA-15,subnational2
"Haute-Loire",FR-ARA-43,subnational2
"Aveyron",FR-OCC-12,subnational2
"Alpes-Maritimes",FR-PAC-06,subnational2
"Mayenne",FR-PDL-53,subnational2
"Corrèze",FR-NAQ-19,subnational2
"Dordogne",FR-NAQ-24,subnational2
"Pyrénées-Orientales",FR-OCC-66,subnational2
"Indre",FR-CVL-36,subnational2
"Vaucluse",FR-PAC-84,subnational2
"Morbihan",FR-BRE-56,subnational2
"Savoie",FR-ARA-73,subnational2
"Hautes-Alpes",FR-PAC-05,subnational2
"Gers",FR-OCC-32,subnational2
"Manche",FR-NOR-50,subnational2
"Vendée",FR-PDL-85,subnational2
"Haut-Rhin",FR-GES-68,subnational2
"Val-d'Oise",FR-IDF-95,subnational2
"Ariège",FR-OCC-09,subnational2
"Haute-Saône",FR-BFC-70,subnational2
"Hautes-Pyrénées",FR-OCC-65,subnational2
"Hérault",FR-OCC-34,subnational2
"Gard",FR-OCC-30,subnational2
"Meuse",FR-GES-55,subnational2
"Pyrénées-Atlantiques",FR-NAQ-64,subnational2
"Lot-et-Garonne",FR-NAQ-47,subnational2
"Drôme",FR-ARA-26,subnational2
"Marne",FR-GES-51,subnational2
"Haute-Vienne",FR-NAQ-87,subnational2
"Moselle",FR-GES-57,subnational2
"Haute-Corse",FR-COR-2B,subnational2
"Doubs",FR-BFC-25,subnational2
"Loire-Atlantique",FR-PDL-44,subnational2
"Ille-et-Vilaine",FR-BRE-35,subnational2
"Tarn",FR-OCC-81,subnational2
"Var",FR-PAC-83,subnational2
"Côtes-d'Armor",FR-BRE-22,subnational2
"Meurthe-et-Moselle",FR-GES-54,subnational2
"Hauts-de-Seine",FR-IDF-92,subnational2
"Ardèche",FR-ARA-07,subnational2
"Nièvre",FR-BFC-58,subnational2
"Charente",FR-NAQ-16,subnational2
"Creuse",FR-NAQ-23,subnational2
"Lot",FR-OCC-46,subnational2
"Ardennes",FR-GES-08,subnational2
"Territoire de Belfort",FR-BFC-90,subnational2
"Rhône",FR-ARA-69,subnational2
"Corse-du-Sud",FR-COR-2A,subnational2
"Vosges",FR-GES-88,subnational2
"Orne",FR-NOR-61,subnational2
"Seine-Saint-Denis",FR-IDF-93,subnational2
"Val-de-Marne",FR-IDF-94,subnational2
"French Guiana, French Guiana",GF-,subnational1
"Tuamotu-Gambier",PF-TG,subnational1
"Leeward Islands",PF-LI,subnational1
"Marquesas Islands",PF-MI,subnational1
"Windward Islands",PF-WI,subnational1
"Austral Islands",PF-TI,subnational1
"French Southern and Antarctic Lands, French Southern and Antarctic Lands",TF-,subnational1
"Ogooué-Maritime",GA-8,subnational1
"Estuaire",GA-1,subnational1
"Haut-Ogooué",GA-2,subnational1
"Ogooué-Lolo",GA-7,subnational1
"Ogooué-Ivindo",GA-6,subnational1
"Woleu-Ntem",GA-9,subnational1
"Moyen-Ogooué",GA-3,subnational1
"Ngounié",GA-4,subnational1
"Nyanga",GA-5,subnational1
"Western",GM-W,subnational1
"North Bank",GM-N,subnational1
"Central River",GM-M,subnational1
"Banjul",GM-B,subnational1
"Upper River",GM-U,subnational1
"Lower River",GM-L,subnational1
"Mts'khet'a-Mt'ianet'i",GE-MM,subnational1
"Samts'khe-Javakhet'i",GE-SJ,subnational1
"K'vemo K'art'li",GE-KK,subnational1
"Ajaria",GE-AJ,subnational1
"Kakhet'i",GE-KA,subnational1
"T'bilisi",GE-TB,subnational1
"Samegrelo-Zemo Svanet'i",GE-SZ,subnational1
"Imeret'i",GE-IM,subnational1
"Shida K'art'li",GE-SK,subnational1
"Guria",GE-GU,subnational1
"Abkhazia",GE-AB,subnational1
"Karlsruhe",DE-BW-KA2,subnational2
"Darmstadt-Dieburg",DE-HE-DA2,subnational2
"Bamberg",DE-BY-BA2,subnational2
"Frankfurt am Main (Kreisfreie Stadt)",DE-HE-F1,subnational2
"Göttingen",DE-NI-GO,subnational2
"Altenburger Land",DE-TH-ABG,subnational2
"Chemnitz (Kreisfreie Stadt)",DE-SN-C1,subnational2
"Osnabrück (Kreisfreie Stadt)",DE-NI-OS1,subnational2
"Münster (Kreisfreie Stadt)",DE-NW-MS,subnational2
"Paderborn",DE-NW-PB,subnational2
"Bodenseekreis",DE-BW-FN,subnational2
"Ostholstein",DE-SH-OH,subnational2
"Märkisch-Oderland",DE-BB-MOL,subnational2
"Enzkreis",DE-BW-PF2,subnational2
"Düsseldorf (Kreisfreie Stadt)",DE-NW-D1,subnational2
"Rheingau-Taunus-Kreis",DE-HE-RUD,subnational2
"Lahn-Dill-Kreis",DE-HE-LDK,subnational2
"Borken",DE-NW-BOR,subnational2
"Herford",DE-NW-HF,subnational2
"Saalekreis",DE-ST-SK,subnational2
"Regensburg",DE-BY-R2,subnational2
"Goslar",DE-NI-GS,subnational2
"Lippe",DE-NW-LIP,subnational2
"München (Kreisfreie Stadt)",DE-BY-M1,subnational2
"Minden-Lübbecke",DE-NW-MI,subnational2
"Viersen",DE-NW-VIE,subnational2
"Gütersloh",DE-NW-GT,subnational2
"Rastatt",DE-BW-RA,subnational2
"Nienburg (Weser)",DE-NI-NI,subnational2
"Wesel",DE-NW-WES,subnational2
"Kleve",DE-NW-KLE,subnational2
"Hamburg (Kreisfreie Stadt)",DE-HH-HH,subnational2
"Düren",DE-NW-DN,subnational2
"Halle (Saale) (Kreisfreie Stadt)",DE-ST-HAL,subnational2
"Leipzig (Kreisfreie Stadt)",DE-SN-L1,subnational2
"Berchtesgadener Land",DE-BY-BGL,subnational2
"Vorpommern-Rügen",DE-MV-VR,subnational2
"Mettmann",DE-NW-ME,subnational2
"Erzgebirgskreis",DE-SN-ERZ,subnational2
"Friesland",DE-NI-FRI,subnational2
"Freising",DE-BY-FS,subnational2
"Verden",DE-NI-VER,subnational2
"Breisgau-Hochschwarzwald",DE-BW-FR2,subnational2
"Osnabrück",DE-NI-OS2,subnational2
"Bremen (Freie Hansestadt)",DE-HB-HB,subnational2
"Vorpommern-Greifswald",DE-MV-VG,subnational2
"Rendsburg-Eckernförde",DE-SH-RD,subnational2
"Schwäbisch Hall",DE-BW-SHA,subnational2
"Wetteraukreis",DE-HE-FB,subnational2
"Mainz-Bingen",DE-RP-MZ2,subnational2
"Börde",DE-ST-BK,subnational2
"Schwerin (Kreisfreie Stadt)",DE-MV-SN,subnational2
"Main-Tauber-Kreis",DE-BW-TBB,subnational2
"Harz",DE-ST-HZ,subnational2
"Vogtlandkreis",DE-SN-V1,subnational2
"Heinsberg",DE-NW-HS,subnational2
"Kiel (Kreisfreie Stadt)",DE-SH-KI,subnational2
"Nordfriesland",DE-SH-NF,subnational2
"Dessau-Roßlau (Kreisfreie Stadt)",DE-ST-DE,subnational2
"Offenbach",DE-HE-OF2,subnational2
"Waldeck-Frankenberg",DE-HE-KB,subnational2
"Marburg-Biedenkopf",DE-HE-MR,subnational2
"Aichach-Friedberg",DE-BY-AIC,subnational2
"Ostallgäu",DE-BY-OAL,subnational2
"Rhein-Sieg-Kreis",DE-NW-SU,subnational2
"Oberbergischer Kreis",DE-NW-GM,subnational2
"Olpe",DE-NW-OE,subnational2
"Vulkaneifel",DE-RP-DAU,subnational2
"Heidekreis",DE-NI-HK,subnational2
"Emsland",DE-NI-EL,subnational2
"Cuxhaven",DE-NI-CUX,subnational2
"Oldenburg",DE-NI-OL2,subnational2
"Kassel",DE-HE-KS2,subnational2
"Ahrweiler",DE-RP-AW,subnational2
"Hildesheim",DE-NI-HI,subnational2
"Cloppenburg",DE-NI-CLP,subnational2
"Berlin (Kreisfreie Stadt)",DE-BE-B1,subnational2
"Rostock",DE-MV-LRO,subnational2
"Euskirchen",DE-NW-EU,subnational2
"Soest",DE-NW-SO,subnational2
"Hamm (Kreisfreie Stadt)",DE-NW-HAM,subnational2
"Rems-Murr-Kreis",DE-BW-WN,subnational2
"Dresden (Kreisfreie Stadt)",DE-SN-DD,subnational2
"Neustadt an der Aisch-Bad Windsheim (Kreisfreie Stadt)",DE-BY-NEA,subnational2
"Erlangen-Höchstadt",DE-BY-ERH,subnational2
"Darmstadt (Kreisfreie Stadt)",DE-HE-DA1,subnational2
"Anhalt-Bitterfeld",DE-ST-ABI,subnational2
"Schleswig-Flensburg",DE-SH-SL,subnational2
"Erfurt (Kreisfreie Stadt)",DE-TH-EF,subnational2
"Stendal",DE-ST-SDL,subnational2
"Würzburg (Kreisfreie Stadt)",DE-BY-WU1,subnational2
"Lüchow-Dannenberg",DE-NI-DAN,subnational2
"Karlsruhe (Stadtkreis)",DE-BW-KA1,subnational2
"Höxter",DE-NW-HX,subnational2
"Rottweil",DE-BW-RW,subnational2
"Bergstraße",DE-HE-HP,subnational2
"Mittelsachsen",DE-SN-FG,subnational2
"Donnersbergkreis",DE-RP-KIB,subnational2
"Meißen",DE-SN-MEI,subnational2
"Tuttlingen",DE-BW-TUT,subnational2
"Neumarkt in der Oberpfalz",DE-BY-NM,subnational2
"Straubing (Kreisfreie Stadt)",DE-BY-SR1,subnational2
"Oldenburg (Kreisfreie Stadt)",DE-NI-OL1,subnational2
"Freudenstadt",DE-BW-FDS,subnational2
"Eifelkreis Bitburg-Prüm",DE-RP-BIT,subnational2
"Göppingen",DE-BW-GP,subnational2
"Essen (Kreisfreie Stadt)",DE-NW-E1,subnational2
"Celle",DE-NI-CE,subnational2
"Wolfsburg (Kreisfreie Stadt)",DE-NI-WOB,subnational2
"Biberach",DE-BW-BC,subnational2
"Heilbronn",DE-BW-HN2,subnational2
"Stade",DE-NI-STD,subnational2
"Gelsenkirchen (Kreisfreie Stadt)",DE-NW-GE,subnational2
"Hochsauerlandkreis",DE-NW-HSK,subnational2
"Sömmerda",DE-TH-SOM,subnational2
"Saale-Orla-Kreis",DE-TH-SOK,subnational2
"Garmisch-Partenkirchen",DE-BY-GAP,subnational2
"Städteregion Aachen",DE-NW-AC,subnational2
"Unna",DE-NW-UN,subnational2
"Hildburghausen",DE-TH-HBN,subnational2
"Uckermark",DE-BB-UM,subnational2
"Plön",DE-SH-PLO,subnational2
"Oberspreewald-Lausitz",DE-BB-OSL,subnational2
"Heidelberg (Stadtkreis)",DE-BW-HD1,subnational2
"Rostock (Kreisfreie Stadt)",DE-MV-HRO,subnational2
"Eichstätt",DE-BY-EI,subnational2
"Nordsachsen",DE-SN-TDO,subnational2
"Wittenberg",DE-ST-WB,subnational2
"Jerichower Land",DE-ST-JL,subnational2
"Lüneburg",DE-NI-LG,subnational2
"Elbe-Elster",DE-BB-EE,subnational2
"Rhein-Erft-Kreis",DE-NW-BM,subnational2
"Hersfeld-Rotenburg",DE-HE-HEF,subnational2
"Ludwigsburg",DE-BW-LB,subnational2
"Schwalm-Eder-Kreis",DE-HE-HR,subnational2
"Dortmund (Kreisfreie Stadt)",DE-NW-DO,subnational2
"Limburg-Weilburg",DE-HE-LM,subnational2
"Region Hannover",DE-NI-H1,subnational2
"Sonneberg",DE-TH-SON,subnational2
"Ortenaukreis",DE-BW-OG,subnational2
"Ennepe-Ruhr-Kreis",DE-NW-EN,subnational2
"Rhein-Pfalz-Kreis",DE-RP-RP,subnational2
"Leipzig",DE-SN-L2,subnational2
"Zweibrücken (Kreisfreie Stadt)",DE-RP-ZW,subnational2
"Lübeck (Kreisfreie Stadt)",DE-SH-HL,subnational2
"Wartburgkreis",DE-TH-WAK,subnational2
"Main-Kinzig-Kreis",DE-HE-MKK,subnational2
"Rhein-Neckar-Kreis",DE-BW-HD2,subnational2
"Diepholz",DE-NI-DH,subnational2
"Leverkusen (Kreisfreie Stadt)",DE-NW-LEV,subnational2
"Neckar-Odenwald-Kreis",DE-BW-MOS,subnational2
"Bamberg (Kreisfreie Stadt)",DE-BY-BA1,subnational2
"Rhön-Grabfeld",DE-BY-NES,subnational2
"Northeim",DE-NI-NOM,subnational2
"Dithmarschen",DE-SH-HEI,subnational2
"Krefeld (Kreisfreie Stadt)",DE-NW-KR,subnational2
"Tübingen",DE-BW-TU,subnational2
"Fürth (Kreisfreie Stadt)",DE-BY-FU1,subnational2
"Gießen",DE-HE-GI,subnational2
"Main-Taunus-Kreis",DE-HE-MTK,subnational2
"Bielefeld (Kreisfreie Stadt)",DE-NW-BI,subnational2
"Bonn (Kreisfreie Stadt)",DE-NW-BN,subnational2
"Flensburg (Kreisfreie Stadt)",DE-SH-FL,subnational2
"Freiburg im Breisgau (Stadtkreis)",DE-BW-FR1,subnational2
"Ansbach",DE-BY-AN2,subnational2
"Ulm (Stadtkreis)",DE-BW-UL1,subnational2
"Weimar (Kreisfreie Stadt)",DE-TH-WE,subnational2
"Saale-Holzland-Kreis",DE-TH-SHK,subnational2
"Bremerhaven (Kreisfreie Stadt)",DE-HB-HBH,subnational2
"Schweinfurt",DE-BY-SW2,subnational2
"Kitzingen",DE-BY-KT,subnational2
"Birkenfeld",DE-RP-BIR,subnational2
"Esslingen",DE-BW-ES,subnational2
"Hagen (Kreisfreie Stadt)",DE-NW-HA,subnational2
"Nordhausen",DE-TH-NDH,subnational2
"Mansfeld-Südharz",DE-ST-MSH,subnational2
"Waldshut",DE-BW-WT,subnational2
"Oder-Spree",DE-BB-LOS,subnational2
"Erlangen (Kreisfreie Stadt)",DE-BY-ER,subnational2
"München",DE-BY-M2,subnational2
"Görlitz",DE-SN-GR,subnational2
"Bayreuth (Kreisfreie Stadt)",DE-BY-BT1,subnational2
"Mecklenburgische Seenplatte",DE-MV-MSE,subnational2
"Coburg",DE-BY-CO2,subnational2
"Hochtaunuskreis",DE-HE-HG,subnational2
"Deggendorf",DE-BY-DEG,subnational2
"Bad Dürkheim",DE-RP-DUW,subnational2
"Haßberge",DE-BY-HAS,subnational2
"Lichtenfels",DE-BY-LIF,subnational2
"Weißenburg-Gunzenhausen",DE-BY-WUG,subnational2
"Heilbronn (Stadtkreis)",DE-BW-HN1,subnational2
"Lörrach",DE-BW-LO,subnational2
"Germersheim",DE-RP-GER,subnational2
"Mannheim (Stadtkreis)",DE-BW-MA,subnational2
"Alzey-Worms",DE-RP-AZ,subnational2
"Ravensburg",DE-BW-RV,subnational2
"Odenwaldkreis",DE-HE-OK,subnational2
"Donau-Ries",DE-BY-DON,subnational2
"Rottal-Inn",DE-BY-PAN,subnational2
"Mainz (Kreisfreie Stadt)",DE-RP-MZ1,subnational2
"Miltenberg",DE-BY-MIL,subnational2
"Saalfeld-Rudolstadt",DE-TH-SLF,subnational2
"Landsberg am Lech",DE-BY-LL,subnational2
"Aschaffenburg",DE-BY-AB2,subnational2
"Altötting",DE-BY-AO,subnational2
"Groß-Gerau",DE-HE-GG,subnational2
"Vogelsbergkreis",DE-HE-VB,subnational2
"Regensburg (Kreisfreie Stadt)",DE-BY-R1,subnational2
"Sächsische Schweiz-Osterzgebirge",DE-SN-PIR,subnational2
"Köln (Kreisfreie Stadt)",DE-NW-K1,subnational2
"Bad Kreuznach",DE-RP-KH,subnational2
"Südwestpfalz",DE-RP-PS2,subnational2
"Cottbus (Kreisfreie Stadt)",DE-BB-CB,subnational2
"Steinfurt",DE-NW-ST,subnational2
"Neuwied",DE-RP-NR,subnational2
"Recklinghausen",DE-NW-RE,subnational2
"Zwickau",DE-SN-Z1,subnational2
"Neustadt an der Weinstraße (Kreisfreie Stadt)",DE-RP-NW,subnational2
"Jena",DE-TH-J1,subnational2
"Stormarn",DE-SH-OD,subnational2
"Weilheim-Schongau",DE-BY-WM,subnational2
"Starnberg",DE-BY-STA,subnational2
"Emmendingen",DE-BW-EM,subnational2
"Fürstenfeldbruck",DE-BY-FFB,subnational2
"Wolfenbüttel",DE-NI-WF,subnational2
"Barnim",DE-BB-BAR,subnational2
"Rhein-Kreis Neuss",DE-NW-NE,subnational2
"Warendorf",DE-NW-WAF,subnational2
"Duisburg (Kreisfreie Stadt)",DE-NW-DU,subnational2
"Hameln-Pyrmont",DE-NI-HM,subnational2
"Potsdam (Kreisfreie Stadt)",DE-BB-P1,subnational2
"Schaumburg",DE-NI-SHG,subnational2
"Saarlouis",DE-SL-SLS,subnational2
"Cham",DE-BY-CHA,subnational2
"Konstanz",DE-BW-KN,subnational2
"Helmstedt",DE-NI-HE,subnational2
"Ammerland",DE-NI-WST,subnational2
"Fulda",DE-HE-FD,subnational2
"Gotha",DE-TH-GTH,subnational2
"Dillingen an der Donau",DE-BY-DLG,subnational2
"Wiesbaden (Kreisfreie Stadt)",DE-HE-WI,subnational2
"Pinneberg",DE-SH-PI,subnational2
"Böblingen",DE-BW-BB,subnational2
"Nürnberg (Kreisfreie Stadt)",DE-BY-N1,subnational2
"Ludwigslust-Parchim",DE-MV-LUP,subnational2
"Heidenheim",DE-BW-HDH,subnational2
"Altmarkkreis Salzwedel",DE-ST-SAW,subnational2
"Alb-Donau-Kreis",DE-BW-UL2,subnational2
"Schmalkalden-Meiningen",DE-TH-SM,subnational2
"Kyffhäuserkreis",DE-TH-KYF,subnational2
"Kaiserslautern",DE-RP-KL2,subnational2
"Siegen-Wittgenstein",DE-NW-SI,subnational2
"Salzlandkreis",DE-ST-SLK,subnational2
"Kusel",DE-RP-KUS,subnational2
"Passau",DE-BY-PA2,subnational2
"Rosenheim",DE-BY-RO2,subnational2
"Bautzen",DE-SN-BZ,subnational2
"Trier-Saarburg",DE-RP-TR2,subnational2
"Bernkastel-Wittlich",DE-RP-WIL,subnational2
"Rhein-Lahn-Kreis",DE-RP-EMS,subnational2
"Straubing-Bogen",DE-BY-SR2,subnational2
"Märkischer Kreis",DE-NW-MK,subnational2
"Augsburg (Kreisfreie Stadt)",DE-BY-A1,subnational2
"Rotenburg (Wümme)",DE-NI-ROW,subnational2
"Greiz",DE-TH-GRZ,subnational2
"Schwandorf",DE-BY-SAD,subnational2
"Trier (Kreisfreie Stadt)",DE-RP-TR1,subnational2
"Mayen-Koblenz",DE-RP-MYK,subnational2
"Reutlingen",DE-BW-RT,subnational2
"Uelzen",DE-NI-UE,subnational2
"Neuburg-Schrobenhausen",DE-BY-ND,subnational2
"Ingolstadt (Kreisfreie Stadt)",DE-BY-IN,subnational2
"Ostalbkreis",DE-BW-AA,subnational2
"Wesermarsch",DE-NI-BRA,subnational2
"Emden (Kreisfreie Stadt)",DE-NI-EMD,subnational2
"Ebersberg",DE-BY-EBE,subnational2
"Ludwigshafen am Rhein (Kreisfreie Stadt)",DE-RP-LU,subnational2
"Oberhavel",DE-BB-OHV,subnational2
"Pfaffenhofen an der Ilm",DE-BY-PAF,subnational2
"Bad Tölz-Wolfratshausen",DE-BY-TOL,subnational2
"Roth",DE-BY-RH,subnational2
"Westerwaldkreis",DE-RP-WW,subnational2
"Regen",DE-BY-REG,subnational2
"Kempten (Allgäu)",DE-BY-KE,subnational2
"Aurich",DE-NI-AUR,subnational2
"Würzburg",DE-BY-WU2,subnational2
"Saarpfalz-Kreis",DE-SL-HOM,subnational2
"Dachau",DE-BY-DAH,subnational2
"Steinburg",DE-SH-IZ,subnational2
"Grafschaft Bentheim",DE-NI-NOH,subnational2
"Schweinfurt (Kreisfreie Stadt)",DE-BY-SW1,subnational2
"Mönchengladbach (Kreisfreie Stadt)",DE-NW-MG,subnational2
"Unterallgäu",DE-BY-MN,subnational2
"Merzig-Wadern",DE-SL-MZG,subnational2
"Potsdam-Mittelmark",DE-BB-PM,subnational2
"Havelland",DE-BB-HVL,subnational2
"Coesfeld",DE-NW-COE,subnational2
"Bad Kissingen",DE-BY-KG,subnational2
"Wilhelmshaven (Kreisfreie Stadt)",DE-NI-WHV,subnational2
"Dahme-Spreewald",DE-BB-LDS,subnational2
"Leer",DE-NI-LER,subnational2
"Segeberg",DE-SH-SE,subnational2
"Magdeburg (Kreisfreie Stadt)",DE-ST-MD,subnational2
"Gifhorn",DE-NI-GF,subnational2
"Teltow-Fläming",DE-BB-TF,subnational2
"Baden-Baden (Stadtkreis)",DE-BW-BAD,subnational2
"Osterholz",DE-NI-OHZ,subnational2
"Brandenburg an der Havel (Kreisfreie Stadt)",DE-BB-BRB,subnational2
"Zollernalbkreis",DE-BW-BL,subnational2
"Main-Spessart",DE-BY-MSP,subnational2
"Burgenlandkreis",DE-ST-BLK,subnational2
"Herne (Kreisfreie Stadt)",DE-NW-HER,subnational2
"Regionalverband Saarbrücken",DE-SL-SB,subnational2
"Traunstein",DE-BY-TS,subnational2
"Speyer (Kreisfreie Stadt)",DE-RP-SP,subnational2
"Erding",DE-BY-ED,subnational2
"Kassel (Kreisfreie Stadt)",DE-HE-KS1,subnational2
"Prignitz",DE-BB-PR,subnational2
"Herzogtum Lauenburg",DE-SH-RZ,subnational2
"Forchheim",DE-BY-FO,subnational2
"Schwarzwald-Baar-Kreis",DE-BW-VS,subnational2
"Neu-Ulm",DE-BY-NU,subnational2
"Günzburg",DE-BY-GZ,subnational2
"Nordwestmecklenburg",DE-MV-NWM,subnational2
"Lindau (Bodensee)",DE-BY-LI,subnational2
"Offenbach am Main",DE-HE-OF1,subnational2
"Frankfurt (Oder) (Kreisfreie Stadt)",DE-BB-FF,subnational2
"Braunschweig (Kreisfreie Stadt)",DE-NI-BS,subnational2
"Südliche Weinstraße",DE-RP-SUW,subnational2
"Altenkirchen (Westerwald)",DE-RP-AK,subnational2
"Eichsfeld",DE-TH-EIC,subnational2
"Werra-Meißner-Kreis",DE-HE-ESW,subnational2
"Bayreuth",DE-BY-BT2,subnational2
"Kelheim",DE-BY-KEH,subnational2
"Stuttgart (Stadtkreis)",DE-BW-S1,subnational2
"Sigmaringen",DE-BW-SIG,subnational2
"Neunkirchen",DE-SL-NK,subnational2
"Bochum (Kreisfreie Stadt)",DE-NW-BO,subnational2
"Pirmasens (Kreisfreie Stadt)",DE-RP-PS1,subnational2
"Rhein-Hunsrück-Kreis",DE-RP-SIM,subnational2
"St. Wendel",DE-SL-WND,subnational2
"Solingen (Kreisfreie Stadt)",DE-NW-SG,subnational2
"Gera (Kreisfreie Stadt)",DE-TH-G1,subnational2
"Cochem-Zell",DE-RP-COC,subnational2
"Wunsiedel im Fichtelgebirge",DE-BY-WUN,subnational2
"Hohenlohekreis",DE-BW-KUN,subnational2
"Vechta",DE-NI-VEC,subnational2
"Kronach",DE-BY-KC,subnational2
"Ostprignitz-Ruppin",DE-BB-OPR,subnational2
"Harburg",DE-NI-WL,subnational2
"Augsburg",DE-BY-A2,subnational2
"Amberg-Sulzbach",DE-BY-AS,subnational2
"Spree-Neiße",DE-BB-SPN,subnational2
"Peine",DE-NI-PE,subnational2
"Hof (Kreisfreie Stadt)",DE-BY-HO1,subnational2
"Wittmund",DE-NI-WTM,subnational2
"Mülheim an der Ruhr (Kreisfreie Stadt)",DE-NW-MH,subnational2
"Holzminden",DE-NI-HOL,subnational2
"Delmenhorst (Kreisfreie Stadt)",DE-NI-DEL,subnational2
"Salzgitter (Kreisfreie Stadt)",DE-NI-SZ,subnational2
"Calw",DE-BW-CW,subnational2
"Koblenz (Kreisfreie Stadt)",DE-RP-KO,subnational2
"Rheinisch-Bergischer Kreis",DE-NW-GL,subnational2
"Weimarer Land",DE-TH-AP,subnational2
"Dingolfing-Landau",DE-BY-DGF,subnational2
"Wuppertal (Kreisfreie Stadt)",DE-NW-W1,subnational2
"Neustadt an der Waldnaab",DE-BY-NEW,subnational2
"Passau (Kreisfreie Stadt)",DE-BY-PA1,subnational2
"Freyung-Grafenau",DE-BY-FRG,subnational2
"Nürnberger Land",DE-BY-LAU,subnational2
"Landau in der Pfalz (Kreisfreie Stadt)",DE-RP-LD,subnational2
"Landshut",DE-BY-LA2,subnational2
"Pforzheim (Stadtkreis)",DE-BW-PF1,subnational2
"Remscheid (Kreisfreie Stadt)",DE-NW-RS,subnational2
"Aschaffenburg (Kreisfreie Stadt)",DE-BY-AB1,subnational2
"Rosenheim (Kreisfreie Stadt)",DE-BY-RO1,subnational2
"Oberhausen (Kreisfreie Stadt)",DE-NW-OB,subnational2
"Unstrut-Hainich-Kreis",DE-TH-UH,subnational2
"Weiden in der Oberpfalz (Kreisfreie Stadt)",DE-BY-WEN,subnational2
"Coburg (Kreisfreie Stadt)",DE-BY-CO1,subnational2
"Ilm-Kreis",DE-TH-IK,subnational2
"Neuwerk",DE-HH-NW,subnational2
"Helgoland",DE-SH-HEL,subnational2
"Hof",DE-BY-HO2,subnational2
"Bottrop (Kreisfreie Stadt)",DE-NW-BOT,subnational2
"Mühldorf am Inn",DE-BY-MU,subnational2
"Kaiserslautern (Kreisfreie Stadt)",DE-RP-KL1,subnational2
"Fürth",DE-BY-FU2,subnational2
"Kulmbach",DE-BY-KU,subnational2
"Worms (Kreisfreie Stadt)",DE-RP-WO,subnational2
"Tirschenreuth",DE-BY-TIR,subnational2
"Landshut (Kreisfreie Stadt)",DE-BY-LA1,subnational2
"Miesbach",DE-BY-MB,subnational2
"Ansbach (Kreisfreie Stadt)",DE-BY-AN1,subnational2
"Suhl (Kreisfreie Stadt)",DE-TH-SHL,subnational2
"Neumünster (Kreisfreie Stadt)",DE-SH-NMS,subnational2
"Memmingen (Kreisfreie Stadt)",DE-BY-MM,subnational2
"Schwabach (Kreisfreie Stadt)",DE-BY-SC,subnational2
"Central",GH-CP,subnational1
"Eastern",GH-EP,subnational1
"Greater Accra",GH-AA,subnational1
"Western",GH-WP,subnational1
"Volta",GH-TV,subnational1
"Ashanti",GH-AH,subnational1
"Brong-Ahafo",GH-BA,subnational1
"Northern",GH-NP,subnational1
"Upper East",GH-UE,subnational1
"Gibraltar, Gibraltar",GI-,subnational1
"Evvoia",GR-H-29,subnational2
"Lakonia",GR-J-43,subnational2
"Santorini",GR-L-60,subnational2
"Aitoloakarnania",GR-G-38,subnational2
"Ioannina",GR-D-18,subnational2
"Lasithi",GR-M-72,subnational2
"Corfu",GR-F-32,subnational2
"Heraklion",GR-M-71,subnational2
"Drama",GR-A-02,subnational2
"Arta",GR-D-19,subnational2
"Rethymno",GR-M-73,subnational2
"Evros",GR-A-03,subnational2
"Messinia",GR-J-44,subnational2
"Chania",GR-M-74,subnational2
"Evrytania",GR-H-30,subnational2
"Chalkidiki",GR-B-13,subnational2
"Lesvos",GR-K-53,subnational2
"Northern Sporades",GR-E-25,subnational2
"Viotia",GR-H-28,subnational2
"Larisa",GR-E-22,subnational2
"Rodopi",GR-A-01,subnational2
"Corinth",GR-J-42,subnational2
"Mount Athos Autonomous Region",GR-69-99,subnational2
"Fokida",GR-H-31,subnational2
"Argolida",GR-J-41,subnational2
"Islands",GR-I-52,subnational2
"Syros",GR-L-58,subnational2
"East Attica",GR-I-49,subnational2
"Tinos",GR-L-70,subnational2
"Kozani",GR-C-14,subnational2
"Piraeus",GR-I-51,subnational2
"Central Athens",GR-I-45,subnational2
"North Athens",GR-I-46,subnational2
"West Athens",GR-I-47,subnational2
"South Athens",GR-I-48,subnational2
"Mykonos",GR-L-66,subnational2
"Thessaloniki",GR-B-07,subnational2
"Pella",GR-B-10,subnational2
"Xanthi",GR-A-06,subnational2
"Thesprotia",GR-D-20,subnational2
"Naxos",GR-L-67,subnational2
"Achaia",GR-G-37,subnational2
"Preveza",GR-D-21,subnational2
"Trikala",GR-E-26,subnational2
"Lemnos",GR-K-55,subnational2
"Zakynthos",GR-F-33,subnational2
"Magnisia",GR-E-24,subnational2
"Fthiotida",GR-H-27,subnational2
"Cephalonia",GR-F-35,subnational2
"Paros",GR-L-68,subnational2
"Milos",GR-L-65,subnational2
"Arcadia",GR-J-40,subnational2
"West Attica",GR-I-50,subnational2
"Kavala",GR-A-05,subnational2
"Karpathos",GR-L-62,subnational2
"Lefkada",GR-F-36,subnational2
"Ikaria",GR-K-54,subnational2
"Rhodes",GR-L-69,subnational2
"Andros",GR-L-59,subnational2
"Thasos",GR-A-04,subnational2
"Kastoria",GR-C-16,subnational2
"Imathia",GR-B-08,subnational2
"Florina",GR-C-17,subnational2
"Kos",GR-L-64,subnational2
"Serres",GR-B-12,subnational2
"Grevena",GR-C-15,subnational2
"Kalymnos",GR-L-61,subnational2
"Pieria",GR-B-11,subnational2
"Karditsa",GR-E-23,subnational2
"Ileia",GR-G-39,subnational2
"Samos",GR-K-56,subnational2
"Kilkis",GR-B-09,subnational2
"Chios",GR-K-57,subnational2
"Ithaca",GR-F-34,subnational2
"Kea-Kythnos",GR-L-63,subnational2
"Greenland, Greenland",GL-,subnational1
"Saint George",GD-03,subnational1
"Saint Patrick",GD-06,subnational1
"Southern Grenadine Islands",GD-10,subnational1
"Saint John",GD-04,subnational1
"Saint David",GD-02,subnational1
"Saint Andrew",GD-01,subnational1
"Guadeloupe, Guadeloupe",GP-,subnational1
"Guam, Guam",GU-,subnational1
"Izabal",GT-IZ,subnational1
"Petén",GT-PE,subnational1
"Escuintla",GT-ES,subnational1
"Guatemala",GT-GU,subnational1
"Quetzaltenango",GT-QZ,subnational1
"Alta Verapaz",GT-AV,subnational1
"Zacapa",GT-ZA,subnational1
"Chimaltenango",GT-CM,subnational1
"San Marcos",GT-SM,subnational1
"Baja Verapaz",GT-BV,subnational1
"Huehuetenango",GT-HU,subnational1
"Santa Rosa",GT-SR,subnational1
"Quiché",GT-QC,subnational1
"Jutiapa",GT-JU,subnational1
"Sacatepéquez",GT-SA,subnational1
"El Progreso",GT-PR,subnational1
"Sololá",GT-SO,subnational1
"Chiquimula",GT-CQ,subnational1
"Jalapa",GT-JA,subnational1
"Totonicapán",GT-TO,subnational1
"Retalhuleu",GT-RE,subnational1
"Suchitepéquez",GT-SU,subnational1
"Guernsey, Guernsey",GG-,subnational1
"Conakry",GN-C,subnational1
"Boké, Gouvernorat de",GN-B,subnational1
"Labé, Gouvernorat de",GN-L,subnational1
"Sul",GW-S,subnational1
"Norte",GW-N,subnational1
"Bissau",GW-BS,subnational1
"Leste",GW-L,subnational1
"Mahaica-Berbice",GY-MA,subnational1
"Upper Takutu-Upper Essequibo",GY-UT,subnational1
"Cuyuni-Mazaruni",GY-CU,subnational1
"Essequibo Islands-West Demerara",GY-ES,subnational1
"Potaro-Siparuni",GY-PT,subnational1
"Demerara-Mahaica",GY-DE,subnational1
"Barima-Waini",GY-BA,subnational1
"Pomeroon-Supenaam",GY-PM,subnational1
"East Berbice-Corentyne",GY-EB,subnational1
"Upper Demerara-Berbice",GY-UD,subnational1
"Ouest",HT-OU,subnational1
"Artibonite",HT-AR,subnational1
"Sud",HT-SD,subnational1
"Nord",HT-ND,subnational1
"Centre",HT-CE,subnational1
"Nord-Est",HT-NE,subnational1
"Heard Island and McDonald Islands, Heard Island and McDonald Islands",HM-,subnational1
"High Seas, High Seas",XX-,subnational1
"Cortés",HN-CR,subnational1
"Gracias a Dios",HN-GD,subnational1
"Choluteca",HN-CH,subnational1
"Francisco Morazán",HN-FM,subnational1
"Atlántida",HN-AT,subnational1
"Lempira",HN-LE,subnational1
"Valle",HN-VA,subnational1
"El Paraíso",HN-EP,subnational1
"Comayagua",HN-CM,subnational1
"Copán",HN-CP,subnational1
"Intibucá",HN-IN,subnational1
"Olancho",HN-OL,subnational1
"Colón",HN-CL,subnational1
"Islas de la Bahía",HN-IB,subnational1
"La Paz",HN-LP,subnational1
"Yoro",HN-YO,subnational1
"Santa Bárbara",HN-SB,subnational1
"Ocotepeque",HN-OC,subnational1
"Hong Kong, Hong Kong",HK-,subnational1
"Pest",HU-PE,subnational1
"Budapest",HU-BU,subnational1
"Fejér",HU-FE,subnational1
"Vas",HU-VA,subnational1
"Gyor-Moson-Sopron",HU-GS,subnational1
"Borsod-Abaúj-Zemplén",HU-BZ,subnational1
"Hajdú-Bihar",HU-HB,subnational1
"Veszprém",HU-VE,subnational1
"Bács-Kiskun",HU-BK,subnational1
"Komárom-Esztergom",HU-KE,subnational1
"Csongrád",HU-CS,subnational1
"Somogy",HU-SO,subnational1
"Nógrád",HU-NO,subnational1
"Heves",HU-HE,subnational1
"Szabolcs-Szatmár-Bereg",HU-SZ,subnational1
"Zala",HU-ZA,subnational1
"Békés",HU-BE,subnational1
"Jász-Nagykun-Szolnok",HU-JN,subnational1
"Baranya",HU-BA,subnational1
"Tolna",HU-TO,subnational1
"Suðurland",IS-8,subnational1
"Vesturland",IS-3,subnational1
"Höfuðborgarsvæði",IS-1,subnational1
"Norðurland eystra",IS-6,subnational1
"Suðurnes",IS-2,subnational1
"Vestfirðir",IS-4,subnational1
"Norðurland vestra",IS-5,subnational1
"Austurland",IS-7,subnational1
"Chamarajanagara",IN-KA-CJ,subnational2
"Alappuzha",IN-KL-AL,subnational2
"Wayanad",IN-KL-WA,subnational2
"Salem",IN-TN-SA,subnational2
"West Kameng",IN-AR-WK,subnational2
"West Tripura",IN-TR-WT,subnational2
"East Sikkim",IN-SK-ES,subnational2
"Baloda Bazar",IN-CT-BB,subnational2
"Dehradun",IN-UL-DD,subnational2
"Coimbatore",IN-TN-CO,subnational2
"Palakkad",IN-KL-PL,subnational2
"Kottayam",IN-KL-KT,subnational2
"Visakhapatnam",IN-AP-VS,subnational2
"Bhagalpur",IN-BR-BG,subnational2
"Nicobar",IN-AN-NI,subnational2
"Pathanamthitta",IN-KL-PT,subnational2
"Mysuru",IN-KA-MY,subnational2
"South Andaman",IN-AN-AS,subnational2
"Sivagangai",IN-TN-SI,subnational2
"Darjeeling",IN-WB-DA,subnational2
"Jalgaon",IN-MH-JG,subnational2
"Kasaragod",IN-KL-KS,subnational2
"Thanjavur",IN-TN-TJ,subnational2
"Namakkal",IN-TN-NM,subnational2
"Thane",IN-MH-TH,subnational2
"Nagapattinam",IN-TN-NG,subnational2
"Dhenkanal",IN-OR-DH,subnational2
"Budgam",IN-JK-BD,subnational2
"Alwar",IN-RJ-AL,subnational2
"North 24 Parganas",IN-WB-PN,subnational2
"Hamirpur",IN-HP-HA,subnational2
"Bengaluru Urban",IN-KA-BN,subnational2
"New Delhi",IN-DL-ND,subnational2
"Ranga Reddy",IN-TS-RA,subnational2
"South East Delhi",IN-DL-SE,subnational2
"Nagpur",IN-MH-NG,subnational2
"Madurai",IN-TN-MA,subnational2
"Patna",IN-BR-PA,subnational2
"Bhopal",IN-MP-BP,subnational2
"Dindigul",IN-TN-DI,subnational2
"Kallakurichi",IN-TN-KA,subnational2
"Adilabad",IN-TS-AD,subnational2
"Medchal Malkajgiri",IN-TS-MM,subnational2
"Uttara Kannada",IN-KA-UK,subnational2
"Tenkasi",IN-TN-TE,subnational2
"Vellore",IN-TN-VE,subnational2
"Amritsar",IN-PB-AM,subnational2
"East Godavari",IN-AP-EG,subnational2
"Dharwad",IN-KA-DH,subnational2
"Rewa",IN-MP-RE,subnational2
"Pune",IN-MH-PU,subnational2
"Tiruchirappalli",IN-TN-TC,subnational2
"Chittoor",IN-AP-CH,subnational2
"Kalimpong",IN-WB-KA,subnational2
"Sivasagar",IN-AS-SI,subnational2
"Ahmedabad",IN-GJ-AH,subnational2
"Pratapgarh",IN-UP-PR,subnational2
"East Siang",IN-AR-ES,subnational2
"Chikkaballapura",IN-KA-CH,subnational2
"Pithoragarh",IN-UL-PI,subnational2
"Thrissur",IN-KL-TS,subnational2
"Dakshina Kannada",IN-KA-DK,subnational2
"Nainital",IN-UL-NA,subnational2
"Nirmal",IN-TS-NM,subnational2
"Rajkot",IN-GJ-RA,subnational2
"Viluppuram",IN-TN-VL,subnational2
"Dharmapuri",IN-TN-DH,subnational2
"Haridwar",IN-UL-HA,subnational2
"West Siang",IN-AR-WS,subnational2
"Kollam",IN-KL-KL,subnational2
"Raigarh",IN-CT-RG,subnational2
"Bastar",IN-CT-BA,subnational2
"Malda",IN-WB-MA,subnational2
"Sangli",IN-MH-SN,subnational2
"Pauri Garhwal",IN-UL-PG,subnational2
"Idukki",IN-KL-ID,subnational2
"Kannur",IN-KL-KN,subnational2
"Kancheepuram",IN-TN-KC,subnational2
"Udupi",IN-KA-UD,subnational2
"Tiruppur",IN-TN-TP,subnational2
"Narmadapuram",IN-MP-HO,subnational2
"Erode",IN-TN-ER,subnational2
"South Delhi",IN-DL-SO,subnational2
"Dhule",IN-MH-DH,subnational2
"Mumbai Suburban",IN-MH-MS,subnational2
"Sirohi",IN-RJ-SR,subnational2
"Sindhudurg",IN-MH-SI,subnational2
"Saraikela-Kharsawan",IN-JH-SR,subnational2
"Aurangabad",IN-MH-AU,subnational2
"Navsari",IN-GJ-NV,subnational2
"Karur",IN-TN-KR,subnational2
"Kozhikode",IN-KL-KZ,subnational2
"Mandya",IN-KA-MA,subnational2
"Khandwa",IN-MP-EN,subnational2
"Betul",IN-MP-BE,subnational2
"Sonipat",IN-HR-SO,subnational2
"Kodagu",IN-KA-KD,subnational2
"Champawat",IN-UL-CP,subnational2
"Uttar Dinajpur",IN-WB-UD,subnational2
"Dausa",IN-RJ-DA,subnational2
"Kokrajhar",IN-AS-KK,subnational2
"Bundi",IN-RJ-BU,subnational2
"Chittorgarh",IN-RJ-CT,subnational2
"Kota",IN-RJ-KO,subnational2
"Ahmednagar",IN-MH-AH,subnational2
"Sahibzada Ajit Singh Nagar",IN-PB-SH,subnational2
"Anantnag",IN-JK-AN,subnational2
"Mungeli",IN-CT-MU,subnational2
"Kabirdham",IN-CT-KW,subnational2
"Durg",IN-CT-DU,subnational2
"Thoothukudi",IN-TN-TK,subnational2
"Chengalpattu",IN-TN-CP,subnational2
"Howrah",IN-WB-HR,subnational2
"Upper Dibang Valley",IN-AR-UD,subnational2
"Krishnagiri",IN-TN-KS,subnational2
"Indore",IN-MP-IN,subnational2
"Kumuram Bheem Asifabad",IN-TS-KB,subnational2
"Sonitpur",IN-AS-SO,subnational2
"Perambalur",IN-TN-PE,subnational2
"Tiruvannamalai",IN-TN-TV,subnational2
"Gandhinagar",IN-GJ-GA,subnational2
"Sabarkantha",IN-GJ-SK,subnational2
"Chennai",IN-TN-CH,subnational2
"Pudukkottai",IN-TN-PU,subnational2
"Hassan",IN-KA-HS,subnational2
"Patiala",IN-PB-PA,subnational2
"The Nilgiris",IN-TN-NI,subnational2
"Haveri",IN-KA-HV,subnational2
"Kachchh",IN-GJ-KA,subnational2
"Lucknow",IN-UP-LU,subnational2
"Ernakulam",IN-KL-ER,subnational2
"Thiruvananthapuram",IN-KL-TV,subnational2
"Ratnagiri",IN-MH-RT,subnational2
"Vizianagaram",IN-AP-VZ,subnational2
"Theni",IN-TN-TH,subnational2
"North Goa",IN-GA-NG,subnational2
"Kolhapur",IN-MH-KO,subnational2
"North and Middle Andaman",IN-AN-AN,subnational2
"Satara",IN-MH-ST,subnational2
"Tirupathur",IN-TN-TU,subnational2
"Tirunelveli",IN-TN-TI,subnational2
"Rudraprayag",IN-UL-RP,subnational2
"Bagalkote",IN-KA-BK,subnational2
"Lakshadweep",IN-LD-LD,subnational2
"Dewas",IN-MP-DE,subnational2
"Golaghat",IN-AS-GG,subnational2
"Leh",IN-LA-LE,subnational2
"Kangra",IN-HP-KA,subnational2
"South Garo Hills",IN-ML-SG,subnational2
"Jodhpur",IN-RJ-JO,subnational2
"South Goa",IN-GA-SG,subnational2
"Agra",IN-UP-AG,subnational2
"Anantapuramu",IN-AP-AN,subnational2
"Sawai Madhopur",IN-RJ-SM,subnational2
"Balaghat",IN-MP-BL,subnational2
"Kolkata",IN-WB-KO,subnational2
"Shivamogga",IN-KA-SH,subnational2
"South 24 Parganas",IN-WB-PS,subnational2
"Kulgam",IN-JK-KL,subnational2
"Khargone",IN-MP-WN,subnational2
"Murshidabad",IN-WB-MU,subnational2
"Kurnool",IN-AP-KU,subnational2
"Surat",IN-GJ-ST,subnational2
"Mamit",IN-MZ-MA,subnational2
"Chitradurga",IN-KA-CT,subnational2
"Vijayapura",IN-KA-BJ,subnational2
"Subarnapur",IN-OR-SO,subnational2
"Paschim Medinipur",IN-WB-MW,subnational2
"Surendranagar",IN-GJ-SN,subnational2
"Bhavnagar",IN-GJ-BV,subnational2
"Aizawl",IN-MZ-AI,subnational2
"Jaisalmer",IN-RJ-JS,subnational2
"Purba Bardhaman",IN-WB-PB,subnational2
"Deoghar",IN-JH-DE,subnational2
"Birbhum",IN-WB-BI,subnational2
"Mathura",IN-UP-MT,subnational2
"Purulia",IN-WB-PU,subnational2
"Barabanki",IN-UP-BB,subnational2
"Jammu",IN-JK-JA,subnational2
"Malappuram",IN-KL-MA,subnational2
"Nalgonda",IN-TS-NA,subnational2
"Gadag",IN-KA-GA,subnational2
"Raipur",IN-CT-RP,subnational2
"Akola",IN-MH-AK,subnational2
"Chamoli",IN-UL-CL,subnational2
"Raigad",IN-MH-RG,subnational2
"Tumakuru",IN-KA-TU,subnational2
"Cuddalore",IN-TN-CU,subnational2
"Thiruvallur",IN-TN-TL,subnational2
"Fazilka",IN-PB-FA,subnational2
"Puducherry",IN-PY-PO,subnational2
"Virudhunagar",IN-TN-VR,subnational2
"Ramanathapuram",IN-TN-RA,subnational2
"Gautam Buddha Nagar",IN-UP-GB,subnational2
"Jaipur",IN-RJ-JP,subnational2
"East Garo Hills",IN-ML-EG,subnational2
"Kullu",IN-HP-KU,subnational2
"Aligarh",IN-UP-AL,subnational2
"Prayagraj",IN-UP-AH,subnational2
"Chikkamagaluru",IN-KA-CK,subnational2
"Ballari",IN-KA-BL,subnational2
"Sri Potti Sriramulu Nellore",IN-AP-NE,subnational2
"Almora",IN-UL-AL,subnational2
"Wardha",IN-MH-WR,subnational2
"Kanpur Nagar",IN-UP-KN,subnational2
"Hooghly",IN-WB-HG,subnational2
"Lohit",IN-AR-LO,subnational2
"Kanniyakumari",IN-TN-KK,subnational2
"Kanpur Dehat",IN-UP-KD,subnational2
"Ashoknagar",IN-MP-AS,subnational2
"Harda",IN-MP-HA,subnational2
"Anuppur",IN-MP-AN,subnational2
"Dindori",IN-MP-DI,subnational2
"Tinsukia",IN-AS-TI,subnational2
"Solan",IN-HP-SO,subnational2
"Seoni",IN-MP-SO,subnational2
"Buldhana",IN-MH-BU,subnational2
"Bargarh",IN-OR-BR,subnational2
"Hazaribagh",IN-JH-HA,subnational2
"Ambala",IN-HR-AM,subnational2
"Krishna",IN-AP-KR,subnational2
"Amreli",IN-GJ-AM,subnational2
"Angul",IN-OR-AN,subnational2
"Valsad",IN-GJ-VL,subnational2
"Unakoti",IN-TR-UN,subnational2
"North West Delhi",IN-DL-NW,subnational2
"West Delhi",IN-DL-WE,subnational2
"Central Delhi",IN-DL-CE,subnational2
"North Delhi",IN-DL-NO,subnational2
"Paschim Bardhaman",IN-WB-PA,subnational2
"Kamrup Metropolitan",IN-AS-KM,subnational2
"Mayurbhanj",IN-OR-MY,subnational2
"Sangareddy",IN-TS-SR,subnational2
"Porbandar",IN-GJ-PO,subnational2
"Junagadh",IN-GJ-JU,subnational2
"Faridabad",IN-HR-FR,subnational2
"Gurugram",IN-HR-GU,subnational2
"Jhargram",IN-WB-JH,subnational2
"East Singhbhum",IN-JH-ES,subnational2
"Gwalior",IN-MP-GW,subnational2
"Warangal Urban",IN-TS-WU,subnational2
"Kolar",IN-KA-KL,subnational2
"Vadodara",IN-GJ-VD,subnational2
"Yavatmal",IN-MH-YA,subnational2
"Nabarangapur",IN-OR-NB,subnational2
"Nagarkurnool",IN-TS-NG,subnational2
"Amroha",IN-UP-JP,subnational2
"East Delhi",IN-DL-EA,subnational2
"Nashik",IN-MH-NS,subnational2
"Nagaon",IN-AS-NG,subnational2
"Dhanbad",IN-JH-DH,subnational2
"Koraput",IN-OR-KO,subnational2
"Davanagere",IN-KA-DA,subnational2
"Anand",IN-GJ-AN,subnational2
"Tehri Garhwal",IN-UL-TG,subnational2
"Jalpaiguri",IN-WB-JA,subnational2
"Rupnagar",IN-PB-RU,subnational2
"Chandrapur",IN-MH-CH,subnational2
"Jogulamba Gadwal",IN-TS-JG,subnational2
"Vikarabad",IN-TS-VI,subnational2
"Firozabad",IN-UP-FI,subnational2
"Ajmer",IN-RJ-AJ,subnational2
"Srinagar",IN-JK-SR,subnational2
"Bilaspur",IN-CT-BI,subnational2
"Hyderabad",IN-TS-HY,subnational2
"Belagavi",IN-KA-BG,subnational2
"Datia",IN-MP-DT,subnational2
"Mumbai",IN-MH-MC,subnational2
"Devbhumi Dwarka",IN-GJ-DD,subnational2
"Sagar",IN-MP-SG,subnational2
"Bharuch",IN-GJ-BR,subnational2
"Ganjam",IN-OR-GN,subnational2
"Shimla",IN-HP-SH,subnational2
"Cuttack",IN-OR-CU,subnational2
"Raichur",IN-KA-RA,subnational2
"Kalaburagi",IN-KA-GU,subnational2
"Mahabubnagar",IN-TS-MA,subnational2
"Osmanabad",IN-MH-OS,subnational2
"Bhojpur",IN-BR-BJ,subnational2
"Baleswar",IN-OR-BW,subnational2
"West Khasi Hills",IN-ML-WK,subnational2
"Ranipet",IN-TN-RN,subnational2
"Andhra Pradesh",IN-AP,subnational1
"Gir Somnath",IN-GJ-GS,subnational2
"Umaria",IN-MP-UM,subnational2
"Srikakulam",IN-AP-SR,subnational2
"Banaskantha",IN-GJ-BK,subnational2
"Bengaluru Rural",IN-KA-BR,subnational2
"Bandipora",IN-JK-BN,subnational2
"Mahoba",IN-UP-MH,subnational2
"Ramanagara",IN-KA-RM,subnational2
"Ranchi",IN-JH-RA,subnational2
"Palghar",IN-MH-PG,subnational2
"Mandla",IN-MP-ML,subnational2
"Baksa",IN-AS-BK,subnational2
"Ariyalur",IN-TN-AR,subnational2
"Namsai",IN-AR-NA,subnational2
"East Khasi Hills",IN-ML-EK,subnational2
"Raisen",IN-MP-RS,subnational2
"West Karbi Anglong",IN-AS-WK,subnational2
"Lakhisarai",IN-BR-LA,subnational2
"Solapur",IN-MH-SO,subnational2
"Saharanpur",IN-UP-SA,subnational2
"Jorhat",IN-AS-JO,subnational2
"Cachar",IN-AS-CA,subnational2
"Uttarkashi",IN-UL-UT,subnational2
"Varanasi",IN-UP-VA,subnational2
"Ganderbal",IN-JK-GN,subnational2
"Darbhanga",IN-BR-DA,subnational2
"Wanaparthy",IN-TS-WN,subnational2
"Shahjahanpur",IN-UP-SJ,subnational2
"Hingoli",IN-MH-HI,subnational2
"Mandi",IN-HP-MA,subnational2
"Ujjain",IN-MP-UJ,subnational2
"Kangpokpi",IN-MN-KN,subnational2
"Bishnupur",IN-MN-BI,subnational2
"Gariaband",IN-CT-GA,subnational2
"Ayodhya",IN-UP-FZ,subnational2
"Tamenglong",IN-MN-TA,subnational2
"Lahaul and Spiti",IN-HP-LS,subnational2
"Dadra & Nagar Haveli",IN-DN-DN,subnational2
"Barpeta",IN-AS-BA,subnational2
"Hoshiarpur",IN-PB-HO,subnational2
"Kamareddy",IN-TS-KM,subnational2
"Jhunjhunu",IN-RJ-JJ,subnational2
"Khordha",IN-OR-KH,subnational2
"Dhamtari",IN-CT-DH,subnational2
"Azamgarh",IN-UP-AZ,subnational2
"Rajouri",IN-JK-RA,subnational2
"Pilibhit",IN-UP-PI,subnational2
"Amethi",IN-UP-AE,subnational2
"Fatehgarh Sahib",IN-PB-FT,subnational2
"Narsinghpur",IN-MP-NA,subnational2
"Jalandhar",IN-PB-JA,subnational2
"Jhabua",IN-MP-JH,subnational2
"South Sikkim",IN-SK-SS,subnational2
"Nayagarh",IN-OR-NY,subnational2
"Budaun",IN-UP-BD,subnational2
"Dantewada",IN-CT-DA,subnational2
"Jabalpur",IN-MP-JA,subnational2
"Bhilwara",IN-RJ-BW,subnational2
"Udaipur",IN-RJ-UD,subnational2
"Kheda",IN-GJ-KH,subnational2
"Jhajjar",IN-HR-JH,subnational2
"Hanumangarh",IN-RJ-HA,subnational2
"Bareilly",IN-UP-BR,subnational2
"YSR District (Kadapa)",IN-AP-CU,subnational2
"Lakhimpur",IN-AS-LA,subnational2
"Bageshwar",IN-UL-BA,subnational2
"Kathua",IN-JK-KT,subnational2
"Bharatpur",IN-RJ-BP,subnational2
"Pali",IN-RJ-PA,subnational2
"Rajnandgaon",IN-CT-RN,subnational2
"Panna",IN-MP-PA,subnational2
"Balangir",IN-OR-BL,subnational2
"Purba Medinipur",IN-WB-ME,subnational2
"Nadia",IN-WB-NA,subnational2
"Deoria",IN-UP-DE,subnational2
"Katni",IN-MP-KA,subnational2
"Biswanath",IN-AS-BI,subnational2
"Udham Singh Nagar",IN-UL-US,subnational2
"Satna",IN-MP-ST,subnational2
"Kiphire",IN-NL-KI,subnational2
"Madhepura",IN-BR-MP,subnational2
"Kolasib",IN-MZ-KO,subnational2
"Chamba",IN-HP-CH,subnational2
"Tonk",IN-RJ-TO,subnational2
"Guna",IN-MP-GU,subnational2
"North Sikkim",IN-SK-NS,subnational2
"Sant Kabir Nagar",IN-UP-SK,subnational2
"Hailakandi",IN-AS-HA,subnational2
"Maharajganj",IN-UP-MG,subnational2
"Jamnagar",IN-GJ-JA,subnational2
"Rohtak",IN-HR-RO,subnational2
"Bijnor",IN-UP-BI,subnational2
"Gonda",IN-UP-GN,subnational2
"Puri",IN-OR-PU,subnational2
"Yadgiri",IN-KA-YD,subnational2
"Malkangiri",IN-OR-ML,subnational2
"Bankura",IN-WB-BN,subnational2
"Muzaffarnagar",IN-UP-MU,subnational2
"Panchmahal",IN-GJ-PM,subnational2
"Amravati",IN-MH-AM,subnational2
"Lower Dibang Valley",IN-AR-LD,subnational2
"Bilaspur",IN-HP-BI,subnational2
"Shahdol",IN-MP-SH,subnational2
"Mirzapur",IN-UP-MI,subnational2
"Banda",IN-UP-BN,subnational2
"Jagatsinghpur",IN-OR-JS,subnational2
"Damoh",IN-MP-DM,subnational2
"Gondia",IN-MH-GO,subnational2
"Poonch",IN-JK-PO,subnational2
"Bhadradri Kothagudem",IN-TS-BK,subnational2
"Gomati",IN-TR-GO,subnational2
"Niwari",IN-MP-NI,subnational2
"Gumla",IN-JH-GU,subnational2
"Koppal",IN-KA-KP,subnational2
"Bhandara",IN-MH-BH,subnational2
"Nagaur",IN-RJ-NA,subnational2
"Ghazipur",IN-UP-GP,subnational2
"Bulandshahr",IN-UP-BU,subnational2
"West Singhbhum",IN-JH-WS,subnational2
"Vaishali",IN-BR-VA,subnational2
"Nalbari",IN-AS-NL,subnational2
"Khowai",IN-TR-KH,subnational2
"Begusarai",IN-BR-BE,subnational2
"Jhalawar",IN-RJ-JW,subnational2
"Sehore",IN-MP-SR,subnational2
"Udalguri",IN-AS-UD,subnational2
"Mahasamund",IN-CT-MA,subnational2
"West Sikkim",IN-SK-WS,subnational2
"Alipurduar",IN-WB-AL,subnational2
"Kargil",IN-LA-KA,subnational2
"Jhansi",IN-UP-JH,subnational2
"Neemuch",IN-MP-NE,subnational2
"Latehar",IN-JH-LA,subnational2
"Samba",IN-JK-SA,subnational2
"Chatra",IN-JH-CH,subnational2
"Kinnaur",IN-HP-KI,subnational2
"Sikar",IN-RJ-SK,subnational2
"Chirang",IN-AS-CR,subnational2
"Sheopur",IN-MP-SP,subnational2
"Surajpur",IN-CT-SR,subnational2
"Ramban",IN-JK-RM,subnational2
"Kapurthala",IN-PB-KA,subnational2
"Mehsana",IN-GJ-MA,subnational2
"Beed",IN-MH-BI,subnational2
"Panchkula",IN-HR-PK,subnational2
"Nalanda",IN-BR-NL,subnational2
"Jaunpur",IN-UP-JU,subnational2
"Bidar",IN-KA-BD,subnational2
"Sambalpur",IN-OR-SA,subnational2
"Kandhamal",IN-OR-KN,subnational2
"Phek",IN-NL-PH,subnational2
"Jharsuguda",IN-OR-JH,subnational2
"Khammam",IN-TS-KH,subnational2
"Chhatarpur",IN-MP-CT,subnational2
"Madhubani",IN-BR-MB,subnational2
"Peren",IN-NL-PE,subnational2
"Diu",IN-DD-DI,subnational2
"Suryapet",IN-TS-SU,subnational2
"Pashchim Champaran",IN-BR-WC,subnational2
"Ballia",IN-UP-BL,subnational2
"Chhota Udaipur",IN-GJ-CU,subnational2
"Doda",IN-JK-DO,subnational2
"Telangana",IN-TS,subnational1
"Una",IN-HP-UN,subnational2
"Khunti",IN-JH-KH,subnational2
"Burhanpur",IN-MP-BU,subnational2
"Kaushambi",IN-UP-KS,subnational2
"Prakasam",IN-AP-PR,subnational2
"Shrawasti",IN-UP-SV,subnational2
"Chhindwara",IN-MP-CN,subnational2
"Dumka",IN-JH-DU,subnational2
"Pakke Kessang",IN-AR-PK,subnational2
"Kishtwar",IN-JK-KS,subnational2
"Ratlam",IN-MP-RL,subnational2
"Kalahandi",IN-OR-KL,subnational2
"Reasi",IN-JK-RE,subnational2
"Mahabubabad",IN-TS-MH,subnational2
"Karbi Anglong",IN-AS-KA,subnational2
"West Godavari",IN-AP-WG,subnational2
"Kendrapara",IN-OR-KP,subnational2
"Dholpur",IN-RJ-DH,subnational2
"Ludhiana",IN-PB-LU,subnational2
"Bijapur",IN-CT-BJ,subnational2
"Bongaigaon",IN-AS-BO,subnational2
"Sri Muktsar Sahib",IN-PB-MU,subnational2
"Ghaziabad",IN-UP-GZ,subnational2
"Bikaner",IN-RJ-BI,subnational2
"Rampur",IN-UP-RA,subnational2
"Narayanpur",IN-CT-NA,subnational2
"Bemetara",IN-CT-BM,subnational2
"Bathinda",IN-PB-BA,subnational2
"Saitual",IN-MZ-ST,subnational2
"Charki Dadri",IN-HR-CD,subnational2
"Rayagada",IN-OR-RA,subnational2
"Hisar",IN-HR-HI,subnational2
"Gadchiroli",IN-MH-GA,subnational2
"Gaya",IN-BR-GA,subnational2
"Mulugu",IN-TS-MU,subnational2
"Dibrugarh",IN-AS-DI,subnational2
"Bahraich",IN-UP-BH,subnational2
"Bokaro",IN-JH-BO,subnational2
"West Garo Hills",IN-ML-WG,subnational2
"Majuli",IN-AS-MJ,subnational2
"Balod",IN-CT-BD,subnational2
"Botad",IN-GJ-BO,subnational2
"Sepahijala",IN-TR-SO,subnational2
"Kurukshetra",IN-HR-KU,subnational2
"Sundargarh",IN-OR-SU,subnational2
"Kamrup",IN-AS-KP,subnational2
"Darrang",IN-AS-DA,subnational2
"Dang",IN-GJ-DG,subnational2
"Lohardaga",IN-JH-LO,subnational2
"Guntur",IN-AP-GU,subnational2
"Warangal Rural",IN-TS-WR,subnational2
"Mancherial",IN-TS-MN,subnational2
"Korba",IN-CT-KB,subnational2
"Tawang",IN-AR-TA,subnational2
"Kupwara",IN-JK-KU,subnational2
"Chandigarh",IN-CH-CH,subnational2
"Ri-Bhoi",IN-ML-RB,subnational2
"Shahdara",IN-DL-SH,subnational2
"Sirsa",IN-HR-SI,subnational2
"Thiruvarur",IN-TN-TR,subnational2
"Yadadri Bhuvanagiri",IN-TS-YB,subnational2
"Yamunanagar",IN-HR-YN,subnational2
"Kaithal",IN-HR-KT,subnational2
"Jangaon",IN-TS-JN,subnational2
"Sitapur",IN-UP-SI,subnational2
"Ramgarh",IN-JH-RM,subnational2
"Janjgir-Champa",IN-CT-JC,subnational2
"Ferozepur",IN-PB-FI,subnational2
"Punjab",IN-PB,subnational1
"Tarn Taran",IN-PB-TA,subnational2
"Etawah",IN-UP-EW,subnational2
"Morena",IN-MP-MO,subnational2
"Jamui",IN-BR-JA,subnational2
"Bhadrak",IN-OR-BH,subnational2
"Chandauli",IN-UP-CD,subnational2
"Imphal West",IN-MN-WI,subnational2
"Changlang",IN-AR-CH,subnational2
"Dhemaji",IN-AS-DM,subnational2
"Boudh",IN-OR-BD,subnational2
"Churu",IN-RJ-CR,subnational2
"Tamil Nadu",IN-TN,subnational1
"Pulwama",IN-JK-PU,subnational2
"Kamjong",IN-MN-KM,subnational2
"Meerut",IN-UP-ME,subnational2
"Washim",IN-MH-WS,subnational2
"Kohima",IN-NL-KO,subnational2
"East Kameng",IN-AR-EK,subnational2
"Shajapur",IN-MP-SJ,subnational2
"Barmer",IN-RJ-BM,subnational2
"Anjaw",IN-AR-AN,subnational2
"Saran",IN-BR-SR,subnational2
"Rajgarh",IN-MP-RG,subnational2
"Vidisha",IN-MP-VI,subnational2
"Medak",IN-TS-ME,subnational2
"Gorakhpur",IN-UP-GR,subnational2
"Nizamabad",IN-TS-NI,subnational2
"Giridih",IN-JH-GI,subnational2
"Mokokchung",IN-NL-MK,subnational2
"Sirmaur",IN-HP-SI,subnational2
"Wokha",IN-NL-WO,subnational2
"North Tripura",IN-TR-NT,subnational2
"Rajsamand",IN-RJ-RA,subnational2
"Pratapgarh",IN-RJ-PR,subnational2
"Cooch Behar",IN-WB-KB,subnational2
"South West Delhi",IN-DL-SW,subnational2
"Dahod",IN-GJ-DA,subnational2
"Fatehpur",IN-UP-FT,subnational2
"Daman",IN-DD-DA,subnational2
"Baramulla",IN-JK-BR,subnational2
"Kendujhar",IN-OR-KJ,subnational2
"West Jaintia Hills",IN-ML-WJ,subnational2
"Dhar",IN-MP-DH,subnational2
"Lakhimpur Kheri",IN-UP-LK,subnational2
"Hojai",IN-AS-HO,subnational2
"Jalna",IN-MH-JN,subnational2
"Goalpara",IN-AS-GP,subnational2
"Sonbhadra",IN-UP-SO,subnational2
"Mandsaur",IN-MP-MS,subnational2
"Morigaon",IN-AS-MA,subnational2
"Siddipet",IN-TS-SI,subnational2
"Patan",IN-GJ-PA,subnational2
"Dhubri",IN-AS-DB,subnational2
"Barwani",IN-MP-BR,subnational2
"Mahendragarh",IN-HR-MA,subnational2
"Shivpuri",IN-MP-SV,subnational2
"Dimapur",IN-NL-DI,subnational2
"South West Garo Hills",IN-ML-SW,subnational2
"Mau",IN-UP-MA,subnational2
"Karimganj",IN-AS-KR,subnational2
"Agar Malwa",IN-MP-AM,subnational2
"Udhampur",IN-JK-UD,subnational2
"Dungarpur",IN-RJ-DU,subnational2
"Senapati",IN-MN-SE,subnational2
"Champhai",IN-MZ-CH,subnational2
"East Jaintia Hills",IN-ML-EJ,subnational2
"Sidhi",IN-MP-SI,subnational2
"Raebareli",IN-UP-RB,subnational2
"Unnao",IN-UP-UN,subnational2
"Bhind",IN-MP-BD,subnational2
"Narmada",IN-GJ-NR,subnational2
"Lalitpur",IN-UP-LA,subnational2
"Gopalganj",IN-BR-GO,subnational2
"Kushinagar",IN-UP-KU,subnational2
"Hapur",IN-UP-HP,subnational2
"North East Delhi",IN-DL-NE,subnational2
"Morbi",IN-GJ-MO,subnational2
"Peddapalli",IN-TS-PE,subnational2
"Korea",IN-CT-KJ,subnational2
"Surguja",IN-CT-SU,subnational2
"Karauli",IN-RJ-KA,subnational2
"Zunheboto",IN-NL-ZU,subnational2
"Upper Siang",IN-AR-US,subnational2
"Katihar",IN-BR-KT,subnational2
"Jajpur",IN-OR-JP,subnational2
"Buxar",IN-BR-BU,subnational2
"Sultanpur",IN-UP-SU,subnational2
"Hathras",IN-UP-HT,subnational2
"Koderma",IN-JH-KO,subnational2
"Tapi",IN-GJ-TA,subnational2
"Hnahthial",IN-MZ-HN,subnational2
"Karaikal",IN-PY-KA,subnational2
"Sangrur",IN-PB-SA,subnational2
"Singrauli",IN-MP-SN,subnational2
"Yanam",IN-PY-YA,subnational2
"Serchhip",IN-MZ-SE,subnational2
"Dhalai",IN-TR-DH,subnational2
"Chitrakoot",IN-UP-CT,subnational2
"Gurdaspur",IN-PB-GU,subnational2
"Dima Hasao",IN-AS-NC,subnational2
"Balrampur",IN-CT-BP,subnational2
"Nuh",IN-HR-ME,subnational2
"Latur",IN-MH-LA,subnational2
"Ambedkar Nagar",IN-UP-AN,subnational2
"Shopian",IN-JK-SH,subnational2
"Rewari",IN-HR-RE,subnational2
"Imphal East",IN-MN-EI,subnational2
"Chandel",IN-MN-CD,subnational2
"Jalore",IN-RJ-JL,subnational2
"Muzaffarabad",IN-JK-MU,subnational2
"South West Khasi Hills",IN-ML-SK,subnational2
"Munger",IN-BR-MG,subnational2
"Karnataka",IN-KA,subnational1
"Ukhrul",IN-MN-UK,subnational2
"Kishanganj",IN-BR-KI,subnational2
"Kanker",IN-CT-KK,subnational2
"Jind",IN-HR-JI,subnational2
"Mahisagar",IN-GJ-MG,subnational2
"Pathankot",IN-PB-PK,subnational2
"Palwal",IN-HR-PL,subnational2
"Sukma",IN-CT-SK,subnational2
"Rohtas",IN-BR-RO,subnational2
"Dakshin Dinajpur",IN-WB-DD,subnational2
"Jayashankar",IN-TS-JY,subnational2
"Jalaun",IN-UP-JL,subnational2
"Mainpuri",IN-UP-MP,subnational2
"Kaimur",IN-BR-KM,subnational2
"Karnal",IN-HR-KR,subnational2
"Kasganj",IN-UP-KM,subnational2
"Moradabad",IN-UP-MO,subnational2
"Aravalli",IN-GJ-AR,subnational2
"Hardoi",IN-UP-HR,subnational2
"Simdega",IN-JH-SI,subnational2
"Nuapada",IN-OR-NU,subnational2
"Jashpur",IN-CT-JA,subnational2
"Kakching",IN-MN-KK,subnational2
"Gajapati",IN-OR-GP,subnational2
"Khawzawl",IN-MZ-KZ,subnational2
"Kondagaon",IN-CT-KO,subnational2
"Khagaria",IN-BR-KH,subnational2
"Tengnoupal",IN-MN-TE,subnational2
"Kannauj",IN-UP-KJ,subnational2
"Churachandpur",IN-MN-CC,subnational2
"Balrampur",IN-UP-BP,subnational2
"Nanded",IN-MH-ND,subnational2
"Mon",IN-NL-MN,subnational2
"Karimnagar",IN-TS-KA,subnational2
"Lunglei",IN-MZ-LU,subnational2
"Siaha",IN-MZ-SA,subnational2
"Alirajpur",IN-MP-AL,subnational2
"Mirpur",IN-JK-MI,subnational2
"Mahe",IN-PY-MA,subnational2
"Tikamgarh",IN-MP-TI,subnational2
"Banswara",IN-RJ-BN,subnational2
"Basti",IN-UP-BS,subnational2
"Palamu",IN-JH-PL,subnational2
"Parbhani",IN-MH-PA,subnational2
"Uttar Pradesh",IN-UP,subnational1
"Shi Yomi",IN-AR-SY,subnational2
"Rajanna Sircilla",IN-TS-RS,subnational2
"Charaideo",IN-AS-CH,subnational2
"Purba Champaran",IN-BR-EC,subnational2
"Deogarh",IN-OR-DE,subnational2
"Haryana",IN-HR,subnational1
"Papum Pare",IN-AR-PA,subnational2
"Sahibganj",IN-JH-SA,subnational2
"Kurung Kumey",IN-AR-KK,subnational2
"Farrukhabad",IN-UP-FR,subnational2
"Nawada",IN-BR-NW,subnational2
"Panipat",IN-HR-PP,subnational2
"Araria",IN-BR-AR,subnational2
"Jamtara",IN-JH-JA,subnational2
"Etah",IN-UP-ET,subnational2
"13.3022219",13.3022219,subnational2
"Auraiya",IN-UP-AU,subnational2
"Purnia",IN-BR-PU,subnational2
"Samastipur",IN-BR-SM,subnational2
"Baran",IN-RJ-BR,subnational2
"Faridkot",IN-PB-FR,subnational2
"Lower Subansiri",IN-AR-LB,subnational2
"Saharsa",IN-BR-SH,subnational2
"Bhadohi",IN-UP-SR,subnational2
"Siwan",IN-BR-SW,subnational2
"Kamle",IN-AR-KA,subnational2
"Shaheed Bhagat Singh Nagar",IN-PB-NS,subnational2
"Hamirpur",IN-UP-HM,subnational2
"Kerala",IN-KL,subnational1
"Nandurbar",IN-MH-NB,subnational2
"South Tripura",IN-TR-ST,subnational2
"Baghpat",IN-UP-BG,subnational2
"Papua",ID-IJ-PA,subnational2
"Sumatera Barat",ID-SM-SB,subnational2
"Bali",ID-NU-BA,subnational2
"Maluku",ID-MA-MA,subnational2
"Papua Barat",ID-IJ-PB,subnational2
"Jakarta Raya",ID-JW-JK,subnational2
"Jawa Barat",ID-JW-JB,subnational2
"Kepulauan Riau",ID-SM-KR,subnational2
"Kalimantan Selatan",ID-KA-KS,subnational2
"Jawa Timur",ID-JW-JI,subnational2
"Sumatera Utara",ID-SM-SU,subnational2
"Jambi",ID-SM-JA,subnational2
"Maluku Utara",ID-MA-MU,subnational2
"Bangka Belitung",ID-SM-BB,subnational2
"Nusa Tenggara Timur",ID-NU-NT,subnational2
"Nusa Tenggara Barat",ID-NU-NB,subnational2
"Jawa Tengah",ID-JW-JT,subnational2
"Sulawesi Utara",ID-SL-SA,subnational2
"Lampung",ID-SM-LA,subnational2
"Sulawesi Tengah",ID-SL-ST,subnational2
"Sulawesi Tenggara",ID-SL-SG,subnational2
"Riau",ID-SM-RI,subnational2
"Kalimantan Barat",ID-KA-KB,subnational2
"Yogyakarta",ID-JW-YO,subnational2
"Kalimantan Timur",ID-KA-KI,subnational2
"Sulawesi Selatan",ID-SL-SN,subnational2
"Kalimantan Tengah",ID-KA-KT,subnational2
"Gorontalo",ID-SL-GO,subnational2
"Aceh",ID-SM-AC,subnational2
"Sumatera Selatan",ID-SM-SS,subnational2
"Banten",ID-JW-BT,subnational2
"Bengkulu",ID-SM-BE,subnational2
"Tehran",IR-07,subnational1
"Az¯arbayjan-e Sharqi",IR-01,subnational1
"Khuzestan",IR-10,subnational1
"Mazandaran",IR-21,subnational1
"Khorasan-e Razavi",IR-30,subnational1
"Hamadan",IR-24,subnational1
"Bushehr",IR-06,subnational1
"Semnan",IR-12,subnational1
"Golestan",IR-27,subnational1
"Markazi",IR-22,subnational1
"Qazvin",IR-28,subnational1
"Kordestan",IR-16,subnational1
"Ardabil",IR-03,subnational1
"Khorasan-e Janubi",IR-29,subnational1
"Gilan",IR-19,subnational1
"Yazd",IR-25,subnational1
"Fars",IR-14,subnational1
"Hormozgan",IR-23,subnational1
"Sistan va Baluchestan",IR-13,subnational1
"Kerman",IR-15,subnational1
"Qom",IR-26,subnational1
"Lorestan",IR-20,subnational1
"Kermanshah",IR-17,subnational1
"Khorasan-e Shemali",IR-31,subnational1
"Az¯arbayjan-e Gharbi",IR-02,subnational1
"Chahar Mah¸all va Bakhtiari",IR-08,subnational1
"Zanjan",IR-11,subnational1
"Esfahan",IR-04,subnational1
"Ilam",IR-05,subnational1
"Kohkiluyeh va Buyer Ahmad",IR-18,subnational1
"As Sulaymaniyah",IQ-SU,subnational1
"Al Anbar",IQ-AN,subnational1
"Al Basrah",IQ-BA,subnational1
"At Ta'mim",IQ-TS,subnational1
"Dahuk",IQ-DA,subnational1
"Arbil",IQ-AR,subnational1
"Baghdad",IQ-BG,subnational1
"Ninawá",IQ-NI,subnational1
"Dhi Qar",IQ-DQ,subnational1
"Salah ad Din",IQ-SD,subnational1
"Diyalá",IQ-DI,subnational1
"Babil",IQ-BB,subnational1
"Galway",IE-C-GY,subnational2
"Mayo",IE-C-MO,subnational2
"Waterford",IE-M-WD,subnational2
"Limerick",IE-M-LK,subnational2
"Clare",IE-M-CE,subnational2
"Cork",IE-M-CK,subnational2
"Dublin",IE-L-DN,subnational2
"Kerry",IE-M-KY,subnational2
"Carlow",IE-L-CW,subnational2
"Donegal",IE-U-DL,subnational2
"Louth",IE-L-LH,subnational2
"Westmeath",IE-L-WH,subnational2
"Wicklow",IE-L-WW,subnational2
"Tipperary",IE-M-TY,subnational2
"Sligo",IE-C-SO,subnational2
"Wexford",IE-L-WX,subnational2
"Offaly",IE-L-OY,subnational2
"Monaghan",IE-U-MN,subnational2
"Longford",IE-L-LD,subnational2
"Kildare",IE-L-KE,subnational2
"Kilkenny",IE-L-KK,subnational2
"Meath",IE-L-MH,subnational2
"Roscommon",IE-C-RN,subnational2
"Cavan",IE-U-CN,subnational2
"Laois",IE-L-LS,subnational2
"Munster",IE-M,subnational1
"Leitrim",IE-C-LM,subnational2
"Isle of Man, Isle of Man",IM-,subnational1
"HaDarom",IL-D,subnational1
"HaZafon",IL-Z,subnational1
"Haifa",IL-HA,subnational1
"Tel-Aviv",IL-TA,subnational1
"Yerushalayim",IL-JM,subnational1
"HaMerkaz",IL-M,subnational1
"Sicilia",IT-82,subnational1
"Veneto",IT-34,subnational1
"Marche",IT-57,subnational1
"Piemonte",IT-21,subnational1
"Toscana",IT-52,subnational1
"Lazio",IT-62,subnational1
"Puglia",IT-75,subnational1
"Campania",IT-72,subnational1
"Calabria",IT-78,subnational1
"Emilia-Romagna",IT-45,subnational1
"Lombardia",IT-25,subnational1
"Liguria",IT-42,subnational1
"Sardegna",IT-88,subnational1
"Friuli-Venezia Giulia",IT-36,subnational1
"Valle d'Aosta",IT-23,subnational1
"Molise",IT-67,subnational1
"Trentino-Alto Adige",IT-32,subnational1
"Abruzzo",IT-65,subnational1
"Umbria",IT-55,subnational1
"Basilicata",IT-77,subnational1
"Saint James",JM-08,subnational1
"Portland",JM-04,subnational1
"Saint Elizabeth",JM-11,subnational1
"Westmoreland",JM-10,subnational1
"Saint Ann",JM-06,subnational1
"Saint Thomas",JM-03,subnational1
"Saint Andrew",JM-02,subnational1
"Trelawny",JM-07,subnational1
"Saint Mary",JM-05,subnational1
"Saint Catherine",JM-14,subnational1
"Hanover",JM-09,subnational1
"Clarendon",JM-13,subnational1
"Kingston",JM-01,subnational1
"Manchester",JM-12,subnational1
"Yomitan",JP-47-21,subnational2
"Ayase",JP-14-19,subnational2
"Chatan",JP-47-23,subnational2
"Chiyoda City",JP-13-01,subnational2
"Nago",JP-47-05,subnational2
"Kadena",JP-47-22,subnational2
"Kunigami",JP-47-12,subnational2
"Ota City",JP-13-11,subnational2
"Yamanakako",JP-19-23,subnational2
"Iwakuni",JP-35-07,subnational2
"Yokosuka",JP-14-04,subnational2
"Minato City",JP-13-03,subnational2
"Sayama",JP-11-13,subnational2
"Fussa",JP-13-39,subnational2
"Kushiro",JP-01-06,subnational2
"Gujo",JP-21-19,subnational2
"Yoro",JP-21-24,subnational2
"Ogasawara",JP-13-62,subnational2
"Azumino",JP-20-19,subnational2
"Hakusan",JP-17-09,subnational2
"Kasai",JP-28-20,subnational2
"Shibuya City",JP-13-13,subnational2
"Minoo",JP-27-21,subnational2
"Fujimi",JP-11-31,subnational2
"Hakui",JP-17-07,subnational2
"Nagasaki",JP-42-01,subnational2
"Takayama",JP-21-03,subnational2
"Asahikawa",JP-01-04,subnational2
"Tomakomai",JP-01-13,subnational2
"Suzu",JP-17-05,subnational2
"Akiruno",JP-13-48,subnational2
"Sakai",JP-18-09,subnational2
"Awara",JP-18-07,subnational2
"Isumi",JP-12-36,subnational2
"Ichikikushikino",JP-46-13,subnational2
"Inabe",JP-24-12,subnational2
"Iwaki",JP-07-04,subnational2
"Uruma",JP-47-09,subnational2
"Okinawa",JP-47-07,subnational2
"Ebino",JP-45-09,subnational2
"Erimo",JP-01-149,subnational2
"Samani",JP-01-148,subnational2
"Oirase",JP-02-30,subnational2
"Kasumigaura",JP-08-26,subnational2
"Kahoku",JP-17-08,subnational2
"Saitama",JP-11-01,subnational2
"Sakura",JP-09-12,subnational2
"Satsuma",JP-46-22,subnational2
"Sanuki",JP-37-06,subnational2
"Tatsuno",JP-28-29,subnational2
"Taishi",JP-28-37,subnational2
"Tsugaru",JP-02-09,subnational2
"Tsukubamirai",JP-08-31,subnational2
"Tsukuba",JP-08-16,subnational2
"Tsurugi",JP-36-23,subnational2
"Tokigawa",JP-11-50,subnational2
"Kitami",JP-01-08,subnational2
"Nikaho",JP-05-12,subnational2
"Hitachinaka",JP-08-17,subnational2
"Manno",JP-37-17,subnational2
"Midori",JP-10-12,subnational2
"Minakami",JP-10-29,subnational2
"Mukawa",JP-01-143,subnational2
"Mutsu",JP-02-08,subnational2
"Taketomi",JP-47-40,subnational2
"Toyotomi",JP-01-117,subnational2
"Saroma",JP-01-129,subnational2
"Nemuro",JP-01-23,subnational2
"Gokase",JP-45-26,subnational2
"Niseko",JP-01-58,subnational2
"Shimoda",JP-22-16,subnational2
"Aogashima",JP-13-61,subnational2
"Ichinomiya",JP-23-04,subnational2
"Ichinomiya",JP-12-46,subnational2
"Ichinoseki",JP-03-08,subnational2
"Yurihonjo",JP-05-08,subnational2
"Nanao",JP-17-02,subnational2
"Anamizu",JP-17-18,subnational2
"Shichinohe",JP-02-25,subnational2
"Nanae",JP-01-42,subnational2
"Mihara",JP-34-04,subnational2
"Miyoshi",JP-36-08,subnational2
"Miyoshi",JP-34-08,subnational2
"Miyake",JP-13-58,subnational2
"Hagi",JP-35-04,subnational2
"Mishima",JP-22-05,subnational2
"Sannohe",JP-02-35,subnational2
"Miki",JP-28-15,subnational2
"Misawa",JP-02-07,subnational2
"Miura",JP-14-11,subnational2
"Sanda",JP-28-19,subnational2
"Mitoyo",JP-37-08,subnational2
"Chuo City",JP-13-02,subnational2
"Misato",JP-11-32,subnational2
"Sango",JP-29-15,subnational2
"Tsu",JP-24-01,subnational2
"Mitaka",JP-13-27,subnational2
"Musashino",JP-13-26,subnational2
"Chofu",JP-13-31,subnational2
"Kaminokuni",JP-01-48,subnational2
"Toshima",JP-46-21,subnational2
"Kaminokawa",JP-09-15,subnational2
"Kumagaya",JP-11-03,subnational2
"Kamikitayama",JP-29-37,subnational2
"Kamishihoro",JP-01-153,subnational2
"Kamiamakusa",JP-43-10,subnational2
"Kamifurano",JP-01-95,subnational2
"Ageo",JP-11-17,subnational2
"Kamikawa",JP-01-92,subnational2
"Kamiita",JP-36-22,subnational2
"Satsumasendai",JP-46-09,subnational2
"Ueda",JP-20-03,subnational2
"Yamato",JP-43-32,subnational2
"Joetsu",JP-15-15,subnational2
"Kamigori",JP-28-38,subnational2
"Kamisato",JP-11-58,subnational2
"Uenohara",JP-19-11,subnational2
"Kaminoseki",JP-35-16,subnational2
"Shimonita",JP-10-17,subnational2
"Gero",JP-21-20,subnational2
"Miyakojima",JP-47-10,subnational2
"Shimotsuma",JP-08-08,subnational2
"Shimoichi",JP-29-31,subnational2
"Shimosuwa",JP-20-31,subnational2
"Shimogo",JP-07-20,subnational2
"Shimotsuke",JP-09-14,subnational2
"Shimonoseki",JP-35-01,subnational2
"Yoron",JP-46-43,subnational2
"Yosano",JP-26-26,subnational2
"Setouchi",JP-46-35,subnational2
"Yonabaru",JP-47-27,subnational2
"Yonaguni",JP-47-41,subnational2
"Setagaya City",JP-13-12,subnational2
"Ama",JP-32-16,subnational2
"Nakai",JP-14-24,subnational2
"Nakatosa",JP-39-25,subnational2
"Nakagusuku",JP-47-25,subnational2
"Nakagawa",JP-20-38,subnational2
"Nakagawa",JP-01-104,subnational2
"Nakashibetsu",JP-01-177,subnational2
"Teshikaga",JP-01-173,subnational2
"Nakatsugawa",JP-21-06,subnational2
"Nakatsu",JP-44-03,subnational2
"Matsue",JP-32-01,subnational2
"Yonago",JP-31-02,subnational2
"Nakatane",JP-46-30,subnational2
"Nakano City",JP-13-14,subnational2
"Kushima",JP-45-07,subnational2
"Marugame",JP-37-02,subnational2
"Tabayama",JP-19-27,subnational2
"Tamba",JP-28-23,subnational2
"Kumakogen",JP-38-13,subnational2
"Kuki",JP-11-28,subnational2
"Ishigaki",JP-47-03,subnational2
"Kumiyama",JP-26-17,subnational2
"Kurume",JP-40-04,subnational2
"Kumenan",JP-33-25,subnational2
"Kumejima",JP-47-37,subnational2
"Goto",JP-42-10,subnational2
"Nanjo",JP-47-11,subnational2
"Kujukuri",JP-12-43,subnational2
"Kokonoe",JP-44-17,subnational2
"Kameoka",JP-26-07,subnational2
"Ninomiya",JP-14-23,subnational2
"Nihommatsu",JP-07-09,subnational2
"Biratori",JP-01-145,subnational2
"Goshogawara",JP-02-05,subnational2
"Gojo",JP-29-07,subnational2
"Goka",JP-08-42,subnational2
"Ide",JP-26-18,subnational2
"Watari",JP-04-21,subnational2
"Adachi City",JP-13-21,subnational2
"Katano",JP-27-31,subnational2
"Kyotango",JP-26-13,subnational2
"Kyotamba",JP-26-24,subnational2
"Kyogoku",JP-01-62,subnational2
"Kyotanabe",JP-26-12,subnational2
"Koto City",JP-13-08,subnational2
"Kyoto",JP-26-01,subnational2
"Hitoyoshi",JP-43-03,subnational2
"Imari",JP-41-05,subnational2
"Nakijin",JP-47-15,subnational2
"Imabari",JP-38-02,subnational2
"Imakane",JP-01-52,subnational2
"Semboku",JP-05-13,subnational2
"Higashidori",JP-02-32,subnational2
"Ishinomaki",JP-04-02,subnational2
"Shiraoi",JP-01-139,subnational2
"Hidaka",JP-01-144,subnational2
"Onagawa",JP-04-34,subnational2
"Sendai",JP-04-01,subnational2
"Natori",JP-04-06,subnational2
"Itami",JP-28-08,subnational2
"Iyo",JP-38-08,subnational2
"Isa",JP-46-18,subnational2
"Ise",JP-24-03,subnational2
"Isehara",JP-14-15,subnational2
"Isesaki",JP-10-04,subnational2
"Kanonji",JP-37-05,subnational2
"Ina",JP-11-40,subnational2
"Iheya",JP-47-35,subnational2
"Ikata",JP-38-17,subnational2
"Izena",JP-47-36,subnational2
"Ito",JP-22-07,subnational2
"Ine",JP-26-25,subnational2
"Ie",JP-47-20,subnational2
"Izunokuni",JP-22-22,subnational2
"Izu",JP-22-19,subnational2
"Higashiizu",JP-22-24,subnational2
"Nishiizu",JP-22-28,subnational2
"Tome",JP-04-10,subnational2
"Iga",JP-24-14,subnational2
"Date",JP-01-32,subnational2
"Date",JP-07-12,subnational2
"Ina",JP-20-09,subnational2
"Aizumisato",JP-07-34,subnational2
"Aizuwakamatsu",JP-07-02,subnational2
"Inawashiro",JP-07-27,subnational2
"Hoki",JP-31-16,subnational2
"Hiroshima",JP-34-01,subnational2
"Saikai",JP-42-11,subnational2
"Sasebo",JP-42-02,subnational2
"Nishio",JP-23-14,subnational2
"Saku",JP-20-16,subnational2
"Sakuho",JP-20-25,subnational2
"Sai",JP-02-34,subnational2
"Saiki",JP-44-05,subnational2
"Sakura",JP-12-11,subnational2
"Yotsukaido",JP-12-26,subnational2
"Shintomi",JP-45-15,subnational2
"Miyazaki",JP-45-01,subnational2
"Sakawa",JP-39-26,subnational2
"Sado",JP-15-17,subnational2
"Saga",JP-41-01,subnational2
"Yoichi",JP-01-71,subnational2
"Shinano",JP-20-74,subnational2
"Nagano",JP-20-01,subnational2
"Okayama",JP-33-01,subnational2
"Kurashiki",JP-33-02,subnational2
"Bizen",JP-33-10,subnational2
"Hikari",JP-35-08,subnational2
"Nyuzen",JP-16-14,subnational2
"Iruma",JP-11-22,subnational2
"Minamiboso",JP-12-32,subnational2
"Oshima",JP-13-54,subnational2
"Hachijo",JP-13-60,subnational2
"Mikurajima",JP-13-59,subnational2
"Yatsushiro",JP-43-02,subnational2
"Hikawa",JP-43-33,subnational2
"Misato",JP-43-15,subnational2
"Yame",JP-40-09,subnational2
"Yao",JP-27-13,subnational2
"Higashiosaka",JP-27-28,subnational2
"Yawata",JP-26-11,subnational2
"Hachimantai",JP-03-12,subnational2
"Rokkasho",JP-02-29,subnational2
"Hakodate",JP-01-02,subnational2
"Hachinohe",JP-02-03,subnational2
"Hachioji",JP-13-24,subnational2
"Akishima",JP-13-30,subnational2
"Sagamihara",JP-14-03,subnational2
"Ogata",JP-05-22,subnational2
"Yakumo",JP-01-45,subnational2
"Yazu",JP-31-08,subnational2
"Kyowa",JP-01-64,subnational2
"Uchiko",JP-38-16,subnational2
"Uchinada",JP-17-14,subnational2
"Izumi",JP-46-05,subnational2
"Izumo",JP-32-03,subnational2
"Kannami",JP-22-29,subnational2
"Kariya",JP-23-11,subnational2
"Beppu",JP-44-02,subnational2
"Betsukai",JP-01-176,subnational2
"Shibetsu",JP-01-178,subnational2
"Rishirifuji",JP-01-120,subnational2
"Rishiri",JP-01-119,subnational2
"Horonobe",JP-01-121,subnational2
"Toshima",JP-13-55,subnational2
"Shinkamigoto",JP-42-21,subnational2
"Maebashi",JP-10-01,subnational2
"Kakogawa",JP-28-11,subnational2
"Kato",JP-28-28,subnational2
"Rifu",JP-04-25,subnational2
"Kami",JP-04-31,subnational2
"Kaga",JP-17-06,subnational2
"Komatsu",JP-17-03,subnational2
"Kazo",JP-11-09,subnational2
"Katsuyama",JP-18-05,subnational2
"Katsuura",JP-12-16,subnational2
"Katsuura",JP-36-09,subnational2
"Kitakami",JP-03-05,subnational2
"Kitanakagusuku",JP-47-24,subnational2
"Kitakyushu",JP-40-01,subnational2
"Kita City",JP-13-17,subnational2
"Itabashi City",JP-13-19,subnational2
"Inzai",JP-12-29,subnational2
"Kitanagoya",JP-23-34,subnational2
"Kitashiobara",JP-07-24,subnational2
"Kitadaito",JP-47-34,subnational2
"Tenkawa",JP-29-33,subnational2
"Kitahiroshima",JP-01-33,subnational2
"Kitahiroshima",JP-34-20,subnational2
"Hokuto",JP-19-08,subnational2
"Hokuto",JP-01-35,subnational2
"Kitamoto",JP-11-29,subnational2
"Minamimaki",JP-20-22,subnational2
"Namegata",JP-08-29,subnational2
"Furano",JP-01-29,subnational2
"Ebetsu",JP-01-17,subnational2
"Kitaakita",JP-05-11,subnational2
"Kitaibaraki",JP-08-12,subnational2
"Sosa",JP-12-33,subnational2
"Towada",JP-02-06,subnational2
"Tohoku",JP-02-28,subnational2
"Tokamachi",JP-15-08,subnational2
"Totsukawa",JP-29-35,subnational2
"Shinagawa City",JP-13-09,subnational2
"Shinjuku City",JP-13-04,subnational2
"Chihayaakasaka",JP-27-43,subnational2
"Chikuma",JP-20-17,subnational2
"Chitose",JP-01-24,subnational2
"Chiba",JP-12-01,subnational2
"Ichikawa",JP-12-03,subnational2
"Tateyama",JP-12-05,subnational2
"Kamogawa",JP-12-21,subnational2
"Handa",JP-23-06,subnational2
"Minamiawaji",JP-28-24,subnational2
"Minamisatsuma",JP-46-14,subnational2
"Minami-Alps",JP-19-07,subnational2
"Shizuoka",JP-22-01,subnational2
"Minamisanriku",JP-04-35,subnational2
"Nantan",JP-26-14,subnational2
"Minamikyushu",JP-46-17,subnational2
"Minamiizu",JP-22-26,subnational2
"Nankoku",JP-39-04,subnational2
"Minamidaito",JP-47-33,subnational2
"Minamiosumi",JP-46-28,subnational2
"Minamioguni",JP-43-22,subnational2
"Minamishimabara",JP-42-13,subnational2
"Minamichita",JP-23-48,subnational2
"Nanto",JP-16-09,subnational2
"Minamitane",JP-46-31,subnational2
"Minamiashigara",JP-14-18,subnational2
"Nambu",JP-19-17,subnational2
"Minamiaso",JP-43-27,subnational2
"Minamiuonuma",JP-15-19,subnational2
"Shimukappu",JP-01-98,subnational2
"Akkeshi",JP-01-170,subnational2
"Atsugi",JP-14-13,subnational2
"Atsuma",JP-01-140,subnational2
"Hara",JP-20-33,subnational2
"Futaba",JP-07-55,subnational2
"Toride",JP-08-14,subnational2
"Yakushima",JP-46-32,subnational2
"Furubira",JP-01-69,subnational2
"Koga",JP-08-04,subnational2
"Taito City",JP-13-06,subnational2
"Kakamigahara",JP-21-13,subnational2
"Yoshikawa",JP-11-38,subnational2
"Yoshida",JP-22-33,subnational2
"Yoshimi",JP-11-48,subnational2
"Yoshika",JP-32-15,subnational2
"Yoshinogawa",JP-36-05,subnational2
"Yoshino",JP-29-29,subnational2
"Minamisoma",JP-07-11,subnational2
"Mihama",JP-23-49,subnational2
"Hamamatsu",JP-22-02,subnational2
"Nagoya",JP-23-01,subnational2
"Chita",JP-23-24,subnational2
"Nabari",JP-24-07,subnational2
"Kimitsu",JP-12-23,subnational2
"Ome",JP-13-28,subnational2
"Suita",JP-27-06,subnational2
"Osaka",JP-27-01,subnational2
"Kure",JP-34-02,subnational2
"Shunan",JP-35-12,subnational2
"Suooshima",JP-35-14,subnational2
"Wako",JP-11-25,subnational2
"Waki",JP-35-15,subnational2
"Wakayama",JP-30-01,subnational2
"Wake",JP-33-16,subnational2
"Nagomi",JP-43-19,subnational2
"Karatsu",JP-41-02,subnational2
"Zentsuji",JP-37-04,subnational2
"Kagoshima",JP-46-01,subnational2
"Kikai",JP-46-37,subnational2
"Kashima",JP-43-29,subnational2
"Shimanto",JP-39-09,subnational2
"Shimanto",JP-39-31,subnational2
"Shikokuchuo",JP-38-09,subnational2
"Yokkaichi",JP-24-02,subnational2
"Kawagoe",JP-24-19,subnational2
"Shijonawate",JP-27-30,subnational2
"Kokubunji",JP-13-37,subnational2
"Kunisaki",JP-44-14,subnational2
"Kunitachi",JP-13-38,subnational2
"Ogimi",JP-47-13,subnational2
"Tosa",JP-39-05,subnational2
"Tosashimizu",JP-39-08,subnational2
"Tonosho",JP-37-09,subnational2
"Tonosho",JP-12-41,subnational2
"Tsuchiura",JP-08-03,subnational2
"Fukui",JP-18-01,subnational2
"Sakaide",JP-37-03,subnational2
"Sakado",JP-11-34,subnational2
"Kawajima",JP-11-47,subnational2
"Bando",JP-08-24,subnational2
"Joso",JP-08-09,subnational2
"Tarui",JP-21-25,subnational2
"Joyo",JP-26-08,subnational2
"Fukaya",JP-11-16,subnational2
"Ogose",JP-11-43,subnational2
"Sakai",JP-27-02,subnational2
"Shiojiri",JP-20-15,subnational2
"Shioya",JP-09-22,subnational2
"Sakaiminato",JP-31-04,subnational2
"Sakai",JP-08-43,subnational2
"Sumida City",JP-13-07,subnational2
"Sobetsu",JP-01-138,subnational2
"Toyako",JP-01-141,subnational2
"Iki",JP-42-09,subnational2
"Sotogahama",JP-02-14,subnational2
"Zamami",JP-47-30,subnational2
"Mishima",JP-46-20,subnational2
"Tako",JP-12-40,subnational2
"Tadotsu",JP-37-16,subnational2
"Tama",JP-13-45,subnational2
"Tajimi",JP-21-04,subnational2
"Tarama",JP-47-39,subnational2
"Tagajo",JP-04-08,subnational2
"Taga",JP-25-19,subnational2
"Daisen",JP-05-10,subnational2
"Oita",JP-44-01,subnational2
"Odai",JP-24-22,subnational2
"Yamato",JP-14-14,subnational2
"Amami",JP-46-16,subnational2
"Taiwa",JP-04-26,subnational2
"Yamatokoriyama",JP-29-03,subnational2
"Yamatotakada",JP-29-02,subnational2
"Ogaki",JP-21-02,subnational2
"Otaki",JP-12-52,subnational2
"Etajima",JP-34-14,subnational2
"Daigo",JP-08-37,subnational2
"Dazaifu",JP-40-20,subnational2
"Oyamazaki",JP-26-16,subnational2
"Oyama",JP-09-07,subnational2
"Daisen",JP-31-14,subnational2
"Matsumae",JP-01-38,subnational2
"Ojika",JP-42-19,subnational2
"Osaki",JP-04-13,subnational2
"Obu",JP-23-23,subnational2
"Omura",JP-42-05,subnational2
"Okuwa",JP-20-57,subnational2
"Taiki",JP-01-160,subnational2
"Namie",JP-07-56,subnational2
"Oarai",JP-08-34,subnational2
"Otsu",JP-25-01,subnational2
"Ozu",JP-38-07,subnational2
"Oyodo",JP-29-30,subnational2
"Kawasaki",JP-14-02,subnational2
"Otawara",JP-09-09,subnational2
"Oda",JP-32-05,subnational2
"Tateyama",JP-16-13,subnational2
"Omachi",JP-20-12,subnational2
"Matsumoto",JP-20-02,subnational2
"Oishida",JP-06-20,subnational2
"Oiso",JP-14-22,subnational2
"Ozora",JP-01-136,subnational2
"Otake",JP-34-10,subnational2
"Ofunato",JP-03-03,subnational2
"Tobe",JP-38-15,subnational2
"Ono",JP-18-04,subnational2
"Onojo",JP-40-18,subnational2
"Oma",JP-02-31,subnational2
"Izumisano",JP-27-14,subnational2
"Moriguchi",JP-27-10,subnational2
"Nishinoomote",JP-46-07,subnational2
"Amagi",JP-46-39,subnational2
"Teshio",JP-01-112,subnational2
"Tenei",JP-07-19,subnational2
"Tenri",JP-29-04,subnational2
"Amakusa",JP-43-13,subnational2
"Taishi",JP-27-41,subnational2
"Ota",JP-10-05,subnational2
"Yamato",JP-46-33,subnational2
"Tatsugo",JP-46-36,subnational2
"Uken",JP-46-34,subnational2
"Naie",JP-01-74,subnational2
"Nara",JP-29-01,subnational2
"Okuizumo",JP-32-09,subnational2
"Okutama",JP-13-53,subnational2
"Okushiri",JP-01-51,subnational2
"Myoko",JP-15-13,subnational2
"Moseushi",JP-01-82,subnational2
"Himeji",JP-28-02,subnational2
"Aira",JP-46-19,subnational2
"Tsumagoi",JP-10-22,subnational2
"Usa",JP-44-11,subnational2
"Uwajima",JP-38-03,subnational2
"Uto",JP-43-09,subnational2
"Uki",JP-43-11,subnational2
"Utazu",JP-37-13,subnational2
"Uji",JP-26-05,subnational2
"Ube",JP-35-02,subnational2
"Utsunomiya",JP-09-01,subnational2
"Uda",JP-29-12,subnational2
"Moriyama",JP-25-06,subnational2
"Moriya",JP-08-20,subnational2
"Annaka",JP-10-11,subnational2
"Ampachi",JP-21-29,subnational2
"Chiryu",JP-23-25,subnational2
"Anjo",JP-23-13,subnational2
"Ando",JP-29-17,subnational2
"Abira",JP-01-142,subnational2
"Matsukawa",JP-20-65,subnational2
"Yasugi",JP-32-06,subnational2
"Yasuda",JP-39-15,subnational2
"Akiota",JP-34-19,subnational2
"Akitakata",JP-34-13,subnational2
"Shiso",JP-28-27,subnational2
"Munakata",JP-40-19,subnational2
"Ginoza",JP-47-18,subnational2
"Ginowan",JP-47-02,subnational2
"Takarazuka",JP-28-14,subnational2
"Muroto",JP-39-02,subnational2
"Muroran",JP-01-05,subnational2
"Kiyokawa",JP-14-33,subnational2
"Miyashiro",JP-11-60,subnational2
"Miyako",JP-03-02,subnational2
"Kawasaki",JP-04-19,subnational2
"Miyazu",JP-26-06,subnational2
"Miyada",JP-20-39,subnational2
"Sukumo",JP-39-07,subnational2
"Yorii",JP-11-59,subnational2
"Fujiyoshida",JP-19-02,subnational2
"Fujinomiya",JP-22-06,subnational2
"Fuji",JP-22-09,subnational2
"Fujikawaguchiko",JP-19-25,subnational2
"Narusawa",JP-19-24,subnational2
"Fujimi",JP-20-32,subnational2
"Toyama",JP-16-01,subnational2
"Tomioka",JP-10-10,subnational2
"Futtsu",JP-12-24,subnational2
"Tondabayashi",JP-27-15,subnational2
"Samukawa",JP-14-21,subnational2
"Neyagawa",JP-27-16,subnational2
"Tsushima",JP-42-08,subnational2
"Suttsu",JP-01-55,subnational2
"Takaoka",JP-16-02,subnational2
"Imizu",JP-16-10,subnational2
"Ojiya",JP-15-06,subnational2
"Fukuoka",JP-40-02,subnational2
"Oguni",JP-43-23,subnational2
"Oguni",JP-06-30,subnational2
"Kosaka",JP-05-14,subnational2
"Tochigi",JP-09-03,subnational2
"Oyama",JP-22-32,subnational2
"Ogawa",JP-20-75,subnational2
"Obuse",JP-20-69,subnational2
"Kodaira",JP-13-34,subnational2
"Koganei",JP-13-33,subnational2
"Komatsushima",JP-36-03,subnational2
"Kobayashi",JP-45-05,subnational2
"Otaru",JP-01-03,subnational2
"Obama",JP-18-03,subnational2
"Koumi",JP-20-20,subnational2
"Katashina",JP-10-26,subnational2
"Koshimizu",JP-01-126,subnational2
"Odawara",JP-14-08,subnational2
"Omitama",JP-08-32,subnational2
"Itoigawa",JP-15-12,subnational2
"Komoro",JP-20-08,subnational2
"Otari",JP-20-67,subnational2
"Shodoshima",JP-37-10,subnational2
"Ono",JP-28-18,subnational2
"Ogano",JP-11-54,subnational2
"Amagasaki",JP-28-03,subnational2
"Nishinomiya",JP-28-05,subnational2
"Owariasahi",JP-23-26,subnational2
"Hinoemata",JP-07-21,subnational2
"Obanazawa",JP-06-12,subnational2
"Onomichi",JP-34-05,subnational2
"Yamanochi",JP-20-71,subnational2
"Yamakita",JP-14-27,subnational2
"Yamaguchi",JP-35-03,subnational2
"Yamagata",JP-06-01,subnational2
"Yamanashi",JP-19-04,subnational2
"Sammu",JP-12-35,subnational2
"Yamada",JP-03-25,subnational2
"Yamagata",JP-21-15,subnational2
"Isahaya",JP-42-04,subnational2
"Sanyoonoda",JP-35-13,subnational2
"Gifu",JP-21-01,subnational2
"Kasamatsu",JP-21-23,subnational2
"Mizuho",JP-21-16,subnational2
"Takahashi",JP-33-08,subnational2
"Okazaki",JP-23-03,subnational2
"Okaya",JP-20-04,subnational2
"Iwakura",JP-23-28,subnational2
"Iwanai",JP-01-65,subnational2
"Iwade",JP-30-09,subnational2
"Ena",JP-21-10,subnational2
"Iwanuma",JP-04-09,subnational2
"Iwaizumi",JP-03-26,subnational2
"Iwami",JP-31-05,subnational2
"Iwamizawa",JP-01-10,subnational2
"Kishiwada",JP-27-03,subnational2
"Shimabara",JP-42-03,subnational2
"Shimamoto",JP-27-34,subnational2
"Shimada",JP-22-08,subnational2
"Ranzan",JP-11-45,subnational2
"Kawakami",JP-29-38,subnational2
"Kawakami",JP-20-21,subnational2
"Kawaminami",JP-45-18,subnational2
"Kawaguchi",JP-11-04,subnational2
"Kawai",JP-29-28,subnational2
"Yokohama",JP-14-01,subnational2
"Inagi",JP-13-46,subnational2
"Machida",JP-13-32,subnational2
"Kawanehon",JP-22-34,subnational2
"Kawatana",JP-42-17,subnational2
"Kawanishi",JP-28-17,subnational2
"Kawanishi",JP-29-18,subnational2
"Kawagoe",JP-11-02,subnational2
"Ichihara",JP-12-17,subnational2
"Ichikawamisato",JP-19-14,subnational2
"Ichikawa",JP-28-34,subnational2
"Ichikai",JP-09-18,subnational2
"Nagareyama",JP-12-18,subnational2
"Obihiro",JP-01-07,subnational2
"Makubetsu",JP-01-162,subnational2
"Tokoname",JP-23-17,subnational2
"Hitachiota",JP-08-10,subnational2
"Hiranai",JP-02-11,subnational2
"Hiratsuka",JP-14-05,subnational2
"Chigasaki",JP-14-09,subnational2
"Hirado",JP-42-06,subnational2
"Hiraizumi",JP-03-22,subnational2
"Satte",JP-11-35,subnational2
"Hiroo",JP-01-161,subnational2
"Saka",JP-34-18,subnational2
"Shobara",JP-34-09,subnational2
"Fuchu",JP-13-29,subnational2
"Fuchu",JP-34-07,subnational2
"Zama",JP-14-17,subnational2
"Tsuruta",JP-02-22,subnational2
"Hatsukaichi",JP-34-12,subnational2
"Niijima",JP-13-56,subnational2
"Hirosaki",JP-02-02,subnational2
"Kiyosato",JP-01-125,subnational2
"Yatomi",JP-23-35,subnational2
"Kisosaki",JP-24-15,subnational2
"Tobetsu",JP-01-36,subnational2
"Hikone",JP-25-02,subnational2
"Omaezaki",JP-22-20,subnational2
"Mihama",JP-30-17,subnational2
"Gobo",JP-30-05,subnational2
"Onjuku",JP-12-53,subnational2
"Mitake",JP-21-41,subnational2
"Gose",JP-29-08,subnational2
"Gotemba",JP-22-14,subnational2
"Miyakonojo",JP-45-02,subnational2
"Mifune",JP-43-28,subnational2
"Tokunoshima",JP-46-38,subnational2
"Tokushima",JP-36-01,subnational2
"Oshino",JP-19-22,subnational2
"Shime",JP-40-32,subnational2
"Shibushi",JP-46-15,subnational2
"Shima",JP-24-13,subnational2
"Shiki",JP-11-24,subnational2
"Shika",JP-17-15,subnational2
"Takehara",JP-34-03,subnational2
"Onna",JP-47-17,subnational2
"Eniwa",JP-01-31,subnational2
"Ainan",JP-38-20,subnational2
"Aikawa",JP-14-32,subnational2
"Shitara",JP-23-52,subnational2
"Kasugai",JP-23-07,subnational2
"Aisai",JP-23-32,subnational2
"Narita",JP-12-10,subnational2
"Abiko",JP-12-20,subnational2
"Toda",JP-11-21,subnational2
"Tokorozawa",JP-11-07,subnational2
"Tottori",JP-31-01,subnational2
"Fuso",JP-23-42,subnational2
"Ibusuki",JP-46-06,subnational2
"Kakegawa",JP-22-12,subnational2
"Ibigawa",JP-21-30,subnational2
"Settsu",JP-27-25,subnational2
"Harima",JP-28-33,subnational2
"Tsuruga",JP-18-02,subnational2
"Bunkyo City",JP-13-05,subnational2
"Ikaruga",JP-29-16,subnational2
"Shari",JP-01-124,subnational2
"Shinhidaka",JP-01-150,subnational2
"Shinshiro",JP-23-21,subnational2
"Shingu",JP-30-07,subnational2
"Niihama",JP-38-05,subnational2
"Shinjo",JP-06-05,subnational2
"Niiza",JP-11-26,subnational2
"Shinonsen",JP-28-41,subnational2
"Niigata",JP-15-01,subnational2
"Shibata",JP-15-05,subnational2
"Niimi",JP-33-09,subnational2
"Hinode",JP-13-51,subnational2
"Nikko",JP-09-06,subnational2
"Hiji",JP-44-16,subnational2
"Nichinan",JP-45-04,subnational2
"Nichinan",JP-31-17,subnational2
"Hyuga",JP-45-06,subnational2
"Hita",JP-44-04,subnational2
"Hitachi",JP-08-02,subnational2
"Nisshin",JP-23-30,subnational2
"Kasukabe",JP-11-12,subnational2
"Hino",JP-13-35,subnational2
"Hino",JP-31-18,subnational2
"Hidaka",JP-11-37,subnational2
"Hidaka",JP-39-29,subnational2
"Hidaka",JP-30-18,subnational2
"Hayashima",JP-33-17,subnational2
"Hayakawa",JP-19-15,subnational2
"Takasu",JP-01-87,subnational2
"Asahi",JP-12-13,subnational2
"Meiwa",JP-10-32,subnational2
"Asuka",JP-29-24,subnational2
"Seiyo",JP-38-10,subnational2
"Akashi",JP-28-04,subnational2
"Kobe",JP-28-01,subnational2
"Kasuga",JP-40-17,subnational2
"Togitsu",JP-42-15,subnational2
"Chizu",JP-31-07,subnational2
"Soni",JP-29-21,subnational2
"Nagasu",JP-43-18,subnational2
"Aridagawa",JP-30-16,subnational2
"Arita",JP-41-16,subnational2
"Asahi",JP-16-15,subnational2
"Asago",JP-28-25,subnational2
"Asaka",JP-11-23,subnational2
"Kikonai",JP-01-41,subnational2
"Kijo",JP-45-17,subnational2
"Kijimadaira",JP-20-72,subnational2
"Kisarazu",JP-12-06,subnational2
"Kiso",JP-20-58,subnational2
"Kizugawa",JP-26-15,subnational2
"Seika",JP-26-22,subnational2
"Motosu",JP-21-18,subnational2
"Honjo",JP-11-10,subnational2
"Motobu",JP-47-16,subnational2
"Sapporo",JP-01-01,subnational2
"Ishikari",JP-01-34,subnational2
"Suginami City",JP-13-15,subnational2
"Sugito",JP-11-62,subnational2
"Murakami",JP-15-10,subnational2
"Murayama",JP-06-08,subnational2
"Abashiri",JP-01-11,subnational2
"Higashiyoshino",JP-29-39,subnational2
"Higashiagatsuma",JP-10-25,subnational2
"Higashiyamato",JP-13-41,subnational2
"Higashimurayama",JP-13-36,subnational2
"Higashikawa",JP-01-93,subnational2
"Higashihiroshima",JP-34-11,subnational2
"Tomi",JP-20-18,subnational2
"Higashinaruse",JP-05-25,subnational2
"Higashi",JP-47-14,subnational2
"Higashimatsuyama",JP-11-11,subnational2
"Higashine",JP-06-11,subnational2
"Tokai",JP-08-36,subnational2
"Higashikagura",JP-01-88,subnational2
"Higashichichibu",JP-11-55,subnational2
"Higashiomi",JP-25-12,subnational2
"Hino",JP-25-14,subnational2
"Togo",JP-23-38,subnational2
"Togane",JP-12-12,subnational2
"Kitsuki",JP-44-10,subnational2
"Matsubushi",JP-11-63,subnational2
"Matsuyama",JP-38-01,subnational2
"Matsushima",JP-04-23,subnational2
"Matsuzaki",JP-22-27,subnational2
"Matsukawa",JP-20-40,subnational2
"Matsudo",JP-12-07,subnational2
"Matsuura",JP-42-07,subnational2
"Matsuda",JP-14-26,subnational2
"Inami",JP-28-32,subnational2
"Matsushige",JP-36-18,subnational2
"Matsusaka",JP-24-04,subnational2
"Itakura",JP-10-31,subnational2
"Tatebayashi",JP-10-07,subnational2
"Itano",JP-36-21,subnational2
"Hirakata",JP-27-11,subnational2
"Takatsuki",JP-27-08,subnational2
"Esashi",JP-01-47,subnational2
"Esashi",JP-01-116,subnational2
"Kashiwa",JP-12-15,subnational2
"Kashiwara",JP-27-22,subnational2
"Kashiwazaki",JP-15-04,subnational2
"Yanaizu",JP-07-30,subnational2
"Sakae",JP-20-77,subnational2
"Sakae",JP-12-38,subnational2
"Kurihara",JP-04-11,subnational2
"Rausu",JP-01-179,subnational2
"Kiryu",JP-10-03,subnational2
"Kuwana",JP-24-05,subnational2
"Sakurai",JP-29-06,subnational2
"Sakuragawa",JP-08-27,subnational2
"Hinohara",JP-13-52,subnational2
"Okegawa",JP-11-27,subnational2
"Mori",JP-01-44,subnational2
"Mori",JP-22-35,subnational2
"Shiiba",JP-45-22,subnational2
"Shibecha",JP-01-172,subnational2
"Kushiro",JP-01-169,subnational2
"Yokote",JP-05-03,subnational2
"Fujisawa",JP-14-07,subnational2
"Yokoze",JP-11-51,subnational2
"Yokoshibahikari",JP-12-45,subnational2
"Hashimoto",JP-30-03,subnational2
"Kashihara",JP-29-05,subnational2
"Musashimurayama",JP-13-44,subnational2
"Takeo",JP-41-06,subnational2
"Horokanai",JP-01-105,subnational2
"Pippu",JP-01-90,subnational2
"Moroyama",JP-11-42,subnational2
"Minamata",JP-43-05,subnational2
"Mito",JP-08-01,subnational2
"Yabu",JP-28-22,subnational2
"Himi",JP-16-04,subnational2
"Konan",JP-39-10,subnational2
"Kofu",JP-31-19,subnational2
"Edogawa City",JP-13-23,subnational2
"Gotsu",JP-32-07,subnational2
"Ikeda",JP-27-05,subnational2
"Ikeda",JP-01-163,subnational2
"Ikeda",JP-21-32,subnational2
"China",JP-46-42,subnational2
"Wadomari",JP-46-41,subnational2
"Kawachinagano",JP-27-17,subnational2
"Kanazawa",JP-17-01,subnational2
"Kanan",JP-27-42,subnational2
"Kawazu",JP-22-25,subnational2
"Numazu",JP-22-03,subnational2
"Numata",JP-10-06,subnational2
"Tajiri",JP-27-39,subnational2
"Tokashiki",JP-47-29,subnational2
"Tomari",JP-01-66,subnational2
"Hasami",JP-42-18,subnational2
"Tsukumi",JP-44-07,subnational2
"Tsubetsu",JP-01-123,subnational2
"Tsunan",JP-15-27,subnational2
"Tsuwano",JP-32-14,subnational2
"Tsunagi",JP-43-35,subnational2
"Tsuyama",JP-33-03,subnational2
"Tsushima",JP-23-09,subnational2
"Tsubata",JP-17-13,subnational2
"Tsuno",JP-39-30,subnational2
"Sumoto",JP-28-06,subnational2
"Asakuchi",JP-33-15,subnational2
"Hamanaka",JP-01-171,subnational2
"Hamada",JP-32-02,subnational2
"Hamatombetsu",JP-01-114,subnational2
"Urayasu",JP-12-25,subnational2
"Urahoro",JP-01-168,subnational2
"Toyokoro",JP-01-164,subnational2
"Urakawa",JP-01-147,subnational2
"Urasoe",JP-47-04,subnational2
"Urausu",JP-01-80,subnational2
"Kaizu",JP-21-21,subnational2
"Ebina",JP-14-16,subnational2
"Hokota",JP-08-30,subnational2
"Awaji",JP-28-26,subnational2
"Fukaura",JP-02-16,subnational2
"Soeda",JP-40-50,subnational2
"Kiyose",JP-13-42,subnational2
"Kiyosu",JP-23-33,subnational2
"Shibukawa",JP-10-08,subnational2
"Tonaki",JP-47-32,subnational2
"Tahara",JP-23-31,subnational2
"Kosai",JP-22-18,subnational2
"Yubetsu",JP-01-131,subnational2
"Yusui",JP-46-24,subnational2
"Yurihama",JP-31-10,subnational2
"Yuzawa",JP-15-26,subnational2
"Yugawara",JP-14-31,subnational2
"Atami",JP-22-04,subnational2
"Nagahama",JP-25-03,subnational2
"Namerikawa",JP-16-05,subnational2
"Namegawa",JP-11-44,subnational2
"Takizawa",JP-03-17,subnational2
"Itako",JP-08-19,subnational2
"Seto",JP-23-05,subnational2
"Shikaoi",JP-01-154,subnational2
"Haboro",JP-01-109,subnational2
"Yaizu",JP-22-11,subnational2
"Kumamoto",JP-43-01,subnational2
"Tsubame",JP-15-11,subnational2
"Ushiku",JP-08-15,subnational2
"Ryugasaki",JP-08-07,subnational2
"Makinohara",JP-22-23,subnational2
"Choshi",JP-12-02,subnational2
"Inuyama",JP-23-16,subnational2
"Komae",JP-13-40,subnational2
"Sarufutsu",JP-01-113,subnational2
"Tamana",JP-43-06,subnational2
"Tamakawa",JP-07-44,subnational2
"Tamano",JP-33-04,subnational2
"Oji",JP-29-26,subnational2
"Kotohira",JP-37-15,subnational2
"Omihachiman",JP-25-04,subnational2
"Mizunami",JP-21-08,subnational2
"Mizuho",JP-13-50,subnational2
"Ikoma",JP-29-09,subnational2
"Toyohashi",JP-23-02,subnational2
"Tawaramoto",JP-29-20,subnational2
"Tanabe",JP-30-06,subnational2
"Yuni",JP-01-76,subnational2
"Yufu",JP-44-13,subnational2
"Koshu",JP-19-12,subnational2
"Otsuki",JP-19-05,subnational2
"Kofu",JP-19-01,subnational2
"Kora",JP-25-18,subnational2
"Koka",JP-25-08,subnational2
"Oga",JP-05-05,subnational2
"Rusutsu",JP-01-60,subnational2
"Noboribetsu",JP-01-30,subnational2
"Shiroi",JP-12-30,subnational2
"Shiraoka",JP-11-61,subnational2
"Shirakawa",JP-21-42,subnational2
"Nishigo",JP-07-35,subnational2
"Shirakawa",JP-07-05,subnational2
"Shirahama",JP-30-23,subnational2
"Shiroishi",JP-04-05,subnational2
"Shiroishi",JP-41-19,subnational2
"Shiranuka",JP-01-175,subnational2
"Hakuba",JP-20-66,subnational2
"Minano",JP-11-52,subnational2
"Mashiki",JP-43-30,subnational2
"Masuda",JP-32-04,subnational2
"Morioka",JP-03-01,subnational2
"Meguro City",JP-13-10,subnational2
"Naoshima",JP-37-12,subnational2
"Shingu",JP-40-34,subnational2
"Ako",JP-28-12,subnational2
"Aioi",JP-28-09,subnational2
"Soma",JP-07-08,subnational2
"Koryo",JP-29-27,subnational2
"Moka",JP-09-08,subnational2
"Maniwa",JP-33-13,subnational2
"Manazuru",JP-14-30,subnational2
"Yaita",JP-09-10,subnational2
"Yamatsuri",JP-07-40,subnational2
"Shiriuchi",JP-01-40,subnational2
"Ishioka",JP-08-05,subnational2
"Sunagawa",JP-01-26,subnational2
"Shintotsukawa",JP-01-81,subnational2
"Tonami",JP-16-07,subnational2
"Iwata",JP-22-10,subnational2
"Rebun",JP-01-118,subnational2
"Kanzaki",JP-41-10,subnational2
"Yoshinogari",JP-41-11,subnational2
"Hadano",JP-14-12,subnational2
"Kamiyama",JP-36-13,subnational2
"Kozaki",JP-12-39,subnational2
"Kamikawa",JP-11-57,subnational2
"Ashiya",JP-28-07,subnational2
"Kamisu",JP-08-28,subnational2
"Kamikawa",JP-28-36,subnational2
"Kozushima",JP-13-57,subnational2
"Jinsekikogen",JP-34-23,subnational2
"Fukuyama",JP-34-06,subnational2
"Umi",JP-40-30,subnational2
"Fukushima",JP-07-01,subnational2
"Fukusaki",JP-28-35,subnational2
"Fukuchi",JP-40-55,subnational2
"Fukutsu",JP-40-22,subnational2
"Fukuchiyama",JP-26-02,subnational2
"Akita",JP-05-01,subnational2
"Katagami",JP-05-09,subnational2
"Chichibu",JP-11-06,subnational2
"Wakkanai",JP-01-14,subnational2
"Inashiki",JP-08-25,subnational2
"Inazawa",JP-23-20,subnational2
"Shakotan",JP-01-68,subnational2
"Tachikawa",JP-13-25,subnational2
"Tateshina",JP-20-28,subnational2
"Yasu",JP-25-09,subnational2
"Taketa",JP-44-08,subnational2
"Fuefuki",JP-19-10,subnational2
"Kasaoka",JP-33-05,subnational2
"Kasama",JP-08-13,subnational2
"Chikugo",JP-40-10,subnational2
"Chikushino",JP-40-16,subnational2
"Minowa",JP-20-35,subnational2
"Hakone",JP-14-29,subnational2
"Tamba-Sasayama",JP-28-21,subnational2
"Maibara",JP-25-13,subnational2
"Hiezu",JP-31-13,subnational2
"Yonezawa",JP-06-02,subnational2
"Aguni",JP-47-31,subnational2
"Awashimaura",JP-15-30,subnational2
"Itoshima",JP-40-28,subnational2
"Itoman",JP-47-06,subnational2
"Kinokawa",JP-30-08,subnational2
"Kihoku",JP-24-27,subnational2
"Kiho",JP-24-29,subnational2
"Mombetsu",JP-01-19,subnational2
"Shiwa",JP-03-18,subnational2
"Ayabe",JP-26-04,subnational2
"Soja",JP-33-07,subnational2
"Nerima City",JP-13-20,subnational2
"Oketo",JP-01-128,subnational2
"Misaki",JP-33-26,subnational2
"Bibai",JP-01-15,subnational2
"Bihoro",JP-01-122,subnational2
"Minami",JP-36-16,subnational2
"Mihama",JP-24-28,subnational2
"Bifuka",JP-01-102,subnational2
"Minokamo",JP-21-11,subnational2
"Biei",JP-01-94,subnational2
"Mine",JP-35-11,subnational2
"Misato",JP-32-12,subnational2
"Mima",JP-36-07,subnational2
"Hashima",JP-21-09,subnational2
"Habikino",JP-27-23,subnational2
"Hamura",JP-13-47,subnational2
"Hanyu",JP-11-14,subnational2
"Narashino",JP-12-14,subnational2
"Seiro",JP-15-21,subnational2
"Kimotsuki",JP-46-29,subnational2
"Tainai",JP-15-20,subnational2
"Noshiro",JP-05-02,subnational2
"Nose",JP-27-36,subnational2
"Noto",JP-17-19,subnational2
"Usuki",JP-44-06,subnational2
"Maizuru",JP-26-03,subnational2
"Wajima",JP-17-04,subnational2
"Funabashi",JP-12-04,subnational2
"Ashibetsu",JP-01-16,subnational2
"Ashikita",JP-43-34,subnational2
"Ashiya",JP-40-37,subnational2
"Hanamaki",JP-03-04,subnational2
"Haga",JP-09-19,subnational2
"Otofuke",JP-01-151,subnational2
"Memuro",JP-01-157,subnational2
"Reihoku",JP-43-45,subnational2
"Wakasa",JP-18-17,subnational2
"Nagara",JP-12-50,subnational2
"Mobara",JP-12-09,subnational2
"Chino",JP-20-14,subnational2
"Ibaraki",JP-08-33,subnational2
"Ami",JP-08-39,subnational2
"Ibaraki",JP-27-12,subnational2
"Soka",JP-11-18,subnational2
"Kusatsu",JP-25-05,subnational2
"Kusatsu",JP-10-23,subnational2
"Arao",JP-43-04,subnational2
"Arakawa City",JP-13-18,subnational2
"Kikuchi",JP-43-08,subnational2
"Komono",JP-24-17,subnational2
"Hayama",JP-14-20,subnational2
"Katsuragi",JP-29-11,subnational2
"Katsushika City",JP-13-22,subnational2
"Gamagori",JP-23-15,subnational2
"Hasuda",JP-11-33,subnational2
"Zao",JP-04-14,subnational2
"Fujiidera",JP-27-27,subnational2
"Fujioka",JP-10-09,subnational2
"Kanna",JP-10-16,subnational2
"Fujisaki",JP-02-18,subnational2
"Fujieda",JP-22-13,subnational2
"Kanie",JP-23-44,subnational2
"Gyoda",JP-11-05,subnational2
"Fukuroi",JP-22-15,subnational2
"Sodegaura",JP-12-27,subnational2
"Susono",JP-22-17,subnational2
"Nishinoshima",JP-32-17,subnational2
"Nishihara",JP-43-26,subnational2
"Nishihara",JP-47-26,subnational2
"Saijo",JP-38-06,subnational2
"Nishikatsura",JP-19-21,subnational2
"Nishimeya",JP-02-17,subnational2
"Nishiawakura",JP-33-24,subnational2
"Kakuda",JP-04-07,subnational2
"Suwa",JP-20-06,subnational2
"Unzen",JP-42-12,subnational2
"Toyonaka",JP-27-04,subnational2
"Toyoyama",JP-23-40,subnational2
"Toyooka",JP-28-10,subnational2
"Toshima City",JP-13-16,subnational2
"Toyokawa",JP-23-08,subnational2
"Bungoono",JP-44-12,subnational2
"Toyoura",JP-01-137,subnational2
"Toyota",JP-23-12,subnational2
"Toyono",JP-27-35,subnational2
"Tomigusuku",JP-47-08,subnational2
"Toyosato",JP-25-17,subnational2
"Takashima",JP-25-11,subnational2
"Akaigawa",JP-01-72,subnational2
"Echizen",JP-18-08,subnational2
"Ochi",JP-39-27,subnational2
"Koshigaya",JP-11-19,subnational2
"Ashikaga",JP-09-02,subnational2
"Ashoro",JP-01-166,subnational2
"Minobu",JP-19-16,subnational2
"Karuizawa",JP-20-26,subnational2
"Tatsuno",JP-20-34,subnational2
"Zushi",JP-14-10,subnational2
"Yuza",JP-06-35,subnational2
"Engaru",JP-01-130,subnational2
"Onan",JP-32-13,subnational2
"Nachikatsuura",JP-30-26,subnational2
"Nakagawa",JP-40-29,subnational2
"Naka",JP-08-22,subnational2
"Naha",JP-47-01,subnational2
"Nasushiobara",JP-09-11,subnational2
"Nasukarasuyama",JP-09-13,subnational2
"Nasu",JP-09-24,subnational2
"Koriyama",JP-07-03,subnational2
"Tsuru",JP-19-03,subnational2
"Shisui",JP-12-37,subnational2
"Sakata",JP-06-04,subnational2
"Nonoichi",JP-17-12,subnational2
"Nogi",JP-09-21,subnational2
"Nozawaonsen",JP-20-73,subnational2
"Noda",JP-12-08,subnational2
"Noda",JP-03-30,subnational2
"Nosegawa",JP-29-34,subnational2
"Kaneyama",JP-07-32,subnational2
"Kin",JP-47-19,subnational2
"Kamaishi",JP-03-10,subnational2
"Suzuka",JP-24-06,subnational2
"Kyonan",JP-12-54,subnational2
"Nishiki",JP-43-36,subnational2
"Kamakura",JP-14-06,subnational2
"Kagamino",JP-33-21,subnational2
"Oshamambe",JP-01-46,subnational2
"Nagayo",JP-42-14,subnational2
"Nagakute",JP-23-39,subnational2
"Chonan",JP-12-51,subnational2
"Nagaokakyo",JP-26-10,subnational2
"Nagaoka",JP-15-02,subnational2
"Naganuma",JP-01-77,subnational2
"Nagatoro",JP-11-53,subnational2
"Chosei",JP-12-48,subnational2
"Naganohara",JP-10-21,subnational2
"Nagato",JP-35-09,subnational2
"Kadogawa",JP-45-20,subnational2
"Kadoma",JP-27-24,subnational2
"Sekigahara",JP-21-26,subnational2
"Seki",JP-21-05,subnational2
"Hannan",JP-27-33,subnational2
"Hofu",JP-35-05,subnational2
"Akune",JP-46-04,subnational2
"Anan",JP-36-04,subnational2
"Abu",JP-35-19,subnational2
"Awa",JP-36-06,subnational2
"Aso",JP-43-12,subnational2
"Agano",JP-15-16,subnational2
"Rikubetsu",JP-01-167,subnational2
"Hashikami",JP-02-39,subnational2
"Okinoshima",JP-32-19,subnational2
"Chibu",JP-32-18,subnational2
"Omu",JP-01-135,subnational2
"Shizukuishi",JP-03-14,subnational2
"Unnan",JP-32-08,subnational2
"Kirishima",JP-46-12,subnational2
"Aomori",JP-02-01,subnational2
"Suzaka",JP-20-07,subnational2
"Susaki",JP-39-06,subnational2
"Hida",JP-21-17,subnational2
"Iinan",JP-32-10,subnational2
"Iida",JP-20-05,subnational2
"Hanno",JP-11-08,subnational2
"Katori",JP-12-34,subnational2
"Kami",JP-39-11,subnational2
"Kami",JP-28-40,subnational2
"Kashiba",JP-29-10,subnational2
"Komagane",JP-20-10,subnational2
"Takachiho",JP-45-24,subnational2
"Takaharu",JP-45-11,subnational2
"Takatori",JP-29-23,subnational2
"Takayama",JP-10-24,subnational2
"Takasaki",JP-10-02,subnational2
"Takamatsu",JP-37-01,subnational2
"Takanezawa",JP-09-23,subnational2
"Takamori",JP-43-25,subnational2
"Takahama",JP-18-15,subnational2
"Kochi",JP-39-01,subnational2
"Takasago",JP-28-16,subnational2
"Takahagi",JP-08-11,subnational2
"Koya",JP-30-13,subnational2
"Uonuma",JP-15-18,subnational2
"Uozu",JP-16-03,subnational2
"Ajigasawa",JP-02-15,subnational2
"Tosu",JP-41-03,subnational2
"Toba",JP-24-10,subnational2
"Hatoyama",JP-11-49,subnational2
"Naruto",JP-36-02,subnational2
"Konosu",JP-11-15,subnational2
"Tsurugashima",JP-11-36,subnational2
"Tsurui",JP-01-174,subnational2
"Tsuruoka",JP-06-03,subnational2
"Nishikawa",JP-06-17,subnational2
"Kanoya",JP-46-02,subnational2
"Kashima",JP-41-07,subnational2
"Kashima",JP-08-18,subnational2
"Kanuma",JP-09-05,subnational2
"Kazuno",JP-05-07,subnational2
"Shikabe",JP-01-43,subnational2
"Kuromatsunai",JP-01-56,subnational2
"Kuroishi",JP-02-04,subnational2
"Kurobe",JP-16-06,subnational2
"Jersey, Jersey",JE-,subnational1
"Al Mafraq",JO-MA,subnational1
"Ajlun",JO-AJ,subnational1
"Az Zarqa'",JO-AZ,subnational1
"Ma‘an",JO-MN,subnational1
"Amman",JO-AM,subnational1
"Irbid",JO-IR,subnational1
"Al 'Aqaba",JO-AQ,subnational1
"At Tafilah",JO-AT,subnational1
"Madabah",JO-MD,subnational1
"Al Balqa'",JO-BA,subnational1
"Jarash",JO-JA,subnational1
"Al Karak",JO-KA,subnational1
"Ongtüstik Qazaqstan oblysy",KZ-YUZ,subnational1
"Almaty oblysy",KZ-ALM,subnational1
"Almaty",KZ-ALA,subnational1
"Qostanay oblysy",KZ-KUS,subnational1
"Mangghystau oblysy",KZ-MAN,subnational1
"Shyghys Qazaqstan oblysy",KZ-VOS,subnational1
"Soltüstik Qazaqstan oblysy",KZ-SEV,subnational1
"Qyzylorda oblysy",KZ-KZY,subnational1
"Zhambyl oblysy",KZ-ZHA,subnational1
"Aqmola oblysy",KZ-AKM,subnational1
"Atyrau oblysy",KZ-ATY,subnational1
"Astana",KZ-AST,subnational1
"Batys Qazaqstan oblysy",KZ-ZAP,subnational1
"Qaraghandy oblysy",KZ-KAR,subnational1
"Pavlodar oblysy",KZ-PAV,subnational1
"Rift Valley",KE-700,subnational1
"Central",KE-200,subnational1
"Western",KE-800,subnational1
"Coast",KE-300,subnational1
"Nyanza",KE-600,subnational1
"Nairobi",KE-110,subnational1
"Eastern",KE-400,subnational1
"North-Eastern",KE-500,subnational1
"Line Islands",KI-L,subnational1
"Kiribati, Kiribati",KI-,subnational1
"Kosovo, Kosovo",XK-,subnational1
"Al Jahrah",KW-JA,subnational1
"Al Ahmadi",KW-AH,subnational1
"Al Kuwayt",KW-KU,subnational1
"Hawalli",KW-HA,subnational1
"Al Farwaniyah",KW-FA,subnational1
"Bishkek",KG-GB,subnational1
"Ysyk-Köl",KG-Y,subnational1
"Talas",KG-T,subnational1
"Osh",KG-O,subnational1
"Naryn",KG-N,subnational1
"Chü",KG-C,subnational1
"Jalal-Abad",KG-J,subnational1
"Batken",KG-B,subnational1
"Savannakhét",LA-SV,subnational1
"Phôngsali [Phong Saly]",LA-PH,subnational1
"Champasak [Champassak]",LA-CH,subnational1
"Vientiane Prefecture",LA-VT,subnational1
"Bolikhamxai [Borikhane]",LA-BL,subnational1
"Khammouan",LA-KH,subnational1
"Vientiane",LA-VI,subnational1
"Bokèo",LA-BK,subnational1
"Xékong [Sékong]",LA-XE,subnational1
"Louang Namtha",LA-LM,subnational1
"Louangphabang [Louang Prabang]",LA-LP,subnational1
"Xiangkhoang [Xieng Khouang]",LA-XI,subnational1
"Houaphan",LA-HO,subnational1
"Oudômxai [Oudomsai]",LA-OU,subnational1
"Xaisômboun",LA-XN,subnational1
"Salavan [Saravane]",LA-SL,subnational1
"Xaignabouli [Sayaboury]",LA-XA,subnational1
"Salacgriva",LV-086,subnational1
"Gulbene",LV-033,subnational1
"Riga City",LV-RIX,subnational1
"Pavilosta",LV-071,subnational1
"Amata",LV-008,subnational1
"Limbaži",LV-054,subnational1
"Burtnieki",LV-019,subnational1
"Carnikava",LV-020,subnational1
"Babite",LV-012,subnational1
"Cesis",LV-022,subnational1
"Rezekne",LV-077,subnational1
"Liepaja City",LV-LPX,subnational1
"Kegums",LV-051,subnational1
"Lielvarde",LV-053,subnational1
"Salaspils",LV-087,subnational1
"Tukums",LV-099,subnational1
"Daugavpils City",LV-DGV,subnational1
"Engure",LV-029,subnational1
"Mersrags",LV-063,subnational1
"Latvia, Latvia",LV-,subnational1
"Adaži",LV-011,subnational1
"Stopini",LV-095,subnational1
"Sigulda",LV-091,subnational1
"Livani",LV-056,subnational1
"Ventspils",LV-106,subnational1
"Jurmala City",LV-JUR,subnational1
"Aizpute",LV-003,subnational1
"Dundaga",LV-027,subnational1
"Kuldiga",LV-050,subnational1
"Rezekne City",LV-REZ,subnational1
"Madona",LV-059,subnational1
"Ligatne",LV-055,subnational1
"Ikškile",LV-035,subnational1
"Smiltene",LV-094,subnational1
"Roja",LV-079,subnational1
"Nica",LV-066,subnational1
"Ogre",LV-067,subnational1
"Rucava",LV-081,subnational1
"Marupe",LV-062,subnational1
"Rundale",LV-083,subnational1
"Priekuli",LV-075,subnational1
"Saldus",LV-088,subnational1
"Kekava",LV-052,subnational1
"Strenci",LV-096,subnational1
"Koceni",LV-045,subnational1
"Skrunda",LV-093,subnational1
"Daugavpils",LV-025,subnational1
"Talsi",LV-097,subnational1
"Garkalne",LV-031,subnational1
"Jelgava",LV-041,subnational1
"Krimulda",LV-048,subnational1
"Lubana",LV-057,subnational1
"Ash Shimal",LB-AS,subnational1
"Mont-Liban",LB-JL,subnational1
"Béqaa",LB-BI,subnational1
"Baalbek-Hermel",LB-BH,subnational1
"Nabatîyé",LB-NA,subnational1
"Bayrut",LB-BA,subnational1
"Al Janub",LB-JA,subnational1
"Butha-Buthe",LS-B,subnational1
"Mokhotlong",LS-J,subnational1
"Leribe",LS-C,subnational1
"Thaba-Tseka",LS-K,subnational1
"Quthing",LS-G,subnational1
"Mafeteng",LS-E,subnational1
"Maseru",LS-A,subnational1
"Qacha's Nek",LS-H,subnational1
"Margibi",LR-MG,subnational1
"Montserrado",LR-MO,subnational1
"Grand Cape Mount",LR-CM,subnational1
"Sinoe",LR-SI,subnational1
"Al hizam al Akhdar",LY-HZ,subnational1
"Al Jifarah",LY-JI,subnational1
"Schaan",LI-07,subnational1
"Gamprin",LI-03,subnational1
"Balzers",LI-01,subnational1
"Eschen",LI-02,subnational1
"Triesenberg",LI-10,subnational1
"Planken",LI-05,subnational1
"Mauren",LI-04,subnational1
"Triesen",LI-09,subnational1
"Ruggell",LI-06,subnational1
"Vaduz",LI-11,subnational1
"Utenos Apskritis",LT-UT,subnational1
"Klaipedos Apskritis",LT-KL,subnational1
"Marijampoles Apskritis",LT-MR,subnational1
"Kauno Apskritis",LT-KU,subnational1
"Vilniaus Apskritis",LT-VL,subnational1
"Panevežio Apskritis",LT-PN,subnational1
"Alytaus Apskritis",LT-AL,subnational1
"Taurages Apskritis",LT-TA,subnational1
"Šiauliu Apskritis",LT-SA,subnational1
"Telšiu Apskritis",LT-TE,subnational1
"Luxemburg",LU-L,subnational1
"Diekirch",LU-D,subnational1
"Grevenmacher ",LU-G,subnational1
"Macau, Macau",MO-,subnational1
"Toliara",MG-U,subnational1
"Toamasina",MG-A,subnational1
"Antsiranana",MG-D,subnational1
"Mahajanga",MG-M,subnational1
"Antananarivo",MG-T,subnational1
"Fianarantsoa",MG-F,subnational1
"Southern",MW-S,subnational1
"Central",MW-C,subnational1
"Northern",MW-N,subnational1
"Melaka",MY-04,subnational1
"Sabah",MY-12,subnational1
"Negeri Sembilan",MY-05,subnational1
"Pulau Pinang",MY-07,subnational1
"Perak",MY-08,subnational1
"Johor",MY-01,subnational1
"Selangor",MY-10,subnational1
"Pahang",MY-06,subnational1
"Kedah",MY-02,subnational1
"Sarawak",MY-13,subnational1
"Wilayah Persekutuan Kuala Lumpur",MY-14,subnational1
"Terengganu",MY-11,subnational1
"Perlis",MY-09,subnational1
"Kelantan",MY-03,subnational1
"Wilayah Persekutuan Putrajaya",MY-16,subnational1
"Alif",MV-02,subnational1
"Alifu Dhaalu",MV-00,subnational1
"Baa",MV-20,subnational1
"Dhaalu",MV-17,subnational1
"Faafu",MV-14,subnational1
"Maldives, Maldives",MV-,subnational1
"Gaafu Dhaalu",MV-28,subnational1
"Gnaviyani",MV-29,subnational1
"Haa Dhaalu",MV-23,subnational1
"Kaafu",MV-26,subnational1
"Laamu",MV-05,subnational1
"Lhaviyani",MV-03,subnational1
"Meemu",MV-12,subnational1
"Noonu",MV-25,subnational1
"Raa",MV-13,subnational1
"Shaviyani",MV-24,subnational1
"Vaavu",MV-04,subnational1
"Bamako",ML-BKO,subnational1
"Koulikoro",ML-2,subnational1
"Malta, Malta",MT-,subnational1
"Marshall Islands, Marshall Islands",MH-,subnational1
"Martinique, Martinique",MQ-,subnational1
"Nouakchott",MR-NKC,subnational1
"Dakhlet Nouâdhibou",MR-08,subnational1
"Trarza",MR-06,subnational1
"Brakna",MR-05,subnational1
"Assaba",MR-03,subnational1
"Adrar",MR-07,subnational1
"Savanne",MU-SA,subnational1
"Black River",MU-BL,subnational1
"Grand Port",MU-GP,subnational1
"Flacq",MU-FL,subnational1
"Rivière du Rempart",MU-RR,subnational1
"Port Louis",MU-PL,subnational1
"Pamplemousses",MU-PA,subnational1
"Mayotte, Mayotte",YT-,subnational1
"Calakmul",MX-CAM-001,subnational2
"Galeana",MX-NLE-016,subnational2
"Tatatila",MX-VER-162,subnational2
"Juchitán",MX-OAX-010,subnational2
"Pochutla",MX-OAX-017,subnational2
"Suchiate",MX-CHP-096,subnational2
"Etla",MX-OAX-006,subnational2
"Cozumel",MX-ROO-002,subnational2
"Juárez",MX-CHH-037,subnational2
"Victoria",MX-TAM-041,subnational2
"Ecatepec",MX-MEX-034,subnational2
"Aguascalientes",MX-AGU-001,subnational2
"Miguel Hidalgo",MX-DIF-010,subnational2
"Tlalpan",MX-DIF-012,subnational2
"Irapuato",MX-GUA-015,subnational2
"Moroleón",MX-GUA-020,subnational2
"Silao",MX-GUA-037,subnational2
"Xochimilco",MX-DIF-015,subnational2
"Acala",MX-CHP-002,subnational2
"Teapa",MX-TAB-016,subnational2
"Álvaro Obregón",MX-DIF-016,subnational2
"Morelia",MX-MIC-056,subnational2
"Tlaltizapán",MX-MOR-025,subnational2
"Manuel Doblado",MX-GUA-019,subnational2
"San Ignacio",MX-SIN-017,subnational2
"Ameca",MX-JAL-006,subnational2
"Guanajuato",MX-GUA-013,subnational2
"Taxco de Alarcón",MX-GRO-062,subnational2
"Las Vigas de Ramírez",MX-VER-100,subnational2
"Cerralvo",MX-NLE-010,subnational2
"Sabinas Hidalgo",MX-NLE-044,subnational2
"Gustavo A. Madero",MX-DIF-006,subnational2
"Acámbaro",MX-GUA-002,subnational2
"Iztapalapa",MX-DIF-008,subnational2
"Ahualulco de Mercado",MX-JAL-003,subnational2
"San Cristóbal de las Casas",MX-CHP-084,subnational2
"Benito Juárez",MX-ROO-001,subnational2
"Chocamán",MX-VER-042,subnational2
"Isla Mujeres",MX-ROO-004,subnational2
"Champotón",MX-CAM-006,subnational2
"Othón P. Blanco",MX-ROO-007,subnational2
"Pitiquito",MX-SON-049,subnational2
"Peto",MX-YUC-058,subnational2
"Mochitlán",MX-GRO-050,subnational2
"Acapulco",MX-GRO-001,subnational2
"Aconchi",MX-SON-001,subnational2
"Catemaco",MX-VER-032,subnational2
"San Andrés Tuxtla",MX-VER-144,subnational2
"Naco",MX-SON-041,subnational2
"Talpa de Allende",MX-JAL-085,subnational2
"Felipe Carrillo Puerto",MX-ROO-003,subnational2
"Chiapa de Corzo",MX-CHP-023,subnational2
"Centro",MX-TAB-003,subnational2
"Mérida",MX-YUC-054,subnational2
"Tihuatlán",MX-VER-178,subnational2
"Matamoros",MX-TAM-022,subnational2
"Zihuatanejo de Azueta",MX-GRO-079,subnational2
"Puerto Vallarta",MX-JAL-067,subnational2
"La Paz",MX-BCS-002,subnational2
"Palenque",MX-CHP-073,subnational2
"Tapachula",MX-CHP-098,subnational2
"Centro",MX-OAX-001,subnational2
"Los Cabos",MX-BCS-004,subnational2
"Tlajomulco de Zúñiga",MX-JAL-098,subnational2
"Hermosillo",MX-SON-031,subnational2
"Manzanillo",MX-COL-007,subnational2
"Apodaca",MX-NLE-005,subnational2
"Juquila",MX-OAX-011,subnational2
"Tepic",MX-NAY-018,subnational2
"Tijuana",MX-BCN-005,subnational2
"Veracruz",MX-VER-199,subnational2
"Morelos",MX-ZAC-032,subnational2
"Venustiano Carranza",MX-DIF-014,subnational2
"Alamos",MX-SON-003,subnational2
"Puebla",MX-PUE-116,subnational2
"Tuxcacuesco",MX-JAL-107,subnational2
"Villa de Álvarez",MX-COL-010,subnational2
"Chihuahua",MX-CHH-014,subnational2
"Ciudad del Maíz",MX-SLP-013,subnational2
"Sacalum",MX-YUC-062,subnational2
"Campeche",MX-CAM-003,subnational2
"Hunucmá",MX-YUC-038,subnational2
"Tizimín",MX-YUC-096,subnational2
"Compostela",MX-NAY-005,subnational2
"La Huerta",MX-JAL-054,subnational2
"Autlán de Navarro",MX-JAL-013,subnational2
"Tulum",MX-ROO-009,subnational2
"Solidaridad",MX-ROO-008,subnational2
"Parras",MX-COA-024,subnational2
"Cuauhtémoc",MX-DIF-005,subnational2
"Querétaro",MX-QUE-014,subnational2
"San Luis Potosí",MX-SLP-030,subnational2
"Texcoco",MX-MEX-101,subnational2
"Coyoacán",MX-DIF-003,subnational2
"El Fuerte",MX-SIN-008,subnational2
"La Magdalena Contreras",MX-DIF-009,subnational2
"Ciudad Valles",MX-SLP-012,subnational2
"Ensenada",MX-BCN-001,subnational2
"Almoloya de Juárez",MX-MEX-005,subnational2
"Toluca",MX-MEX-108,subnational2
"Alvarado",MX-VER-011,subnational2
"Comala",MX-COL-003,subnational2
"Amatlán de los Reyes",MX-VER-013,subnational2
"San Marcos",MX-GRO-060,subnational2
"Sayula",MX-JAL-083,subnational2
"Teuchitlán",MX-JAL-096,subnational2
"Tuxtla Gutiérrez",MX-CHP-109,subnational2
"Homún",MX-YUC-036,subnational2
"Zacatecas",MX-ZAC-058,subnational2
"Lázaro Cárdenas",MX-ROO-006,subnational2
"Chapala",MX-JAL-020,subnational2
"Elota",MX-SIN-009,subnational2
"Cuatro Ciénegas",MX-COA-007,subnational2
"Aquila",MX-VER-016,subnational2
"Guadalupe",MX-NLE-024,subnational2
"Tepotzotlán",MX-MEX-097,subnational2
"Actopan",MX-VER-004,subnational2
"Bahía de Banderas",MX-NAY-004,subnational2
"Ixtlán",MX-OAX-008,subnational2
"Tampico",MX-TAM-038,subnational2
"Tala",MX-JAL-084,subnational2
"Zapopan",MX-JAL-120,subnational2
"Tumbalá",MX-CHP-107,subnational2
"Manuel Benavides",MX-CHH-042,subnational2
"Ocosingo",MX-CHP-067,subnational2
"San Luis Río Colorado",MX-SON-058,subnational2
"Acuña",MX-COA-002,subnational2
"Ocampo",MX-COA-023,subnational2
"Temósachic",MX-CHH-064,subnational2
"Tláhuac",MX-DIF-013,subnational2
"Carmen",MX-CAM-005,subnational2
"Boca del Río",MX-VER-025,subnational2
"San Blas",MX-NAY-013,subnational2
"Agua Prieta",MX-SON-002,subnational2
"San Pedro de la Cueva",MX-SON-060,subnational2
"Mexicali",MX-BCN-002,subnational2
"Concordia",MX-SIN-005,subnational2
"Sahuaripa",MX-SON-054,subnational2
"Tlacolula",MX-OAX-024,subnational2
"Nácori Chico",MX-SON-045,subnational2
"Tacámbaro",MX-MIC-082,subnational2
"Urique",MX-CHH-065,subnational2
"Chínipas",MX-CHH-015,subnational2
"Batopilas",MX-CHH-008,subnational2
"Mazatlán",MX-SIN-012,subnational2
"Jesús María",MX-AGU-006,subnational2
"Ures",MX-SON-069,subnational2
"San Juanito de Escobedo",MX-JAL-074,subnational2
"Rosario",MX-SON-053,subnational2
"Colima",MX-COL-002,subnational2
"Calvillo",MX-AGU-003,subnational2
"Playas de Rosarito",MX-BCN-003,subnational2
"Candelaria",MX-CAM-004,subnational2
"Carmen",MX-NLE-009,subnational2
"Vega de Alatorre",MX-VER-198,subnational2
"San Miguel de Allende",MX-GUA-033,subnational2
"Iztacalco",MX-DIF-007,subnational2
"Progreso",MX-YUC-059,subnational2
"Ixtapaluca",MX-MEX-041,subnational2
"Orizaba",MX-VER-124,subnational2
"Madera",MX-CHH-040,subnational2
"Loreto",MX-BCS-003,subnational2
"Guaymas",MX-SON-030,subnational2
"Comondú",MX-BCS-001,subnational2
"Mulegé",MX-BCS-005,subnational2
"Sinaloa",MX-SIN,subnational1
"Guasave",MX-SIN-011,subnational2
"Ahome",MX-SIN-001,subnational2
"Angostura",MX-SIN-002,subnational2
"Huatabampo",MX-SON-033,subnational2
"Aquila",MX-MIC-007,subnational2
"Benito Juárez",MX-SON-015,subnational2
"Puerto Peñasco",MX-SON-050,subnational2
"Tehuantepec",MX-OAX-021,subnational2
"Cuautla",MX-MOR-006,subnational2
"Arivechi",MX-SON-005,subnational2
"Tecomán",MX-COL-009,subnational2
"Minatitlán",MX-COL-008,subnational2
"El Mante",MX-TAM-011,subnational2
"Abasolo",MX-GUA-001,subnational2
"Súchil",MX-DUR-034,subnational2
"Mezquital",MX-DUR-015,subnational2
"Jaumave",MX-TAM-018,subnational2
"Banámichi",MX-SON-012,subnational2
"Calkiní",MX-CAM-002,subnational2
"Santiago Ixcuintla",MX-NAY-016,subnational2
"Lázaro Cárdenas",MX-MIC-052,subnational2
"Mazatán",MX-CHP-061,subnational2
"Cazones de Herrera",MX-VER-033,subnational2
"Nautla",MX-VER-120,subnational2
"Petatlán",MX-GRO-055,subnational2
"Centla",MX-TAB-002,subnational2
"Mixtla",MX-PUE-100,subnational2
"Casimiro Castillo",MX-JAL-018,subnational2
"San José de Gracia",MX-AGU-010,subnational2
"Guachochi",MX-CHH-025,subnational2
"Dolores Hidalgo",MX-GUA-012,subnational2
"Celestún",MX-YUC-011,subnational2
"Río Lagartos",MX-YUC-061,subnational2
"Moris",MX-CHH-047,subnational2
"Río Blanco",MX-VER-141,subnational2
"Bacalar",MX-ROO-010,subnational2
"Coahuayana",MX-MIC-022,subnational2
"Mina",MX-NLE-038,subnational2
"Minatitlán",MX-VER-112,subnational2
"Tenosique",MX-TAB-017,subnational2
"Tonalá",MX-CHP-105,subnational2
"Amealco de Bonfil",MX-QUE-001,subnational2
"Arteaga",MX-COA-004,subnational2
"Cadereyta de Montes",MX-QUE-003,subnational2
"Ezequiel Montes",MX-QUE-007,subnational2
"San Juan del Río",MX-QUE-019,subnational2
"Tequisquiapan",MX-QUE-017,subnational2
"Santiago",MX-NLE-049,subnational2
"Amecameca",MX-MEX-009,subnational2
"Puente Nacional",MX-VER-137,subnational2
"Atoyac de Álvarez",MX-GRO-012,subnational2
"Torreón",MX-COA-035,subnational2
"Saltillo",MX-COA-030,subnational2
"General Zuazua",MX-NLE-023,subnational2
"Mascota",MX-JAL-058,subnational2
"Camerino Z. Mendoza",MX-VER-028,subnational2
"Atlautla",MX-MEX-015,subnational2
"Coatepec",MX-VER-048,subnational2
"Altotonga",MX-VER-010,subnational2
"Guadalajara",MX-JAL-039,subnational2
"Miahuatlán",MX-OAX-013,subnational2
"Tepoztlán",MX-MOR-021,subnational2
"San Pedro Garza García",MX-NLE-047,subnational2
"Tekom",MX-YUC-081,subnational2
"Pijijiapan",MX-CHP-077,subnational2
"Unión Juárez",MX-CHP-112,subnational2
"Jalpan de Serra",MX-QUE-009,subnational2
"Xochiapulco",MX-PUE-200,subnational2
"San Sebastián del Oeste",MX-JAL-080,subnational2
"Atoyatempan",MX-PUE-021,subnational2
"La Yesca",MX-NAY-010,subnational2
"Amanalco",MX-MEX-007,subnational2
"Miquihuana",MX-TAM-025,subnational2
"Tapalpa",MX-JAL-087,subnational2
"Pueblo Nuevo",MX-DUR-023,subnational2
"Concepción de Buenos Aires",MX-JAL-026,subnational2
"Villa Hidalgo",MX-JAL-116,subnational2
"Uruapan",MX-MIC-102,subnational2
"Nochixtlán",MX-OAX-015,subnational2
"Cárdenas",MX-TAB-006,subnational2
"General Escobedo",MX-NLE-019,subnational2
"Cabo Corrientes",MX-JAL-017,subnational2
"Ixtapan de la Sal",MX-MEX-042,subnational2
"Tuxtepec",MX-OAX-026,subnational2
"Temax",MX-YUC-084,subnational2
"Villa Aldama",MX-VER-200,subnational2
"Las Minas",MX-VER-099,subnational2
"Tonila",MX-JAL-104,subnational2
"Perote",MX-VER-132,subnational2
"El Naranjo",MX-SLP-017,subnational2
"Temascaltepec",MX-MEX-088,subnational2
"Emiliano Zapata",MX-TAB-007,subnational2
"Cajeme",MX-SON-019,subnational2
"Ixhuacán",MX-VER-079,subnational2
"Jonuta",MX-TAB-011,subnational2
"Jiutepec",MX-MOR-011,subnational2
"China",MX-NLE-011,subnational2
"Santa María del Oro",MX-NAY-015,subnational2
"Palizada",MX-CAM-010,subnational2
"Tixpéhual",MX-YUC-095,subnational2
"Santa Elena",MX-YUC-066,subnational2
"Linares",MX-NLE-031,subnational2
"Cihuatlán",MX-JAL-023,subnational2
"Catazajá",MX-CHP-017,subnational2
"Ocozocoautla de Espinosa",MX-CHP-069,subnational2
"Tuxpan",MX-VER-194,subnational2
"La Concordia",MX-CHP-049,subnational2
"Izamal",MX-YUC-040,subnational2
"Ixtlahuacán",MX-COL-006,subnational2
"Osumacinta",MX-CHP-071,subnational2
"Balancán",MX-TAB-001,subnational2
"Tomatlán",MX-JAL-101,subnational2
"Pihuamo",MX-JAL-065,subnational2
"Cosalá",MX-SIN-006,subnational2
"Tizapán el Alto",MX-JAL-097,subnational2
"Salto de Agua",MX-CHP-082,subnational2
"Soteapan",MX-VER-154,subnational2
"Aquismón",MX-SLP-003,subnational2
"Tepeyahualco",MX-PUE-170,subnational2
"Tlacolulan",MX-VER-181,subnational2
"Chamula",MX-CHP-019,subnational2
"Kaua",MX-YUC-043,subnational2
"Higueras",MX-NLE-026,subnational2
"Teocelo",MX-VER-168,subnational2
"Chapultenango",MX-CHP-021,subnational2
"Gómez Farías",MX-TAM-015,subnational2
"San Fernando",MX-CHP-085,subnational2
"Pinal de Amoles",MX-QUE-013,subnational2
"Durango",MX-DUR-005,subnational2
"Marqués de Comillas",MX-CHP-059,subnational2
"Cuauhtémoc",MX-CHH-018,subnational2
"Bácum",MX-SON-017,subnational2
"Etchojoa",MX-SON-026,subnational2
"Delicias",MX-CHH-020,subnational2
"Tzimol",MX-CHP-111,subnational2
"Unión de Tula",MX-JAL-111,subnational2
"Llera",MX-TAM-020,subnational2
"La Libertad",MX-CHP-052,subnational2
"Nogales",MX-SON-044,subnational2
"Culiacán",MX-SIN-007,subnational2
"Opodepe",MX-SON-047,subnational2
"Navojoa",MX-SON-043,subnational2
"Yécora",MX-SON-072,subnational2
"Onavas",MX-SON-046,subnational2
"San Javier",MX-SON-057,subnational2
"Cumpas",MX-SON-023,subnational2
"Jamiltepec",MX-OAX-009,subnational2
"Yaxcabá",MX-YUC-104,subnational2
"Tecate",MX-BCN-004,subnational2
"Las Margaritas",MX-CHP-055,subnational2
"San Dimas",MX-DUR-027,subnational2
"Tula",MX-TAM-039,subnational2
"Coquimatlán",MX-COL-004,subnational2
"Chapulco",MX-PUE-033,subnational2
"Macuspana",MX-TAB-012,subnational2
"Huitzilac",MX-MOR-009,subnational2
"Jiquipilas",MX-CHP-046,subnational2
"Monterrey",MX-NLE-040,subnational2
"San Felipe",MX-YUC-064,subnational2
"Queréndaro",MX-MIC-074,subnational2
"Dzidzantún",MX-YUC-026,subnational2
"Villa Corzo",MX-CHP-115,subnational2
"Chichimilá",MX-YUC-017,subnational2
"Tuxpan",MX-JAL-109,subnational2
"Emiliano Zapata",MX-VER-065,subnational2
"Técpan de Galeana",MX-GRO-074,subnational2
"Casas Grandes",MX-CHH-013,subnational2
"Xilitla",MX-SLP-057,subnational2
"Ejutla",MX-JAL-031,subnational2
"Tlaxiaco",MX-OAX-025,subnational2
"Conkal",MX-YUC-022,subnational2
"San Nicolás de los Ranchos",MX-PUE-139,subnational2
"Tianguismanalco",MX-PUE-175,subnational2
"Ocoyoacac",MX-MEX-065,subnational2
"Xicotepec",MX-PUE-197,subnational2
"Tlatlauquitepec",MX-PUE-186,subnational2
"Cuetzalan",MX-PUE-059,subnational2
"Charo",MX-MIC-014,subnational2
"Ocampo",MX-CHH-051,subnational2
"Valle de Bravo",MX-MEX-113,subnational2
"Atoyac",MX-VER-019,subnational2
"Xico",MX-VER-202,subnational2
"Cacahoatán",MX-CHP-016,subnational2
"Tlapacoyan",MX-VER-187,subnational2
"Soyaniquilpan",MX-MEX-081,subnational2
"La Perla",MX-VER-096,subnational2
"Huimanguillo",MX-TAB-008,subnational2
"Honey",MX-PUE-070,subnational2
"Zacatlán",MX-PUE-208,subnational2
"Tamasopo",MX-SLP-038,subnational2
"Tetela del Volcán",MX-MOR-023,subnational2
"San Pedro Lagunillas",MX-NAY-014,subnational2
"Hostotipaquillo",MX-JAL-041,subnational2
"Temascalapa",MX-MEX-086,subnational2
"Jalcomulco",MX-VER-087,subnational2
"Teotitlán",MX-OAX-022,subnational2
"Bustamante",MX-NLE-007,subnational2
"Lerdo",MX-DUR-013,subnational2
"Suchiapa",MX-CHP-095,subnational2
"Nogales",MX-VER-121,subnational2
"Zimapán",MX-HID-084,subnational2
"Eduardo Neri",MX-GRO-032,subnational2
"Hecelchakán",MX-CAM-008,subnational2
"San Joaquín",MX-QUE-015,subnational2
"Valladolid",MX-YUC-102,subnational2
"Comitán",MX-CHP-030,subnational2
"Temozón",MX-YUC-085,subnational2
"Tinum",MX-YUC-091,subnational2
"Tecoh",MX-YUC-076,subnational2
"Chapab",MX-YUC-015,subnational2
"Chocholá",MX-YUC-020,subnational2
"Cuzamá",MX-YUC-024,subnational2
"Temoaya",MX-MEX-089,subnational2
"Tlaquepaque",MX-JAL-099,subnational2
"Cuernavaca",MX-MOR-007,subnational2
"Reynosa",MX-TAM-032,subnational2
"Tacotalpa",MX-TAB-015,subnational2
"Mapastepec",MX-CHP-057,subnational2
"José María Morelos",MX-ROO-005,subnational2
"Tolimán",MX-JAL-100,subnational2
"Coapilla",MX-CHP-029,subnational2
"Cintalapa",MX-CHP-028,subnational2
"Yajalón",MX-CHP-117,subnational2
"Tequila",MX-VER-172,subnational2
"Hueyapan de Ocampo",MX-VER-073,subnational2
"Huichapan",MX-HID-029,subnational2
"Ixtaczoquitlán",MX-VER-085,subnational2
"Marín",MX-NLE-035,subnational2
"Jojutla",MX-MOR-012,subnational2
"Salamanca",MX-GUA-026,subnational2
"Valle de Chalco Solidaridad",MX-MEX-114,subnational2
"Tlalnepantla de Baz",MX-MEX-106,subnational2
"Milpa Alta",MX-DIF-011,subnational2
"Apaxco",MX-MEX-010,subnational2
"Pátzcuaro",MX-MIC-073,subnational2
"Pungarabato",MX-GRO-057,subnational2
"Acajete",MX-PUE-001,subnational2
"Quiroga",MX-MIC-075,subnational2
"Colón",MX-QUE-004,subnational2
"Otumba",MX-MEX-067,subnational2
"Puente de Ixtla",MX-MOR-017,subnational2
"Apaseo el Grande",MX-GUA-004,subnational2
"Tepatitlán",MX-JAL-094,subnational2
"Motozintla",MX-CHP-065,subnational2
"Yautepec",MX-OAX-028,subnational2
"Jocotepec",MX-JAL-050,subnational2
"San Pedro Cholula",MX-PUE-141,subnational2
"Salvador Alvarado",MX-SIN-016,subnational2
"Teocuitatlán de Corona",MX-JAL-093,subnational2
"Acultzingo",MX-VER-006,subnational2
"El Llano",MX-AGU-005,subnational2
"Ozumba",MX-MEX-070,subnational2
"Zacatepec",MX-MOR-032,subnational2
"Huiloapan de Cuauhtémoc",MX-VER-074,subnational2
"Tuxcueca",MX-JAL-108,subnational2
"Tepezalá",MX-AGU-011,subnational2
"Tequixquiac",MX-MEX-098,subnational2
"Lerma",MX-MEX-053,subnational2
"El Salto",MX-JAL-035,subnational2
"Tonalá",MX-JAL-102,subnational2
"Matamoros",MX-COA-017,subnational2
"Chimalhuacán",MX-MEX-026,subnational2
"Asientos",MX-AGU-002,subnational2
"Jantetelco",MX-MOR-010,subnational2
"Temixco",MX-MOR-018,subnational2
"Aldama",MX-TAM-002,subnational2
"Zinacantepec",MX-MEX-123,subnational2
"Purísima del Rincón",MX-GUA-023,subnational2
"Huajuapan",MX-OAX-007,subnational2
"Escuinapa",MX-SIN-010,subnational2
"Yobaín",MX-YUC-106,subnational2
"Ocuilan",MX-MEX-066,subnational2
"Sinanché",MX-YUC-068,subnational2
"Monclova",MX-COA-018,subnational2
"Altamira",MX-TAM-003,subnational2
"Benito Juárez",MX-DIF-002,subnational2
"San Nicolás de los Garza",MX-NLE-046,subnational2
"Tecolutla",MX-VER-163,subnational2
"Dzemul",MX-YUC-025,subnational2
"Ixtlahuacán de los Membrillos",MX-JAL-044,subnational2
"Ojuelos de Jalisco",MX-JAL-064,subnational2
"Lagos de Moreno",MX-JAL-056,subnational2
"Atenco",MX-MEX-011,subnational2
"Agua Blanca de Iturbide",MX-HID-004,subnational2
"Manlio Fabio Altamirano",MX-VER-105,subnational2
"Erongarícuaro",MX-MIC-032,subnational2
"Zacapoaxtla",MX-PUE-207,subnational2
"León",MX-GUA-018,subnational2
"Bocoyna",MX-CHH-009,subnational2
"Cuajimalpa de Morelos",MX-DIF-004,subnational2
"Zongolica",MX-VER-209,subnational2
"Acolman",MX-MEX-002,subnational2
"Poncitlán",MX-JAL-066,subnational2
"Francisco I. Madero",MX-COA-009,subnational2
"Viesca",MX-COA-036,subnational2
"Nanacamilpa de Mariano Arista",MX-TLA-024,subnational2
"Mazamitla",MX-JAL-059,subnational2
"Huauchinango",MX-PUE-073,subnational2
"Villa Purificación",MX-JAL-117,subnational2
"Allende",MX-NLE-003,subnational2
"Misantla",MX-VER-113,subnational2
"Acaponeta",MX-NAY-001,subnational2
"Tekax",MX-YUC-079,subnational2
"Ajacuba",MX-HID-005,subnational2
"Aramberri",MX-NLE-006,subnational2
"El Grullo",MX-JAL-033,subnational2
"Imuris",MX-SON-036,subnational2
"Córdoba",MX-VER-063,subnational2
"Tepatlaxco",MX-VER-169,subnational2
"Telchac Puerto",MX-YUC-083,subnational2
"Huatusco",MX-VER-071,subnational2
"Atarjea",MX-GUA-005,subnational2
"Cuauhtémoc",MX-COL-005,subnational2
"San Rafael",MX-VER-146,subnational2
"Gómez Farías",MX-JAL-040,subnational2
"Gustavo Díaz Ordaz",MX-TAM-014,subnational2
"Xalisco",MX-NAY-020,subnational2
"Morelos",MX-CHH-046,subnational2
"San Felipe",MX-GUA-029,subnational2
"Nombre de Dios",MX-DUR-017,subnational2
"Zitácuaro",MX-MIC-112,subnational2
"Tonayán",MX-VER-191,subnational2
"Ayahualulco",MX-VER-022,subnational2
"Metztitlán",MX-HID-037,subnational2
"Tecpatán",MX-CHP-101,subnational2
"Empalme",MX-SON-025,subnational2
"Navolato",MX-SIN-014,subnational2
"Xalapa",MX-VER-201,subnational2
"Naranjal",MX-VER-118,subnational2
"Totolapan",MX-MOR-028,subnational2
"Sinaloa",MX-SIN-018,subnational2
"Coyuca de Benítez",MX-GRO-025,subnational2
"La Unión de Isidoro Montes de Oca",MX-GRO-045,subnational2
"San Ignacio Río Muerto",MX-SON-056,subnational2
"Armería",MX-COL-001,subnational2
"Tecuala",MX-NAY-017,subnational2
"Alto Lucero",MX-VER-009,subnational2
"Tequila",MX-JAL-095,subnational2
"Maxcanú",MX-YUC-048,subnational2
"San Salvador el Verde",MX-PUE-145,subnational2
"Cuautitlán Izcalli",MX-MEX-032,subnational2
"Soledad de Graciano Sánchez",MX-SLP-037,subnational2
"Acayucan",MX-VER-003,subnational2
"Tejupilco",MX-MEX-084,subnational2
"Ixtacamaxtitlán",MX-PUE-085,subnational2
"Chankom",MX-YUC-014,subnational2
"Los Reyes",MX-VER-102,subnational2
"Villaflores",MX-CHP-116,subnational2
"Santa Catarina",MX-NLE-048,subnational2
"General Zaragoza",MX-NLE-022,subnational2
"Tekantó",MX-YUC-078,subnational2
"Tonatico",MX-MEX-110,subnational2
"Oxkutzcab",MX-YUC-056,subnational2
"Hidalgo",MX-MIC-034,subnational2
"Chicxulub Pueblo",MX-YUC-018,subnational2
"Comalcalco",MX-TAB-004,subnational2
"Motul",MX-YUC-051,subnational2
"Hidalgo del Parral",MX-CHH-031,subnational2
"Uayma",MX-YUC-099,subnational2
"Kanasín",MX-YUC-041,subnational2
"Opichén",MX-YUC-055,subnational2
"Acanceh",MX-YUC-002,subnational2
"Umán",MX-YUC-101,subnational2
"Jungapeo",MX-MIC-046,subnational2
"La Antigua",MX-VER-095,subnational2
"Celaya",MX-GUA-006,subnational2
"Yautepec",MX-MOR-030,subnational2
"Contepec",MX-MIC-026,subnational2
"Huasca de Ocampo",MX-HID-024,subnational2
"Santa María del Río",MX-SLP-035,subnational2
"Arroyo Seco",MX-QUE-002,subnational2
"La Trinitaria",MX-CHP-053,subnational2
"Escárcega",MX-CAM-007,subnational2
"Tamuín",MX-SLP-042,subnational2
"Ramos Arizpe",MX-COA-027,subnational2
"Coatzacoalcos",MX-VER-049,subnational2
"Huépac",MX-SON-035,subnational2
"Cananea",MX-SON-020,subnational2
"El Marqués",MX-QUE-006,subnational2
"Valle de Chalco",MX-MEX-020,subnational2
"Isla",MX-VER-077,subnational2
"Tlacotalpan",MX-VER-182,subnational2
"San Andrés Cholula",MX-PUE-120,subnational2
"Baja California",MX-BCN,subnational1
"Tamiahua",MX-VER-156,subnational2
"Álvaro Obregón",MX-MIC-113,subnational2
"Cuautlancingo",MX-PUE-057,subnational2
"Angel Albino Corzo",MX-CHP-009,subnational2
"Zapotitlán",MX-PUE-209,subnational2
"Teotihuacán",MX-MEX-094,subnational2
"Tlaxcala",MX-TLA-050,subnational2
"Cuautinchán",MX-PUE-056,subnational2
"Tepetlaoxtoc",MX-MEX-095,subnational2
"Nuevo Urecho",MX-MIC-062,subnational2
"Amatenango del Valle",MX-CHP-007,subnational2
"Maltrata",MX-VER-104,subnational2
"Uxpanapa",MX-VER-197,subnational2
"San Miguel de Horcasitas",MX-SON-059,subnational2
"Mier",MX-TAM-023,subnational2
"Acajete",MX-VER-001,subnational2
"Apan",MX-HID-008,subnational2
"Soto la Marina",MX-TAM-037,subnational2
"García",MX-NLE-017,subnational2
"San Francisco de Conchos",MX-CHH-058,subnational2
"Rosamorada",MX-NAY-011,subnational2
"Guadalupe",MX-ZAC-017,subnational2
"Villamar",MX-MIC-104,subnational2
"Santa Clara",MX-DUR-032,subnational2
"Iguala de la Independencia",MX-GRO-038,subnational2
"Zacapu",MX-MIC-107,subnational2
"Salvador Escalante",MX-MIC-077,subnational2
"Medellín",MX-VER-110,subnational2
"Atlangatepec",MX-TLA-005,subnational2
"Briseñas",MX-MIC-010,subnational2
"Florencio Villarreal",MX-GRO-033,subnational2
"Magdalena",MX-JAL-057,subnational2
"Aldama",MX-CHH-002,subnational2
"Rosario",MX-SIN-015,subnational2
"Pilcaya",MX-GRO-056,subnational2
"Apizaco",MX-TLA-004,subnational2
"Nuevo Casas Grandes",MX-CHH-050,subnational2
"Vicente Guerrero",MX-PUE-195,subnational2
"Timilpan",MX-MEX-104,subnational2
"Miguel Auza",MX-ZAC-029,subnational2
"San Fernando",MX-TAM-035,subnational2
"Benito Juárez",MX-GRO-015,subnational2
"Ciudad Madero",MX-TAM-009,subnational2
"Etzatlán",MX-JAL-037,subnational2
"Copala",MX-GRO-022,subnational2
"Epatlán",MX-PUE-063,subnational2
"Nuevo Ideal",MX-DUR-018,subnational2
"Atoyac",MX-JAL-012,subnational2
"Oriental",MX-PUE-110,subnational2
"Zapotlán el Grande",MX-JAL-125,subnational2
"Villa Corona",MX-JAL-114,subnational2
"Axochiapan",MX-MOR-003,subnational2
"Gómez Farías",MX-CHH-030,subnational2
"Pánuco",MX-VER-138,subnational2
"Almoloya del Río",MX-MEX-006,subnational2
"Miacatlán",MX-MOR-015,subnational2
"Jiménez",MX-MIC-043,subnational2
"Cuitzeo",MX-MIC-029,subnational2
"Copándaro",MX-MIC-027,subnational2
"Zinapécuaro",MX-MIC-109,subnational2
"Matamoros",MX-CHH-044,subnational2
"Tantoyuca",MX-VER-160,subnational2
"Rioverde",MX-SLP-026,subnational2
"Angel R. Cabada",MX-VER-014,subnational2
"Cusihuiriachi",MX-CHH-019,subnational2
"Coatlán del Río",MX-MOR-005,subnational2
"Guadalupe Victoria",MX-PUE-068,subnational2
"Río Bravo",MX-TAM-033,subnational2
"Anáhuac",MX-NLE-004,subnational2
"Atlacomulco",MX-MEX-014,subnational2
"Cañadas de Obregón",MX-JAL-019,subnational2
"Tepeapulco",MX-HID-061,subnational2
"Naolinco",MX-VER-117,subnational2
"Tixtla de Guerrero",MX-GRO-067,subnational2
"Yuriria",MX-GUA-046,subnational2
"Zacoalco de Torres",MX-JAL-119,subnational2
"Zumpango",MX-MEX-125,subnational2
"Acatlán",MX-HID-001,subnational2
"Cosoleacaque",MX-VER-057,subnational2
"Maravilla Tenejapa",MX-CHP-058,subnational2
"Cortazar",MX-GUA-009,subnational2
"Los Reyes",MX-MIC-051,subnational2
"Donato Guerra",MX-MEX-033,subnational2
"Ocotlán",MX-JAL-063,subnational2
"Martínez de la Torre",MX-VER-107,subnational2
"Jamay",MX-JAL-047,subnational2
"Dzilam de Bravo",MX-YUC-028,subnational2
"Valle de Juárez",MX-JAL-113,subnational2
"Julimes",MX-CHH-036,subnational2
"Zapotlanejo",MX-JAL-123,subnational2
"El Nayar",MX-NAY-006,subnational2
"Armadillo de los Infante",MX-SLP-004,subnational2
"Zaragoza",MX-SLP-058,subnational2
"Izúcar de Matamoros",MX-PUE-087,subnational2
"San Miguel Totolapan",MX-GRO-061,subnational2
"Matachí",MX-CHH-043,subnational2
"Tzitzio",MX-MIC-101,subnational2
"Coixtlahuaca",MX-OAX-003,subnational2
"Cuicatlán",MX-OAX-004,subnational2
"Monte Escobedo",MX-ZAC-031,subnational2
"Ejutla",MX-OAX-005,subnational2
"Juárez",MX-NLE-029,subnational2
"General Plutarco Elías Calles",MX-SON-028,subnational2
"Hidalgo",MX-NLE-025,subnational2
"Nuevo Morelos",MX-TAM-028,subnational2
"Ocampo",MX-TAM-029,subnational2
"Tzintzuntzan",MX-MIC-100,subnational2
"Venado",MX-SLP-048,subnational2
"Las Rosas",MX-CHP-056,subnational2
"Villa de Allende",MX-MEX-117,subnational2
"Tenancingo",MX-MEX-090,subnational2
"Mineral del Chico",MX-HID-039,subnational2
"Mineral del Monte",MX-HID-040,subnational2
"Huimilpan",MX-QUE-008,subnational2
"Ayapango",MX-MEX-017,subnational2
"Amozoc",MX-PUE-015,subnational2
"Teolocholco",MX-TLA-044,subnational2
"Tangancícuaro",MX-MIC-085,subnational2
"Tlachichuca",MX-PUE-177,subnational2
"Tancítaro",MX-MIC-083,subnational2
"Sombrerete",MX-ZAC-042,subnational2
"Tula de Allende",MX-HID-075,subnational2
"Zapotitlán de Vadillo",MX-JAL-122,subnational2
"San Gabriel",MX-JAL-071,subnational2
"Leonardo Bravo",MX-GRO-046,subnational2
"Namiquipa",MX-CHH-048,subnational2
"Camargo",MX-CHH-011,subnational2
"San José Chiapa",MX-PUE-129,subnational2
"Matehuala",MX-SLP-021,subnational2
"Villa Hidalgo",MX-SLP-049,subnational2
"Tlaquiltenango",MX-MOR-026,subnational2
"Metepec",MX-MEX-057,subnational2
"Tehuacán",MX-PUE-156,subnational2
"Azcapotzalco",MX-DIF-001,subnational2
"Dzitás",MX-YUC-029,subnational2
"San Cristóbal de la Barranca",MX-JAL-069,subnational2
"Candela",MX-COA-005,subnational2
"Naucalpan de Juárez",MX-MEX-060,subnational2
"Pachuca",MX-HID-046,subnational2
"El Porvenir",MX-CHP-033,subnational2
"Chilpancingo de los Bravo",MX-GRO-018,subnational2
"Fresnillo",MX-ZAC-012,subnational2
"Ixhuatlán del Sureste",MX-VER-083,subnational2
"Papantla",MX-VER-129,subnational2
"Jocotitlán",MX-MEX-049,subnational2
"Ojinaga",MX-CHH-052,subnational2
"San Martín de las Pirámides",MX-MEX-077,subnational2
"Axapusco",MX-MEX-016,subnational2
"Tecámac",MX-MEX-083,subnational2
"Coacalco de Berriozábal",MX-MEX-027,subnational2
"Banderilla",MX-VER-023,subnational2
"Santo Domingo",MX-SLP-036,subnational2
"Chicoloapan",MX-MEX-024,subnational2
"Poza Rica",MX-VER-135,subnational2
"Nuevo Laredo",MX-TAM-027,subnational2
"Villa de Reyes",MX-SLP-055,subnational2
"Juxtlahuaca",MX-OAX-012,subnational2
"Jilotepec",MX-MEX-046,subnational2
"Xochitepec",MX-MOR-029,subnational2
"Papalotla de Xicohténcatl",MX-TLA-027,subnational2
"Morelos",MX-MEX-059,subnational2
"Ticul",MX-YUC-089,subnational2
"Santa Isabel",MX-CHH-061,subnational2
"Miguel Alemán",MX-TAM-024,subnational2
"Abasolo",MX-TAM-001,subnational2
"Piedras Negras",MX-COA-025,subnational2
"Hidalgo",MX-TAM-017,subnational2
"Meoqui",MX-CHH-045,subnational2
"Zapotlán de Juárez",MX-HID-082,subnational2
"Arriaga",MX-CHP-010,subnational2
"Turicato",MX-MIC-097,subnational2
"Cojumatlán de Régules",MX-MIC-025,subnational2
"Tatahuicapan",MX-VER-161,subnational2
"Pichucalco",MX-CHP-076,subnational2
"Arizpe",MX-SON-006,subnational2
"Acateno",MX-PUE-002,subnational2
"Singuilucan",MX-HID-057,subnational2
"Ursulo Galván",MX-VER-196,subnational2
"Pueblo Viejo",MX-VER-136,subnational2
"Agua Dulce",MX-VER-007,subnational2
"Marquelia",MX-GRO-048,subnational2
"Caborca",MX-SON-018,subnational2
"Ascensión",MX-CHH-005,subnational2
"Tlayacapan",MX-MOR-027,subnational2
"Guerrero",MX-CHH-029,subnational2
"Agualeguas",MX-NLE-002,subnational2
"General Cepeda",MX-COA-011,subnational2
"El Oro",MX-MEX-036,subnational2
"Canatlán",MX-DUR-001,subnational2
"Acatic",MX-JAL-001,subnational2
"Janos",MX-CHH-034,subnational2
"Melchor Ocampo",MX-NLE-036,subnational2
"Coyotepec",MX-MEX-030,subnational2
"Pénjamo",MX-GUA-024,subnational2
"Corregidora",MX-QUE-005,subnational2
"Tamazula de Gordiano",MX-JAL-086,subnational2
"Yahualica de González Gallo",MX-JAL-118,subnational2
"Nicolás Romero",MX-MEX-063,subnational2
"Zimatlán",MX-OAX-030,subnational2
"Antiguo Morelos",MX-TAM-004,subnational2
"Valle de Guadalupe",MX-JAL-112,subnational2
"General Treviño",MX-NLE-021,subnational2
"González",MX-TAM-012,subnational2
"Rosales",MX-CHH-055,subnational2
"Cuencamé",MX-DUR-004,subnational2
"El Arenal",MX-JAL-032,subnational2
"Choix",MX-SIN-004,subnational2
"Isidro Fabela",MX-MEX-040,subnational2
"Jalostotitlán",MX-JAL-046,subnational2
"Juan R. Escudero",MX-GRO-043,subnational2
"Tulancingo",MX-HID-076,subnational2
"Tepexco",MX-PUE-168,subnational2
"Indé",MX-DUR-012,subnational2
"Alfajayucan",MX-HID-006,subnational2
"Metepec",MX-HID-036,subnational2
"Victoria",MX-GUA-043,subnational2
"Mocorito",MX-SIN-013,subnational2
"Juan Galindo",MX-PUE-093,subnational2
"Soyopa",MX-SON-063,subnational2
"Tepeji del Río de Ocampo",MX-HID-063,subnational2
"Rincón de Romos",MX-AGU-008,subnational2
"San Diego de la Unión",MX-GUA-028,subnational2
"Ocampo",MX-DUR-019,subnational2
"Cuauhtémoc",MX-ZAC-009,subnational2
"Ocotlán",MX-OAX-016,subnational2
"Badiraguato",MX-SIN-003,subnational2
"Villanueva",MX-ZAC-057,subnational2
"Acaxochitlán",MX-HID-002,subnational2
"Tetla de la Solidaridad",MX-TLA-048,subnational2
"Jerez",MX-ZAC-020,subnational2
"Cuerámaro",MX-GUA-010,subnational2
"Juárez",MX-COA-015,subnational2
"Padilla",MX-TAM-030,subnational2
"Villa Victoria",MX-MEX-116,subnational2
"Tepalcatepec",MX-MIC-089,subnational2
"Charcas",MX-SLP-010,subnational2
"Tarímbaro",MX-MIC-088,subnational2
"San Francisco del Rincón",MX-GUA-030,subnational2
"Jesús María",MX-JAL-048,subnational2
"Villa del Carbón",MX-MEX-118,subnational2
"Villa Pesqueira",MX-SON-071,subnational2
"La Colorada",MX-SON-037,subnational2
"Pesquería",MX-NLE-042,subnational2
"Choapam",MX-OAX-002,subnational2
"Coscomatepec",MX-VER-056,subnational2
"Paraíso",MX-TAB-014,subnational2
"Tepehuanes",MX-DUR-036,subnational2
"Tlanchinol",MX-HID-072,subnational2
"Paso de Ovejas",MX-VER-130,subnational2
"Villagrán",MX-TAM-042,subnational2
"Tasquillo",MX-HID-058,subnational2
"Cuautepec",MX-GRO-029,subnational2
"Encarnación de Díaz",MX-JAL-036,subnational2
"Totutla",MX-VER-192,subnational2
"Atemajac de Brizuela",MX-JAL-008,subnational2
"General Terán",MX-NLE-020,subnational2
"Tzucacab",MX-YUC-098,subnational2
"Axtla de Terrazas",MX-SLP-005,subnational2
"Guerrero",MX-COA-012,subnational2
"Cucurpe",MX-SON-022,subnational2
"San Nicolás Tolentino",MX-SLP-032,subnational2
"Tocumbo",MX-MIC-095,subnational2
"Fronteras",MX-SON-027,subnational2
"Güémez",MX-TAM-016,subnational2
"Espita",MX-YUC-032,subnational2
"Tenabo",MX-CAM-011,subnational2
"Buenaventura",MX-CHH-010,subnational2
"Amatepec",MX-MEX-008,subnational2
"Villaldama",MX-NLE-051,subnational2
"Panabá",MX-YUC-057,subnational2
"Ixtlán del Río",MX-NAY-008,subnational2
"San Buenaventura",MX-COA-031,subnational2
"Zumpahuacán",MX-MEX-124,subnational2
"Tzicatlacoyan",MX-PUE-193,subnational2
"Tixcacalcupul",MX-YUC-092,subnational2
"Hopelchén",MX-CAM-009,subnational2
"Tlahualilo",MX-DUR-037,subnational2
"Xicoténcatl",MX-TAM-043,subnational2
"Acapetahua",MX-CHP-003,subnational2
"Huitzuco de los Figueroa",MX-GRO-037,subnational2
"Tepalcingo",MX-MOR-020,subnational2
"Cuautitlán de García Barragán",MX-JAL-027,subnational2
"San José Miahuatlán",MX-PUE-130,subnational2
"Guadalupe y Calvo",MX-CHH-027,subnational2
"Ayutla",MX-JAL-015,subnational2
"Huachinera",MX-SON-032,subnational2
"Huejuquilla el Alto",MX-JAL-042,subnational2
"Degollado",MX-JAL-030,subnational2
"Magdalena",MX-SON-038,subnational2
"Rodeo",MX-DUR-025,subnational2
"Tecozautla",MX-HID-059,subnational2
"Baviácora",MX-SON-014,subnational2
"Huásabas",MX-SON-034,subnational2
"Bacerac",MX-SON-010,subnational2
"Jesús Carranza",MX-VER-089,subnational2
"Álamo Temapache",MX-VER-212,subnational2
"Huazalingo",MX-HID-026,subnational2
"Huehuetlán el Grande",MX-PUE-076,subnational2
"San Bartolo Tutotepec",MX-HID-052,subnational2
"Moctezuma",MX-SON-040,subnational2
"Guerrero",MX-TAM-013,subnational2
"Zentla",MX-VER-208,subnational2
"Ocampo",MX-MIC-064,subnational2
"Senguio",MX-MIC-080,subnational2
"Nacajuca",MX-TAB-013,subnational2
"Madero",MX-MIC-053,subnational2
"San Francisco de los Romo",MX-AGU-009,subnational2
"Tekit",MX-YUC-080,subnational2
"Churintzio",MX-MIC-020,subnational2
"Dzoncauich",MX-YUC-030,subnational2
"Catorce",MX-SLP-006,subnational2
"Tultitlán",MX-MEX-112,subnational2
"Villa Alta",MX-JAL-126,subnational2
"Quitupan",MX-JAL-068,subnational2
"Tamaulipas",MX-TAM,subnational1
"Calpan",MX-PUE-027,subnational2
"Tekal de Venegas",MX-YUC-077,subnational2
"San José Teacalco",MX-TLA-031,subnational2
"Panotla",MX-TLA-026,subnational2
"Tonaya",MX-JAL-103,subnational2
"Berriozábal",MX-CHP-014,subnational2
"Santiago Sochiapan",MX-VER-147,subnational2
"Mineral de la Reforma",MX-HID-038,subnational2
"Montemorelos",MX-NLE-039,subnational2
"Muna",MX-YUC-052,subnational2
"Casas",MX-TAM-008,subnational2
"Ayala",MX-MOR-004,subnational2
"San Luis de la Paz",MX-GUA-032,subnational2
"Jala",MX-NAY-009,subnational2
"Ahuacatlán",MX-NAY-002,subnational2
"Chalchicomula de Sesma",MX-PUE-032,subnational2
"Chemax",MX-YUC-016,subnational2
"Zapotitlán de Méndez",MX-PUE-210,subnational2
"Tuxtla Chico",MX-CHP-108,subnational2
"Tixkokob",MX-YUC-093,subnational2
"Tenango del Valle",MX-MEX-092,subnational2
"Tepexi de Rodríguez",MX-PUE-169,subnational2
"Tapalapa",MX-CHP-099,subnational2
"Ixil",MX-YUC-039,subnational2
"Natívitas",MX-TLA-025,subnational2
"Salvatierra",MX-GUA-027,subnational2
"Acuitzio",MX-MIC-001,subnational2
"Tecolotlán",MX-JAL-090,subnational2
"Pohnpei",FM-PNI,subnational1
"Chuuk",FM-TRK,subnational1
"Ștefan Vodă",MD-SV,subnational1
"Căușeni",MD-CS,subnational1
"Gagauzia, Unitate Teritoriala Autonoma (UTAG)",MD-GA,subnational1
"Ialoveni",MD-IA,subnational1
"Chișinău City",MD-CU,subnational1
"Hîncești",MD-HI,subnational1
"Drochia",MD-DR,subnational1
"Sîngerei",MD-SI,subnational1
"Dubasari",MD-DU,subnational1
"Criuleni",MD-CR,subnational1
"Anenii Noi",MD-AN,subnational1
"Cahul",MD-CA,subnational1
"Călărași",MD-CL,subnational1
"Cimișlia",MD-CM,subnational1
"Ungheni",MD-UN,subnational1
"Strășeni",MD-ST,subnational1
"Orhei",MD-OR,subnational1
"Leova",MD-LE,subnational1
"Taraclia",MD-TA,subnational1
"Rezina",MD-RE,subnational1
"Monaco, Monaco",MC-,subnational1
"Uvs",MN-046,subnational1
"Bayan-Ölgiy",MN-071,subnational1
"Ömnögovi",MN-053,subnational1
"Bulgan",MN-067,subnational1
"Selenge",MN-049,subnational1
"Hentiy",MN-039,subnational1
"Övörhangay",MN-055,subnational1
"Hovd",MN-043,subnational1
"Ulaanbaatar",MN-1,subnational1
"Dundgovi",MN-059,subnational1
"Dzavhan",MN-057,subnational1
"Bayanhongor",MN-069,subnational1
"Töv",MN-047,subnational1
"Arhangay",MN-073,subnational1
"Dornod",MN-061,subnational1
"Sühbaatar",MN-051,subnational1
"Hövsgöl",MN-041,subnational1
"Dornogovi",MN-063,subnational1
"Govi-Altay",MN-065,subnational1
"Ulcinj",ME-20,subnational1
"Plav",ME-13,subnational1
"Žabljak",ME-21,subnational1
"Bar",ME-02,subnational1
"Kotor",ME-10,subnational1
"Kolašin",ME-09,subnational1
"Mojkovac",ME-11,subnational1
"Cetinje",ME-06,subnational1
"Podgorica",ME-16,subnational1
"Berane",ME-03,subnational1
"Budva",ME-05,subnational1
"Bijelo Polje",ME-04,subnational1
"Danilovgrad",ME-07,subnational1
"Nikšic´",ME-12,subnational1
"Šavnik",ME-18,subnational1
"Rožaje",ME-17,subnational1
"Herceg-Novi",ME-08,subnational1
"Pljevlja",ME-14,subnational1
"Plužine",ME-15,subnational1
"Tivat",ME-19,subnational1
"Sous-Massa-Draa",MA-13,subnational1
"Marrakech-Tensift-Al Haouz",MA-11,subnational1
"Meknès-Tafilalet",MA-06,subnational1
"Tanger-Tétouan",MA-01,subnational1
"Rabat-Salé-Zemmour-Zaer",MA-07,subnational1
"Guelmim-Es Smara",MA-14,subnational1
"Fès-Boulemane",MA-05,subnational1
"Taza-Al Hoceima-Taounate",MA-03,subnational1
"L'Oriental",MA-04,subnational1
"Chaouia-Ouardigha",MA-09,subnational1
"Grand Casablanca",MA-08,subnational1
"Doukkala-Abda",MA-10,subnational1
"Gharb-Chrarda-Beni Hssen",MA-02,subnational1
"Tadla-Azilal",MA-12,subnational1
"Laâyoune-Boujdour-Sakia el Hamra",MA-15,subnational1
"Maputo",MZ-L,subnational1
"Inhambane",MZ-I,subnational1
"Gaza",MZ-G,subnational1
"Manica",MZ-B,subnational1
"Sofala",MZ-S,subnational1
"Zambézia",MZ-Q,subnational1
"Cabo Delgado",MZ-P,subnational1
"Nampula",MZ-N,subnational1
"Tete",MZ-T,subnational1
"Niassa",MZ-A,subnational1
"Sagaing",MM-01,subnational1
"Mandalay",MM-04,subnational1
"Magway",MM-03,subnational1
"Bago",MM-02,subnational1
"Yangon",MM-06,subnational1
"Tanintharyi",MM-05,subnational1
"Shan",MM-17,subnational1
"Mon",MM-15,subnational1
"Ayeyarwady",MM-07,subnational1
"Kachin",MM-11,subnational1
"Kayin",MM-13,subnational1
"Chin",MM-14,subnational1
"Rakhine",MM-16,subnational1
"Kunene, Namibia",NA-KU,subnational1
"Erongo, Namibia",NA-ER,subnational1
"Hardap, Namibia",NA-HA,subnational1
"Karas, Namibia",NA-KA,subnational1
"Khomas, Namibia",NA-KH,subnational1
"Otjozondjupa, Namibia",NA-OD,subnational1
"Okavango, Namibia",NA-OK,subnational1
"Omaheke, Namibia",NA-OH,subnational1
"Caprivi, Namibia",NA-CA,subnational1
"Oshikoto, Namibia",NA-OT,subnational1
"Ohangwena, Namibia",NA-OW,subnational1
"Oshana, Namibia",NA-ON,subnational1
"Omusati, Namibia",NA-OS,subnational1
"Kathmandu",NP-3-KAT,subnational2
"Kapilbastu",NP-5-KAP,subnational2
"Nawalparasi East",NP-4-NAW,subnational2
"Bhaktapur",NP-3-BHA,subnational2
"Kaski",NP-4-KAS,subnational2
"Lamjung",NP-4-LAM,subnational2
"Myagdi",NP-4-MYA,subnational2
"Parbat",NP-4-PAR,subnational2
"Mustang",NP-4-MUS,subnational2
"Manang",NP-4-MAN,subnational2
"Darchula",NP-7-DAR,subnational2
"Arghakhanchi",NP-5-ARG,subnational2
"Dang",NP-5-DAN,subnational2
"Bardiya",NP-5-BAR,subnational2
"Sunsari",NP-1-SUN,subnational2
"Lalitpur",NP-3-LAL,subnational2
"Jhapa",NP-1-JHA,subnational2
"Rupandehi",NP-5-RUP,subnational2
"Dhading",NP-3-DHA,subnational2
"Kanchanpur",NP-7-KAN,subnational2
"Tanahu",NP-4-TAN,subnational2
"Banke",NP-5-BAN,subnational2
"Jajarkot",NP-6-JAJ,subnational2
"Gorkha",NP-4-GOR,subnational2
"Nuwakot",NP-3-NUW,subnational2
"Chitawan",NP-3-CHI,subnational2
"Morang",NP-1-MOR,subnational2
"Kabhrepalanchok",NP-3-KAB,subnational2
"Syangja",NP-4-SYA,subnational2
"Dhankuta",NP-1-DHA,subnational2
"Nawalparasi West",NP-5-NAW,subnational2
"Makawanpur",NP-3-MAK,subnational2
"Surkhet",NP-6-SUR,subnational2
"Solukhumbu",NP-1-SOL,subnational2
"Sarlahi",NP-2-SAR,subnational2
"Rukum West",NP-6-RUK,subnational2
"Ilam",NP-1-ILA,subnational2
"Taplejung",NP-1-TAP,subnational2
"Dailekh",NP-6-DAI,subnational2
"Bajhang",NP-7-BHA,subnational2
"Rukum East",NP-5-RUK,subnational2
"Dhanusha",NP-2-DHA,subnational2
"Dolpa",NP-6-DOL,subnational2
"Baglung",NP-4-BAG,subnational2
"Sankhuwasabha",NP-1-SAN,subnational2
"Kailali",NP-7-KAI,subnational2
"Dolakha",NP-3-DOL,subnational2
"Ramechhap",NP-3-RAM,subnational2
"Pyuthan",NP-5-PYU,subnational2
"Okhaldhunga",NP-1-OKH,subnational2
"Sindhupalchok",NP-3-SPA,subnational2
"Panchthar",NP-1-PAN,subnational2
"Udayapur",NP-1-UDA,subnational2
"Mahottari",NP-2-MAH,subnational2
"Doti",NP-7-DOT,subnational2
"Baitadi",NP-7-BAI,subnational2
"Saptari",NP-2-SAP,subnational2
"Rautahat",NP-2-RAU,subnational2
"Rasuwa",NP-3-RAS,subnational2
"Kalikot",NP-6-KAL,subnational2
"Gulmi",NP-5-GUL,subnational2
"Palpa",NP-5-PAL,subnational2
"Sindhuli",NP-3-SLI,subnational2
"Bhojpur",NP-1-BHO,subnational2
"Khotang",NP-1-KHO,subnational2
"Parsa",NP-2-PAR,subnational2
"Bara",NP-2-BAR,subnational2
"Achham",NP-7-ACH,subnational2
"Mugu",NP-6-MUG,subnational2
"Jumla",NP-6-JUM,subnational2
"Humla",NP-6-HUM,subnational2
"Terhathum",NP-1-TER,subnational2
"Noord-Holland",NL-NH,subnational1
"Zuid-Holland",NL-ZH,subnational1
"Noord-Brabant",NL-NB,subnational1
"Overijssel",NL-OV,subnational1
"Fryslân",NL-FR,subnational1
"Utrecht",NL-UT,subnational1
"Gelderland",NL-GE,subnational1
"Zeeland",NL-ZE,subnational1
"Flevoland",NL-FL,subnational1
"Groningen",NL-GR,subnational1
"Limburg",NL-LI,subnational1
"Drenthe",NL-DR,subnational1
"New Caledonia, New Caledonia",NC-,subnational1
"Ruapehu District",NZ-MWT-036,subnational2
"Whangarei District",NZ-NTL-002,subnational2
"Rotorua District",NZ-BOP-024,subnational2
"Far North District",NZ-NTL-001,subnational2
"Central Hawke's Bay District",NZ-HKB-032,subnational2
"Tararua District",NZ-MWT-041,subnational2
"Tasman District",NZ-TAS-051,subnational2
"Southland District",NZ-STL-073,subnational2
"Hurunui District",NZ-CAN-058,subnational2
"Auckland City",NZ-AUK-007,subnational2
"Mackenzie District",NZ-CAN-065,subnational2
"Southland",NZ-STL,subnational1
"Taupo District",NZ-WKO-021,subnational2
"Waitaki District",NZ-CAN-068,subnational2
"Christchurch City",NZ-CAN-060,subnational2
"North Shore City",NZ-AUK-005,subnational2
"Palmerston North City",NZ-MWT-040,subnational2
"Queenstown-Lakes District",NZ-OTA-070,subnational2
"Thames-Coromandel District",NZ-WKO-011,subnational2
"Central Otago District",NZ-OTA-069,subnational2
"Ashburton District",NZ-CAN-063,subnational2
"Waitaki District",NZ-OTA-068,subnational2
"Waikato District",NZ-WKO-013,subnational2
"Marlborough District",NZ-MBH-053,subnational2
"Manawatu District",NZ-MWT-039,subnational2
"Selwyn District",NZ-CAN-062,subnational2
"Manukau City",NZ-AUK-008,subnational2
"Gisborne District",NZ-GIS-028,subnational2
"Otago",NZ-OTA,subnational1
"Western Bay of Plenty District",NZ-BOP-022,subnational2
"Otorohanga District",NZ-WKO-018,subnational2
"Porirua City",NZ-WGN-044,subnational2
"New Plymouth District",NZ-TKI-033,subnational2
"Dunedin City",NZ-OTA-071,subnational2
"Waipa District",NZ-WKO-017,subnational2
"South Waikato District",NZ-WKO-019,subnational2
"Waitakere City",NZ-AUK-006,subnational2
"Rodney District",NZ-AUK-004,subnational2
"Westland District",NZ-WTC-057,subnational2
"Kapiti Coast District",NZ-WGN-043,subnational2
"Waimakariri District",NZ-CAN-059,subnational2
"Canterbury",NZ-CAN,subnational1
"Grey District",NZ-WTC-056,subnational2
"Clutha District",NZ-OTA-072,subnational2
"Whakatane District",NZ-BOP-025,subnational2
"Waitomo District",NZ-WKO-020,subnational2
"Invercargill City",NZ-STL-075,subnational2
"Franklin District",NZ-AUK-010,subnational2
"Lower Hutt City",NZ-WGN-046,subnational2
"Kaipara District",NZ-NTL-003,subnational2
"Hastings District",NZ-HKB-030,subnational2
"Tauranga City",NZ-BOP-023,subnational2
"Franklin District",NZ-WKO-010,subnational2
"Horowhenua District",NZ-MWT-042,subnational2
"Papakura District",NZ-AUK-009,subnational2
"Nelson City",NZ-NSN-052,subnational2
"Rotorua District",NZ-WKO-024,subnational2
"Wellington City",NZ-WGN-047,subnational2
"Buller District",NZ-WTC-055,subnational2
"Rangitikei District",NZ-MWT-038,subnational2
"Wanganui District",NZ-MWT-037,subnational2
"Hawke's Bay",NZ-HKB,subnational1
"South Wairarapa District",NZ-WGN-050,subnational2
"Carterton District",NZ-WGN-049,subnational2
"Masterton District",NZ-WGN-048,subnational2
"Chatham Islands",NZ-CI,subnational1
"Kaikoura District",NZ-CAN-054,subnational2
"Gore District",NZ-STL-074,subnational2
"Hauraki District",NZ-WKO-012,subnational2
"Stratford District",NZ-TKI-034,subnational2
"South Taranaki District",NZ-TKI-035,subnational2
"Matamata-Piako District",NZ-WKO-015,subnational2
"Timaru District",NZ-CAN-064,subnational2
"Northland",NZ-NTL,subnational1
"Marlborough",NZ-MBH,subnational1
"Waimate District",NZ-CAN-066,subnational2
"Hamilton City",NZ-WKO-016,subnational2
"Opotiki District",NZ-BOP-027,subnational2
"Tasman",NZ-TAS,subnational1
"Taupo District",NZ-BOP-021,subnational2
"Upper Hutt City",NZ-WGN-045,subnational2
"Kawerau District",NZ-BOP-026,subnational2
"Wellington",NZ-WGN,subnational1
"Wairoa District",NZ-HKB-029,subnational2
"Auckland",NZ-AUK,subnational1
"Napier City",NZ-HKB-031,subnational2
"Taupo District",NZ-HKB-021,subnational2
"Waitomo District",NZ-MWT-020,subnational2
"Stratford District",NZ-MWT-034,subnational2
"West Coast",NZ-WTC,subnational1
"Bay of Plenty",NZ-BOP,subnational1
"Managua",NI-MN,subnational1
"Atlántico Norte",NI-AN,subnational1
"Río San Juan",NI-SJ,subnational1
"Matagalpa",NI-MT,subnational1
"Atlántico Sur",NI-AS,subnational1
"Jinotega",NI-JI,subnational1
"Rivas",NI-RI,subnational1
"Masaya",NI-MS,subnational1
"Carazo",NI-CA,subnational1
"Boaco",NI-BO,subnational1
"Chinandega",NI-CI,subnational1
"Granada",NI-GR,subnational1
"Nueva Segovia",NI-NS,subnational1
"León",NI-LE,subnational1
"Estelí",NI-ES,subnational1
"Chontales",NI-CO,subnational1
"Madriz",NI-MD,subnational1
"Niamey",NE-8,subnational1
"Tillabéri",NE-6,subnational1
"Bauchi",NG-BA,subnational1
"Cross River",NG-CR,subnational1
"Yobe",NG-YO,subnational1
"Plateau",NG-PL,subnational1
"Lagos",NG-LA,subnational1
"Borno",NG-BO,subnational1
"Ondo",NG-ON,subnational1
"Osun",NG-OS,subnational1
"Kogi",NG-KO,subnational1
"Oyo",NG-OY,subnational1
"Abuja Federal Capital Territory",NG-FC,subnational1
"Edo",NG-ED,subnational1
"Ogun",NG-OG,subnational1
"Rivers",NG-RI,subnational1
"Sokoto",NG-SO,subnational1
"Niue, Niue",NU-,subnational1
"Norfolk Island, Norfolk Island",NF-,subnational1
"Saipan",MP-SA,subnational1
"Rota",MP-RO,subnational1
"Tinian",MP-TI,subnational1
"Kangwon-do",KP-07,subnational1
"P’yongan-bukto",KP-03,subnational1
"Čučer-Sandevo",MK-816,subnational1
"Bitola",MK-501,subnational1
"Veles",MK-101,subnational1
"Kumanovo",MK-703,subnational1
"Češinovo-Obleševo",MK-210,subnational1
"Demir Kapija",MK-103,subnational1
"Dojran",MK-406,subnational1
"Negotino",MK-106,subnational1
"Bogdanci",MK-401,subnational1
"Saraj",MK-811,subnational1
"Gevgelija",MK-405,subnational1
"Šuto Orizari",MK-817,subnational1
"Petrovec",MK-810,subnational1
"Kičevo",MK-307,subnational1
"Lozovo",MK-105,subnational1
"Sveti Nikole",MK-108,subnational1
"Prilep",MK-508,subnational1
"Mavrovo i Rostuše",MK-607,subnational1
"Ilinden",MK-807,subnational1
"Ohrid",MK-310,subnational1
"Gjorče Petrov",MK-805,subnational1
"Resen",MK-509,subnational1
"Karbinci",MK-205,subnational1
"Butel",MK-803,subnational1
"Staro Nagoričane",MK-706,subnational1
"Tetovo",MK-609,subnational1
"Radoviš",MK-409,subnational1
"Demir Hisar",MK-502,subnational1
"Gazi Baba",MK-804,subnational1
"Struga",MK-312,subnational1
"Zelenikovo",MK-806,subnational1
"Gradsko",MK-102,subnational1
"Valandovo",MK-403,subnational1
"Karpoš",MK-808,subnational1
"Akershus",NO-02,subnational1
"Oslo",NO-03,subnational1
"Vestfold",NO-07,subnational1
"Finnmark",NO-20,subnational1
"Sør-Trøndelag",NO-16,subnational1
"Vest-Agder",NO-10,subnational1
"Hedmark",NO-04,subnational1
"Østfold",NO-01,subnational1
"Telemark",NO-08,subnational1
"Møre og Romsdal",NO-15,subnational1
"Nord-Trøndelag",NO-17,subnational1
"Rogaland",NO-11,subnational1
"Hordaland",NO-12,subnational1
"Nordland",NO-18,subnational1
"Troms",NO-19,subnational1
"Buskerud",NO-06,subnational1
"Oppland",NO-05,subnational1
"Sogn og Fjordane",NO-14,subnational1
"Aust-Agder",NO-09,subnational1
"Al Buraimi",OM-BU,subnational1
"Dhofar",OM-ZU,subnational1
"A'Dakhiliya",OM-DA,subnational1
"Muscat",OM-MA,subnational1
"A'Sharqiyah South",OM-SJ,subnational1
"Al Wusta",OM-WU,subnational1
"Al Batinah South",OM-BJ,subnational1
"Musandam",OM-MU,subnational1
"A'Sharqiyah North",OM-SS,subnational1
"Al Batinah North",OM-BS,subnational1
"A'Dhahirah",OM-ZA,subnational1
"Punjab",PK-PB,subnational1
"North-West Frontier",PK-NW,subnational1
"Baluchistan",PK-BA,subnational1
"Islamabad",PK-IS,subnational1
"Sind",PK-SD,subnational1
"Melekeok",PW-212,subnational1
"Angaur",PW-010,subnational1
"Peleliu",PW-350,subnational1
"Koror",PW-150,subnational1
"Ngatpang",PW-224,subnational1
"Aimeliik",PW-002,subnational1
"Ngeremlengui",PW-227,subnational1
"Ngiwal",PW-228,subnational1
"Palestinian Territory, Palestinian Territory",PS-,subnational1
"Panamá",PA-8,subnational1
"Colón",PA-3,subnational1
"Kuna Yala",PA-KY,subnational1
"Chiriquí",PA-4,subnational1
"Darién",PA-5,subnational1
"Coclé",PA-2,subnational1
"Bocas del Toro",PA-1,subnational1
"Ngäbe-Buglé",PA-NB,subnational1
"Veraguas",PA-9,subnational1
"Los Santos",PA-7,subnational1
"Emberá",PA-EM,subnational1
"Herrera",PA-6,subnational1
"Madang",PG-MPM,subnational1
"Milne Bay",PG-MBA,subnational1
"East Sepik",PG-ESW,subnational1
"Southern Highlands",PG-SHM,subnational1
"Sandaun (West Sepik)",PG-SAN,subnational1
"West New Britain",PG-WBK,subnational1
"Western Highlands",PG-WHM,subnational1
"Central",PG-CPM,subnational1
"Manus",PG-MRL,subnational1
"National Capital District (Port Moresby)",PG-NCD,subnational1
"Western",PG-WPD,subnational1
"Morobe",PG-MPL,subnational1
"New Ireland",PG-NIK,subnational1
"Northern",PG-NPP,subnational1
"Eastern Highlands",PG-EHG,subnational1
"Enga",PG-EPW,subnational1
"Gulf",PG-GPK,subnational1
"Chimbu",PG-CPK,subnational1
"East New Britain",PG-EBR,subnational1
"North Solomons (Bougainville)",PG-NSA,subnational1
"Paraguarí",PY-9,subnational1
"Alto Paraguay",PY-16,subnational1
"Central",PY-11,subnational1
"Caazapá",PY-6,subnational1
"Boquerón",PY-19,subnational1
"Concepción",PY-1,subnational1
"Presidente Hayes",PY-15,subnational1
"San Pedro",PY-2,subnational1
"Alto Paraná",PY-10,subnational1
"Cordillera",PY-3,subnational1
"Misiones",PY-8,subnational1
"Itapúa",PY-7,subnational1
"Amambay",PY-13,subnational1
"Asunción",PY-ASU,subnational1
"Ñeembucú",PY-12,subnational1
"Canindeyú",PY-14,subnational1
"Caaguazú",PY-5,subnational1
"Guairá",PY-4,subnational1
"Piura",PE-PIU,subnational1
"Cuzco [Cusco]",PE-CUS,subnational1
"Amazonas",PE-AMA,subnational1
"Tumbes",PE-TUM,subnational1
"Pasco",PE-PAS,subnational1
"Loreto",PE-LOR,subnational1
"Lambayeque",PE-LAM,subnational1
"San Martín",PE-SAM,subnational1
"Cajamarca",PE-CAJ,subnational1
"Junín",PE-JUN,subnational1
"Madre de Dios",PE-MDD,subnational1
"Arequipa",PE-ARE,subnational1
"La Libertad",PE-LAL,subnational1
"Lima",PE-LIM,subnational1
"Huánuco",PE-HUC,subnational1
"Ayacucho",PE-AYA,subnational1
"El Callao",PE-CAL,subnational1
"Ucayali",PE-UCA,subnational1
"Ica",PE-ICA,subnational1
"Tacna",PE-TAC,subnational1
"Huancavelica",PE-HUV,subnational1
"Puno",PE-PUN,subnational1
"Ancash",PE-ANC,subnational1
"Moquegua",PE-MOQ,subnational1
"Apurímac",PE-APU,subnational1
"Batanes",PH-BTN,subnational1
"Davao del Sur",PH-DAS,subnational1
"Bohol",PH-BOH,subnational1
"Ilocos Norte",PH-ILN,subnational1
"Cavite",PH-CAV,subnational1
"Agusan del Sur",PH-AGS,subnational1
"Aklan",PH-AKL,subnational1
"National Capital Region (Manila)",PH-00,subnational1
"Antique",PH-ANT,subnational1
"Davao Oriental",PH-DAO,subnational1
"Bulacan",PH-BUL,subnational1
"Rizal",PH-RIZ,subnational1
"Oriental Mindoro",PH-MDR,subnational1
"Bataan",PH-BAN,subnational1
"Negros Oriental",PH-NER,subnational1
"Occidental Mindoro",PH-MDC,subnational1
"Palawan",PH-PLW,subnational1
"Nueva Ecija",PH-NUE,subnational1
"Aurora",PH-AUR,subnational1
"Sorsogon",PH-SOR,subnational1
"Negros Occidental",PH-NEC,subnational1
"Batangas",PH-BTG,subnational1
"Kalinga",PH-KAL,subnational1
"Tarlac",PH-TAR,subnational1
"Quezon",PH-QUE,subnational1
"Misamis Oriental",PH-MSR,subnational1
"Pangasinan",PH-PAN,subnational1
"Davao del Norte",PH-DAV,subnational1
"Ifugao",PH-IFU,subnational1
"Pampanga",PH-PAM,subnational1
"Leyte",PH-LEY,subnational1
"Sultan Kudarat",PH-SUK,subnational1
"Cagayan",PH-CAG,subnational1
"Benguet",PH-BEN,subnational1
"Ilocos Sur",PH-ILS,subnational1
"Camarines Sur",PH-CAS,subnational1
"Albay",PH-ALB,subnational1
"Iloilo",PH-ILI,subnational1
"Bukidnon",PH-BUK,subnational1
"Cebu",PH-CEB,subnational1
"Samar",PH-WSA,subnational1
"Camarines Norte",PH-CAN,subnational1
"Catanduanes",PH-CAT,subnational1
"Surigao del Sur",PH-SUR,subnational1
"Zamboanga del Sur",PH-ZAS,subnational1
"Masbate",PH-MAS,subnational1
"Eastern Samar",PH-EAS,subnational1
"Cotabato",PH-NCO,subnational1
"Camiguin",PH-CAM,subnational1
"South Cotabato",PH-SCO,subnational1
"Romblon",PH-ROM,subnational1
"Laguna",PH-LAG,subnational1
"Agusan del Norte",PH-AGN,subnational1
"Surigao del Norte",PH-SUN,subnational1
"Tawi-Tawi",PH-TAW,subnational1
"Mountain Province",PH-MOU,subnational1
"La Union",PH-LUN,subnational1
"Siquijor",PH-SIG,subnational1
"Davao Occidental",PH-DAC,subnational1
"Abra",PH-ABR,subnational1
"Nueva Vizcaya",PH-NUV,subnational1
"Isabela",PH-ISA,subnational1
"Zambales",PH-ZMB,subnational1
"Compostela Valley",PH-COM,subnational1
"Maguindanao",PH-MAG,subnational1
"Lanao del Sur",PH-LAS,subnational1
"Misamis Occidental",PH-MSC,subnational1
"Marinduque",PH-MAD,subnational1
"Sarangani",PH-SAR,subnational1
"Apayao",PH-APA,subnational1
"Southern Leyte",PH-SLE,subnational1
"Pitcairn Islands, Pitcairn Islands",PN-,subnational1
"Malopolskie",PL-MA,subnational1
"Slaskie",PL-SL,subnational1
"Podkarpackie",PL-PK,subnational1
"Kujawsko-pomorskie",PL-KP,subnational1
"Lubelskie",PL-LU,subnational1
"Wielkopolskie",PL-WP,subnational1
"Dolnoslaskie",PL-DS,subnational1
"Podlaskie",PL-PD,subnational1
"Mazowieckie",PL-MZ,subnational1
"Pomorskie",PL-PM,subnational1
"Opolskie",PL-OP,subnational1
"Swietokrzyskie",PL-SK,subnational1
"Zachodniopomorskie",PL-ZP,subnational1
"Warminsko-mazurskie",PL-WN,subnational1
"Lubuskie",PL-LB,subnational1
"Lódzkie",PL-LD,subnational1
"Porto Santo",PT-30-PS,subnational2
"Santa Cruz",PT-30-SC,subnational2
"Almodôvar",PT-02-AM,subnational2
"Monção",PT-16-MO,subnational2
"Évora",PT-07-EV,subnational2
"Ferreira do Alentejo",PT-02-FA,subnational2
"Vila do Porto",PT-20-VP,subnational2
"Sousel",PT-12-SO,subnational2
"Mangualde",PT-18-MA,subnational2
"Ribeira Grande",PT-20-RG,subnational2
"Vila Pouca de Aguiar",PT-17-VP,subnational2
"Maia",PT-13-MI,subnational2
"Horta",PT-20-HO,subnational2
"Santa Cruz das Flores",PT-20-SF,subnational2
"Lisboa",PT-11-LI,subnational2
"Ponta Delgada",PT-20-PD,subnational2
"Peniche",PT-10-PN,subnational2
"Castelo Branco",PT-05-CB,subnational2
"Seia",PT-09-SE,subnational2
"Óbidos",PT-10-OB,subnational2
"Ourém",PT-14-OU,subnational2
"Portalegre",PT-12-PA,subnational2
"Lagoa",PT-08-LA,subnational2
"Alandroal",PT-07-AL,subnational2
"Alcácer do Sal",PT-15-AS,subnational2
"Beja",PT-02-BE,subnational2
"Santa Comba Dão",PT-18-SC,subnational2
"Serpa",PT-02-SE,subnational2
"Montemor-o-Novo",PT-07-MN,subnational2
"Vila Flor",PT-04-VF,subnational2
"Viana do Alentejo",PT-07-VA,subnational2
"Santiago do Cacém",PT-15-SC,subnational2
"Alfândega da Fé",PT-04-AF,subnational2
"Arraiolos",PT-07-AR,subnational2
"Abrantes",PT-14-AB,subnational2
"Almeida",PT-09-AL,subnational2
"Trancoso",PT-09-TR,subnational2
"Idanha-a-Nova",PT-05-IN,subnational2
"Redondo",PT-07-RD,subnational2
"Crato",PT-12-CR,subnational2
"Arronches",PT-12-AR,subnational2
"Cuba",PT-02-CU,subnational2
"Portel",PT-07-PO,subnational2
"Alcoutim",PT-08-AC,subnational2
"Sabugal",PT-09-SA,subnational2
"Mértola",PT-02-ME,subnational2
"Mourão",PT-07-MO,subnational2
"Lamego",PT-18-LA,subnational2
"Castro Marim",PT-08-CM,subnational2
"Borba",PT-07-BO,subnational2
"Pinhel",PT-09-PI,subnational2
"Vale de Cambra",PT-01-VC,subnational2
"Cinfães",PT-18-CI,subnational2
"Tomar",PT-14-TM,subnational2
"Ribeira de Pena",PT-17-RP,subnational2
"Penalva do Castelo",PT-18-PC,subnational2
"Salvaterra de Magos",PT-14-SM,subnational2
"Avis",PT-12-AV,subnational2
"Ponte de Sôr",PT-12-PS,subnational2
"Sines",PT-15-SI,subnational2
"Alvito",PT-02-AV,subnational2
"Lagos",PT-08-LS,subnational2
"Montalegre",PT-17-MT,subnational2
"Mação",PT-14-MA,subnational2
"Mêda",PT-09-ME,subnational2
"Ourique",PT-02-OU,subnational2
"Odemira",PT-02-OD,subnational2
"Pampilhosa da Serra",PT-06-PS,subnational2
"Vidigueira",PT-02-VI,subnational2
"Armamar",PT-18-AR,subnational2
"Póvoa de Lanhoso",PT-03-PL,subnational2
"Chaves",PT-17-CH,subnational2
"Torre de Moncorvo",PT-04-TM,subnational2
"Vieira do Minho",PT-03-VM,subnational2
"Figueira de Castelo Rodrigo",PT-09-FC,subnational2
"Sernancelhe",PT-18-SE,subnational2
"Terras de Bouro",PT-03-TB,subnational2
"Reguengos de Monsaraz",PT-07-RM,subnational2
"Moura",PT-02-MO,subnational2
"Macedo de Cavaleiros",PT-04-MC,subnational2
"Mirandela",PT-04-MI,subnational2
"Guarda",PT-09-GU,subnational2
"Silves",PT-08-SI,subnational2
"Nisa",PT-12-NI,subnational2
"Vila Real",PT-17-VR,subnational2
"Alter do Chão",PT-12-AC,subnational2
"Alpiarça",PT-14-AP,subnational2
"Albufeira",PT-08-AB,subnational2
"Coruche",PT-14-CR,subnational2
"Barreiro",PT-15-BA,subnational2
"Amarante",PT-13-AM,subnational2
"Grândola",PT-15-GR,subnational2
"Alenquer",PT-11-AL,subnational2
"Bragança",PT-04-BR,subnational2
"Valongo",PT-13-VA,subnational2
"Monchique",PT-08-MO,subnational2
"Vimioso",PT-04-VM,subnational2
"Vila Nova de Foz Côa",PT-09-VF,subnational2
"Torres Novas",PT-14-TN,subnational2
"Soure",PT-06-SO,subnational2
"Loulé",PT-08-LO,subnational2
"Fundão",PT-05-FU,subnational2
"Oeiras",PT-11-OE,subnational2
"Boticas",PT-17-BO,subnational2
"Arouca",PT-01-AR,subnational2
"Seixal",PT-15-SX,subnational2
"Póvoa de Varzim",PT-13-PV,subnational2
"Mafra",PT-11-MA,subnational2
"Vila Real de Santo António",PT-08-VS,subnational2
"Sintra",PT-11-SI,subnational2
"Figueira da Foz",PT-06-FF,subnational2
"Murtosa",PT-01-MU,subnational2
"Funchal",PT-30-FU,subnational2
"Olhão",PT-08-OL,subnational2
"Espinho",PT-01-EN,subnational2
"Matosinhos",PT-13-MT,subnational2
"Aljezur",PT-08-AJ,subnational2
"Vila do Bispo",PT-08-VB,subnational2
"Torres Vedras",PT-11-TV,subnational2
"Marinha Grande",PT-10-MG,subnational2
"Vila Franca do Campo",PT-20-VC,subnational2
"Esposende",PT-03-ES,subnational2
"Gouveia",PT-09-GO,subnational2
"Faro",PT-08-FA,subnational2
"Alcobaça",PT-10-AC,subnational2
"Gavião",PT-12-GA,subnational2
"Vila Nova de Gaia",PT-13-VG,subnational2
"Caminha",PT-16-CA,subnational2
"Almeirim",PT-14-AM,subnational2
"Almada",PT-15-AM,subnational2
"Chamusca",PT-14-CH,subnational2
"Palmela",PT-15-PA,subnational2
"Cartaxo",PT-14-CA,subnational2
"Águeda",PT-01-AG,subnational2
"Oliveira do Bairro",PT-01-OB,subnational2
"Aljustrel",PT-02-AJ,subnational2
"Pombal",PT-10-PB,subnational2
"Montijo",PT-15-MN,subnational2
"Miranda do Douro",PT-04-MD,subnational2
"Portimão",PT-08-PO,subnational2
"Ferreira do Zêzere",PT-14-FZ,subnational2
"Monforte",PT-12-MO,subnational2
"Oleiros",PT-05-OL,subnational2
"Castro Verde",PT-02-CV,subnational2
"Golegã",PT-14-GO,subnational2
"Coimbra",PT-06-CO,subnational2
"Mora",PT-07-MR,subnational2
"Vila Velha de Ródão",PT-05-VV,subnational2
"Elvas",PT-12-EL,subnational2
"Fronteira",PT-12-FR,subnational2
"Vendas Novas",PT-07-VN,subnational2
"Angra do Heroísmo",PT-20-AH,subnational2
"Estremoz",PT-07-ES,subnational2
"Corvo",PT-20-CO,subnational2
"Estarreja",PT-01-ER,subnational2
"Albergaria-a-Velha",PT-01-AL,subnational2
"Mira",PT-06-MI,subnational2
"Santa Cruz da Graciosa",PT-20-SG,subnational2
"Madalena",PT-20-MA,subnational2
"Vila Nova da Barquinha",PT-14-VB,subnational2
"Gondomar",PT-13-GO,subnational2
"Fafe",PT-03-FA,subnational2
"Freixo de Espada à Cinta",PT-04-FE,subnational2
"Tondela",PT-18-TO,subnational2
"Peso da Régua",PT-17-PR,subnational2
"Ílhavo",PT-01-IL,subnational2
"Ovar",PT-01-OV,subnational2
"Praia da Vitória",PT-20-PV,subnational2
"Cascais",PT-11-CS,subnational2
"Penamacor",PT-05-PE,subnational2
"São Brás de Alportel",PT-08-SB,subnational2
"Mondim de Basto",PT-17-MB,subnational2
"Nordeste",PT-20-NO,subnational2
"Braga",PT-03-BR,subnational2
"Paredes de Coura",PT-16-PC,subnational2
"Valpaços",PT-17-VA,subnational2
"Bombarral",PT-10-BO,subnational2
"Santana",PT-30-SA,subnational2
"Sardoal",PT-14-SD,subnational2
"Câmara de Lobos",PT-30-CL,subnational2
"Tavira",PT-08-TA,subnational2
"Fornos de Algodres",PT-09-FA,subnational2
"São Roque do Pico",PT-20-SP,subnational2
"Guimarães",PT-03-GU,subnational2
"Nelas",PT-18-NE,subnational2
"Lajes das Flores",PT-20-LF,subnational2
"Lajes do Pico",PT-20-LP,subnational2
"Marco de Canaveses",PT-13-MC,subnational2
"Castro Daire",PT-18-CD,subnational2
"Constância",PT-14-CN,subnational2
"Benavente",PT-14-BE,subnational2
"Leiria",PT-10-LE,subnational2
"Aveiro",PT-01-AV,subnational2
"Sesimbra",PT-15-SS,subnational2
"Machico",PT-30-MA,subnational2
"Porto",PT-13-PO,subnational2
"Aguiar da Beira",PT-09-AB,subnational2
"Belmonte",PT-05-BE,subnational2
"Murça",PT-17-MU,subnational2
"Sertã",PT-05-SE,subnational2
"Santo Tirso",PT-13-ST,subnational2
"Baião",PT-13-BA,subnational2
"Batalha",PT-10-BA,subnational2
"Sobral de Monte Agraço",PT-11-SM,subnational2
"Castelo de Paiva",PT-01-CP,subnational2
"Mogadouro",PT-04-MO,subnational2
"Barrancos",PT-02-BA,subnational2
"Vila Nova de Famalicão",PT-03-VF,subnational2
"Lousada",PT-13-LO,subnational2
"Trofa",PT-13-TR,subnational2
"Montemor-o-Velho",PT-06-MV,subnational2
"Alijó",PT-17-AL,subnational2
"Vila Viçosa",PT-07-VV,subnational2
"Lousã",PT-06-LO,subnational2
"Barcelos",PT-03-BA,subnational2
"Carrazeda de Ansiães",PT-04-CA,subnational2
"Manteigas",PT-09-MA,subnational2
"Miranda do Corvo",PT-06-MC,subnational2
"Vila Nova de Cerveira",PT-16-VN,subnational2
"Alcanena",PT-14-AC,subnational2
"Carregal do Sal",PT-18-CS,subnational2
"Paços de Ferreira",PT-13-PF,subnational2
"Vila do Conde",PT-13-VC,subnational2
"Condeixa-a-Nova",PT-06-CN,subnational2
"Arruda dos Vinhos",PT-11-AV,subnational2
"Santa Maria da Feira",PT-01-SM,subnational2
"Lourinhã",PT-11-LN,subnational2
"Campo Maior",PT-12-CM,subnational2
"Vila Franca de Xira",PT-11-VX,subnational2
"Arcos de Valdevez",PT-16-AV,subnational2
"Ponte da Barca",PT-16-PB,subnational2
"Viana do Castelo",PT-16-VC,subnational2
"Caldas da Rainha",PT-10-CR,subnational2
"Azambuja",PT-11-AZ,subnational2
"Calheta",PT-20-CA,subnational2
"Resende",PT-18-RE,subnational2
"Figueiró dos Vinhos",PT-10-FV,subnational2
"Penela",PT-06-PL,subnational2
"Covilhã",PT-05-CO,subnational2
"Vila de Rei",PT-05-VR,subnational2
"Sátão",PT-18-ST,subnational2
"Nazaré",PT-10-NA,subnational2
"Vila Verde",PT-03-VV,subnational2
"Loures",PT-11-LS,subnational2
"Ribeira Brava",PT-30-RB,subnational2
"Arganil",PT-06-AR,subnational2
"Moita",PT-15-MT,subnational2
"Cabeceiras de Basto",PT-03-CB,subnational2
"Amadora",PT-11-AM,subnational2
"Vinhais",PT-04-VN,subnational2
"Santarém",PT-14-SA,subnational2
"Odivelas",PT-11-OD,subnational2
"Povoação",PT-20-PC,subnational2
"Oliveira do Hospital",PT-06-OH,subnational2
"Mealhada",PT-01-ME,subnational2
"Ponte de Lima",PT-16-PL,subnational2
"Cantanhede",PT-06-CA,subnational2
"Vagos",PT-01-VG,subnational2
"Anadia",PT-01-AN,subnational2
"Vouzela",PT-18-VO,subnational2
"Penacova",PT-06-PC,subnational2
"Ponta do Sol",PT-30-PD,subnational2
"Proença-a-Nova",PT-05-PN,subnational2
"Melgaço",PT-16-ME,subnational2
"Mortágua",PT-18-MR,subnational2
"Castelo de Vide",PT-12-CV,subnational2
"Tábua",PT-06-TA,subnational2
"Sever do Vouga",PT-01-SV,subnational2
"São Pedro do Sul",PT-18-SP,subnational2
"Mesão Frio",PT-17-MF,subnational2
"Valença",PT-16-VA,subnational2
"Viseu",PT-18-VS,subnational2
"Pedrógão Grande",PT-10-PG,subnational2
"Paredes",PT-13-PA,subnational2
"Setúbal",PT-15-SE,subnational2
"Celorico da Beira",PT-09-CB,subnational2
"Marvão",PT-12-MA,subnational2
"Porto de Mós",PT-10-PM,subnational2
"Cadaval",PT-11-CD,subnational2
"São João da Pesqueira",PT-18-SJ,subnational2
"Oliveira de Azeméis",PT-01-OA,subnational2
"Tarouca",PT-18-TR,subnational2
"São João da Madeira",PT-01-SJ,subnational2
"Penafiel",PT-13-PE,subnational2
"Vizela",PT-03-VZ,subnational2
"Entroncamento",PT-14-EN,subnational2
"Alcochete",PT-15-AC,subnational2
"Calheta",PT-30-CT,subnational2
"Penedono",PT-18-PE,subnational2
"Velas",PT-20-VE,subnational2
"Oliveira de Frades",PT-18-OF,subnational2
"Felgueiras",PT-13-FE,subnational2
"Lagoa",PT-20-LG,subnational2
"Porto Moniz",PT-30-PM,subnational2
"Castanheira de Pêra",PT-10-CP,subnational2
"Vila Nova de Poiares",PT-06-VP,subnational2
"São Vicente",PT-30-SV,subnational2
"Santa Marta de Penaguião",PT-17-SM,subnational2
"Góis",PT-06-GO,subnational2
"Moimenta da Beira",PT-18-MB,subnational2
"Tabuaço",PT-18-TB,subnational2
"Sabrosa",PT-17-SA,subnational2
"Ansião",PT-10-AN,subnational2
"Vila Nova de Paiva",PT-18-VP,subnational2
"Orocovis",PR-OR,subnational1
"Cabo Rojo",PR-CR,subnational1
"Florida",PR-FL,subnational1
"Manatí",PR-MT,subnational1
"Carolina",PR-CN,subnational1
"Aguada",PR-AD,subnational1
"Aguadilla",PR-AL,subnational1
"San Juan",PR-SJ,subnational1
"Luquillo",PR-LQ,subnational1
"Dorado",PR-DO,subnational1
"Loíza",PR-LZ,subnational1
"Coamo",PR-CO,subnational1
"Adjuntas",PR-AJ,subnational1
"Sabana Grande",PR-SB,subnational1
"Lajas",PR-LJ,subnational1
"Guánica",PR-GC,subnational1
"Vieques",PR-VQ,subnational1
"Barranquitas",PR-BQ,subnational1
"Naguabo",PR-NG,subnational1
"Vega Baja",PR-VB,subnational1
"Mayagüez",PR-MG,subnational1
"San Germán",PR-SG,subnational1
"Guayama",PR-GM,subnational1
"Arecibo",PR-AC,subnational1
"Patillas",PR-PT,subnational1
"Isabela",PR-IS,subnational1
"Guayanilla",PR-GL,subnational1
"Yauco",PR-YU,subnational1
"Maricao",PR-MR,subnational1
"Ciales",PR-CL,subnational1
"Cayey",PR-CY,subnational1
"Río Grande",PR-RG,subnational1
"Humacao",PR-HU,subnational1
"Rincón",PR-RC,subnational1
"Toa Baja",PR-TB,subnational1
"Canóvanas",PR-CV,subnational1
"Fajardo",PR-FJ,subnational1
"Ponce",PR-PO,subnational1
"Comerío",PR-CM,subnational1
"Utuado",PR-UT,subnational1
"San Sebastián",PR-SS,subnational1
"Culebra",PR-CU,subnational1
"Moca",PR-MC,subnational1
"Barceloneta",PR-BC,subnational1
"Ceiba",PR-CB,subnational1
"Salinas",PR-SA,subnational1
"Jayuya",PR-JY,subnational1
"Camuy",PR-CA,subnational1
"Vega Alta",PR-VA,subnational1
"Hatillo",PR-HA,subnational1
"Toa Alta",PR-TA,subnational1
"Cidra",PR-CD,subnational1
"Santa Isabel",PR-SI,subnational1
"Cataño",PR-CT,subnational1
"Caguas",PR-CG,subnational1
"Juana Díaz",PR-JD,subnational1
"Villalba",PR-VL,subnational1
"Arroyo",PR-AR,subnational1
"Quebradillas",PR-QB,subnational1
"Bayamón",PR-BY,subnational1
"Añasco",PR-AN,subnational1
"Naranjito",PR-NR,subnational1
"Yabucoa",PR-YB,subnational1
"Maunabo",PR-MB,subnational1
"San Lorenzo",PR-SL,subnational1
"Peñuelas",PR-PN,subnational1
"Morovis",PR-MV,subnational1
"Gurabo",PR-GR,subnational1
"Guaynabo",PR-GB,subnational1
"Ar Rayyan",QA-RA,subnational1
"Ad Dawhah",QA-DA,subnational1
"Al Khawr",QA-KH,subnational1
"Jariyan al Batnah",QA-JB,subnational1
"Madinat ash Shamal",QA-MS,subnational1
"Al Wakrah",QA-WA,subnational1
"Al Jumayliyah",QA-JU,subnational1
"Umm Salal",QA-US,subnational1
"Réunion, Réunion",RE-,subnational1
"Constanta",RO-CT,subnational1
"Suceava",RO-SV,subnational1
"Timis",RO-TM,subnational1
"Dâmbovita",RO-DB,subnational1
"Alba",RO-AB,subnational1
"Hunedoara",RO-HD,subnational1
"Brasov",RO-BV,subnational1
"Bihor",RO-BH,subnational1
"Cluj",RO-CJ,subnational1
"Bucuresti",RO-B,subnational1
"Olt",RO-OT,subnational1
"Maramures",RO-MM,subnational1
"Sibiu",RO-SB,subnational1
"Tulcea",RO-TL,subnational1
"Vâlcea",RO-VL,subnational1
"Buzau",RO-BZ,subnational1
"Ialomita",RO-IL,subnational1
"Caras-Severin",RO-CS,subnational1
"Braila",RO-BR,subnational1
"Mures",RO-MS,subnational1
"Dolj",RO-DJ,subnational1
"Satu Mare",RO-SM,subnational1
"Bacau",RO-BC,subnational1
"Harghita",RO-HR,subnational1
"Covasna",RO-CV,subnational1
"Prahova",RO-PH,subnational1
"Ilfov",RO-IF,subnational1
"Calarasi",RO-CL,subnational1
"Arges",RO-AG,subnational1
"Iasi",RO-IS,subnational1
"Mehedinti",RO-MH,subnational1
"Salaj",RO-SJ,subnational1
"Galati",RO-GL,subnational1
"Arad",RO-AR,subnational1
"Giurgiu",RO-GR,subnational1
"Gorj",RO-GJ,subnational1
"Botosani",RO-BT,subnational1
"Vrancea",RO-VN,subnational1
"Neamt",RO-NT,subnational1
"Teleorman",RO-TR,subnational1
"Moscow",RU-MOW,subnational1
"Sakhalin Oblast",RU-SAK,subnational1
"Altai Republic",RU-AL,subnational1
"Murmansk Oblast",RU-MUR,subnational1
"Krasnodar Krai",RU-KDA,subnational1
"Perm Krai",RU-PER,subnational1
"Chukotka Autonomous Okrug",RU-CHU,subnational1
"Sverdlovsk Oblast",RU-SVE,subnational1
"Astrakhan Oblast",RU-AST,subnational1
"Khabarovsk Krai",RU-KHA,subnational1
"Bashkortostan",RU-BA,subnational1
"Kostroma Oblast",RU-KOS,subnational1
"Kamchatka Krai",RU-KAM,subnational1
"Yamalo-Nenets Autonomous Okrug",RU-YAN,subnational1
"Novosibirsk Oblast",RU-NVS,subnational1
"Rostov Oblast",RU-ROS,subnational1
"Volgograd Oblast",RU-VGG,subnational1
"Primorsky Krai",RU-PRI,subnational1
"Saint Petersburg",RU-SPE,subnational1
"Leningrad Oblast",RU-LEN,subnational1
"Moscow Oblast",RU-MOS,subnational1
"Irkutsk Oblast",RU-IRK,subnational1
"Omsk Oblast",RU-OMS,subnational1
"Dagestan",RU-DA,subnational1
"Tatarstan",RU-TA,subnational1
"Republic of Karelia",RU-KR,subnational1
"Nizhny Novgorod Oblast",RU-NIZ,subnational1
"Tula Oblast",RU-TUL,subnational1
"Mari El",RU-ME,subnational1
"Udmurtia",RU-UD,subnational1
"Kabardino-Balkaria",RU-KB,subnational1
"Pskov Oblast",RU-PSK,subnational1
"Kaluga Oblast",RU-KLU,subnational1
"Karachay-Cherkessia",RU-KC,subnational1
"Buryatia",RU-BU,subnational1
"Ulyanovsk Oblast",RU-ULY,subnational1
"Kaliningrad Oblast",RU-KGD,subnational1
"Tver Oblast",RU-TVE,subnational1
"Saratov Oblast",RU-SAR,subnational1
"North Ossetia-Alania",RU-SE,subnational1
"Novgorod Oblast",RU-NGR,subnational1
"Vologda Oblast",RU-VLG,subnational1
"Orenburg Oblast",RU-ORE,subnational1
"Amur Oblast",RU-AMU,subnational1
"Vladimir Oblast",RU-VLA,subnational1
"Chuvashia",RU-CU,subnational1
"Arkhangelsk Oblast",RU-ARK,subnational1
"Adygea",RU-AD,subnational1
"Voronezh Oblast",RU-VOR,subnational1
"Smolensk Oblast",RU-SMO,subnational1
"Lipetsk Oblast",RU-LIP,subnational1
"Magadan Oblast",RU-MAG,subnational1
"Krasnoyarsk Krai",RU-KYA,subnational1
"Altai Krai",RU-ALT,subnational1
"Samara Oblast",RU-SAM,subnational1
"Yaroslavl Oblast",RU-YAR,subnational1
"Chelyabinsk Oblast",RU-CHE,subnational1
"Penza Oblast",RU-PNZ,subnational1
"Sakha",RU-SA,subnational1
"Stavropol Krai",RU-STA,subnational1
"Kalmykia",RU-KL,subnational1
"Kemerovo Oblast",RU-KEM,subnational1
"Bryansk Oblast",RU-BRY,subnational1
"Ryazan Oblast",RU-RYA,subnational1
"Ivanovo Oblast",RU-IVA,subnational1
"Oryol Oblast",RU-ORL,subnational1
"Nenets Autonomous Okrug",RU-NEN,subnational1
"Jewish Autonomous Oblast",RU-YEV,subnational1
"Chechnya",RU-CE,subnational1
"Khanty-Mansi Autonomous Okrug",RU-KHM,subnational1
"Kirov Oblast",RU-KIR,subnational1
"Komi",RU-KO,subnational1
"Mordovia",RU-MO,subnational1
"Tambov Oblast",RU-TAM,subnational1
"Tomsk Oblast",RU-TOM,subnational1
"Tyumen Oblast",RU-TYU,subnational1
"Est",RW-02,subnational1
"Ouest",RW-04,subnational1
"Nord",RW-03,subnational1
"Sud",RW-05,subnational1
"Ville de Kigali",RW-01,subnational1
"Saint Barthélemy, Saint Barthélemy",BL-,subnational1
"Ascension",SH-AC,subnational1
"Tristan da Cunha",SH-TA,subnational1
"Saint Helena",SH-SH,subnational1
"Saint Kitts",KN-K,subnational1
"Nevis",KN-N,subnational1
"Gros Islet",LC-06,subnational1
"Soufrière",LC-10,subnational1
"Canaries",LC-12,subnational1
"Dennery",LC-05,subnational1
"Anse la Raye",LC-01,subnational1
"Castries",LC-02,subnational1
"Laborie",LC-07,subnational1
"Vieux Fort",LC-11,subnational1
"Micoud",LC-08,subnational1
"Choiseul",LC-03,subnational1
"Saint Martin (French part), Saint Martin (French part)",MF-,subnational1
"Saint Pierre and Miquelon, Saint Pierre and Miquelon",PM-,subnational1
"Saint George",VC-04,subnational1
"Grenadines",VC-06,subnational1
"Saint Andrew",VC-02,subnational1
"Saint David",VC-03,subnational1
"Charlotte",VC-01,subnational1
"Saint Patrick",VC-05,subnational1
"Gagaifomauga",WS-GI,subnational1
"Atua",WS-AT,subnational1
"Tuamasaga",WS-TU,subnational1
"Aiga-i-le-Tai",WS-AL,subnational1
"Vaisigano",WS-VS,subnational1
"Gaga'emauga",WS-GE,subnational1
"Va'a-o-Fonoti",WS-VF,subnational1
"A'ana",WS-AA,subnational1
"Palauli",WS-PA,subnational1
"Fa'asaleleaga",WS-FA,subnational1
"Domagnano",SM-03,subnational1
"Borgo Maggiore",SM-06,subnational1
"San Marino",SM-07,subnational1
"Príncipe",ST-P,subnational1
"São Tomé",ST-S,subnational1
"Ash Sharqiyah",SA-04,subnational1
"‘Asir",SA-14,subnational1
"Tabuk",SA-07,subnational1
"Al Madinah",SA-03,subnational1
"Makkah",SA-02,subnational1
"Ar Riyad",SA-01,subnational1
"Al Jawf",SA-12,subnational1
"Jizan",SA-09,subnational1
"Ha'il",SA-06,subnational1
"Al Qasim",SA-05,subnational1
"Najran",SA-10,subnational1
"Al Bahah",SA-11,subnational1
"Ziguinchor",SN-ZG,subnational1
"Fatick",SN-FK,subnational1
"Dakar",SN-DK,subnational1
"Saint-Louis",SN-SL,subnational1
"Tambacounda",SN-TC,subnational1
"Thiès",SN-TH,subnational1
"Louga",SN-LG,subnational1
"Kaolack",SN-KL,subnational1
"Kolda",SN-KD,subnational1
"Diourbel",SN-DB,subnational1
"Beograd",RS-00,subnational1
"Vojvodina",RS-VO,subnational1
"Pomoravlje",RS-13,subnational1
"Rasina",RS-19,subnational1
"Pcinja",RS-24,subnational1
"Zlatibor",RS-16,subnational1
"Šumadija",RS-12,subnational1
"Bor",RS-14,subnational1
"Kolubara",RS-09,subnational1
"Pirot",RS-22,subnational1
"Moravica",RS-17,subnational1
"Macva",RS-08,subnational1
"Branicevo",RS-11,subnational1
"Toplica",RS-21,subnational1
"Zajecar",RS-15,subnational1
"Nišava",RS-20,subnational1
"Jablanica",RS-23,subnational1
"Podunavlje",RS-10,subnational1
"Raška",RS-18,subnational1
"Aldabra",SC-98,subnational1
"Outer Islands",SC-99,subnational1
"Anse Boileau",SC-02,subnational1
"Baie Sainte Anne",SC-07,subnational1
"La Digue",SC-15,subnational1
"Grand'Anse Praslin",SC-14,subnational1
"Takamaka",SC-23,subnational1
"Glacis",SC-12,subnational1
"Bel Ombre",SC-10,subnational1
"Anse Royale",SC-05,subnational1
"Baie Lazare",SC-06,subnational1
"Beau Vallon",SC-08,subnational1
"Mont Fleuri",SC-18,subnational1
"Cascade",SC-11,subnational1
"Port Glaud",SC-21,subnational1
"Bel Air",SC-09,subnational1
"Au Cap",SC-04,subnational1
"Roche Caiman",SC-25,subnational1
"Grand'Anse Mahé",SC-13,subnational1
"La Riviere Anglaise",SC-16,subnational1
"Pointe La Rue",SC-20,subnational1
"Western Area (Freetown)",SL-W,subnational1
"Northern",SL-N,subnational1
"Eastern",SL-E,subnational1
"Southern",SL-S,subnational1
"Singapore, Singapore",SG-,subnational1
"Sint Maarten, Sint Maarten",SX-,subnational1
"Trnavský kraj",SK-TA,subnational1
"Bratislavský kraj",SK-BL,subnational1
"Nitriansky kraj",SK-NI,subnational1
"Košický kraj",SK-KI,subnational1
"Prešovský kraj",SK-PV,subnational1
"Banskobystrický kraj",SK-BC,subnational1
"Žilinský kraj",SK-ZI,subnational1
"Trenciansky kraj",SK-TC,subnational1
"Ajdovšcina",SI-001,subnational1
"Tolmin",SI-128,subnational1
"Kamnik",SI-043,subnational1
"Cerknica",SI-013,subnational1
"Domžale",SI-023,subnational1
"Radovljica",SI-102,subnational1
"Kranj (urbane commune)",SI-052,subnational1
"Ljubljana (urbane commune)",SI-061,subnational1
"Šmarje pri Jelšah",SI-124,subnational1
"Koper/Capodistria (urbane commune)",SI-050,subnational1
"Šentjernej",SI-119,subnational1
"Piran",SI-090,subnational1
"Novo Mesto (urbane commune)",SI-085,subnational1
"Jesenice",SI-041,subnational1
"Slovenska Bistrica",SI-113,subnational1
"Nova Gorica (urbane commune)",SI-084,subnational1
"Ptuj (urbane commune)",SI-096,subnational1
"Lenart",SI-058,subnational1
"Lendava",SI-059,subnational1
"Murska Sobota (urbane commune)",SI-080,subnational1
"Brežice",SI-009,subnational1
"Postojna",SI-094,subnational1
"Ljutomer",SI-063,subnational1
"Škofja Loka",SI-122,subnational1
"Tržic",SI-131,subnational1
"Kocevje",SI-048,subnational1
"Sežana",SI-111,subnational1
"Maribor (urbane commune)",SI-070,subnational1
"Izola/Isola",SI-040,subnational1
"Krško",SI-054,subnational1
"Trbovlje",SI-129,subnational1
"Vrhnika",SI-140,subnational1
"Ruše",SI-108,subnational1
"Ormož",SI-087,subnational1
"Gornja Radgona",SI-029,subnational1
"Grosuplje",SI-032,subnational1
"Race-Fram",SI-098,subnational1
"Žalec",SI-190,subnational1
"Slovenske Konjice",SI-114,subnational1
"Ilirska Bistrica",SI-038,subnational1
"Celje (urbane commune)",SI-011,subnational1
"Velenje (urbane commune)",SI-133,subnational1
"Majšperk",SI-069,subnational1
"Malaita",SB-ML,subnational1
"Guadalcanal",SB-GU,subnational1
"Isabel",SB-IS,subnational1
"Makira-Ulawa",SB-MK,subnational1
"Western",SB-WE,subnational1
"Rennell and Bellona",SB-RB,subnational1
"Central",SB-CE,subnational1
"Woqooyi Galbeed",SO-WO,subnational1
"Sool",SO-SO,subnational1
"Sanaag",SO-SA,subnational1
"Banaadir",SO-BN,subnational1
"Togdheer",SO-TO,subnational1
"North-West",ZA-NW,subnational1
"Western Cape",ZA-WC,subnational1
"Kwazulu-Natal",ZA-NL,subnational1
"Northern Cape",ZA-NC,subnational1
"Gauteng",ZA-GT,subnational1
"Eastern Cape",ZA-EC,subnational1
"Free State",ZA-FS,subnational1
"Limpopo",ZA-LP,subnational1
"Mpumalanga",ZA-MP,subnational1
"South Georgia and South Sandwich Islands, South Georgia and South Sandwich Islands",GS-,subnational1
"Jeollanam-do",KR-46,subnational1
"Gyeonggi-do",KR-41,subnational1
"Busan",KR-26,subnational1
"Gangwon-do",KR-42,subnational1
"Gyeongsangnam-do",KR-48,subnational1
"Incheon",KR-28,subnational1
"Daegu",KR-27,subnational1
"Gyeongsangbuk-do",KR-47,subnational1
"Chungcheongnam-do",KR-44,subnational1
"Jeollabuk-do",KR-45,subnational1
"Gwangju",KR-29,subnational1
"Jeju-do",KR-49,subnational1
"Chungcheongbuk-do",KR-43,subnational1
"Daejeon",KR-30,subnational1
"Seoul",KR-11,subnational1
"Ulsan",KR-31,subnational1
"Jonglei",SS-JG,subnational1
"Northern Bahr el Ghazal",SS-BN,subnational1
"Unity",SS-UY,subnational1
"Central Equatoria",SS-EC,subnational1
"Eastern Equatoria",SS-EE,subnational1
"Upper Nile",SS-NU,subnational1
"Western Equatoria",SS-EW,subnational1
"Western Bahr el Ghazal",SS-BW,subnational1
"Lakes",SS-LK,subnational1
"Warrap",SS-WR,subnational1
"Madrid, Comunidad de",ES-MD,subnational1
"Girona",ES-CT-GN,subnational2
"A Coruña",ES-GA-AC,subnational2
"Pontevedra",ES-GA-PV,subnational2
"Lugo",ES-GA-LG,subnational2
"Ourense",ES-GA-OR,subnational2
"Toledo",ES-CM-TD,subnational2
"Teruel",ES-AR-TE,subnational2
"Bizkaia",ES-PV-VZ,subnational2
"Cáceres",ES-EX-CC,subnational2
"Navarra, Comunidad Foral de",ES-NC,subnational1
"Burgos",ES-CL-BU,subnational2
"Soria",ES-CL-SR,subnational2
"Murcia, Región de",ES-MC,subnational1
"Palencia",ES-CL-PL,subnational2
"Huesca",ES-AR-HS,subnational2
"Lleida",ES-CT-LD,subnational2
"Zamora",ES-CL-ZM,subnational2
"Ciudad Real",ES-CM-CR,subnational2
"Cuenca",ES-CM-CU,subnational2
"Barcelona",ES-CT-BR,subnational2
"Ceuta",ES-CE,subnational1
"Melilla",ES-ML,subnational1
"León",ES-CL-LN,subnational2
"Badajoz",ES-EX-BD,subnational2
"Granada",ES-AN-GD,subnational2
"Valladolid",ES-CL-VD,subnational2
"Ávila",ES-CL-AV,subnational2
"Tenerife",ES-CN-TEN,subnational2
"Valencia",ES-VC-VN,subnational2
"Castellón",ES-VC-CS,subnational2
"Illes Baleares",ES-IB,subnational1
"Tarragona",ES-CT-TG,subnational2
"Alicante",ES-VC-AN,subnational2
"Fuerteventura",ES-CN-FVT,subnational2
"Gran Canaria",ES-CN-GRC,subnational2
"Cádiz",ES-AN-CD,subnational2
"La Palma",ES-CN-PAL,subnational2
"Málaga",ES-AN-MG,subnational2
"Salamanca",ES-CL-SL,subnational2
"La Rioja",ES-RI,subnational1
"El Hierro",ES-CN-HIE,subnational2
"Zaragoza",ES-AR-ZG,subnational2
"Gipuzkoa",ES-PV-GP,subnational2
"Araba",ES-PV-AA,subnational2
"Cantabria",ES-CB,subnational1
"Sevilla",ES-AN-SV,subnational2
"Guadalajara",ES-CM-GJ,subnational2
"Albacete",ES-CM-AB,subnational2
"Almería",ES-AN-AM,subnational2
"Jaén",ES-AN-JA,subnational2
"Córdoba",ES-AN-CO,subnational2
"Segovia",ES-CL-SG,subnational2
"Huelva",ES-AN-HL,subnational2
"Asturias, Principado de",ES-AS,subnational1
"La Gomera",ES-CN-GOM,subnational2
"Lanzarote",ES-CN-LZR,subnational2
"País Vasco",ES-PV,subnational1
"Mannar Town",LK-43-002,subnational2
"Ratnapura",LK-91-016,subnational2
"Dambulla",LK-22-002,subnational2
"Nuwara Eliya",LK-23-004,subnational2
"Arachchikattuwa",LK-62-002,subnational2
"N. Palatha East",LK-71-012,subnational2
"Kurunegala",LK-61-015,subnational2
"Kesbewa",LK-11-006,subnational2
"Palindanuwara",LK-13-012,subnational2
"N. Palatha Central",LK-71-011,subnational2
"Ibbagamuwa",LK-61-009,subnational2
"Sri Jayawardanapura Kotte",LK-11-011,subnational2
"Palugaswewa",LK-71-017,subnational2
"Bentota",LK-31-005,subnational2
"Kalawana",LK-91-009,subnational2
"Alawwa",LK-61-001,subnational2
"Ingiriya",LK-13-007,subnational2
"Panadura",LK-13-013,subnational2
"Maharagama",LK-11-008,subnational2
"Lunugamvehera",LK-33-006,subnational2
"Hambantota",LK-33-004,subnational2
"Embilipitiya",LK-91-005,subnational2
"Thenmaradchy (Chavakachcheri)",LK-41-006,subnational2
"Chilaw",LK-62-003,subnational2
"Vadamaradchy East",LK-41-008,subnational2
"Beruwala",LK-13-003,subnational2
"Katana",LK-12-007,subnational2
"Colombo",LK-11-001,subnational2
"Wariyapola",LK-61-029,subnational2
"Tangalle",LK-33-009,subnational2
"Thissamaharama",LK-33-010,subnational2
"Dehiwala-Mount Lavinia",LK-11-002,subnational2
"Katharagama",LK-82-004,subnational2
"Galewela",LK-22-003,subnational2
"Kaduwela",LK-11-005,subnational2
"Haputale",LK-81-005,subnational2
"Damana",LK-52-005,subnational2
"Ella",LK-81-003,subnational2
"Devinuwara",LK-32-003,subnational2
"Mahara",LK-12-009,subnational2
"Kuruvita",LK-91-012,subnational2
"Nochchiyagama",LK-71-014,subnational2
"Madulla",LK-82-005,subnational2
"Thamankaduwa",LK-72-006,subnational2
"Galle Four Gravets",LK-31-008,subnational2
"Thalawa",LK-71-020,subnational2
"Karuwalagaswewa",LK-62-006,subnational2
"Nanaddan",LK-43-005,subnational2
"Hingurakgoda",LK-72-003,subnational2
"Kothmale",LK-23-003,subnational2
"Sevanagala",LK-82-008,subnational2
"Thanamalvila",LK-82-010,subnational2
"Wellawaya",LK-82-011,subnational2
"K.F.G. & G. Korale",LK-21-007,subnational2
"Minuwangoda",LK-12-010,subnational2
"Ambalangoda",LK-31-002,subnational2
"Hildummulla",LK-81-006,subnational2
"Akmeemana",LK-31-001,subnational2
"Ukuwela",LK-22-009,subnational2
"Galenbindunuwewa",LK-71-001,subnational2
"Mahawa",LK-61-016,subnational2
"Nawagattegama",LK-62-012,subnational2
"Jaffna",LK-41-004,subnational2
"Island South (Velanai)",LK-41-002,subnational2
"Poonakary",LK-42-004,subnational2
"Ambalantota",LK-33-001,subnational2
"Kalutara",LK-13-008,subnational2
"Welimada",LK-81-015,subnational2
"Harispattuwa",LK-21-005,subnational2
"Thawalama",LK-31-016,subnational2
"Akuressa",LK-32-001,subnational2
"Medirigiriya",LK-72-005,subnational2
"Yatiyanthota",LK-92-011,subnational2
"Laggala-Pallegama",LK-22-004,subnational2
"Habaraduwa",LK-31-009,subnational2
"Bamunakotuwa",LK-61-003,subnational2
"Yakkalamulla",LK-31-018,subnational2
"Lahugala",LK-52-010,subnational2
"Kuchchaveli",LK-53-004,subnational2
"Pelmadulla",LK-91-015,subnational2
"Padukka",LK-11-010,subnational2
"Moratuwa",LK-11-009,subnational2
"Wanathavilluwa",LK-62-015,subnational2
"Madhu",LK-43-001,subnational2
"Balapitiya",LK-31-004,subnational2
"Polgahawela",LK-61-024,subnational2
"Mihinthale",LK-71-010,subnational2
"Ambagamuwa",LK-23-001,subnational2
"Deraniyagala",LK-92-004,subnational2
"Matara Four Gravets",LK-32-010,subnational2
"Dompe",LK-12-004,subnational2
"Katupotha",LK-61-010,subnational2
"Weligama",LK-32-015,subnational2
"Anamaduwa",LK-62-001,subnational2
"Puttalam",LK-62-014,subnational2
"Wattala",LK-12-013,subnational2
"Naula",LK-22-006,subnational2
"Thambuttegama",LK-71-021,subnational2
"Negombo",LK-12-012,subnational2
"Buttala",LK-82-003,subnational2
"Bibile",LK-82-002,subnational2
"Thirukkovil",LK-52-018,subnational2
"Galgamuwa",LK-61-006,subnational2
"Wennappuwa",LK-62-016,subnational2
"Imbulpe",LK-91-007,subnational2
"Maspotha",LK-61-018,subnational2
"Eravur Town",LK-51-002,subnational2
"Hanwella",LK-11-003,subnational2
"Neluwa",LK-31-014,subnational2
"Kotapola",LK-32-008,subnational2
"Lankapura",LK-72-004,subnational2
"Maha Vilachchiya",LK-71-008,subnational2
"Thihagoda",LK-32-014,subnational2
"Bulathkohupitiya",LK-92-002,subnational2
"Valikamam East",LK-41-010,subnational2
"Walapane",LK-23-005,subnational2
"Padavi Sri Pura",LK-53-007,subnational2
"Sennar",SD-SI,subnational1
"White Nile",SD-NW,subnational1
"Khartoum",SD-KH,subnational1
"South Kordofan",SD-KS,subnational1
"Commewijne",SR-CM,subnational1
"Paramaribo",SR-PM,subnational1
"Sipaliwini",SR-SI,subnational1
"Brokopondo",SR-BR,subnational1
"Para",SR-PR,subnational1
"Nickerie",SR-NI,subnational1
"Marowijne",SR-MA,subnational1
"Saramacca",SR-SA,subnational1
"Coronie",SR-CR,subnational1
"Svalbard, Svalbard",SJ-,subnational1
"Skåne län [SE-12]",SE-M,subnational1
"Norrbottens län [SE-25]",SE-BD,subnational1
"Stockholms län [SE-01]",SE-AB,subnational1
"Hallands län [SE-13]",SE-N,subnational1
"Västmanlands län [SE-19]",SE-U,subnational1
"Gotlands län [SE-09]",SE-I,subnational1
"Uppsala län [SE-03]",SE-C,subnational1
"Kalmar län [SE-08]",SE-H,subnational1
"Södermanlands län [SE-04]",SE-D,subnational1
"Värmlands län [SE-17]",SE-S,subnational1
"Västerbottens län [SE-24]",SE-AC,subnational1
"Västra Götalands län [SE-14]",SE-O,subnational1
"Jönköpings län [SE-06]",SE-F,subnational1
"Jämtlands län [SE-23]",SE-Z,subnational1
"Dalarnas län [SE-20]",SE-W,subnational1
"Gävleborgs län [SE-21]",SE-X,subnational1
"Östergötlands län [SE-05]",SE-E,subnational1
"Örebro län [SE-18]",SE-T,subnational1
"Blekinge län [SE-10]",SE-K,subnational1
"Västernorrlands län [SE-22]",SE-Y,subnational1
"Kronobergs län [SE-07]",SE-G,subnational1
"Sankt Gallen",CH-SG,subnational1
"Aargau",CH-AG,subnational1
"Bern",CH-BE,subnational1
"Zürich",CH-ZH,subnational1
"Thurgau",CH-TG,subnational1
"Ticino",CH-TI,subnational1
"Basel-Landschaft",CH-BL,subnational1
"Glarus",CH-GL,subnational1
"Vaud",CH-VD,subnational1
"Graubünden",CH-GR,subnational1
"Wallis",CH-VS,subnational1
"Schwyz",CH-SZ,subnational1
"Obwalden",CH-OW,subnational1
"Schaffhausen",CH-SH,subnational1
"Solothurn",CH-SO,subnational1
"Uri",CH-UR,subnational1
"Jura",CH-JU,subnational1
"Freiburg",CH-FR,subnational1
"Genève",CH-GE,subnational1
"Zug",CH-ZG,subnational1
"Luzern",CH-LU,subnational1
"Basel-Stadt",CH-BS,subnational1
"Nidwalden",CH-NW,subnational1
"Neuchâtel",CH-NE,subnational1
"Appenzell Innerrhoden",CH-AI,subnational1
"Appenzell Ausserrhoden",CH-AR,subnational1
"Halab",SY-HL,subnational1
"Rif Dimashq",SY-RD,subnational1
"Dayr az Zawr",SY-DY,subnational1
"Al Ladhiqiyah",SY-LA,subnational1
"Al Qunaytirah",SY-QU,subnational1
"Hims",SY-HI,subnational1
"Ar Raqqah",SY-RA,subnational1
"Dar‘a",SY-DR,subnational1
"Idlib",SY-ID,subnational1
"Taoyuan City",TW-TAO,subnational1
"Yilan County",TW-ILA,subnational1
"Keelung City",TW-KEE,subnational1
"Tainan City",TW-TNN,subnational1
"Nantou County",TW-NAN,subnational1
"Changhua County",TW-CHA,subnational1
"Penghu County",TW-PEN,subnational1
"Taichung City",TW-TXG,subnational1
"Taipei City",TW-TPE,subnational1
"New Taipei City",TW-TPQ,subnational1
"Taitung County",TW-TTT,subnational1
"Hualien County",TW-HUA,subnational1
"Chiayi County",TW-CYQ,subnational1
"Chiayi City",TW-CYI,subnational1
"Pingtung County",TW-PIF,subnational1
"Hsinchu County",TW-HSQ,subnational1
"Hsinchu City",TW-HSZ,subnational1
"Miaoli County",TW-MIA,subnational1
"Kaohsiung City",TW-KHH,subnational1
"Kinmen County",TW-KIN,subnational1
"Yunlin County",TW-YUN,subnational1
"Lienchiang County",TW-LIE,subnational1
"Kŭhistoni Badakhshon",TJ-GB,subnational1
"Khatlon",TJ-KT,subnational1
"Dushanbe",TJ-DU,subnational1
"Sughd",TJ-SU,subnational1
"Magharibi",TZ-15-MA,subnational2
"Monduli",TZ-01-MO,subnational2
"Arusha Urban",TZ-01-AU,subnational2
"Arusha",TZ-01-AR,subnational2
"Meru",TZ-01-ME,subnational2
"Ngorongoro",TZ-01-NG,subnational2
"Kinondoni",TZ-02-KI,subnational2
"Kaskazini 'A'",TZ-07-KA,subnational2
"Muheza",TZ-25-MU,subnational2
"Kilolo",TZ-04-KI,subnational2
"Moshi Urban",TZ-09-MO,subnational2
"Morogoro Urban",TZ-16-MU,subnational2
"Morogoro Rural",TZ-16-MO,subnational2
"Bagamoyo",TZ-19-BA,subnational2
"Kusini",TZ-11-KU,subnational2
"Iringa Rural",TZ-04-IR,subnational2
"Temeke",TZ-02-TE,subnational2
"Sikonge",TZ-24-SI,subnational2
"Muleba",TZ-05-MU,subnational2
"Nyamagana",TZ-18-NY,subnational2
"Kaskazini 'B'",TZ-07-KB,subnational2
"Ilala",TZ-02-IL,subnational2
"Rorya",TZ-13-RO,subnational2
"Karagwe",TZ-05-KA,subnational2
"Biharamulo",TZ-05-BI,subnational2
"Babati",TZ-26-BA,subnational2
"Mwanga",TZ-09-MW,subnational2
"Dodoma Urban",TZ-03-DO,subnational2
"Mjini",TZ-15-MJ,subnational2
"Namtumbo",TZ-21-NA,subnational2
"Kilosa",TZ-16-KI,subnational2
"Chake",TZ-10-CH,subnational2
"Hai",TZ-09-HA,subnational2
"Mafia",TZ-19-MA,subnational2
"Same",TZ-09-SA,subnational2
"Moshi Rural",TZ-09-MR,subnational2
"Rungwe",TZ-14-RU,subnational2
"Karatu",TZ-01-KA,subnational2
"Siha",TZ-09-SI,subnational2
"Longido",TZ-01-LO,subnational2
"Kilwa",TZ-12-KI,subnational2
"Mkinga",TZ-25-MK,subnational2
"Bukoba Urban",TZ-05-BU,subnational2
"Iringa Urban",TZ-04-IU,subnational2
"Kigoma Rural",TZ-08-KR,subnational2
"Bunda",TZ-13-BU,subnational2
"Korogwe",TZ-25-KO,subnational2
"Kilombero",TZ-16-KO,subnational2
"Igunga",TZ-24-IG,subnational2
"Tabora",TZ-24-TA,subnational2
"Wanging'ombe",TZ-31-WA,subnational2
"Mufindi",TZ-04-MU,subnational2
"Serengeti",TZ-13-SE,subnational2
"Mpwapwa",TZ-03-MP,subnational2
"Lushoto",TZ-25-LU,subnational2
"Nzega",TZ-24-NZ,subnational2
"Kati",TZ-11-KA,subnational2
"Kalambo",TZ-20-KA,subnational2
"Bukoba Rural",TZ-05-BR,subnational2
"Wete",TZ-06-WE,subnational2
"Mbarali",TZ-14-MI,subnational2
"Uyui",TZ-24-UY,subnational2
"Mbeya Urban",TZ-14-MB,subnational2
"Chato",TZ-27-CH,subnational2
"Mlele",TZ-29-ML,subnational2
"Kibaha Urban",TZ-19-KU,subnational2
"Simanjiro",TZ-26-SI,subnational2
"Kaliua",TZ-24-KA,subnational2
"Missenyi",TZ-05-MI,subnational2
"Pangani",TZ-25-PA,subnational2
"Kondoa",TZ-03-KO,subnational2
"Rombo",TZ-09-RO,subnational2
"Manyoni",TZ-23-MA,subnational2
"Makete",TZ-31-MA,subnational2
"Bahi",TZ-03-BA,subnational2
"Iramba",TZ-23-IR,subnational2
"Mbulu",TZ-26-MB,subnational2
"Rufiji",TZ-19-RU,subnational2
"Kyela",TZ-14-KY,subnational2
"Singida Urban",TZ-23-SU,subnational2
"Nkasi",TZ-20-NK,subnational2
"Liwale",TZ-12-LW,subnational2
"Butiama",TZ-13-BM,subnational2
"Songwe",TZ-30-SO,subnational2
"Tanga",TZ-25-TA,subnational2
"Uvinza",TZ-08-UV,subnational2
"Kasulu",TZ-08-KA,subnational2
"Micheweni",TZ-06-MI,subnational2
"Bariadi",TZ-28-BA,subnational2
"Mbeya Rural",TZ-14-MR,subnational2
"Mvomero",TZ-16-MV,subnational2
"Mkoani",TZ-10-MK,subnational2
"Kibondo",TZ-08-KI,subnational2
"Chamwino",TZ-03-CH,subnational2
"Musoma Urban",TZ-13-MU,subnational2
"Ilemela",TZ-18-IL,subnational2
"Ulanga",TZ-16-UL,subnational2
"Itilima",TZ-28-IT,subnational2
"Magu",TZ-18-MA,subnational2
"Kisarawe",TZ-19-KS,subnational2
"Lindi Rural",TZ-12-LI,subnational2
"Chunya",TZ-14-CH,subnational2
"Gairo",TZ-16-GA,subnational2
"Geita",TZ-27-GE,subnational2
"Kyerwa",TZ-05-KY,subnational2
"Meatu",TZ-28-ME,subnational2
"Busega",TZ-28-BU,subnational2
"Kigoma Urban",TZ-08-KU,subnational2
"Urambo",TZ-24-UR,subnational2
"Mkuranga",TZ-19-MK,subnational2
"Korogwe Town",TZ-25-KT,subnational2
"Mkalama",TZ-23-MK,subnational2
"Tunduru",TZ-21-TU,subnational2
"Rayong",TH-21,subnational1
"Loei",TH-42,subnational1
"Krung Thep Maha Nakhon [Bangkok]",TH-10,subnational1
"Phetchaburi",TH-76,subnational1
"Narathiwat",TH-96,subnational1
"Yala",TH-95,subnational1
"Lamphun",TH-51,subnational1
"Chiang Mai",TH-50,subnational1
"Surin",TH-32,subnational1
"Prachuap Khiri Khan",TH-77,subnational1
"Lampang",TH-52,subnational1
"Prachin Buri",TH-25,subnational1
"Phuket",TH-83,subnational1
"Uttaradit",TH-53,subnational1
"Ubon Ratchathani",TH-34,subnational1
"Kamphaeng Phet",TH-62,subnational1
"Trang",TH-92,subnational1
"Ratchaburi",TH-70,subnational1
"Nakhon Sawan",TH-60,subnational1
"Phayao",TH-56,subnational1
"Nakhon Si Thammarat",TH-80,subnational1
"Surat Thani",TH-84,subnational1
"Phangnga",TH-82,subnational1
"Chanthaburi",TH-22,subnational1
"Krabi",TH-81,subnational1
"Trat",TH-23,subnational1
"Sing Buri",TH-17,subnational1
"Sa Kaeo",TH-27,subnational1
"Chiang Rai",TH-57,subnational1
"Songkhla",TH-90,subnational1
"Chachoengsao",TH-24,subnational1
"Saraburi",TH-19,subnational1
"Pathum Thani",TH-13,subnational1
"Samut Prakan",TH-11,subnational1
"Phra Nakhon Si Ayutthaya",TH-14,subnational1
"Nakhon Ratchasima",TH-30,subnational1
"Khon Kaen",TH-40,subnational1
"Chaiyaphum",TH-36,subnational1
"Nan",TH-55,subnational1
"Sukhothai",TH-64,subnational1
"Phichit",TH-66,subnational1
"Si Sa Ket",TH-33,subnational1
"Satun",TH-91,subnational1
"Nakhon Nayok",TH-26,subnational1
"Nonthaburi",TH-12,subnational1
"Samut Sakhon",TH-74,subnational1
"Lop Buri",TH-16,subnational1
"Yasothon",TH-35,subnational1
"Chon Buri",TH-20,subnational1
"Chai Nat",TH-18,subnational1
"Maha Sarakham",TH-44,subnational1
"Bueng Kan",TH-38,subnational1
"Amnat Charoen",TH-37,subnational1
"Suphan Buri",TH-72,subnational1
"Mae Hong Son",TH-58,subnational1
"Roi Et",TH-45,subnational1
"Nakhon Phanom",TH-48,subnational1
"Sakon Nakhon",TH-47,subnational1
"Chumphon",TH-86,subnational1
"Ang Thong",TH-15,subnational1
"Nong Bua Lam Phu",TH-39,subnational1
"Udon Thani",TH-41,subnational1
"Uthai Thani",TH-61,subnational1
"Buri Ram",TH-31,subnational1
"Nong Khai",TH-43,subnational1
"Tak",TH-63,subnational1
"Phatthalung",TH-93,subnational1
"Phetchabun",TH-67,subnational1
"Kanchanaburi",TH-71,subnational1
"Phitsanulok",TH-65,subnational1
"Pattani",TH-94,subnational1
"Samut Songkhram",TH-75,subnational1
"Nakhon Pathom",TH-73,subnational1
"Ranong",TH-85,subnational1
"Kalasin",TH-46,subnational1
"Phrae",TH-54,subnational1
"Mukdahan",TH-49,subnational1
"Thailand, Thailand",TH-,subnational1
"Dili",TL-DI,subnational1
"Oecussi",TL-OE,subnational1
"Lautem",TL-LA,subnational1
"Bobonaro",TL-BO,subnational1
"Aileu",TL-AL,subnational1
"Baucau",TL-BA,subnational1
"Manatuto",TL-MT,subnational1
"Manufahi",TL-MF,subnational1
"Liquiça",TL-LI,subnational1
"Ermera",TL-ER,subnational1
"Cova Lima",TL-CO,subnational1
"Ainaro",TL-AN,subnational1
"Viqueque",TL-VI,subnational1
"Maritime (Région)",TG-M,subnational1
"Plateaux",TG-P,subnational1
"Kara",TG-K,subnational1
"Savannes",TG-S,subnational1
"Centre",TG-C,subnational1
"Tokelau, Tokelau",TK-,subnational1
"Tongatapu",TO-04,subnational1
"'Eua",TO-01,subnational1
"Vava'u",TO-05,subnational1
"Ha'apai",TO-02,subnational1
"Niuas",TO-03,subnational1
"San Juan-Laventille",TT-SJL,subnational1
"Tobago",TT-TOB,subnational1
"Diego Martin",TT-DMN,subnational1
"Couva-Tabaquite-Talparo",TT-CTT,subnational1
"Arima",TT-ARI,subnational1
"Tunapuna-Piarco",TT-TUP,subnational1
"Siparia",TT-SIP,subnational1
"Sangre Grande",TT-SGE,subnational1
"Rio Claro-Mayaro",TT-RCM,subnational1
"Princes Town",TT-PRT,subnational1
"Penal-Debe",TT-PED,subnational1
"San Fernando",TT-SFO,subnational1
"Port of Spain",TT-POS,subnational1
"Medenine",TN-82,subnational1
"Tunis",TN-11,subnational1
"Kairouan",TN-41,subnational1
"Nabeul",TN-21,subnational1
"Kebili",TN-73,subnational1
"Bizerte",TN-23,subnational1
"Gafsa",TN-71,subnational1
"Tataouine",TN-83,subnational1
"Béja",TN-31,subnational1
"Jendouba",TN-32,subnational1
"Mahdia",TN-53,subnational1
"Sousse",TN-51,subnational1
"Ben Arous",TN-13,subnational1
"Monastir",TN-52,subnational1
"Tozeur",TN-72,subnational1
"Kasserine",TN-42,subnational1
"Sidi Bouzid",TN-43,subnational1
"Gabès",TN-81,subnational1
"Sfax",TN-61,subnational1
"L'Ariana",TN-12,subnational1
"Zaghouan",TN-22,subnational1
"Antalya",TR-07,subnational1
"İstanbul",TR-34,subnational1
"Trabzon",TR-61,subnational1
"Samsun",TR-55,subnational1
"Afyon",TR-03,subnational1
"Kocaeli",TR-41,subnational1
"Ankara",TR-06,subnational1
"İzmir",TR-35,subnational1
"Balıkesir",TR-10,subnational1
"Çanakkale",TR-17,subnational1
"Muğla",TR-48,subnational1
"Aydın",TR-09,subnational1
"Manisa",TR-45,subnational1
"Denizli",TR-20,subnational1
"Uşak",TR-64,subnational1
"Bursa",TR-16,subnational1
"Kütahya",TR-43,subnational1
"Burdur",TR-15,subnational1
"Bilecik",TR-11,subnational1
"Edirne",TR-22,subnational1
"Tekirdağ",TR-59,subnational1
"Kırklareli",TR-39,subnational1
"Yalova",TR-77,subnational1
"Eskişehir",TR-26,subnational1
"Konya",TR-42,subnational1
"Isparta",TR-32,subnational1
"Karaman",TR-70,subnational1
"Çorum",TR-19,subnational1
"Karabük",TR-78,subnational1
"Aksaray",TR-68,subnational1
"Kırşehir",TR-40,subnational1
"Kırıkkale",TR-71,subnational1
"Niğde",TR-51,subnational1
"Nevşehir",TR-50,subnational1
"Kayseri",TR-38,subnational1
"Adana",TR-01,subnational1
"Bolu",TR-14,subnational1
"Bartın",TR-74,subnational1
"Çankırı",TR-18,subnational1
"Sinop",TR-57,subnational1
"Amasya",TR-05,subnational1
"Sivas",TR-58,subnational1
"Gaziantep",TR-27,subnational1
"K.Maraş",TR-46,subnational1
"Şanlıurfa",TR-63,subnational1
"Erzincan",TR-24,subnational1
"Diyarbakır",TR-21,subnational1
"Tokat",TR-60,subnational1
"Van",TR-65,subnational1
"Ağrı",TR-04,subnational1
"Bitlis",TR-13,subnational1
"Hakkari",TR-30,subnational1
"Kastamonu",TR-37,subnational1
"Rize",TR-53,subnational1
"Elazığ",TR-23,subnational1
"Sakarya",TR-54,subnational1
"Artvin",TR-08,subnational1
"Zonguldak",TR-67,subnational1
"Erzurum",TR-25,subnational1
"Yozgat",TR-66,subnational1
"Mardin",TR-47,subnational1
"Mersin",TR-33,subnational1
"Adıyaman",TR-02,subnational1
"Giresun",TR-28,subnational1
"Ardahan",TR-75,subnational1
"Tunceli",TR-62,subnational1
"Düzce",TR-81,subnational1
"Osmaniye",TR-80,subnational1
"Hatay",TR-31,subnational1
"Kars",TR-36,subnational1
"Iğdır",TR-76,subnational1
"Malatya",TR-44,subnational1
"Bayburt",TR-69,subnational1
"Ordu",TR-52,subnational1
"Gümüşhane",TR-29,subnational1
"Batman",TR-72,subnational1
"Muş",TR-49,subnational1
"Şırnak",TR-73,subnational1
"Bingöl",TR-12,subnational1
"Kilis",TR-79,subnational1
"Ahal",TM-A,subnational1
"Balkan",TM-B,subnational1
"Dasoguz",TM-D,subnational1
"Lebap",TM-L,subnational1
"Turks and Caicos Islands, Turks and Caicos Islands",TC-,subnational1
"Western",UG-W,subnational1
"Northern",UG-N,subnational1
"Central",UG-C,subnational1
"Eastern",UG-E,subnational1
"Cherkas'ka Oblast'",UA-71,subnational1
"Sevastopol'",UA-40,subnational1
"Respublika Krym",UA-43,subnational1
"Kyïv",UA-30,subnational1
"Sums'ka Oblast'",UA-59,subnational1
"Volyns'ka Oblast'",UA-07,subnational1
"Mykolaïvs'ka Oblast'",UA-48,subnational1
"Ivano-Frankivs'ka Oblast'",UA-26,subnational1
"Kharkivs'ka Oblast'",UA-63,subnational1
"Dnipropetrovs'ka Oblast'",UA-12,subnational1
"Rivnens'ka Oblast'",UA-56,subnational1
"Khmel'nyts'ka Oblast'",UA-68,subnational1
"Odes'ka Oblast'",UA-51,subnational1
"Kirovohrads'ka Oblast'",UA-35,subnational1
"Khersons'ka Oblast'",UA-65,subnational1
"Zaporiz'ka Oblast'",UA-23,subnational1
"Vinnyts'ka Oblast'",UA-05,subnational1
"Zakarpats'ka Oblast'",UA-21,subnational1
"Ternopil's'ka Oblast'",UA-61,subnational1
"Poltavs'ka Oblast'",UA-53,subnational1
"Chernihivs'ka Oblast'",UA-74,subnational1
"Zhytomyrs'ka Oblast'",UA-18,subnational1
"L'vivs'ka Oblast'",UA-46,subnational1
"Donets'ka Oblast'",UA-14,subnational1
"Kyïvs'ka Oblast'",UA-32,subnational1
"Chernivets'ka Oblast'",UA-77,subnational1
"Abu Dhabi",AE-AZ,subnational1
"Fujairah",AE-FU,subnational1
"Dubai",AE-DU,subnational1
"Ajman",AE-AJ,subnational1
"Ra's al-Khaimah",AE-RK,subnational1
"Umm al-Qaiwain",AE-UQ,subnational1
"Sharjah",AE-SH,subnational1
"Argyll and Bute",GB-SCT-AGB,subnational2
"Highland",GB-SCT-HLD,subnational2
"Cambridgeshire",GB-ENG-CAM,subnational2
"Worcestershire",GB-ENG-WOR,subnational2
"Essex",GB-ENG-ESS,subnational2
"Scottish Borders",GB-SCT-SCB,subnational2
"Warwickshire",GB-ENG-WAR,subnational2
"London",GB-ENG-LND,subnational2
"Kent",GB-ENG-KEN,subnational2
"Northumberland",GB-ENG-NBL,subnational2
"Buckinghamshire",GB-ENG-BKM,subnational2
"Leicestershire",GB-ENG-LEC,subnational2
"Lancashire",GB-ENG-LAN,subnational2
"East Sussex",GB-ENG-ESX,subnational2
"Hertfordshire",GB-ENG-HRT,subnational2
"Somerset",GB-ENG-SOM,subnational2
"Cheshire",GB-ENG-CHS,subnational2
"Dorset",GB-ENG-DOR,subnational2
"Norfolk",GB-ENG-NFK,subnational2
"Gwynedd",GB-WLS-GWN,subnational2
"Ceredigion",GB-WLS-CGN,subnational2
"Neath Port Talbot",GB-WLS-NTL,subnational2
"Pembrokeshire",GB-WLS-PEM,subnational2
"Merseyside",GB-ENG-KWL,subnational2
"Rhondda, Cynon, Taff",GB-WLS-RCT,subnational2
"Aberdeen",GB-SCT-ABE,subnational2
"Aberdeenshire",GB-SCT-ABD,subnational2
"Shetland Islands",GB-SCT-ZET,subnational2
"Fife",GB-SCT-FIF,subnational2
"Perthshire and Kinross",GB-SCT-PKN,subnational2
"Anglesey",GB-WLS-AGY,subnational2
"Stirling",GB-SCT-STG,subnational2
"Monmouthshire",GB-WLS-MON,subnational2
"Carmarthenshire",GB-WLS-CMN,subnational2
"East Lothian",GB-SCT-ELN,subnational2
"Angus",GB-SCT-ANS,subnational2
"Vale of Glamorgan",GB-WLS-VGL,subnational2
"Oxfordshire",GB-ENG-OXF,subnational2
"Northamptonshire",GB-ENG-NTH,subnational2
"South Lanarkshire",GB-SCT-SLK,subnational2
"Manchester",GB-ENG-MAN,subnational2
"Tyne and Wear",GB-ENG-GAT,subnational2
"Gloucestershire",GB-ENG-GLS,subnational2
"Eilean Siar",GB-SCT-ELS,subnational2
"North Yorkshire",GB-ENG-NYK,subnational2
"Cumbria",GB-ENG-CMA,subnational2
"Bristol",GB-ENG-BST,subnational2
"Lincolnshire",GB-ENG-LIN,subnational2
"Shropshire",GB-ENG-SHR,subnational2
"Down",GB-NIR-DOW,subnational2
"Wrexham",GB-WLS-WRX,subnational2
"Surrey",GB-ENG-SRY,subnational2
"West Yorkshire",GB-ENG-WKF,subnational2
"Herefordshire",GB-ENG-HEF,subnational2
"West Sussex",GB-ENG-WSX,subnational2
"Dumfries and Galloway",GB-SCT-DGY,subnational2
"Flintshire",GB-WLS-FLN,subnational2
"Torfaen",GB-WLS-TOF,subnational2
"Bridgend",GB-WLS-BGE,subnational2
"Isle of Wight",GB-ENG-IOW,subnational2
"Fermanagh",GB-NIR-FER,subnational2
"Orkney Islands",GB-SCT-ORK,subnational2
"South Ayrshire",GB-SCT-SAY,subnational2
"East Ayrshire",GB-SCT-EAY,subnational2
"Cornwall",GB-ENG-CON,subnational2
"Suffolk",GB-ENG-SFK,subnational2
"Berkshire",GB-ENG-BRC,subnational2
"Hampshire",GB-ENG-HAM,subnational2
"West Lothian",GB-SCT-WLN,subnational2
"Cardiff",GB-WLS-CRF,subnational2
"Glasgow",GB-SCT-GLG,subnational2
"West Midlands",GB-ENG-SAW,subnational2
"East Riding of Yorkshire",GB-ENG-ERY,subnational2
"Derbyshire",GB-ENG-DBY,subnational2
"Newport",GB-WLS-NWP,subnational2
"South Yorkshire",GB-ENG-BNS,subnational2
"Edinburgh",GB-SCT-EDH,subnational2
"North Ayrshire",GB-SCT-NAY,subnational2
"Derry",GB-NIR-DRY,subnational2
"Antrim",GB-NIR-ANT,subnational2
"Staffordshire",GB-ENG-STS,subnational2
"Clackmannanshire",GB-SCT-CLK,subnational2
"Conwy",GB-WLS-CWY,subnational2
"Wiltshire",GB-ENG-WIL,subnational2
"Bedfordshire",GB-ENG-BDF,subnational2
"Rutland",GB-ENG-RUT,subnational2
"Nottinghamshire",GB-ENG-NTT,subnational2
"Devon",GB-ENG-DEV,subnational2
"Armagh",GB-NIR-ARM,subnational2
"Midlothian",GB-SCT-MLN,subnational2
"Durham",GB-ENG-DUR,subnational2
"Blaenau Gwent",GB-WLS-BGW,subnational2
"Powys",GB-WLS-POW,subnational2
"Dundee",GB-SCT-DND,subnational2
"Renfrewshire",GB-SCT-RFW,subnational2
"West Dunbartonshire",GB-SCT-WDU,subnational2
"Omagh",GB-NIR-OMH,subnational2
"East Dunbartonshire",GB-SCT-EDU,subnational2
"Moray",GB-SCT-MRY,subnational2
"North Lanarkshire",GB-SCT-NLK,subnational2
"Stockton-on-Tees",GB-ENG-STT,subnational2
"Belfast",GB-NIR-BFS,subnational2
"Newry and Mourne",GB-NIR-NYM,subnational2
"Swansea",GB-WLS-SWA,subnational2
"Falkirk",GB-SCT-FAL,subnational2
"Denbighshire",GB-WLS-DEN,subnational2
"Caerphilly",GB-WLS-CAY,subnational2
"Merthyr Tydfil",GB-WLS-MTY,subnational2
"Wales",GB-WLS,subnational1
"Clatsop",US-OR-007,subnational2
"Skagit",US-WA-057,subnational2
"Washington",US-UT-053,subnational2
"Brevard",US-FL-009,subnational2
"Chelan",US-WA-007,subnational2
"Hawaii",US-HI-001,subnational2
"Maui",US-HI-009,subnational2
"Kauai",US-HI-007,subnational2
"Chippewa",US-MI-033,subnational2
"Virginia Beach",US-VA-810,subnational2
"Fairfax",US-VA-059,subnational2
"Page",US-VA-139,subnational2
"Alachua",US-FL-001,subnational2
"Mesa",US-CO-077,subnational2
"Bergen",US-NJ-003,subnational2
"Portage",US-WI-097,subnational2
"Kings",US-CA-031,subnational2
"Oklahoma",US-OK-109,subnational2
"St. Croix",US-WI-109,subnational2
"Hardee",US-FL-049,subnational2
"Calhoun",US-MI-025,subnational2
"Harris",US-TX-201,subnational2
"Carroll",US-NH-003,subnational2
"Outagamie",US-WI-087,subnational2
"Bowman",US-ND-011,subnational2
"Anchorage Municipality",US-AK-020,subnational2
"Washington",US-MN-163,subnational2
"Ford",US-KS-057,subnational2
"Yolo",US-CA-113,subnational2
"Stearns",US-MN-145,subnational2
"Sargent",US-ND-081,subnational2
"Washoe",US-NV-031,subnational2
"Modoc",US-CA-049,subnational2
"St. Johns",US-FL-109,subnational2
"Hillsborough",US-FL-057,subnational2
"Lynn",US-TX-305,subnational2
"Lake",US-MI-085,subnational2
"El Dorado",US-CA-017,subnational2
"Placer",US-CA-061,subnational2
"Wilson",US-KS-205,subnational2
"Mercer",US-IL-131,subnational2
"Chippewa",US-WI-017,subnational2
"Rensselaer",US-NY-083,subnational2
"Allegan",US-MI-005,subnational2
"Snohomish",US-WA-061,subnational2
"Salt Lake",US-UT-035,subnational2
"Manatee",US-FL-081,subnational2
"Lucas",US-OH-095,subnational2
"King",US-WA-033,subnational2
"Milwaukee",US-WI-079,subnational2
"Norfolk",US-VA-710,subnational2
"Lemhi",US-ID-059,subnational2
"Yellowstone",US-MT-111,subnational2
"Newaygo",US-MI-123,subnational2
"Harford",US-MD-025,subnational2
"Codington",US-SD-029,subnational2
"Champaign",US-IL-019,subnational2
"Cache",US-UT-005,subnational2
"Graham",US-AZ-009,subnational2
"Franklin",US-IA-069,subnational2
"Kenosha",US-WI-059,subnational2
"Billings",US-ND-007,subnational2
"Delta",US-CO-029,subnational2
"Ottawa",US-MI-139,subnational2
"Suwannee",US-FL-121,subnational2
"Lake",US-IN-089,subnational2
"Duval",US-FL-031,subnational2
"Los Angeles",US-CA-037,subnational2
"Lake",US-MN-075,subnational2
"Kent",US-MI-081,subnational2
"Ferry",US-WA-019,subnational2
"Coos",US-NH-007,subnational2
"Red Lake",US-MN-125,subnational2
"Pierce",US-WA-053,subnational2
"Will",US-IL-197,subnational2
"McKenzie",US-ND-053,subnational2
"Warren",US-NY-113,subnational2
"Fairfield",US-CT-001,subnational2
"Butte",US-CA-007,subnational2
"Sweetwater",US-WY-037,subnational2
"Dakota",US-MN-037,subnational2
"Clackamas",US-OR-005,subnational2
"Rock",US-MN-133,subnational2
"Richmond City",US-VA-760,subnational2
"Gray",US-KS-069,subnational2
"Livingston",US-IL-105,subnational2
"Carver",US-MN-019,subnational2
"Divide",US-ND-023,subnational2
"Multnomah",US-OR-051,subnational2
"Franklin",US-FL-037,subnational2
"Otero",US-NM-035,subnational2
"Buffalo",US-NE-019,subnational2
"Ellis",US-KS-051,subnational2
"DuPage",US-IL-043,subnational2
"Dubuque",US-IA-061,subnational2
"Pinellas",US-FL-103,subnational2
"Arlington",US-VA-013,subnational2
"Durham",US-NC-063,subnational2
"Clay",US-IA-041,subnational2
"Stafford",US-KS-185,subnational2
"Galveston",US-TX-167,subnational2
"Broome",US-NY-007,subnational2
"Jackson",US-CO-057,subnational2
"Jefferson",US-WI-055,subnational2
"Meeker",US-MN-093,subnational2
"Hartford",US-CT-003,subnational2
"Hamlin",US-SD-057,subnational2
"Jackson",US-SD-071,subnational2
"Pennington",US-SD-103,subnational2
"Laurel",US-KY-125,subnational2
"Queens",US-NY-081,subnational2
"Rice",US-KS-159,subnational2
"Franklin",US-NY-033,subnational2
"Rooks",US-KS-163,subnational2
"Sonoma",US-CA-097,subnational2
"Routt",US-CO-107,subnational2
"Kearney",US-NE-099,subnational2
"Phelps",US-NE-137,subnational2
"Thurston",US-WA-067,subnational2
"Aransas",US-TX-007,subnational2
"Kern",US-CA-029,subnational2
"Marion",US-KS-115,subnational2
"Sacramento",US-CA-067,subnational2
"Madera",US-CA-039,subnational2
"Lyon",US-MN-083,subnational2
"Douglas",US-WI-031,subnational2
"Santa Cruz",US-CA-087,subnational2
"Weber",US-UT-057,subnational2
"Osceola",US-MI-133,subnational2
"Leon",US-FL-073,subnational2
"Riverside",US-CA-065,subnational2
"Barron",US-WI-005,subnational2
"Labette",US-KS-099,subnational2
"Lincoln",US-MN-081,subnational2
"Douglas",US-NE-055,subnational2
"Crawford",US-KS-037,subnational2
"Van Buren",US-MI-159,subnational2
"Anderson",US-KY-005,subnational2
"Atlantic",US-NJ-001,subnational2
"Cleveland",US-OK-027,subnational2
"Cumberland",US-ME-005,subnational2
"Dallas",US-IA-049,subnational2
"Sarpy",US-NE-153,subnational2
"Rice",US-MN-131,subnational2
"Butler",US-NE-023,subnational2
"Lac qui Parle",US-MN-073,subnational2
"Flagler",US-FL-035,subnational2
"Pitt",US-NC-147,subnational2
"Kings",US-NY-047,subnational2
"Atchison",US-KS-005,subnational2
"Orange",US-CA-059,subnational2
"Volusia",US-FL-127,subnational2
"Stanislaus",US-CA-099,subnational2
"Tehama",US-CA-103,subnational2
"Grays Harbor",US-WA-027,subnational2
"Macomb",US-MI-099,subnational2
"San Bernardino",US-CA-071,subnational2
"Stanley",US-SD-117,subnational2
"Dare",US-NC-055,subnational2
"San Francisco",US-CA-075,subnational2
"Calvert",US-MD-009,subnational2
"Horry",US-SC-051,subnational2
"Stevens",US-KS-189,subnational2
"Eureka",US-NV-011,subnational2
"Alameda",US-CA-001,subnational2
"Cochise",US-AZ-003,subnational2
"Big Horn",US-MT-003,subnational2
"Miller",US-GA-201,subnational2
"Bexar",US-TX-029,subnational2
"St. Louis",US-MN-137,subnational2
"Rio Arriba",US-NM-039,subnational2
"Cook",US-IL-031,subnational2
"Stark",US-ND-089,subnational2
"Mower",US-MN-099,subnational2
"Watonwan",US-MN-165,subnational2
"Boone",US-IA-015,subnational2
"San Diego",US-CA-073,subnational2
"Natrona",US-WY-025,subnational2
"Wayne",US-MO-223,subnational2
"Kalamazoo",US-MI-077,subnational2
"Aitkin",US-MN-001,subnational2
"Lincoln",US-OR-041,subnational2
"Pima",US-AZ-019,subnational2
"Travis",US-TX-453,subnational2
"St. Charles",US-MO-183,subnational2
"Ramsey",US-MN-123,subnational2
"Boone",US-MO-019,subnational2
"Sussex",US-DE-005,subnational2
"Kiowa",US-KS-097,subnational2
"Santa Clara",US-CA-085,subnational2
"Grand",US-UT-019,subnational2
"Texas",US-OK-139,subnational2
"Burlington",US-NJ-005,subnational2
"Garrett",US-MD-023,subnational2
"Montgomery",US-MD-031,subnational2
"Presque Isle",US-MI-141,subnational2
"McLean",US-IL-113,subnational2
"Utah",US-UT-049,subnational2
"Davis",US-UT-011,subnational2
"Alcona",US-MI-001,subnational2
"Hamilton",US-IA-079,subnational2
"Marshall",US-MS-093,subnational2
"Davison",US-SD-035,subnational2
"Winnebago",US-WI-139,subnational2
"Coos",US-OR-011,subnational2
"Lake",US-FL-069,subnational2
"Dawson",US-NE-047,subnational2
"Lubbock",US-TX-303,subnational2
"Gilchrist",US-FL-041,subnational2
"Newport News",US-VA-700,subnational2
"Lincoln",US-SD-083,subnational2
"Stevens",US-WA-065,subnational2
"Uvalde",US-TX-463,subnational2
"McPherson",US-KS-113,subnational2
"Des Moines",US-IA-057,subnational2
"Clay",US-TX-077,subnational2
"Alpine",US-CA-003,subnational2
"Inyo",US-CA-027,subnational2
"Erie",US-NY-029,subnational2
"Mecosta",US-MI-107,subnational2
"Monroe",US-NY-055,subnational2
"Murray",US-MN-101,subnational2
"Marion",US-FL-083,subnational2
"Sedgwick",US-KS-173,subnational2
"Holt",US-NE-089,subnational2
"Stutsman",US-ND-093,subnational2
"Cape May",US-NJ-009,subnational2
"Lane",US-OR-039,subnational2
"Racine",US-WI-101,subnational2
"Tulsa",US-OK-143,subnational2
"Chatham",US-GA-051,subnational2
"Wood",US-OH-173,subnational2
"McHenry",US-ND-049,subnational2
"Spokane",US-WA-063,subnational2
"Roane",US-TN-145,subnational2
"Manistee",US-MI-101,subnational2
"Rockland",US-NY-087,subnational2
"Geary",US-KS-061,subnational2
"Broward",US-FL-011,subnational2
"Palm Beach",US-FL-099,subnational2
"Calaveras",US-CA-009,subnational2
"Fannin",US-GA-111,subnational2
"Klickitat",US-WA-039,subnational2
"Logan",US-IL-107,subnational2
"Cass",US-MN-021,subnational2
"Faulk",US-SD-049,subnational2
"Boulder",US-CO-013,subnational2
"Adams",US-CO-001,subnational2
"Laurens",US-SC-059,subnational2
"Bernalillo",US-NM-001,subnational2
"DeSoto",US-FL-027,subnational2
"Story",US-IA-169,subnational2
"New York",US-NY-061,subnational2
"Pasco",US-FL-101,subnational2
"Adams",US-WI-001,subnational2
"Sheboygan",US-WI-117,subnational2
"Los Alamos",US-NM-028,subnational2
"Hamilton",US-NE-081,subnational2
"Monroe",US-FL-087,subnational2
"Deuel",US-SD-039,subnational2
"Walla Walla",US-WA-071,subnational2
"San Luis Obispo",US-CA-079,subnational2
"Burke",US-GA-033,subnational2
"Walton",US-FL-131,subnational2
"Montgomery",US-PA-091,subnational2
"Santa Barbara",US-CA-083,subnational2
"Perkins",US-NE-135,subnational2
"Brunswick",US-NC-019,subnational2
"Pinal",US-AZ-021,subnational2
"Cowlitz",US-WA-015,subnational2
"Burleigh",US-ND-015,subnational2
"Georgetown",US-SC-043,subnational2
"Ventura",US-CA-111,subnational2
"Clay",US-MN-027,subnational2
"Sioux",US-ND-085,subnational2
"Pacific",US-WA-049,subnational2
"Box Elder",US-UT-003,subnational2
"Imperial",US-CA-025,subnational2
"Maricopa",US-AZ-013,subnational2
"Chippewa",US-MN-023,subnational2
"St. Joseph",US-MI-149,subnational2
"Cass",US-MI-027,subnational2
"Bastrop",US-TX-021,subnational2
"Jefferson",US-TX-245,subnational2
"Tolland",US-CT-013,subnational2
"Lafayette",US-MS-071,subnational2
"Clinton",US-MI-037,subnational2
"Chesapeake",US-VA-550,subnational2
"Chaves",US-NM-005,subnational2
"Wright",US-MN-171,subnational2
"Robertson",US-TX-395,subnational2
"Anoka",US-MN-003,subnational2
"Apache",US-AZ-001,subnational2
"Sierra",US-NM-051,subnational2
"Craighead",US-AR-031,subnational2
"Grafton",US-NH-009,subnational2
"Miami-Dade",US-FL-086,subnational2
"Strafford",US-NH-017,subnational2
"Campbell",US-KY-037,subnational2
"Barnstable",US-MA-001,subnational2
"Anderson",US-TN-001,subnational2
"Bay",US-FL-005,subnational2
"Hawkins",US-TN-073,subnational2
"Pickaway",US-OH-129,subnational2
"Litchfield",US-CT-005,subnational2
"Hays",US-TX-209,subnational2
"Taliaferro",US-GA-265,subnational2
"Plymouth",US-MA-023,subnational2
"Ulster",US-NY-111,subnational2
"Wise",US-VA-195,subnational2
"Montgomery",US-TX-339,subnational2
"St. Mary's",US-MD-037,subnational2
"Clark",US-NV-003,subnational2
"Gogebic",US-MI-053,subnational2
"Huron",US-OH-077,subnational2
"Albemarle",US-VA-003,subnational2
"Cameron",US-LA-023,subnational2
"Hancock",US-MS-045,subnational2
"Harrison",US-MS-047,subnational2
"Jackson",US-MS-059,subnational2
"Baldwin",US-AL-003,subnational2
"Mobile",US-AL-097,subnational2
"Jefferson",US-LA-051,subnational2
"Terrebonne",US-LA-109,subnational2
"Beaufort",US-SC-013,subnational2
"Charleston",US-SC-019,subnational2
"Eagle",US-CO-037,subnational2
"Jackson",US-FL-063,subnational2
"Shasta",US-CA-089,subnational2
"Douglas",US-WA-017,subnational2
"Essex",US-NY-031,subnational2
"Ingham",US-MI-065,subnational2
"Columbia",US-NY-021,subnational2
"Coffee",US-TN-031,subnational2
"Hancock",US-KY-091,subnational2
"Lincoln",US-AR-079,subnational2
"Wake",US-NC-183,subnational2
"Clark",US-OH-023,subnational2
"Washington",US-OR-067,subnational2
"Piscataquis",US-ME-021,subnational2
"Warren",US-NJ-041,subnational2
"Liberty",US-FL-077,subnational2
"Montgomery",US-TN-125,subnational2
"Lee",US-FL-071,subnational2
"Dallas",US-TX-113,subnational2
"Plumas",US-CA-063,subnational2
"Coconino",US-AZ-005,subnational2
"Valley",US-NE-175,subnational2
"Juneau City and Borough",US-AK-110,subnational2
"Oakland",US-MI-125,subnational2
"Medina",US-OH-103,subnational2
"Otter Tail",US-MN-111,subnational2
"Douglas",US-OR-019,subnational2
"Sagadahoc",US-ME-023,subnational2
"San Juan",US-UT-037,subnational2
"Mendocino",US-CA-045,subnational2
"Klamath",US-OR-035,subnational2
"Fresno",US-CA-019,subnational2
"Pender",US-NC-141,subnational2
"Brown",US-WI-009,subnational2
"Addison",US-VT-001,subnational2
"Ontario",US-NY-069,subnational2
"Nelson",US-KY-179,subnational2
"Livingston",US-NY-051,subnational2
"Grant",US-SD-051,subnational2
"Henry",US-AL-067,subnational2
"Red River",US-LA-081,subnational2
"Ontonagon",US-MI-131,subnational2
"Campbell",US-VA-031,subnational2
"Elmore",US-ID-039,subnational2
"Loup",US-NE-115,subnational2
"Mercer",US-NJ-021,subnational2
"Franklin",US-ME-007,subnational2
"Salem",US-NJ-033,subnational2
"Hancock",US-ME-009,subnational2
"Berkshire",US-MA-003,subnational2
"Clermont",US-OH-025,subnational2
"Rockingham",US-NH-015,subnational2
"Chautauqua",US-NY-013,subnational2
"Middlesex",US-CT-007,subnational2
"Aroostook",US-ME-003,subnational2
"Dukes",US-MA-007,subnational2
"Stafford",US-VA-179,subnational2
"Dutchess",US-NY-027,subnational2
"Effingham",US-GA-103,subnational2
"Cuyahoga",US-OH-035,subnational2
"Gloucester",US-VA-073,subnational2
"Bingham",US-ID-011,subnational2
"Moore",US-NC-125,subnational2
"Monroe",US-MS-095,subnational2
"Pueblo",US-CO-101,subnational2
"Brown",US-SD-013,subnational2
"Middlesex",US-MA-017,subnational2
"Hale",US-TX-189,subnational2
"Mecklenburg",US-NC-119,subnational2
"Lake",US-OR-037,subnational2
"Norfolk",US-MA-021,subnational2
"Windham",US-VT-025,subnational2
"Dickinson",US-KS-041,subnational2
"Taylor",US-TX-441,subnational2
"Jones",US-TX-253,subnational2
"Washington",US-VA-191,subnational2
"St. Tammany",US-LA-103,subnational2
"Sauk",US-WI-111,subnational2
"Boone",US-IN-011,subnational2
"Allen",US-IN-003,subnational2
"Kenai Peninsula Borough",US-AK-122,subnational2
"Tift",US-GA-277,subnational2
"Larue",US-KY-123,subnational2
"Middlesex",US-NJ-023,subnational2
"Passaic",US-NJ-031,subnational2
"Winchester",US-VA-840,subnational2
"Frederick",US-VA-069,subnational2
"Clark",US-WA-011,subnational2
"Bannock",US-ID-005,subnational2
"Danville",US-VA-590,subnational2
"Cass",US-ND-017,subnational2
"Liberty",US-TX-291,subnational2
"Elkhart",US-IN-039,subnational2
"Washington",US-RI-009,subnational2
"Fauquier",US-VA-061,subnational2
"Franklin",US-OH-049,subnational2
"Delaware",US-IN-035,subnational2
"Washington",US-OH-167,subnational2
"Acadia",US-LA-001,subnational2
"Washington",US-ME-029,subnational2
"Avoyelles",US-LA-009,subnational2
"Lafayette",US-LA-055,subnational2
"Iberia",US-LA-045,subnational2
"Suffolk",US-NY-103,subnational2
"Latah",US-ID-057,subnational2
"Prince George's",US-MD-033,subnational2
"Santa Fe",US-NM-049,subnational2
"Dane",US-WI-025,subnational2
"Barber",US-KS-007,subnational2
"Lincoln",US-KS-105,subnational2
"Rockingham",US-VA-165,subnational2
"Trinity",US-CA-105,subnational2
"Knox",US-OH-083,subnational2
"Sarasota",US-FL-115,subnational2
"Washington",US-WI-131,subnational2
"Jackson",US-MI-075,subnational2
"Tuolumne",US-CA-109,subnational2
"Judith Basin",US-MT-045,subnational2
"Langlade",US-WI-067,subnational2
"Custer",US-OK-039,subnational2
"Westmoreland",US-PA-129,subnational2
"Whatcom",US-WA-073,subnational2
"Bristol",US-MA-005,subnational2
"Cibola",US-NM-006,subnational2
"Summit",US-CO-117,subnational2
"McCurtain",US-OK-089,subnational2
"Jackson",US-OR-029,subnational2
"King William",US-VA-101,subnational2
"Wells",US-IN-179,subnational2
"Cumberland",US-PA-041,subnational2
"Hood",US-TX-221,subnational2
"Johnson",US-KS-091,subnational2
"Norman",US-MN-107,subnational2
"Ada",US-ID-001,subnational2
"Conway",US-AR-029,subnational2
"Benton",US-OR-003,subnational2
"Kane",US-UT-025,subnational2
"DeSoto",US-MS-033,subnational2
"Jackson",US-MO-095,subnational2
"Knox",US-TN-093,subnational2
"Swisher",US-TX-437,subnational2
"Adair",US-IA-001,subnational2
"Aleutians West Census Area",US-AK-016,subnational2
"Dorchester",US-MD-019,subnational2
"Northumberland",US-PA-097,subnational2
"Snyder",US-PA-109,subnational2
"Washington",US-VT-023,subnational2
"Walsh",US-ND-099,subnational2
"Gage",US-NE-067,subnational2
"Laclede",US-MO-105,subnational2
"Taylor",US-FL-123,subnational2
"New Castle",US-DE-003,subnational2
"Worcester",US-MA-027,subnational2
"Cameron",US-TX-061,subnational2
"Blaine",US-ID-013,subnational2
"Union",US-SD-127,subnational2
"Berks",US-PA-011,subnational2
"Osage",US-OK-113,subnational2
"Adams",US-OH-001,subnational2
"Washita",US-OK-149,subnational2
"Adams",US-ND-001,subnational2
"Carroll",US-IN-015,subnational2
"El Paso",US-CO-041,subnational2
"Fulton",US-GA-121,subnational2
"Kitsap",US-WA-035,subnational2
"Lincoln",US-ME-015,subnational2
"Washington",US-OK-147,subnational2
"Harrison",US-OH-067,subnational2
"Bennington",US-VT-003,subnational2
"Lake",US-CA-033,subnational2
"Butler",US-PA-019,subnational2
"Hillsdale",US-MI-059,subnational2
"Sangamon",US-IL-167,subnational2
"McNairy",US-TN-109,subnational2
"Jefferson",US-CO-059,subnational2
"Boyd",US-KY-019,subnational2
"Lenawee",US-MI-091,subnational2
"Fayette",US-KY-067,subnational2
"Baltimore",US-MD-005,subnational2
"Millard",US-UT-027,subnational2
"Hennepin",US-MN-053,subnational2
"Summit",US-OH-153,subnational2
"Marion",US-OR-047,subnational2
"Ross",US-OH-141,subnational2
"Montgomery",US-KY-173,subnational2
"Hamilton",US-NY-041,subnational2
"Caroline",US-MD-011,subnational2
"McClain",US-OK-087,subnational2
"Wicomico",US-MD-045,subnational2
"Ozaukee",US-WI-089,subnational2
"Lake",US-IL-097,subnational2
"Lafourche",US-LA-057,subnational2
"Escambia",US-FL-033,subnational2
"Island",US-WA-029,subnational2
"Saratoga",US-NY-091,subnational2
"Hoonah-Angoon Census Area",US-AK-105,subnational2
"Lewis",US-WA-041,subnational2
"Bent",US-CO-011,subnational2
"Kiowa",US-CO-061,subnational2
"Marathon",US-WI-073,subnational2
"Cheboygan",US-MI-031,subnational2
"Bates",US-MO-013,subnational2
"LaMoure",US-ND-045,subnational2
"Nobles",US-MN-105,subnational2
"Santa Rosa",US-FL-113,subnational2
"Fayette",US-WV-019,subnational2
"Kane",US-IL-089,subnational2
"Okanogan",US-WA-047,subnational2
"Hancock",US-OH-063,subnational2
"Mono",US-CA-051,subnational2
"Hamilton",US-TN-065,subnational2
"Napa",US-CA-055,subnational2
"Muscogee",US-GA-215,subnational2
"Kodiak Island Borough",US-AK-150,subnational2
"Alexandria",US-VA-510,subnational2
"DeKalb",US-IL-037,subnational2
"Chenango",US-NY-017,subnational2
"Wagoner",US-OK-145,subnational2
"Perry",US-TN-135,subnational2
"Union",US-NM-059,subnational2
"Allegheny",US-PA-003,subnational2
"Sully",US-SD-119,subnational2
"Val Verde",US-TX-465,subnational2
"Polk",US-MN-119,subnational2
"Marshall",US-MN-089,subnational2
"Elbert",US-CO-039,subnational2
"Marin",US-CA-041,subnational2
"Houghton",US-MI-061,subnational2
"San Juan",US-WA-055,subnational2
"Sioux",US-NE-165,subnational2
"Putnam",US-NY-079,subnational2
"Buchanan",US-MO-021,subnational2
"Jefferson",US-OR-031,subnational2
"Siskiyou",US-CA-093,subnational2
"Allen",US-OH-003,subnational2
"Brazos",US-TX-041,subnational2
"Grand Forks",US-ND-035,subnational2
"Jasper",US-IA-099,subnational2
"DeKalb",US-GA-089,subnational2
"New Haven",US-CT-009,subnational2
"Curry",US-OR-015,subnational2
"Marion",US-OH-101,subnational2
"Phillips",US-KS-147,subnational2
"Greene",US-OH-057,subnational2
"Washington",US-AR-143,subnational2
"Polk",US-FL-105,subnational2
"San Mateo",US-CA-081,subnational2
"Larimer",US-CO-069,subnational2
"Santa Cruz",US-AZ-023,subnational2
"Yavapai",US-AZ-025,subnational2
"Mariposa",US-CA-043,subnational2
"Cheshire",US-NH-005,subnational2
"Hendry",US-FL-051,subnational2
"La Paz",US-AZ-012,subnational2
"Belknap",US-NH-001,subnational2
"Hernando",US-FL-053,subnational2
"Wahkiakum",US-WA-069,subnational2
"Polk",US-WI-095,subnational2
"Scott",US-MO-201,subnational2
"Keweenaw",US-MI-083,subnational2
"Kewaunee",US-WI-061,subnational2
"Door",US-WI-029,subnational2
"Hertford",US-NC-091,subnational2
"Poweshiek",US-IA-157,subnational2
"Yakutat City and Borough",US-AK-282,subnational2
"Yakima",US-WA-077,subnational2
"Windham",US-CT-015,subnational2
"Westchester",US-NY-119,subnational2
"Aiken",US-SC-003,subnational2
"Brown",US-NE-017,subnational2
"Windsor",US-VT-027,subnational2
"Montgomery",US-OH-113,subnational2
"New London",US-CT-011,subnational2
"Hampton",US-VA-650,subnational2
"Schuylkill",US-PA-107,subnational2
"Highlands",US-FL-055,subnational2
"Chester",US-PA-029,subnational2
"Stone",US-MS-131,subnational2
"Tarrant",US-TX-439,subnational2
"Carroll",US-IL-015,subnational2
"Jo Daviess",US-IL-085,subnational2
"Saline",US-AR-125,subnational2
"New Hanover",US-NC-129,subnational2
"Polk",US-OR-053,subnational2
"Colbert",US-AL-033,subnational2
"Humboldt",US-CA-023,subnational2
"Charlotte",US-FL-015,subnational2
"Montrose",US-CO-085,subnational2
"Chickasaw",US-IA-037,subnational2
"Orange",US-FL-095,subnational2
"Wallowa",US-OR-063,subnational2
"Collier",US-FL-021,subnational2
"Martin",US-KY-159,subnational2
"Pendleton",US-KY-191,subnational2
"Solano",US-CA-095,subnational2
"Tillamook",US-OR-057,subnational2
"Lancaster",US-PA-071,subnational2
"Delaware",US-NY-025,subnational2
"Tioga",US-PA-117,subnational2
"Bedford",US-TN-003,subnational2
"Whitley",US-IN-183,subnational2
"Platte",US-MO-165,subnational2
"Rutland",US-VT-021,subnational2
"Waukesha",US-WI-133,subnational2
"Kittitas",US-WA-037,subnational2
"Warren",US-PA-123,subnational2
"Hubbard",US-MN-057,subnational2
"Pike",US-PA-103,subnational2
"Greenlee",US-AZ-011,subnational2
"Marion",US-MO-127,subnational2
"Bethel Census Area",US-AK-050,subnational2
"Gregg",US-TX-183,subnational2
"Washington",US-CO-121,subnational2
"Wilkin",US-MN-167,subnational2
"Aleutians East Borough",US-AK-013,subnational2
"St. Louis",US-MO-189,subnational2
"Portage",US-OH-133,subnational2
"Stark",US-OH-151,subnational2
"Marquette",US-MI-103,subnational2
"Honolulu",US-HI-003,subnational2
"Trinity",US-TX-455,subnational2
"Elmore",US-AL-051,subnational2
"St. Clair",US-AL-115,subnational2
"Cullman",US-AL-043,subnational2
"Conecuh",US-AL-035,subnational2
"Chilton",US-AL-021,subnational2
"Butler",US-AL-013,subnational2
"Montgomery",US-AL-101,subnational2
"Sumter",US-AL-119,subnational2
"Cleburne",US-AL-029,subnational2
"DeKalb",US-AL-049,subnational2
"Limestone",US-AL-083,subnational2
"Chambers",US-AL-017,subnational2
"Houston",US-AL-069,subnational2
"Shelby",US-AL-117,subnational2
"Woodward",US-OK-153,subnational2
"Seminole",US-FL-117,subnational2
"Kusilvak Census Area",US-AK-270,subnational2
"Alamance",US-NC-001,subnational2
"Presidio",US-TX-377,subnational2
"Lincoln",US-NV-017,subnational2
"Williams",US-ND-105,subnational2
"Crockett",US-TN-033,subnational2
"Hidalgo",US-TX-215,subnational2
"Mohave",US-AZ-015,subnational2
"Hockley",US-TX-219,subnational2
"Alamosa",US-CO-003,subnational2
"Lane",US-KS-101,subnational2
"Clinton",US-PA-035,subnational2
"Nevada",US-CA-057,subnational2
"Hamilton",US-FL-047,subnational2
"Irwin",US-GA-155,subnational2
"Matanuska-Susitna Borough",US-AK-170,subnational2
"Fairbanks North Star Borough",US-AK-090,subnational2
"Southeast Fairbanks Census Area",US-AK-240,subnational2
"North Slope Borough",US-AK-185,subnational2
"Nome Census Area",US-AK-180,subnational2
"Prince of Wales-Hyder Census Area",US-AK-198,subnational2
"Sitka City and Borough",US-AK-220,subnational2
"Lake and Peninsula Borough",US-AK-164,subnational2
"Nacogdoches",US-TX-347,subnational2
"Charlevoix",US-MI-029,subnational2
"Washtenaw",US-MI-161,subnational2
"Green",US-WI-045,subnational2
"Shackelford",US-TX-417,subnational2
"Orleans",US-VT-019,subnational2
"Albany",US-WY-001,subnational2
"Albany",US-NY-001,subnational2
"Whiteside",US-IL-195,subnational2
"Herkimer",US-NY-043,subnational2
"Dougherty",US-GA-095,subnational2
"Gentry",US-MO-075,subnational2
"Charlottesville",US-VA-540,subnational2
"Bonner",US-ID-017,subnational2
"White",US-AR-145,subnational2
"Waldo",US-ME-027,subnational2
"Oneida",US-NY-065,subnational2
"Richland",US-ND-077,subnational2
"Freeborn",US-MN-047,subnational2
"Mackinac",US-MI-097,subnational2
"Washington",US-MD-043,subnational2
"Northampton",US-PA-095,subnational2
"Essex",US-MA-009,subnational2
"Cumberland",US-NJ-011,subnational2
"Laurens",US-GA-175,subnational2
"Orange",US-NY-071,subnational2
"Bandera",US-TX-019,subnational2
"Stevens",US-MN-149,subnational2
"Mineral",US-CO-079,subnational2
"Brunswick",US-VA-025,subnational2
"Mineral",US-MT-061,subnational2
"Camden",US-NJ-007,subnational2
"Monroe",US-IA-135,subnational2
"Laramie",US-WY-021,subnational2
"Boone",US-NE-011,subnational2
"Cassia",US-ID-031,subnational2
"Orleans",US-NY-073,subnational2
"Fremont",US-WY-013,subnational2
"Newport",US-RI-005,subnational2
"El Paso",US-TX-141,subnational2
"Grand Isle",US-VT-013,subnational2
"Lehigh",US-PA-077,subnational2
"Navajo",US-AZ-017,subnational2
"Calhoun",US-TX-057,subnational2
"Clark",US-AR-019,subnational2
"Blount",US-TN-009,subnational2
"Milam",US-TX-331,subnational2
"St. Lawrence",US-NY-089,subnational2
"Bremer",US-IA-017,subnational2
"Yuba",US-CA-115,subnational2
"Marshall",US-KS-117,subnational2
"Newton",US-GA-217,subnational2
"Gloucester",US-NJ-015,subnational2
"Hall",US-NE-079,subnational2
"Winnebago",US-IL-201,subnational2
"Madison",US-MT-057,subnational2
"Cattaraugus",US-NY-009,subnational2
"Boise",US-ID-015,subnational2
"Rio Grande",US-CO-105,subnational2
"Loudoun",US-VA-107,subnational2
"Itasca",US-MN-061,subnational2
"Glenn",US-CA-021,subnational2
"Penobscot",US-ME-019,subnational2
"Garfield",US-WA-023,subnational2
"Franklin",US-MA-011,subnational2
"Bronx",US-NY-005,subnational2
"Mason",US-WA-045,subnational2
"Knox",US-ME-013,subnational2
"Union",US-OH-159,subnational2
"Greenbrier",US-WV-025,subnational2
"Gila",US-AZ-007,subnational2
"Franklin",US-VT-011,subnational2
"Taos",US-NM-055,subnational2
"Sandusky",US-OH-143,subnational2
"Madison",US-AL-089,subnational2
"Jefferson",US-AL-073,subnational2
"Dewey",US-OK-043,subnational2
"Noble",US-OH-121,subnational2
"Carroll",US-MD-013,subnational2
"York",US-ME-031,subnational2
"Jefferson",US-NY-045,subnational2
"Clark",US-ID-033,subnational2
"Grady",US-OK-051,subnational2
"Miller",US-AR-091,subnational2
"Genesee",US-NY-037,subnational2
"Caroline",US-VA-033,subnational2
"Tallapoosa",US-AL-123,subnational2
"Rapides",US-LA-079,subnational2
"Jefferson",US-WA-031,subnational2
"Buncombe",US-NC-021,subnational2
"Gwinnett",US-GA-135,subnational2
"Henry",US-GA-151,subnational2
"Ottawa",US-OH-123,subnational2
"Tioga",US-NY-107,subnational2
"Redwood",US-MN-127,subnational2
"Delaware",US-OH-041,subnational2
"Caribou",US-ID-029,subnational2
"Rush",US-KS-165,subnational2
"Pierce",US-WI-093,subnational2
"Hampshire",US-MA-015,subnational2
"Del Norte",US-CA-015,subnational2
"Douglas",US-MN-041,subnational2
"Jefferson",US-NE-095,subnational2
"Scioto",US-OH-145,subnational2
"District of Columbia",US-DC-001,subnational2
"Hunterdon",US-NJ-019,subnational2
"Broomfield",US-CO-014,subnational2
"Deschutes",US-OR-017,subnational2
"Franklin",US-NE-061,subnational2
"Kennebec",US-ME-011,subnational2
"Chautauqua",US-KS-019,subnational2
"Dallas",US-MO-059,subnational2
"Washington",US-NY-115,subnational2
"Sibley",US-MN-143,subnational2
"Arenac",US-MI-011,subnational2
"Orleans",US-LA-071,subnational2
"Sandoval",US-NM-043,subnational2
"St. Clair",US-MI-147,subnational2
"McHenry",US-IL-111,subnational2
"Carroll",US-OH-019,subnational2
"Jefferson",US-KY-111,subnational2
"Contra Costa",US-CA-013,subnational2
"Sumter",US-FL-119,subnational2
"Camden",US-MO-029,subnational2
"Richmond",US-NY-085,subnational2
"Darke",US-OH-037,subnational2
"Jim Wells",US-TX-249,subnational2
"Chicot",US-AR-017,subnational2
"Union",US-OR-061,subnational2
"Phillips",US-MT-071,subnational2
"Esmeralda",US-NV-009,subnational2
"Grant",US-WA-025,subnational2
"Kidder",US-ND-043,subnational2
"Whitman",US-WA-075,subnational2
"Adams",US-IL-001,subnational2
"Hoke",US-NC-093,subnational2
"Monmouth",US-NJ-025,subnational2
"Yukon-Koyukuk Census Area",US-AK-290,subnational2
"Sussex",US-NJ-037,subnational2
"Morris",US-NJ-027,subnational2
"Tompkins",US-NY-109,subnational2
"Shiawassee",US-MI-155,subnational2
"Emmet",US-MI-047,subnational2
"Suffolk",US-MA-025,subnational2
"Martin",US-FL-085,subnational2
"Cobb",US-GA-067,subnational2
"Bartow",US-GA-015,subnational2
"Allegany",US-MD-001,subnational2
"Somerset",US-PA-111,subnational2
"Allegany",US-NY-003,subnational2
"Morris",US-KS-127,subnational2
"Alleghany",US-NC-005,subnational2
"Alleghany",US-VA-005,subnational2
"Crawford",US-PA-039,subnational2
"Bedford",US-PA-009,subnational2
"Grant",US-WV-023,subnational2
"Randolph",US-WV-083,subnational2
"Tucker",US-WV-093,subnational2
"Forest",US-PA-053,subnational2
"Elk",US-PA-047,subnational2
"McKean",US-PA-083,subnational2
"Blair",US-PA-013,subnational2
"Cambria",US-PA-021,subnational2
"Clarion",US-PA-031,subnational2
"Pocahontas",US-WV-075,subnational2
"Armstrong",US-PA-005,subnational2
"Highland",US-VA-091,subnational2
"Chisago",US-MN-025,subnational2
"Dixon",US-NE-051,subnational2
"Vernon",US-LA-115,subnational2
"Caldwell",US-TX-055,subnational2
"Newton",US-MO-145,subnational2
"Abbeville",US-SC-001,subnational2
"Hall",US-GA-139,subnational2
"Bennett",US-SD-007,subnational2
"Randolph",US-NC-151,subnational2
"Otsego",US-NY-077,subnational2
"Neosho",US-KS-133,subnational2
"Madison",US-NY-053,subnational2
"Tuscola",US-MI-157,subnational2
"Pend Oreille",US-WA-051,subnational2
"Somerset",US-MD-039,subnational2
"Tom Green",US-TX-451,subnational2
"Collin",US-TX-085,subnational2
"Monroe",US-IN-105,subnational2
"Greene",US-NY-039,subnational2
"Big Stone",US-MN-011,subnational2
"Schuyler",US-NY-097,subnational2
"Wayne",US-MI-163,subnational2
"Allendale",US-SC-005,subnational2
"Charles",US-MD-017,subnational2
"Philadelphia",US-PA-101,subnational2
"Park",US-MT-067,subnational2
"Person",US-NC-145,subnational2
"Piatt",US-IL-147,subnational2
"Pecos",US-TX-371,subnational2
"Denton",US-TX-121,subnational2
"Onslow",US-NC-133,subnational2
"Iberville",US-LA-047,subnational2
"Comal",US-TX-091,subnational2
"Wheeler",US-GA-309,subnational2
"Columbia",US-FL-023,subnational2
"Calcasieu",US-LA-019,subnational2
"Tyrrell",US-NC-177,subnational2
"Bristol",US-RI-001,subnational2
"Orange",US-VT-017,subnational2
"York",US-SC-091,subnational2
"Chugach Census Area",US-AK-063,subnational2
"Huntingdon",US-PA-061,subnational2
"Iredell",US-NC-097,subnational2
"Pulaski",US-VA-155,subnational2
"Floyd",US-TX-153,subnational2
"Butler",US-MO-023,subnational2
"Pulaski",US-AR-119,subnational2
"Park",US-CO-093,subnational2
"Wabaunsee",US-KS-197,subnational2
"Bulloch",US-GA-031,subnational2
"Harlan",US-NE-083,subnational2
"Crawford",US-AR-033,subnational2
"Bacon",US-GA-005,subnational2
"Genesee",US-MI-049,subnational2
"Norton",US-KS-137,subnational2
"Sac",US-IA-161,subnational2
"Lincoln",US-WA-043,subnational2
"Merced",US-CA-047,subnational2
"Steuben",US-NY-101,subnational2
"Sutter",US-CA-101,subnational2
"Gunnison",US-CO-051,subnational2
"Lapeer",US-MI-087,subnational2
"Hamilton",US-OH-061,subnational2
"Rockbridge",US-VA-163,subnational2
"Essex",US-NJ-013,subnational2
"Shelby",US-TN-157,subnational2
"Waushara",US-WI-137,subnational2
"Tulare",US-CA-107,subnational2
"Alpena",US-MI-007,subnational2
"Howard",US-MD-027,subnational2
"Brewster",US-TX-043,subnational2
"Custer",US-ID-037,subnational2
"Warren",US-MO-219,subnational2
"Preston",US-WV-077,subnational2
"Pulaski",US-KY-199,subnational2
"Giles",US-VA-071,subnational2
"Walworth",US-WI-127,subnational2
"Lincoln",US-WY-023,subnational2
"Schenectady",US-NY-093,subnational2
"Asotin",US-WA-003,subnational2
"Lincoln",US-WI-069,subnational2
"Colorado",US-TX-089,subnational2
"Glynn",US-GA-127,subnational2
"McIntosh",US-GA-191,subnational2
"Calhoun",US-FL-013,subnational2
"White",US-IN-181,subnational2
"Floyd",US-GA-115,subnational2
"Lincoln",US-NM-027,subnational2
"Sioux",US-IA-167,subnational2
"Oregon",US-MO-149,subnational2
"Chatham",US-NC-037,subnational2
"Traill",US-ND-097,subnational2
"Clinton",US-NY-019,subnational2
"Jefferson",US-WV-037,subnational2
"Peoria",US-IL-143,subnational2
"Jackson",US-OK-065,subnational2
"Kiowa",US-OK-075,subnational2
"Greer",US-OK-055,subnational2
"Mineral",US-NV-021,subnational2
"Fredericksburg",US-VA-630,subnational2
"Rabun",US-GA-241,subnational2
"Woods",US-OK-151,subnational2
"Custer",US-CO-027,subnational2
"Clear Creek",US-CO-019,subnational2
"Johnson",US-TX-251,subnational2
"Dona Ana",US-NM-013,subnational2
"Onondaga",US-NY-067,subnational2
"Forest",US-WI-041,subnational2
"Glades",US-FL-043,subnational2
"Harney",US-OR-025,subnational2
"Lincoln",US-MT-053,subnational2
"Valley",US-ID-085,subnational2
"Henderson",US-KY-101,subnational2
"Amador",US-CA-005,subnational2
"Kent",US-DE-001,subnational2
"Iowa",US-IA-095,subnational2
"Morrow",US-OH-117,subnational2
"Nye",US-NV-023,subnational2
"Potter",US-TX-375,subnational2
"Cass",US-MO-037,subnational2
"Saline",US-MO-195,subnational2
"Martin",US-MN-091,subnational2
"LaPorte",US-IN-091,subnational2
"Oswego",US-NY-075,subnational2
"Blue Earth",US-MN-013,subnational2
"Lee",US-IL-103,subnational2
"Beaver",US-PA-007,subnational2
"Crawford",US-WI-023,subnational2
"Kossuth",US-IA-109,subnational2
"Ravalli",US-MT-081,subnational2
"Ogemaw",US-MI-129,subnational2
"Floyd",US-VA-063,subnational2
"Comanche",US-OK-031,subnational2
"Swift",US-MN-151,subnational2
"Lassen",US-CA-035,subnational2
"Treasure",US-MT-103,subnational2
"Nassau",US-FL-089,subnational2
"Amelia",US-VA-007,subnational2
"Fergus",US-MT-027,subnational2
"Boundary",US-ID-021,subnational2
"Hinsdale",US-CO-053,subnational2
"Waller",US-TX-473,subnational2
"Brule",US-SD-015,subnational2
"Somerset",US-NJ-035,subnational2
"Athens",US-OH-009,subnational2
"Power",US-ID-077,subnational2
"Blaine",US-OK-011,subnational2
"Grant",US-AR-053,subnational2
"Westmoreland",US-VA-193,subnational2
"San Joaquin",US-CA-077,subnational2
"Sublette",US-WY-035,subnational2
"Green",US-KY-087,subnational2
"Citrus",US-FL-017,subnational2
"Washington",US-NC-187,subnational2
"Lyon",US-KS-111,subnational2
"Bibb",US-GA-021,subnational2
"Fayette",US-TN-047,subnational2
"Summit",US-UT-043,subnational2
"Phillips",US-CO-095,subnational2
"Lorain",US-OH-093,subnational2
"Amherst",US-VA-009,subnational2
"Putnam",US-WV-079,subnational2
"Dawson",US-GA-085,subnational2
"Slope",US-ND-087,subnational2
"Bollinger",US-MO-017,subnational2
"Madison",US-MO-123,subnational2
"Yamhill",US-OR-071,subnational2
"Lee",US-NC-105,subnational2
"Benton",US-WA-005,subnational2
"San Juan",US-NM-045,subnational2
"Hillsborough",US-NH-011,subnational2
"Ouray",US-CO-091,subnational2
"Sheridan",US-WY-033,subnational2
"Day",US-SD-037,subnational2
"McLennan",US-TX-309,subnational2
"Gallatin",US-MT-031,subnational2
"Burnett",US-WI-013,subnational2
"Monroe",US-WI-081,subnational2
"Blanco",US-TX-031,subnational2
"Chambers",US-TX-071,subnational2
"Sevier",US-TN-155,subnational2
"McDowell",US-WV-047,subnational2
"Clearwater",US-MN-029,subnational2
"Nassau",US-NY-059,subnational2
"Hot Springs",US-WY-017,subnational2
"Clallam",US-WA-009,subnational2
"Baldwin",US-GA-009,subnational2
"Rock Island",US-IL-161,subnational2
"Sussex",US-VA-183,subnational2
"Cherry",US-NE-031,subnational2
"Anderson",US-TX-001,subnational2
"Hudson",US-NJ-017,subnational2
"Harnett",US-NC-085,subnational2
"Bartholomew",US-IN-005,subnational2
"Boone",US-KY-015,subnational2
"Appomattox",US-VA-011,subnational2
"Becker",US-MN-005,subnational2
"Sumner",US-TN-165,subnational2
"Fulton",US-IL-057,subnational2
"Renville",US-MN-129,subnational2
"Beaverhead",US-MT-001,subnational2
"Crawford",US-MO-055,subnational2
"Jackson",US-MN-063,subnational2
"Eaton",US-MI-045,subnational2
"Christian",US-IL-021,subnational2
"Emmet",US-IA-063,subnational2
"Bay",US-MI-017,subnational2
"Kendall",US-IL-093,subnational2
"Anderson",US-SC-007,subnational2
"Shawano",US-WI-115,subnational2
"Moody",US-SD-101,subnational2
"Columbia",US-WI-021,subnational2
"Montgomery",US-IA-137,subnational2
"Muskegon",US-MI-121,subnational2
"Marlboro",US-SC-069,subnational2
"Lonoke",US-AR-085,subnational2
"Calhoun",US-IA-025,subnational2
"McPherson",US-SD-089,subnational2
"Macon",US-GA-193,subnational2
"Butler",US-KS-015,subnational2
"Queen Anne's",US-MD-035,subnational2
"Wyandot",US-OH-175,subnational2
"Hardin",US-OH-065,subnational2
"Merrimack",US-NH-013,subnational2
"Limestone",US-TX-293,subnational2
"Garland",US-AR-051,subnational2
"Lancaster",US-SC-057,subnational2
"Davidson",US-TN-037,subnational2
"Greene",US-TN-059,subnational2
"Monterey",US-CA-053,subnational2
"Cortland",US-NY-023,subnational2
"Andrews",US-TX-003,subnational2
"Chittenden",US-VT-007,subnational2
"San Juan",US-CO-111,subnational2
"Berrien",US-MI-021,subnational2
"Levy",US-FL-075,subnational2
"Morgan",US-CO-087,subnational2
"Rock",US-WI-105,subnational2
"Oxford",US-ME-017,subnational2
"Androscoggin",US-ME-001,subnational2
"Trumbull",US-OH-155,subnational2
"Botetourt",US-VA-023,subnational2
"Nelson",US-ND-063,subnational2
"Elko",US-NV-007,subnational2
"Leavenworth",US-KS-103,subnational2
"Colfax",US-NM-007,subnational2
"Weld",US-CO-123,subnational2
"Vanderburgh",US-IN-163,subnational2
"Wasatch",US-UT-051,subnational2
"Angelina",US-TX-005,subnational2
"Jasper",US-TX-241,subnational2
"San Augustine",US-TX-405,subnational2
"Shannon",US-MO-203,subnational2
"Grand Traverse",US-MI-055,subnational2
"Piute",US-UT-031,subnational2
"Lake of the Woods",US-MN-077,subnational2
"Fremont",US-ID-043,subnational2
"Rockcastle",US-KY-203,subnational2
"Fall River",US-SD-047,subnational2
"Butler",US-OH-017,subnational2
"Gadsden",US-FL-039,subnational2
"Chattooga",US-GA-055,subnational2
"Hidalgo",US-NM-023,subnational2
"La Plata",US-CO-067,subnational2
"Clinton",US-OH-027,subnational2
"Kanabec",US-MN-065,subnational2
"Lee",US-AL-081,subnational2
"Accomack",US-VA-001,subnational2
"Alger",US-MI-003,subnational2
"White",US-GA-311,subnational2
"Sevier",US-UT-041,subnational2
"Anne Arundel",US-MD-003,subnational2
"Henry",US-IL-073,subnational2
"Warren",US-IA-181,subnational2
"Calhoun",US-AL-015,subnational2
"Custer",US-NE-041,subnational2
"Indian River",US-FL-061,subnational2
"Morrow",US-OR-049,subnational2
"Monroe",US-MI-115,subnational2
"Wasco",US-OR-065,subnational2
"Lancaster",US-NE-109,subnational2
"Todd",US-SD-121,subnational2
"Daggett",US-UT-009,subnational2
"Crook",US-OR-013,subnational2
"Cimarron",US-OK-025,subnational2
"Graham",US-KS-065,subnational2
"Pierce",US-ND-069,subnational2
"Malheur",US-OR-045,subnational2
"Grand",US-CO-049,subnational2
"Carbon",US-WY-007,subnational2
"Iron",US-UT-021,subnational2
"Sierra",US-CA-091,subnational2
"Yellow Medicine",US-MN-173,subnational2
"Harper",US-KS-077,subnational2
"Pittsylvania",US-VA-143,subnational2
"Baker",US-OR-001,subnational2
"Franklin",US-PA-055,subnational2
"Garfield",US-UT-017,subnational2
"Franklin",US-KS-059,subnational2
"Bottineau",US-ND-009,subnational2
"Hopkins",US-KY-107,subnational2
"Conejos",US-CO-021,subnational2
"Antrim",US-MI-009,subnational2
"Columbia",US-PA-037,subnational2
"Vilas",US-WI-125,subnational2
"Haines Borough",US-AK-100,subnational2
"San Benito",US-CA-069,subnational2
"Caddo",US-OK-015,subnational2
"Mercer",US-ND-057,subnational2
"Morgan",US-GA-211,subnational2
"Wakulla",US-FL-129,subnational2
"Gulf",US-FL-045,subnational2
"Idaho",US-ID-049,subnational2
"Flathead",US-MT-029,subnational2
"Las Animas",US-CO-071,subnational2
"York",US-PA-133,subnational2
"Sullivan",US-NY-105,subnational2
"Ashland",US-WI-003,subnational2
"Bayfield",US-WI-007,subnational2
"Polk",US-TN-139,subnational2
"Gilmer",US-GA-123,subnational2
"Haywood",US-NC-087,subnational2
"Morgan",US-OH-115,subnational2
"Graham",US-NC-075,subnational2
"Watauga",US-NC-189,subnational2
"Mitchell",US-NC-121,subnational2
"Augusta",US-VA-015,subnational2
"Madison",US-NC-115,subnational2
"Bland",US-VA-021,subnational2
"Union",US-GA-291,subnational2
"Towns",US-GA-281,subnational2
"Monroe",US-PA-089,subnational2
"Dauphin",US-PA-043,subnational2
"Grayson",US-VA-077,subnational2
"Smyth",US-VA-173,subnational2
"Roanoke",US-VA-161,subnational2
"Craig",US-VA-045,subnational2
"Nelson",US-VA-125,subnational2
"Clarke",US-VA-043,subnational2
"Cocke",US-TN-029,subnational2
"Lumpkin",US-GA-187,subnational2
"Colonial Heights",US-VA-570,subnational2
"Oneida",US-WI-085,subnational2
"Winona",US-MN-169,subnational2
"Iron",US-MI-071,subnational2
"Cape Girardeau",US-MO-031,subnational2
"Mason",US-WV-053,subnational2
"Bedford",US-VA-019,subnational2
"Richmond",US-GA-245,subnational2
"Josephine",US-OR-033,subnational2
"Benton",US-AR-007,subnational2
"Clark",US-KS-025,subnational2
"Prince George",US-VA-149,subnational2
"Dinwiddie",US-VA-053,subnational2
"Buckingham",US-VA-029,subnational2
"Kent",US-RI-003,subnational2
"Niagara",US-NY-063,subnational2
"Clearwater",US-ID-035,subnational2
"Deaf Smith",US-TX-117,subnational2
"Bucks",US-PA-017,subnational2
"Stoddard",US-MO-207,subnational2
"Geauga",US-OH-055,subnational2
"Hill",US-TX-217,subnational2
"Polk",US-GA-233,subnational2
"San Patricio",US-TX-409,subnational2
"Nueces",US-TX-355,subnational2
"Arapahoe",US-CO-005,subnational2
"Furnas",US-NE-065,subnational2
"Pitkin",US-CO-097,subnational2
"Branch",US-MI-023,subnational2
"Oneida",US-ID-071,subnational2
"Otoe",US-NE-131,subnational2
"Oglethorpe",US-GA-221,subnational2
"Hendricks",US-IN-063,subnational2
"Colusa",US-CA-011,subnational2
"Sebastian",US-AR-131,subnational2
"Jackson",US-GA-157,subnational2
"Benzie",US-MI-019,subnational2
"Eddy",US-NM-015,subnational2
"Iron",US-MO-093,subnational2
"Schuyler",US-MO-197,subnational2
"Lackawanna",US-PA-069,subnational2
"Fulton",US-OH-051,subnational2
"Archer",US-TX-009,subnational2
"Johnston",US-NC-101,subnational2
"Skamania",US-WA-059,subnational2
"Floyd",US-KY-071,subnational2
"Berkeley",US-WV-003,subnational2
"Lexington",US-SC-063,subnational2
"Van Buren",US-AR-141,subnational2
"Oconto",US-WI-083,subnational2
"Lewis and Clark",US-MT-049,subnational2
"Forsyth",US-NC-067,subnational2
"Clarke",US-MS-023,subnational2
"Butte",US-ID-023,subnational2
"Deer Lodge",US-MT-023,subnational2
"Lake",US-OH-085,subnational2
"Hale",US-AL-065,subnational2
"Douglas",US-IL-041,subnational2
"Trempealeau",US-WI-121,subnational2
"Washington",US-TN-179,subnational2
"Carter",US-OK-019,subnational2
"Giles",US-TN-055,subnational2
"Iowa",US-WI-049,subnational2
"Lander",US-NV-015,subnational2
"Roanoke City",US-VA-770,subnational2
"Fulton",US-IN-049,subnational2
"McDonough",US-IL-109,subnational2
"Lee",US-IA-111,subnational2
"Calumet",US-WI-015,subnational2
"Cheyenne",US-KS-023,subnational2
"Yuma",US-CO-125,subnational2
"Yuma",US-AZ-027,subnational2
"Guadalupe",US-TX-187,subnational2
"Grant",US-KY-081,subnational2
"Tunica",US-MS-143,subnational2
"Tate",US-MS-137,subnational2
"Hot Spring",US-AR-059,subnational2
"Seward",US-KS-175,subnational2
"Nevada",US-AR-099,subnational2
"Arkansas",US-AR-001,subnational2
"Chaffee",US-CO-015,subnational2
"Desha",US-AR-041,subnational2
"Johnson",US-AR-071,subnational2
"Sumner",US-KS-191,subnational2
"Pawnee",US-KS-145,subnational2
"Faulkner",US-AR-045,subnational2
"Perry",US-AR-105,subnational2
"Hamilton",US-KS-075,subnational2
"Prowers",US-CO-099,subnational2
"Edwards",US-KS-047,subnational2
"Reno",US-KS-155,subnational2
"Cowley",US-KS-035,subnational2
"Jefferson",US-AR-069,subnational2
"Baxter",US-AR-005,subnational2
"Cross",US-AR-037,subnational2
"Pope",US-AR-115,subnational2
"Mississippi",US-AR-093,subnational2
"Union",US-AR-139,subnational2
"Le Flore",US-OK-079,subnational2
"Lake",US-MT-047,subnational2
"Gilliam",US-OR-021,subnational2
"Washington",US-NE-177,subnational2
"Delaware",US-PA-045,subnational2
"Madison",US-IL-119,subnational2
"Zapata",US-TX-505,subnational2
"Wyoming",US-NY-121,subnational2
"Warren",US-OH-165,subnational2
"Seneca",US-NY-099,subnational2
"Wayne",US-NY-117,subnational2
"Caldwell",US-NC-027,subnational2
"Armstrong",US-TX-011,subnational2
"Tippecanoe",US-IN-157,subnational2
"Steele",US-MN-147,subnational2
"Coweta",US-GA-077,subnational2
"Marshall",US-IA-127,subnational2
"Baraga",US-MI-013,subnational2
"Ness",US-KS-135,subnational2
"Madison",US-GA-195,subnational2
"Jefferson",US-MO-099,subnational2
"Providence",US-RI-007,subnational2
"Morrill",US-NE-123,subnational2
"Teton",US-MT-099,subnational2
"Kankakee",US-IL-091,subnational2
"Cheyenne",US-CO-017,subnational2
"Lincoln",US-CO-073,subnational2
"Spotsylvania",US-VA-177,subnational2
"Oliver",US-ND-065,subnational2
"Maury",US-TN-119,subnational2
"Hinds",US-MS-049,subnational2
"Williamson",US-TX-491,subnational2
"Powell",US-MT-077,subnational2
"Shelby",US-MO-205,subnational2
"Pottawattamie",US-IA-155,subnational2
"Putnam",US-OH-137,subnational2
"Minnehaha",US-SD-099,subnational2
"Franklin",US-WA-021,subnational2
"Pittsburg",US-OK-121,subnational2
"Foster",US-ND-031,subnational2
"Willacy",US-TX-489,subnational2
"Marion",US-IN-097,subnational2
"Noble",US-IN-113,subnational2
"Grant",US-MN-051,subnational2
"Warren",US-MS-149,subnational2
"Ashland",US-OH-005,subnational2
"Centre",US-PA-027,subnational2
"Arthur",US-NE-005,subnational2
"Linn",US-OR-043,subnational2
"Hardin",US-IA-083,subnational2
"Montcalm",US-MI-117,subnational2
"Shenandoah",US-VA-171,subnational2
"Jessamine",US-KY-113,subnational2
"Erie",US-PA-049,subnational2
"Union",US-NJ-039,subnational2
"Carson City",US-NV-510,subnational2
"Richland",US-WI-103,subnational2
"Jefferson",US-MT-043,subnational2
"Garden",US-NE-069,subnational2
"Quitman",US-MS-119,subnational2
"St. Joseph",US-IN-141,subnational2
"Hampshire",US-WV-027,subnational2
"Chesterfield",US-VA-041,subnational2
"Grant",US-NE-075,subnational2
"Fairfax City",US-VA-600,subnational2
"Warren",US-VA-187,subnational2
"Ashtabula",US-OH-007,subnational2
"Ashe",US-NC-009,subnational2
"Stone",US-MO-209,subnational2
"Dimmit",US-TX-127,subnational2
"Wabash",US-IN-169,subnational2
"Spencer",US-KY-215,subnational2
"Antelope",US-NE-003,subnational2
"Carbon",US-PA-025,subnational2
"Riley",US-KS-161,subnational2
"Clay",US-AL-027,subnational2
"Saunders",US-NE-155,subnational2
"Clark",US-IN-019,subnational2
"Chemung",US-NY-015,subnational2
"Hanover",US-VA-085,subnational2
"Rosebud",US-MT-087,subnational2
"McIntosh",US-ND-051,subnational2
"Pike",US-MO-163,subnational2
"Uintah",US-UT-047,subnational2
"Duchesne",US-UT-013,subnational2
"Hampden",US-MA-013,subnational2
"Dorchester",US-SC-035,subnational2
"Greenville",US-SC-045,subnational2
"Sherman",US-NE-163,subnational2
"Sullivan",US-NH-019,subnational2
"Polk",US-IA-153,subnational2
"Williamson",US-TN-187,subnational2
"Otsego",US-MI-137,subnational2
"Teton",US-WY-039,subnational2
"Teller",US-CO-119,subnational2
"Stonewall",US-TX-433,subnational2
"Atchison",US-MO-005,subnational2
"Nemaha",US-NE-127,subnational2
"Worcester",US-MD-047,subnational2
"Saline",US-KS-169,subnational2
"Potter",US-PA-105,subnational2
"Yates",US-NY-123,subnational2
"Dodge",US-WI-027,subnational2
"Oconee",US-GA-219,subnational2
"Martin",US-NC-117,subnational2
"Transylvania",US-NC-175,subnational2
"Atascosa",US-TX-013,subnational2
"St. Mary",US-LA-101,subnational2
"St. Martin",US-LA-099,subnational2
"Pointe Coupee",US-LA-077,subnational2
"Jefferson",US-IL-081,subnational2
"Marinette",US-WI-075,subnational2
"Menard",US-IL-129,subnational2
"Mercer",US-WV-055,subnational2
"McMinn",US-TN-107,subnational2
"Clarke",US-GA-059,subnational2
"Parke",US-IN-121,subnational2
"Johnson",US-IA-103,subnational2
"Victoria",US-TX-469,subnational2
"Garfield",US-CO-045,subnational2
"Macon",US-MO-121,subnational2
"Carteret",US-NC-031,subnational2
"Nantucket",US-MA-019,subnational2
"Atoka",US-OK-005,subnational2
"Kootenai",US-ID-055,subnational2
"Somerset",US-ME-025,subnational2
"Stephenson",US-IL-177,subnational2
"Johnson",US-IN-081,subnational2
"Seneca",US-OH-147,subnational2
"Hopewell",US-VA-670,subnational2
"Cayuga",US-NY-011,subnational2
"Kandiyohi",US-MN-067,subnational2
"Rawlins",US-KS-153,subnational2
"Logan",US-CO-075,subnational2
"Tuscarawas",US-OH-157,subnational2
"Johnson",US-TN-091,subnational2
"Union",US-IL-181,subnational2
"Iosco",US-MI-069,subnational2
"Kalkaska",US-MI-079,subnational2
"Oscoda",US-MI-135,subnational2
"Crawford",US-MI-039,subnational2
"Shawnee",US-KS-177,subnational2
"Logan",US-KY-141,subnational2
"Fond du Lac",US-WI-039,subnational2
"Jefferson",US-FL-065,subnational2
"Barbour",US-WV-001,subnational2
"Frederick",US-MD-021,subnational2
"Cedar",US-NE-027,subnational2
"Black Hawk",US-IA-013,subnational2
"McLean",US-ND-055,subnational2
"West Feliciana",US-LA-125,subnational2
"Phelps",US-MO-161,subnational2
"Twin Falls",US-ID-083,subnational2
"Grimes",US-TX-185,subnational2
"Columbia",US-GA-073,subnational2
"Eau Claire",US-WI-035,subnational2
"Crawford",US-OH-033,subnational2
"Denver",US-CO-031,subnational2
"Beaufort",US-NC-013,subnational2
"Denali Borough",US-AK-068,subnational2
"Dearborn",US-IN-029,subnational2
"Brookings",US-SD-011,subnational2
"Douglas",US-CO-035,subnational2
"Austin",US-TX-015,subnational2
"Grayson",US-TX-181,subnational2
"Texas",US-MO-215,subnational2
"Barren",US-KY-009,subnational2
"Osceola",US-FL-097,subnational2
"Mahoning",US-OH-099,subnational2
"Wythe",US-VA-197,subnational2
"Houston",US-TX-225,subnational2
"Refugio",US-TX-391,subnational2
"Troup",US-GA-285,subnational2
"Manitowoc",US-WI-071,subnational2
"Douglas",US-MO-067,subnational2
"Brantley",US-GA-025,subnational2
"Montmorency",US-MI-119,subnational2
"St. Lucie",US-FL-111,subnational2
"Comanche",US-KS-033,subnational2
"Crawford",US-GA-079,subnational2
"Essex",US-VT-009,subnational2
"Midland",US-MI-111,subnational2
"Red River",US-TX-387,subnational2
"Shoshone",US-ID-079,subnational2
"Gem",US-ID-045,subnational2
"Lawrence",US-IN-093,subnational2
"Columbia",US-AR-027,subnational2
"Bond",US-IL-005,subnational2
"Adams",US-NE-001,subnational2
"Orange",US-NC-135,subnational2
"Converse",US-WY-009,subnational2
"Warrick",US-IN-173,subnational2
"Grady",US-GA-131,subnational2
"Dunn",US-WI-033,subnational2
"Putnam",US-GA-237,subnational2
"Fremont",US-CO-043,subnational2
"St. Bernard",US-LA-087,subnational2
"St. Charles",US-LA-089,subnational2
"St. John the Baptist",US-LA-095,subnational2
"Plaquemines",US-LA-075,subnational2
"East Baton Rouge",US-LA-033,subnational2
"Hancock",US-IN-059,subnational2
"Lincoln",US-MO-113,subnational2
"Jefferson",US-ID-051,subnational2
"Powder River",US-MT-075,subnational2
"Valley",US-MT-105,subnational2
"Morgan",US-AL-103,subnational2
"Cook",US-MN-031,subnational2
"Madison",US-ID-065,subnational2
"Camas",US-ID-025,subnational2
"Lamoille",US-VT-015,subnational2
"Sherburne",US-MN-141,subnational2
"Payne",US-OK-119,subnational2
"Decatur",US-GA-087,subnational2
"Baca",US-CO-009,subnational2
"Saguache",US-CO-109,subnational2
"Owyhee",US-ID-073,subnational2
"York",US-VA-199,subnational2
"Luzerne",US-PA-079,subnational2
"Wayne",US-OH-169,subnational2
"Greene",US-AL-063,subnational2
"Delaware",US-IA-055,subnational2
"Roscommon",US-MI-143,subnational2
"Morgan",US-KY-175,subnational2
"Woodbury",US-IA-193,subnational2
"Surry",US-VA-181,subnational2
"Vernon",US-WI-123,subnational2
"Letcher",US-KY-133,subnational2
"Oconee",US-SC-073,subnational2
"Dawson",US-MT-021,subnational2
"Merrick",US-NE-121,subnational2
"Madison",US-IA-121,subnational2
"Cherokee",US-GA-057,subnational2
"Monona",US-IA-133,subnational2
"Grant",US-WI-043,subnational2
"Roseau",US-MN-135,subnational2
"Montgomery",US-NC-123,subnational2
"Stanly",US-NC-167,subnational2
"Buffalo",US-WI-011,subnational2
"Mercer",US-MO-129,subnational2
"Miller",US-MO-131,subnational2
"Bailey",US-TX-017,subnational2
"Menominee",US-MI-109,subnational2
"Barry",US-MI-015,subnational2
"Hill",US-MT-041,subnational2
"Lunenburg",US-VA-111,subnational2
"Orange",US-TX-361,subnational2
"Meagher",US-MT-059,subnational2
"Callahan",US-TX-059,subnational2
"Lawrence",US-PA-073,subnational2
"White Pine",US-NV-033,subnational2
"McCormick",US-SC-065,subnational2
"Roger Mills",US-OK-129,subnational2
"Holmes",US-FL-059,subnational2
"Hardy",US-WV-031,subnational2
"Boone",US-AR-009,subnational2
"Mineral",US-WV-057,subnational2
"Manassas Park",US-VA-685,subnational2
"Douglas",US-KS-045,subnational2
"Mercer",US-OH-107,subnational2
"Lewis",US-NY-049,subnational2
"Catawba",US-NC-035,subnational2
"Benton",US-MS-009,subnational2
"Pemiscot",US-MO-155,subnational2
"Allamakee",US-IA-005,subnational2
"Burnet",US-TX-053,subnational2
"Wabasha",US-MN-157,subnational2
"Union",US-PA-119,subnational2
"Mifflin",US-PA-087,subnational2
"Ogle",US-IL-141,subnational2
"Caledonia",US-VT-005,subnational2
"Jackson",US-IA-097,subnational2
"Manassas",US-VA-683,subnational2
"Guilford",US-NC-081,subnational2
"Wilson",US-TN-189,subnational2
"Panola",US-MS-107,subnational2
"Beaver",US-OK-007,subnational2
"Steuben",US-IN-151,subnational2
"Sherman",US-OR-055,subnational2
"Perry",US-MO-157,subnational2
"Kosciusko",US-IN-085,subnational2
"Wood",US-WI-141,subnational2
"Ocean",US-NJ-029,subnational2
"Motley",US-TX-345,subnational2
"Boone",US-IL-007,subnational2
"Effingham",US-IL-049,subnational2
"Lee",US-MS-081,subnational2
"Ballard",US-KY-007,subnational2
"Northampton",US-VA-131,subnational2
"Fluvanna",US-VA-065,subnational2
"Runnels",US-TX-399,subnational2
"Wilkinson",US-GA-319,subnational2
"Vernon",US-MO-217,subnational2
"Lebanon",US-PA-075,subnational2
"Reeves",US-TX-389,subnational2
"Jackson",US-NC-099,subnational2
"Lafayette",US-MO-107,subnational2
"Randolph",US-AR-121,subnational2
"Adams",US-IN-001,subnational2
"Butte",US-SD-019,subnational2
"Gooding",US-ID-047,subnational2
"Vermilion",US-LA-113,subnational2
"Missoula",US-MT-063,subnational2
"Izard",US-AR-065,subnational2
"Henrico",US-VA-087,subnational2
"Columbiana",US-OH-029,subnational2
"Halifax",US-VA-083,subnational2
"Kendall",US-TX-259,subnational2
"Lawrence",US-AL-079,subnational2
"Winston",US-AL-133,subnational2
"Kenton",US-KY-117,subnational2
"Lanier",US-GA-173,subnational2
"Cottonwood",US-MN-033,subnational2
"Columbia",US-OR-009,subnational2
"Webster",US-GA-307,subnational2
"Jackson",US-KS-085,subnational2
"Pine",US-MN-115,subnational2
"Dent",US-MO-065,subnational2
"Ketchikan Gateway Borough",US-AK-130,subnational2
"Winneshiek",US-IA-191,subnational2
"Barbour",US-AL-005,subnational2
"Orange",US-VA-137,subnational2
"Cabell",US-WV-011,subnational2
"Knox",US-KY-121,subnational2
"Ellis",US-TX-139,subnational2
"San Saba",US-TX-411,subnational2
"Rutherford",US-TN-149,subnational2
"Scott",US-VA-169,subnational2
"Whitley",US-KY-235,subnational2
"Belmont",US-OH-013,subnational2
"Fort Bend",US-TX-157,subnational2
"Venango",US-PA-121,subnational2
"Lyon",US-KY-143,subnational2
"Stewart",US-TN-161,subnational2
"Goodhue",US-MN-049,subnational2
"Howell",US-MO-091,subnational2
"Custer",US-SD-033,subnational2
"Barnes",US-ND-003,subnational2
"Lavaca",US-TX-285,subnational2
"Dubois",US-IN-037,subnational2
"King George",US-VA-099,subnational2
"Lenoir",US-NC-107,subnational2
"Red Willow",US-NE-145,subnational2
"Mills",US-TX-333,subnational2
"Dickinson",US-IA-059,subnational2
"Goliad",US-TX-175,subnational2
"Wheeler",US-OR-069,subnational2
"Carlton",US-MN-017,subnational2
"Gratiot",US-MI-057,subnational2
"Barnwell",US-SC-011,subnational2
"McCreary",US-KY-147,subnational2
"Allen",US-KY-003,subnational2
"Alexander",US-NC-003,subnational2
"Franklin City",US-VA-620,subnational2
"Pope",US-MN-121,subnational2
"Rock",US-NE-149,subnational2
"Marion",US-IL-121,subnational2
"Wheeler",US-NE-183,subnational2
"Koochiching",US-MN-071,subnational2
"Fremont",US-IA-071,subnational2
"Harris",US-GA-145,subnational2
"Barton",US-KS-009,subnational2
"Washington",US-ID-087,subnational2
"Macon",US-NC-113,subnational2
"Sheridan",US-MT-091,subnational2
"Brown",US-MN-015,subnational2
"Clarke",US-AL-025,subnational2
"Waynesboro",US-VA-820,subnational2
"Warren",US-KY-227,subnational2
"Montour",US-PA-093,subnational2
"Pickens",US-AL-107,subnational2
"Juneau",US-WI-057,subnational2
"Faribault",US-MN-043,subnational2
"Mason",US-MI-105,subnational2
"Luce",US-MI-095,subnational2
"Williamsburg",US-VA-830,subnational2
"Hardin",US-IL-069,subnational2
"Palo Alto",US-IA-147,subnational2
"Dakota",US-NE-043,subnational2
"Casey",US-KY-045,subnational2
"Tooele",US-UT-045,subnational2
"Teton",US-ID-081,subnational2
"Franklin",US-AL-059,subnational2
"Grant",US-OR-023,subnational2
"Franklin",US-IN-047,subnational2
"Zavala",US-TX-507,subnational2
"Independence",US-AR-063,subnational2
"Ripley",US-IN-137,subnational2
"Bath",US-KY-011,subnational2
"Bath",US-VA-017,subnational2
"Pembina",US-ND-067,subnational2
"Culpeper",US-VA-047,subnational2
"Ascension",US-LA-005,subnational2
"Erie",US-OH-043,subnational2
"Stanton",US-KS-187,subnational2
"Logan",US-OK-083,subnational2
"Scott",US-KS-171,subnational2
"Lafayette",US-AR-073,subnational2
"Umatilla",US-OR-059,subnational2
"Clark",US-MO-045,subnational2
"Kershaw",US-SC-055,subnational2
"Jasper",US-MO-097,subnational2
"Harrison",US-IN-061,subnational2
"Burleson",US-TX-051,subnational2
"Montezuma",US-CO-083,subnational2
"Jackson",US-WI-053,subnational2
"Isanti",US-MN-059,subnational2
"Emmons",US-ND-029,subnational2
"Wexford",US-MI-165,subnational2
"Cherokee",US-KS-021,subnational2
"Brazoria",US-TX-039,subnational2
"Colleton",US-SC-029,subnational2
"Huron",US-MI-063,subnational2
"Tishomingo",US-MS-141,subnational2
"Prentiss",US-MS-117,subnational2
"Bladen",US-NC-017,subnational2
"St. James",US-LA-093,subnational2
"Clay",US-FL-019,subnational2
"Iroquois",US-IL-075,subnational2
"Baylor",US-TX-023,subnational2
"Childress",US-TX-075,subnational2
"Lancaster",US-VA-103,subnational2
"Bossier",US-LA-015,subnational2
"Concordia",US-LA-029,subnational2
"Livingston",US-KY-139,subnational2
"Union",US-LA-111,subnational2
"Prairie",US-AR-117,subnational2
"Webster",US-LA-119,subnational2
"Assumption",US-LA-007,subnational2
"Jefferson Davis",US-LA-053,subnational2
"Catahoula",US-LA-025,subnational2
"East Carroll",US-LA-035,subnational2
"Guthrie",US-IA-077,subnational2
"Sullivan",US-TN-163,subnational2
"Mille Lacs",US-MN-095,subnational2
"Chase",US-KS-017,subnational2
"Knox",US-NE-107,subnational2
"Golden Valley",US-ND-033,subnational2
"Cass",US-NE-025,subnational2
"Kittson",US-MN-069,subnational2
"Greene",US-PA-059,subnational2
"Washington",US-PA-125,subnational2
"Wabash",US-IL-185,subnational2
"Weakley",US-TN-183,subnational2
"Adams",US-ID-003,subnational2
"Meade",US-SD-093,subnational2
"Carbon",US-MT-009,subnational2
"Grant",US-NM-017,subnational2
"Olmsted",US-MN-109,subnational2
"Putnam",US-TN-141,subnational2
"Cumberland",US-VA-049,subnational2
"Hamilton",US-IN-057,subnational2
"Bonneville",US-ID-019,subnational2
"Clay",US-KY-051,subnational2
"Franklin",US-TN-051,subnational2
"Madison",US-AR-087,subnational2
"Little River",US-AR-081,subnational2
"Bear Lake",US-ID-007,subnational2
"Huerfano",US-CO-055,subnational2
"Rich",US-UT-033,subnational2
"Blaine",US-MT-005,subnational2
"Bolivar",US-MS-011,subnational2
"Uinta",US-WY-041,subnational2
"Ohio",US-WV-069,subnational2
"Sullivan",US-IN-153,subnational2
"Fayette",US-PA-051,subnational2
"Autauga",US-AL-001,subnational2
"Cass",US-IL-017,subnational2
"Nez Perce",US-ID-069,subnational2
"Poinsett",US-AR-111,subnational2
"Granite",US-MT-039,subnational2
"Park",US-WY-029,subnational2
"Sampson",US-NC-163,subnational2
"Henderson",US-NC-089,subnational2
"Humphreys",US-MS-053,subnational2
"Okaloosa",US-FL-091,subnational2
"Hardin",US-TN-071,subnational2
"Lincoln",US-NC-109,subnational2
"Perry",US-IL-145,subnational2
"Jackson",US-IL-077,subnational2
"Tripp",US-SD-123,subnational2
"Mahnomen",US-MN-087,subnational2
"Greenwood",US-KS-073,subnational2
"Beauregard",US-LA-011,subnational2
"Beaver",US-UT-001,subnational2
"Washburn",US-WI-129,subnational2
"Weston",US-WY-045,subnational2
"Sanders",US-MT-089,subnational2
"Iron",US-WI-051,subnational2
"Henry",US-VA-089,subnational2
"York",US-NE-185,subnational2
"Taney",US-MO-213,subnational2
"Houston",US-MN-055,subnational2
"Fillmore",US-MN-045,subnational2
"Menifee",US-KY-165,subnational2
"Seward",US-NE-159,subnational2
"Carroll",US-VA-035,subnational2
"Hart",US-GA-147,subnational2
"Sanpete",US-UT-039,subnational2
"Macoupin",US-IL-117,subnational2
"Clearfield",US-PA-033,subnational2
"Yankton",US-SD-135,subnational2
"Carroll",US-AR-015,subnational2
"Lycoming",US-PA-081,subnational2
"Itawamba",US-MS-057,subnational2
"Newton",US-IN-111,subnational2
"Logan",US-ND-047,subnational2
"Miami",US-KS-121,subnational2
"Juniata",US-PA-067,subnational2
"Schley",US-GA-249,subnational2
"Wilkes",US-GA-317,subnational2
"Gladwin",US-MI-051,subnational2
"Rutherford",US-NC-161,subnational2
"Burt",US-NE-021,subnational2
"Jasper",US-SC-053,subnational2
"Clayton",US-IA-043,subnational2
"Monroe",US-WV-063,subnational2
"Richland",US-SC-079,subnational2
"Panola",US-TX-365,subnational2
"Ziebach",US-SD-137,subnational2
"Bee",US-TX-025,subnational2
"Calloway",US-KY-035,subnational2
"Decatur",US-TN-039,subnational2
"Franklin",US-NC-069,subnational2
"Humphreys",US-TN-085,subnational2
"Wayne",US-WV-099,subnational2
"Powell",US-KY-197,subnational2
"Wayne",US-PA-127,subnational2
"Henderson",US-TN-077,subnational2
"Talbot",US-MD-041,subnational2
"Wayne",US-TN-181,subnational2
"Leelanau",US-MI-089,subnational2
"Fayette",US-IA-065,subnational2
"Okmulgee",US-OK-111,subnational2
"Rolette",US-ND-079,subnational2
"Mountrail",US-ND-061,subnational2
"Ionia",US-MI-067,subnational2
"Valencia",US-NM-061,subnational2
"Rockingham",US-NC-157,subnational2
"Stokes",US-NC-169,subnational2
"Newberry",US-SC-071,subnational2
"Nance",US-NE-125,subnational2
"Maries",US-MO-125,subnational2
"Bell",US-TX-027,subnational2
"Lincoln",US-OK-081,subnational2
"Marshall",US-OK-095,subnational2
"Major",US-OK-093,subnational2
"Lea",US-NM-025,subnational2
"Pope",US-IL-151,subnational2
"Grundy",US-TN-061,subnational2
"Jay",US-IN-075,subnational2
"Scott",US-MN-139,subnational2
"Morrison",US-MN-097,subnational2
"St. Louis City",US-MO-510,subnational2
"Summers",US-WV-089,subnational2
"Jefferson",US-OH-081,subnational2
"Republic",US-KS-157,subnational2
"Wood",US-WV-107,subnational2
"Meigs",US-OH-105,subnational2
"Mathews",US-VA-115,subnational2
"Mason",US-IL-125,subnational2
"Pulaski",US-IL-153,subnational2
"Monroe",US-AL-099,subnational2
"Staunton",US-VA-790,subnational2
"Orangeburg",US-SC-075,subnational2
"Richland",US-OH-139,subnational2
"Smith",US-TX-423,subnational2
"Southampton",US-VA-175,subnational2
"Powhatan",US-VA-145,subnational2
"Dolores",US-CO-033,subnational2
"Prince William",US-VA-153,subnational2
"Lafayette",US-WI-065,subnational2
"Washington",US-MS-151,subnational2
"Cascade",US-MT-013,subnational2
"Coryell",US-TX-099,subnational2
"Johnson",US-WY-019,subnational2
"Keokuk",US-IA-107,subnational2
"Pottawatomie",US-KS-149,subnational2
"Beltrami",US-MN-007,subnational2
"Osage",US-MO-151,subnational2
"Dunklin",US-MO-069,subnational2
"Missaukee",US-MI-113,subnational2
"Daviess",US-KY-059,subnational2
"Paulding",US-GA-223,subnational2
"Washington",US-LA-117,subnational2
"Benton",US-MN-009,subnational2
"Duval",US-TX-131,subnational2
"Indiana",US-PA-063,subnational2
"Starr",US-TX-427,subnational2
"Harlan",US-KY-095,subnational2
"Henry",US-KY-103,subnational2
"Dundy",US-NE-057,subnational2
"Suffolk",US-VA-800,subnational2
"Livingston",US-MI-093,subnational2
"Marion",US-TN-115,subnational2
"Oldham",US-KY-185,subnational2
"Chowan",US-NC-041,subnational2
"Cedar",US-IA-031,subnational2
"Jackson",US-TX-239,subnational2
"Hood River",US-OR-027,subnational2
"Ottawa",US-KS-143,subnational2
"Oceana",US-MI-127,subnational2
"Monroe",US-AR-095,subnational2
"Pickens",US-GA-227,subnational2
"Otero",US-CO-089,subnational2
"Douglas",US-NV-005,subnational2
"Benton",US-IN-007,subnational2
"Benton",US-MO-015,subnational2
"Benton",US-TN-005,subnational2
"Harrison",US-TX-203,subnational2
"Bradley",US-TN-011,subnational2
"Crittenden",US-AR-035,subnational2
"Madison",US-KY-151,subnational2
"Franklin",US-MO-071,subnational2
"Cherokee",US-SC-021,subnational2
"Petersburg",US-VA-730,subnational2
"Silver Bow",US-MT-093,subnational2
"Charles City",US-VA-036,subnational2
"Morgan",US-WV-065,subnational2
"Green Lake",US-WI-047,subnational2
"Falls Church",US-VA-610,subnational2
"Socorro",US-NM-053,subnational2
"Bullitt",US-KY-029,subnational2
"Delaware",US-OK-041,subnational2
"Pulaski",US-IN-131,subnational2
"Rio Blanco",US-CO-103,subnational2
"Brown",US-TX-049,subnational2
"Ward",US-ND-101,subnational2
"Bertie",US-NC-015,subnational2
"Linn",US-IA-113,subnational2
"Ashley",US-AR-003,subnational2
"Howard",US-MO-089,subnational2
"Obion",US-TN-131,subnational2
"Harvey",US-KS-079,subnational2
"Burke",US-NC-023,subnational2
"Barton",US-MO-011,subnational2
"Cecil",US-MD-015,subnational2
"Grant",US-ND-037,subnational2
"Coffey",US-KS-031,subnational2
"Houston",US-TN-083,subnational2
"Kent",US-MD-029,subnational2
"Thomas",US-KS-193,subnational2
"Jackson",US-KY-109,subnational2
"Randolph",US-MO-175,subnational2
"Porter",US-IN-127,subnational2
"Kearny",US-KS-093,subnational2
"Bibb",US-AL-007,subnational2
"La Crosse",US-WI-063,subnational2
"St. Clair",US-IL-163,subnational2
"Ottawa",US-OK-115,subnational2
"Clinton",US-IA-045,subnational2
"Wayne",US-UT-055,subnational2
"Scott",US-MS-123,subnational2
"Smith",US-MS-129,subnational2
"Jasper",US-MS-061,subnational2
"Baker",US-FL-003,subnational2
"Thurston",US-NE-173,subnational2
"Lyman",US-SD-085,subnational2
"Buffalo",US-SD-017,subnational2
"Hardeman",US-TN-069,subnational2
"Dixie",US-FL-029,subnational2
"Matagorda",US-TX-321,subnational2
"Moffat",US-CO-081,subnational2
"Morgan",US-MO-141,subnational2
"Elliott",US-KY-063,subnational2
"Russell",US-VA-167,subnational2
"Johnson",US-GA-167,subnational2
"Towner",US-ND-095,subnational2
"Adair",US-MO-001,subnational2
"Forsyth",US-GA-117,subnational2
"Delta",US-TX-119,subnational2
"Cleburne",US-AR-023,subnational2
"San Jacinto",US-TX-407,subnational2
"Jones",US-MS-067,subnational2
"Richland",US-IL-159,subnational2
"Searcy",US-AR-129,subnational2
"Trego",US-KS-195,subnational2
"Logan",US-OH-091,subnational2
"Webster",US-WV-101,subnational2
"Jenkins",US-GA-165,subnational2
"Wyandotte",US-KS-209,subnational2
"Susquehanna",US-PA-115,subnational2
"Price",US-WI-099,subnational2
"Montgomery",US-VA-121,subnational2
"Pershing",US-NV-027,subnational2
"Polk",US-AR-113,subnational2
"Decatur",US-IA-053,subnational2
"Tattnall",US-GA-267,subnational2
"Stillwater",US-MT-095,subnational2
"Brown",US-IL-009,subnational2
"Holt",US-MO-087,subnational2
"Reagan",US-TX-383,subnational2
"Tensas",US-LA-107,subnational2
"Franklin",US-LA-041,subnational2
"Carter",US-TN-019,subnational2
"Talbot",US-GA-263,subnational2
"Butler",US-IA-023,subnational2
"Dunn",US-ND-025,subnational2
"Morgan",US-UT-029,subnational2
"Cooper",US-MO-053,subnational2
"Richardson",US-NE-147,subnational2
"Mississippi",US-MO-133,subnational2
"Jefferson",US-IN-077,subnational2
"Jennings",US-IN-079,subnational2
"Todd",US-KY-219,subnational2
"Union",US-TN-173,subnational2
"Henderson",US-IL-071,subnational2
"Union",US-KY-225,subnational2
"Crittenden",US-KY-055,subnational2
"Marion",US-IA-125,subnational2
"Sweet Grass",US-MT-097,subnational2
"Louisa",US-IA-115,subnational2
"Muscatine",US-IA-139,subnational2
"Walton",US-GA-297,subnational2
"Upshur",US-TX-459,subnational2
"Henry",US-TN-079,subnational2
"Clay",US-MO-047,subnational2
"Plymouth",US-IA-149,subnational2
"Lyon",US-IA-119,subnational2
"Scott",US-TN-151,subnational2
"Fentress",US-TN-049,subnational2
"Howard",US-TX-227,subnational2
"Washington",US-IN-175,subnational2
"Woodford",US-KY-239,subnational2
"Perry",US-PA-099,subnational2
"Real",US-TX-385,subnational2
"Deuel",US-NE-049,subnational2
"McDonald",US-MO-119,subnational2
"Todd",US-MN-153,subnational2
"Hardin",US-TX-199,subnational2
"Polk",US-TX-373,subnational2
"Tyler",US-TX-457,subnational2
"Wright",US-IA-197,subnational2
"Putnam",US-IN-133,subnational2
"Howard",US-IA-089,subnational2
"Madison",US-OH-097,subnational2
"Hyde",US-NC-095,subnational2
"Adams",US-PA-001,subnational2
"Big Horn",US-WY-003,subnational2
"Washakie",US-WY-043,subnational2
"Macon",US-TN-111,subnational2
"Nodaway",US-MO-147,subnational2
"Humboldt",US-NV-013,subnational2
"Ransom",US-ND-073,subnational2
"Lincoln",US-KY-137,subnational2
"Bradford",US-PA-015,subnational2
"Marshall",US-IL-123,subnational2
"Adams",US-IA-003,subnational2
"Cole",US-MO-051,subnational2
"Griggs",US-ND-039,subnational2
"Sheridan",US-NE-161,subnational2
"Tuscaloosa",US-AL-125,subnational2
"Lamar",US-TX-277,subnational2
"Dickenson",US-VA-051,subnational2
"Sawyer",US-WI-113,subnational2
"Crow Wing",US-MN-035,subnational2
"Yalobusha",US-MS-161,subnational2
"Polk",US-NC-149,subnational2
"Greeley",US-KS-071,subnational2
"St. Clair",US-MO-185,subnational2
"De Witt",US-IL-039,subnational2
"Marshall",US-KY-157,subnational2
"Caddo",US-LA-017,subnational2
"Lee",US-SC-061,subnational2
"St. Francois",US-MO-187,subnational2
"Ouachita",US-LA-073,subnational2
"Lake",US-TN-095,subnational2
"Catoosa",US-GA-047,subnational2
"Perry",US-MS-111,subnational2
"Grundy",US-IA-075,subnational2
"Gilpin",US-CO-047,subnational2
"Luna",US-NM-029,subnational2
"Lawrence",US-SD-081,subnational2
"Crook",US-WY-011,subnational2
"Madison",US-VA-113,subnational2
"Pickett",US-TN-137,subnational2
"Cuming",US-NE-039,subnational2
"Adams",US-WA-001,subnational2
"Cumberland",US-TN-035,subnational2
"Woodford",US-IL-203,subnational2
"Lowndes",US-MS-087,subnational2
"Lawrence",US-AR-075,subnational2
"Warren",US-IN-171,subnational2
"McKinley",US-NM-031,subnational2
"Rockdale",US-GA-247,subnational2
"Paulding",US-OH-125,subnational2
"Glacier",US-MT-035,subnational2
"Webster",US-KY-233,subnational2
"Blackford",US-IN-009,subnational2
"Lawrence",US-OH-087,subnational2
"Licking",US-OH-089,subnational2
"Edgar",US-IL-045,subnational2
"Roosevelt",US-NM-041,subnational2
"Fairfield",US-OH-045,subnational2
"Union",US-SC-087,subnational2
"Warren",US-IL-187,subnational2
"Echols",US-GA-101,subnational2
"Lynchburg",US-VA-680,subnational2
"Essex",US-VA-057,subnational2
"Choctaw",US-AL-023,subnational2
"Lawrence",US-KY-127,subnational2
"Madison",US-TN-113,subnational2
"Ozark",US-MO-153,subnational2
"Union",US-NC-179,subnational2
"Archuleta",US-CO-007,subnational2
"Glascock",US-GA-125,subnational2
"Miami",US-OH-109,subnational2
"Wrangell City and Borough",US-AK-275,subnational2
"Cerro Gordo",US-IA-033,subnational2
"Bledsoe",US-TN-007,subnational2
"Sequatchie",US-TN-153,subnational2
"Anson",US-NC-007,subnational2
"Richmond",US-NC-153,subnational2
"Petersburg Borough",US-AK-195,subnational2
"Adair",US-KY-001,subnational2
"Cloud",US-KS-029,subnational2
"Waseca",US-MN-161,subnational2
"Lauderdale",US-AL-077,subnational2
"Jeff Davis",US-TX-243,subnational2
"Walworth",US-SD-129,subnational2
"Morgan",US-IN-109,subnational2
"Webster",US-NE-181,subnational2
"Rusk",US-WI-107,subnational2
"Guadalupe",US-NM-019,subnational2
"Ray",US-MO-177,subnational2
"Robertson",US-KY-201,subnational2
"Linn",US-KS-107,subnational2
"Yell",US-AR-149,subnational2
"Logan",US-AR-083,subnational2
"Mason",US-TX-319,subnational2
"Washington",US-FL-133,subnational2
"Fulton",US-KY-075,subnational2
"Raleigh",US-WV-081,subnational2
"Franklin",US-VA-067,subnational2
"Patrick",US-VA-141,subnational2
"Yancey",US-NC-199,subnational2
"Wilkes",US-NC-193,subnational2
"Avery",US-NC-011,subnational2
"McDowell",US-NC-111,subnational2
"Swain",US-NC-173,subnational2
"Shelby",US-IN-145,subnational2
"Muskingum",US-OH-119,subnational2
"Wright",US-MO-229,subnational2
"Rogers",US-OK-131,subnational2
"Wadena",US-MN-159,subnational2
"Fillmore",US-NE-059,subnational2
"Craig",US-OK-035,subnational2
"Quay",US-NM-037,subnational2
"Clay",US-NE-035,subnational2
"Columbia",US-WA-013,subnational2
"Erath",US-TX-143,subnational2
"Nicollet",US-MN-103,subnational2
"Gibson",US-TN-053,subnational2
"Clark",US-IL-023,subnational2
"Christian",US-MO-043,subnational2
"Cedar",US-MO-039,subnational2
"Ralls",US-MO-173,subnational2
"Martin",US-IN-101,subnational2
"Saginaw",US-MI-145,subnational2
"Meigs",US-TN-121,subnational2
"Dawes",US-NE-045,subnational2
"Geneva",US-AL-061,subnational2
"Scott",US-IN-143,subnational2
"Pike",US-KY-195,subnational2
"Gallia",US-OH-053,subnational2
"Sullivan",US-PA-113,subnational2
"Wayne",US-IA-185,subnational2
"Elbert",US-GA-105,subnational2
"Hocking",US-OH-073,subnational2
"Grant",US-LA-043,subnational2
"Howard",US-NE-093,subnational2
"Caldwell",US-LA-021,subnational2
"Dyer",US-TN-045,subnational2
"Pearl River",US-MS-109,subnational2
"White",US-TN-185,subnational2
"Greene",US-MO-077,subnational2
"Fannin",US-TX-147,subnational2
"Canyon",US-ID-027,subnational2
"Bryan",US-GA-029,subnational2
"Polk",US-MO-167,subnational2
"Bon Homme",US-SD-009,subnational2
"Newton",US-TX-351,subnational2
"Caldwell",US-MO-025,subnational2
"Twiggs",US-GA-289,subnational2
"Curry",US-NM-009,subnational2
"Duplin",US-NC-061,subnational2
"Kerr",US-TX-265,subnational2
"Lauderdale",US-MS-075,subnational2
"Berkeley",US-SC-015,subnational2
"Jefferson",US-IA-101,subnational2
"Wayne",US-IL-191,subnational2
"Lipscomb",US-TX-295,subnational2
"Rowan",US-KY-205,subnational2
"Ringgold",US-IA-159,subnational2
"Davidson",US-NC-057,subnational2
"Bell",US-KY-013,subnational2
"Northampton",US-NC-131,subnational2
"Keith",US-NE-101,subnational2
"Monongalia",US-WV-061,subnational2
"Washington",US-MO-221,subnational2
"Borden",US-TX-033,subnational2
"Grant",US-OK-053,subnational2
"Bosque",US-TX-035,subnational2
"De Baca",US-NM-011,subnational2
"Carroll",US-MO-033,subnational2
"Pettis",US-MO-159,subnational2
"Brown",US-OH-015,subnational2
"Warren",US-TN-177,subnational2
"Douglas",US-GA-097,subnational2
"Bourbon",US-KS-011,subnational2
"Parmer",US-TX-369,subnational2
"Grenada",US-MS-043,subnational2
"Burke",US-ND-013,subnational2
"Wilcox",US-GA-315,subnational2
"Bowie",US-TX-037,subnational2
"Metcalfe",US-KY-169,subnational2
"Schoharie",US-NY-095,subnational2
"Pawnee",US-NE-133,subnational2
"Lincoln",US-NE-111,subnational2
"Crowley",US-CO-025,subnational2
"Newton",US-AR-101,subnational2
"Fulton",US-PA-057,subnational2
"Carter",US-MT-011,subnational2
"Muskogee",US-OK-101,subnational2
"Oldham",US-TX-359,subnational2
"Mecklenburg",US-VA-117,subnational2
"Bracken",US-KY-023,subnational2
"Kinney",US-TX-271,subnational2
"Lowndes",US-GA-185,subnational2
"Gaston",US-NC-071,subnational2
"McCulloch",US-TX-307,subnational2
"Tazewell",US-IL-179,subnational2
"Ouachita",US-AR-103,subnational2
"Waupaca",US-WI-135,subnational2
"Rankin",US-MS-121,subnational2
"Lake",US-SD-079,subnational2
"Pike",US-AL-109,subnational2
"Madison",US-MS-089,subnational2
"Clay",US-IN-021,subnational2
"Washington",US-TX-477,subnational2
"Palo Pinto",US-TX-363,subnational2
"Early",US-GA-099,subnational2
"Carroll",US-IA-027,subnational2
"Haralson",US-GA-143,subnational2
"Marshall",US-IN-099,subnational2
"Montgomery",US-IL-135,subnational2
"Jasper",US-IN-073,subnational2
"Lafayette",US-FL-067,subnational2
"Blaine",US-NE-009,subnational2
"Escambia",US-AL-053,subnational2
"Hickman",US-TN-081,subnational2
"Natchitoches",US-LA-069,subnational2
"Charlotte",US-VA-037,subnational2
"James City",US-VA-095,subnational2
"Montgomery",US-IN-107,subnational2
"San Miguel",US-CO-113,subnational2
"Harrison",US-WV-033,subnational2
"Lawrence",US-IL-101,subnational2
"Van Buren",US-TN-175,subnational2
"Pendleton",US-WV-071,subnational2
"Prince Edward",US-VA-147,subnational2
"Sherman",US-KS-181,subnational2
"Tipton",US-TN-167,subnational2
"Washington",US-IA-183,subnational2
"Pike",US-OH-131,subnational2
"Bristol",US-VA-520,subnational2
"Boyd",US-NE-015,subnational2
"Marshall",US-SD-091,subnational2
"Tazewell",US-VA-185,subnational2
"Lincoln",US-GA-181,subnational2
"Cleveland",US-NC-045,subnational2
"Fairfield",US-SC-039,subnational2
"Lucas",US-IA-117,subnational2
"Jones",US-NC-103,subnational2
"McCone",US-MT-055,subnational2
"Jackson",US-OH-079,subnational2
"Benson",US-ND-005,subnational2
"Williamson",US-IL-199,subnational2
"Defiance",US-OH-039,subnational2
"Brooke",US-WV-009,subnational2
"Bradford",US-FL-007,subnational2
"Linn",US-MO-115,subnational2
"Lincoln",US-MS-085,subnational2
"Brooks",US-TX-047,subnational2
"Lampasas",US-TX-281,subnational2
"Gordon",US-GA-129,subnational2
"Union",US-IN-161,subnational2
"Stone",US-AR-137,subnational2
"Andrew",US-MO-003,subnational2
"Sanilac",US-MI-151,subnational2
"Brown",US-IN-013,subnational2
"Chesterfield",US-SC-025,subnational2
"Torrance",US-NM-057,subnational2
"Brown",US-KS-013,subnational2
"Buena Vista",US-IA-021,subnational2
"Cannon",US-TN-015,subnational2
"Terry",US-TX-445,subnational2
"Oktibbeha",US-MS-105,subnational2
"Doniphan",US-KS-043,subnational2
"Williams",US-OH-171,subnational2
"Traverse",US-MN-155,subnational2
"Jackson",US-IN-071,subnational2
"Mitchell",US-IA-131,subnational2
"Coffee",US-GA-069,subnational2
"Portsmouth",US-VA-740,subnational2
"Moultrie",US-IL-139,subnational2
"Carroll",US-TN-017,subnational2
"Florence",US-WI-037,subnational2
"Monroe",US-TN-123,subnational2
"Chariton",US-MO-041,subnational2
"Heard",US-GA-149,subnational2
"Cheatham",US-TN-021,subnational2
"Webster",US-IA-187,subnational2
"Sequoyah",US-OK-135,subnational2
"West Baton Rouge",US-LA-121,subnational2
"Jersey",US-IL-083,subnational2
"Clinton",US-IN-023,subnational2
"Liberty",US-GA-179,subnational2
"Switzerland",US-IN-155,subnational2
"Spartanburg",US-SC-083,subnational2
"Buchanan",US-VA-027,subnational2
"Marshall",US-AL-095,subnational2
"Pike",US-AR-109,subnational2
"Perry",US-OH-127,subnational2
"Upshur",US-WV-097,subnational2
"Perry",US-KY-193,subnational2
"Wilson",US-NC-195,subnational2
"Emery",US-UT-015,subnational2
"Northwest Arctic Borough",US-AK-188,subnational2
"Lyon",US-NV-019,subnational2
"Polk",US-NE-143,subnational2
"Hodgeman",US-KS-083,subnational2
"Louisa",US-VA-109,subnational2
"Butts",US-GA-035,subnational2
"Dodge",US-MN-039,subnational2
"Garza",US-TX-169,subnational2
"Sheridan",US-KS-179,subnational2
"Buchanan",US-IA-019,subnational2
"McLeod",US-MN-085,subnational2
"Cabarrus",US-NC-025,subnational2
"Carroll",US-GA-045,subnational2
"Scotts Bluff",US-NE-157,subnational2
"Banner",US-NE-007,subnational2
"Guernsey",US-OH-059,subnational2
"Marquette",US-WI-077,subnational2
"Hardin",US-KY-093,subnational2
"Randall",US-TX-381,subnational2
"Marion",US-AR-089,subnational2
"Montgomery",US-KS-125,subnational2
"La Salle",US-IL-099,subnational2
"Scott",US-IA-163,subnational2
"Grainger",US-TN-057,subnational2
"Franklin",US-KY-073,subnational2
"DeKalb",US-TN-041,subnational2
"Harper",US-OK-059,subnational2
"Mercer",US-PA-085,subnational2
"Johnson",US-IL-087,subnational2
"Kingfisher",US-OK-073,subnational2
"Lamb",US-TX-279,subnational2
"Appling",US-GA-001,subnational2
"Jeff Davis",US-GA-161,subnational2
"Montgomery",US-GA-209,subnational2
"Schoolcraft",US-MI-153,subnational2
"Daniels",US-MT-019,subnational2
"Unicoi",US-TN-171,subnational2
"Isabella",US-MI-073,subnational2
"Holmes",US-OH-075,subnational2
"Russell",US-KS-167,subnational2
"Choctaw",US-MS-019,subnational2
"Gregory",US-SD-053,subnational2
"Pipestone",US-MN-117,subnational2
"Nottoway",US-VA-135,subnational2
"Osage",US-KS-139,subnational2
"Kit Carson",US-CO-063,subnational2
"Edgecombe",US-NC-065,subnational2
"Wirt",US-WV-105,subnational2
"Neshoba",US-MS-099,subnational2
"Braxton",US-WV-007,subnational2
"Cherokee",US-OK-021,subnational2
"Campbell",US-WY-005,subnational2
"Hitchcock",US-NE-087,subnational2
"Juab",US-UT-023,subnational2
"Delta",US-MI-041,subnational2
"Catron",US-NM-003,subnational2
"Keya Paha",US-NE-103,subnational2
"Screven",US-GA-251,subnational2
"Garfield",US-NE-071,subnational2
"Isle of Wight",US-VA-093,subnational2
"Northumberland",US-VA-133,subnational2
"Middlesex",US-VA-119,subnational2
"Kimball",US-NE-105,subnational2
"Morehouse",US-LA-067,subnational2
"Jefferson",US-KS-087,subnational2
"Johnston",US-OK-069,subnational2
"Butler",US-KY-031,subnational2
"Karnes",US-TX-255,subnational2
"Granville",US-NC-077,subnational2
"Meade",US-KY-163,subnational2
"Darlington",US-SC-031,subnational2
"Pratt",US-KS-151,subnational2
"Goochland",US-VA-075,subnational2
"Alfalfa",US-OK-003,subnational2
"Kingman",US-KS-095,subnational2
"Okeechobee",US-FL-093,subnational2
"Monroe",US-KY-171,subnational2
"Winnebago",US-IA-189,subnational2
"Smith",US-TN-159,subnational2
"McLean",US-KY-149,subnational2
"Gaines",US-TX-165,subnational2
"Leflore",US-MS-083,subnational2
"Crenshaw",US-AL-041,subnational2
"Yoakum",US-TX-501,subnational2
"Winkler",US-TX-495,subnational2
"Callaway",US-MO-027,subnational2
"Issaquena",US-MS-055,subnational2
"New Madrid",US-MO-143,subnational2
"Carson",US-TX-065,subnational2
"Nolan",US-TX-353,subnational2
"Kleberg",US-TX-273,subnational2
"Henderson",US-TX-213,subnational2
"Scurry",US-TX-415,subnational2
"Cheyenne",US-NE-033,subnational2
"Lewis",US-KY-135,subnational2
"Knox",US-IL-095,subnational2
"Broadwater",US-MT-007,subnational2
"San Miguel",US-NM-047,subnational2
"Woodruff",US-AR-147,subnational2
"Jackson",US-AR-067,subnational2
"Massac",US-IL-127,subnational2
"Terrell",US-TX-443,subnational2
"Live Oak",US-TX-297,subnational2
"Moore",US-TX-341,subnational2
"Montgomery",US-AR-097,subnational2
"Marion",US-TX-315,subnational2
"Hunt",US-TX-231,subnational2
"Bryan",US-OK-013,subnational2
"Cherokee",US-TX-073,subnational2
"Owen",US-IN-119,subnational2
"Fayette",US-AL-057,subnational2
"Alexander",US-IL-003,subnational2
"Macon",US-IL-115,subnational2
"Loudon",US-TN-105,subnational2
"Rappahannock",US-VA-157,subnational2
"Calhoun",US-WV-013,subnational2
"Falls",US-TX-145,subnational2
"Camden",US-NC-029,subnational2
"Jerome",US-ID-053,subnational2
"Menominee",US-WI-078,subnational2
"Wayne",US-KY-231,subnational2
"Camp",US-TX-063,subnational2
"Harding",US-SD-063,subnational2
"Vermilion",US-IL-183,subnational2
"Eddy",US-ND-027,subnational2
"Allen",US-KS-001,subnational2
"Scotland",US-NC-165,subnational2
"Forrest",US-MS-035,subnational2
"Upson",US-GA-293,subnational2
"Stephens",US-GA-257,subnational2
"Tangipahoa",US-LA-105,subnational2
"Cherokee",US-NC-039,subnational2
"Floyd",US-IN-043,subnational2
"Taylor",US-KY-217,subnational2
"Taylor",US-WI-119,subnational2
"Gasconade",US-MO-073,subnational2
"Fulton",US-NY-035,subnational2
"Hemphill",US-TX-211,subnational2
"Hughes",US-OK-063,subnational2
"Gibson",US-IN-051,subnational2
"Claiborne",US-MS-021,subnational2
"Jackson",US-LA-049,subnational2
"Van Zandt",US-TX-467,subnational2
"Lewis",US-MO-111,subnational2
"Canadian",US-OK-017,subnational2
"Crosby",US-TX-107,subnational2
"Cumberland",US-NC-051,subnational2
"Hughes",US-SD-065,subnational2
"Briscoe",US-TX-045,subnational2
"Madison",US-FL-079,subnational2
"Putnam",US-FL-107,subnational2
"Carbon",US-UT-007,subnational2
"Stark",US-IL-175,subnational2
"Grant",US-IN-053,subnational2
"Wayne",US-IN-177,subnational2
"Cook",US-GA-075,subnational2
"Scott",US-KY-209,subnational2
"Box Butte",US-NE-013,subnational2
"Thayer",US-NE-169,subnational2
"Clinton",US-IL-027,subnational2
"Fayette",US-IL-051,subnational2
"Fayette",US-TX-149,subnational2
"Nicholas",US-WV-067,subnational2
"Walker",US-TX-471,subnational2
"Chester",US-SC-023,subnational2
"Currituck",US-NC-053,subnational2
"Knott",US-KY-119,subnational2
"Wayne",US-NE-179,subnational2
"Carroll",US-MS-015,subnational2
"Churchill",US-NV-001,subnational2
"Mora",US-NM-033,subnational2
"Carter",US-KY-043,subnational2
"Carter",US-MO-035,subnational2
"Richmond",US-VA-159,subnational2
"Murray",US-GA-213,subnational2
"Adams",US-MS-001,subnational2
"Rush",US-IN-139,subnational2
"Leake",US-MS-079,subnational2
"Parker",US-TX-367,subnational2
"Rockwall",US-TX-397,subnational2
"Campbell",US-TN-013,subnational2
"Cass",US-TX-067,subnational2
"Barry",US-MO-009,subnational2
"Gove",US-KS-063,subnational2
"Castro",US-TX-069,subnational2
"Medina",US-TX-325,subnational2
"Caswell",US-NC-033,subnational2
"La Salle",US-LA-059,subnational2
"Rowan",US-NC-159,subnational2
"Pickens",US-SC-077,subnational2
"Kanawha",US-WV-039,subnational2
"Morgan",US-TN-129,subnational2
"Cavalier",US-ND-019,subnational2
"Johnson",US-MO-101,subnational2
"Hart",US-KY-099,subnational2
"Mitchell",US-KS-123,subnational2
"Vermillion",US-IN-165,subnational2
"Monroe",US-MO-137,subnational2
"Mahaska",US-IA-123,subnational2
"Champaign",US-OH-021,subnational2
"Smith",US-KS-183,subnational2
"Anderson",US-KS-003,subnational2
"Kaufman",US-TX-257,subnational2
"Gilmer",US-WV-021,subnational2
"Jones",US-GA-169,subnational2
"Hancock",US-IL-067,subnational2
"Storey",US-NV-029,subnational2
"Crockett",US-TX-105,subnational2
"Robertson",US-TN-147,subnational2
"Jackson",US-WV-035,subnational2
"Rhea",US-TN-143,subnational2
"Greeley",US-NE-077,subnational2
"Benton",US-IA-011,subnational2
"Woodson",US-KS-207,subnational2
"Clay",US-TN-027,subnational2
"East Feliciana",US-LA-037,subnational2
"Payette",US-ID-075,subnational2
"Midland",US-TX-329,subnational2
"Reynolds",US-MO-179,subnational2
"Turner",US-SD-125,subnational2
"Boyle",US-KY-021,subnational2
"Jones",US-IA-105,subnational2
"Nemaha",US-KS-131,subnational2
"DeKalb",US-MO-063,subnational2
"Camden",US-GA-039,subnational2
"Webb",US-TX-479,subnational2
"Warren",US-GA-301,subnational2
"King and Queen",US-VA-097,subnational2
"Clay",US-AR-021,subnational2
"Le Sueur",US-MN-079,subnational2
"Chase",US-NE-029,subnational2
"Edwards",US-IL-047,subnational2
"Garfield",US-OK-047,subnational2
"Dickinson",US-MI-043,subnational2
"La Salle",US-TX-283,subnational2
"Henry",US-MO-083,subnational2
"Hyde",US-SD-069,subnational2
"Saluda",US-SC-081,subnational2
"Dade",US-GA-083,subnational2
"Pasquotank",US-NC-139,subnational2
"Roane",US-WV-087,subnational2
"Candler",US-GA-043,subnational2
"Decatur",US-IN-031,subnational2
"Petroleum",US-MT-069,subnational2
"Garfield",US-MT-033,subnational2
"Montgomery",US-NY-057,subnational2
"Coles",US-IL-029,subnational2
"Clay",US-IL-025,subnational2
"Jasper",US-GA-159,subnational2
"Union",US-FL-125,subnational2
"Yazoo",US-MS-163,subnational2
"Martinsville",US-VA-690,subnational2
"Marion",US-GA-197,subnational2
"Clay",US-NC-043,subnational2
"Copiah",US-MS-029,subnational2
"Dickson",US-TN-043,subnational2
"Winn",US-LA-127,subnational2
"Lee",US-GA-177,subnational2
"Habersham",US-GA-137,subnational2
"Jefferson",US-TN-089,subnational2
"Thomas",US-GA-275,subnational2
"Hamblen",US-TN-063,subnational2
"Franklin",US-AR-047,subnational2
"Cherokee",US-AL-019,subnational2
"Clare",US-MI-035,subnational2
"Gillespie",US-TX-171,subnational2
"Lawrence",US-MO-109,subnational2
"Liberty",US-MT-051,subnational2
"Hancock",US-WV-029,subnational2
"Walker",US-GA-295,subnational2
"Murray",US-OK-099,subnational2
"Lauderdale",US-TN-097,subnational2
"Marengo",US-AL-091,subnational2
"Chester",US-TN-023,subnational2
"Baker",US-GA-007,subnational2
"Calhoun",US-GA-037,subnational2
"Harding",US-NM-021,subnational2
"Evangeline",US-LA-039,subnational2
"Logan",US-WV-045,subnational2
"Wilcox",US-AL-131,subnational2
"Skagway Municipality",US-AK-230,subnational2
"Livingston",US-MO-117,subnational2
"Mayes",US-OK-097,subnational2
"Vigo",US-IN-167,subnational2
"Miner",US-SD-097,subnational2
"Sanborn",US-SD-111,subnational2
"Jackson",US-AL-071,subnational2
"Copper River Census Area",US-AK-066,subnational2
"McMullen",US-TX-311,subnational2
"Gates",US-NC-073,subnational2
"Fayette",US-OH-047,subnational2
"Platte",US-WY-031,subnational2
"Pike",US-MS-113,subnational2
"Ramsey",US-ND-071,subnational2
"New Mexico",US-NM,subnational1
"Morton",US-KS-129,subnational2
"Grant",US-KS-067,subnational2
"Bureau",US-IL-011,subnational2
"Nash",US-NC-127,subnational2
"Hamilton",US-TX-193,subnational2
"Sterling",US-TX-431,subnational2
"Barrow",US-GA-013,subnational2
"Wichita",US-TX-485,subnational2
"Upton",US-TX-461,subnational2
"Clark",US-KY-049,subnational2
"Whitfield",US-GA-313,subnational2
"Kent",US-TX-263,subnational2
"Wilkinson",US-MS-157,subnational2
"Coshocton",US-OH-031,subnational2
"Dillingham Census Area",US-AK-070,subnational2
"McDuffie",US-GA-189,subnational2
"Jefferson",US-GA-163,subnational2
"Colfax",US-NE-037,subnational2
"Clay",US-KS-027,subnational2
"Clay",US-SD-027,subnational2
"Nicholas",US-KY-181,subnational2
"Fleming",US-KY-069,subnational2
"Jefferson",US-OK-067,subnational2
"Clayton",US-GA-063,subnational2
"Pushmataha",US-OK-127,subnational2
"Shelby",US-KY-211,subnational2
"Stephens",US-OK-137,subnational2
"Norton",US-VA-720,subnational2
"Jefferson",US-PA-065,subnational2
"Fisher",US-TX-151,subnational2
"De Soto",US-LA-031,subnational2
"Wayne",US-NC-191,subnational2
"Breckinridge",US-KY-027,subnational2
"Roberts",US-SD-109,subnational2
"Sabine",US-LA-085,subnational2
"Coahoma",US-MS-027,subnational2
"Chouteau",US-MT-015,subnational2
"Grundy",US-IL-063,subnational2
"Prairie",US-MT-079,subnational2
"Wyoming",US-WV-109,subnational2
"Sheridan",US-ND-083,subnational2
"Boone",US-WV-005,subnational2
"Coal",US-OK-029,subnational2
"Craven",US-NC-049,subnational2
"Ida",US-IA-093,subnational2
"Sumter",US-GA-261,subnational2
"Cochran",US-TX-079,subnational2
"Worth",US-GA-321,subnational2
"Coffee",US-AL-031,subnational2
"Coke",US-TX-081,subnational2
"Cass",US-IA-029,subnational2
"Tallahatchie",US-MS-135,subnational2
"Lamar",US-MS-073,subnational2
"Randolph",US-IL-157,subnational2
"Coleman",US-TX-083,subnational2
"Hand",US-SD-059,subnational2
"Musselshell",US-MT-065,subnational2
"Concho",US-TX-095,subnational2
"Sedgwick",US-CO-115,subnational2
"Pike",US-IN-125,subnational2
"Marion",US-MS-091,subnational2
"Platte",US-NE-141,subnational2
"Clay",US-MS-025,subnational2
"Hempstead",US-AR-057,subnational2
"Hickman",US-KY-105,subnational2
"Comanche",US-TX-093,subnational2
"Foard",US-TX-155,subnational2
"Ector",US-TX-135,subnational2
"Banks",US-GA-011,subnational2
"Webster",US-MO-225,subnational2
"Tyler",US-WV-095,subnational2
"Finney",US-KS-055,subnational2
"Davie",US-NC-059,subnational2
"DeWitt",US-TX-123,subnational2
"Covington",US-AL-039,subnational2
"Bullock",US-AL-011,subnational2
"Calhoun",US-SC-017,subnational2
"Dallam",US-TX-111,subnational2
"Pondera",US-MT-073,subnational2
"Van Wert",US-OH-161,subnational2
"Cooke",US-TX-097,subnational2
"Adair",US-OK-001,subnational2
"Quitman",US-GA-239,subnational2
"Hopkins",US-TX-223,subnational2
"Coosa",US-AL-037,subnational2
"Hampton",US-SC-049,subnational2
"Meade",US-KS-119,subnational2
"Hardeman",US-TX-197,subnational2
"Ware",US-GA-299,subnational2
"Hudspeth",US-TX-229,subnational2
"Dade",US-MO-057,subnational2
"Douglas",US-SD-043,subnational2
"Navarro",US-TX-349,subnational2
"Howard",US-AR-061,subnational2
"Costilla",US-CO-023,subnational2
"Cottle",US-TX-101,subnational2
"Cotton",US-OK-033,subnational2
"Spink",US-SD-115,subnational2
"Morgan",US-IL-137,subnational2
"Sunflower",US-MS-133,subnational2
"Ford",US-IL-053,subnational2
"Sherman",US-TX-421,subnational2
"Jewell",US-KS-089,subnational2
"Nuckolls",US-NE-129,subnational2
"Madison",US-NE-119,subnational2
"Christian",US-KY-047,subnational2
"Clarke",US-IA-039,subnational2
"Gallatin",US-KY-077,subnational2
"Lewis",US-ID-061,subnational2
"Crane",US-TX-103,subnational2
"Cleveland",US-AR-025,subnational2
"Crawford",US-IL-033,subnational2
"New Kent",US-VA-127,subnational2
"Wilson",US-TX-493,subnational2
"Madison",US-TX-313,subnational2
"Brooks",US-GA-027,subnational2
"Washington",US-IL-189,subnational2
"Hickory",US-MO-085,subnational2
"Love",US-OK-085,subnational2
"Pocahontas",US-IA-151,subnational2
"Jerauld",US-SD-073,subnational2
"Grundy",US-MO-079,subnational2
"Greene",US-AR-055,subnational2
"Morton",US-ND-059,subnational2
"Hancock",US-IA-081,subnational2
"Benewah",US-ID-009,subnational2
"Lake",US-CO-065,subnational2
"Culberson",US-TX-109,subnational2
"Roosevelt",US-MT-085,subnational2
"Richland",US-MT-083,subnational2
"LaGrange",US-IN-087,subnational2
"Lee",US-VA-105,subnational2
"Claiborne",US-TN-025,subnational2
"Surry",US-NC-171,subnational2
"Jackson",US-TN-087,subnational2
"Mason",US-KY-161,subnational2
"Kimble",US-TX-267,subnational2
"Glasscock",US-TX-173,subnational2
"Mercer",US-KY-167,subnational2
"Frontier",US-NE-063,subnational2
"Marion",US-WV-049,subnational2
"Custer",US-MT-017,subnational2
"Wibaux",US-MT-109,subnational2
"Drew",US-AR-043,subnational2
"Haywood",US-TN-075,subnational2
"Dodge",US-GA-091,subnational2
"Posey",US-IN-129,subnational2
"Simpson",US-MS-127,subnational2
"Morris",US-TX-343,subnational2
"Dickey",US-ND-021,subnational2
"Phillips",US-AR-107,subnational2
"Dale",US-AL-045,subnational2
"Cumberland",US-KY-057,subnational2
"Clinton",US-KY-053,subnational2
"Hartley",US-TX-205,subnational2
"Dallas",US-AL-047,subnational2
"Franklin",US-ID-041,subnational2
"Montgomery",US-MO-139,subnational2
"Franklin",US-TX-159,subnational2
"Sullivan",US-MO-211,subnational2
"Radford",US-VA-750,subnational2
"Lawrence",US-TN-099,subnational2
"Tillman",US-OK-141,subnational2
"Wyoming",US-PA-131,subnational2
"Chickasaw",US-MS-017,subnational2
"Johnson",US-KY-115,subnational2
"Magoffin",US-KY-153,subnational2
"Dawson",US-TX-115,subnational2
"Pamlico",US-NC-137,subnational2
"Sevier",US-AR-133,subnational2
"Kingsbury",US-SD-077,subnational2
"Harrison",US-IA-085,subnational2
"Dodge",US-NE-053,subnational2
"Wheatland",US-MT-107,subnational2
"Appanoose",US-IA-007,subnational2
"Greene",US-MS-041,subnational2
"George",US-MS-039,subnational2
"Knox",US-IN-083,subnational2
"Edwards",US-TX-137,subnational2
"Sharkey",US-MS-125,subnational2
"Oglala Lakota",US-SD-113,subnational2
"Livingston",US-LA-063,subnational2
"Crawford",US-IA-047,subnational2
"Ohio",US-IN-115,subnational2
"Henry",US-OH-069,subnational2
"Lewis",US-TN-101,subnational2
"Pulaski",US-MO-169,subnational2
"McPherson",US-NE-117,subnational2
"Logan",US-NE-113,subnational2
"Calhoun",US-IL-013,subnational2
"Dickens",US-TX-125,subnational2
"Lincoln",US-ID-063,subnational2
"Greene",US-IN-055,subnational2
"Sumter",US-SC-085,subnational2
"Overton",US-TN-133,subnational2
"Shelby",US-IA-165,subnational2
"Yadkin",US-NC-197,subnational2
"Somervell",US-TX-425,subnational2
"Thomas",US-NE-171,subnational2
"Hooker",US-NE-091,subnational2
"Huntington",US-IN-069,subnational2
"Saline",US-NE-151,subnational2
"Putnam",US-IL-155,subnational2
"Van Buren",US-IA-177,subnational2
"Wilbarger",US-TX-487,subnational2
"Doddridge",US-WV-017,subnational2
"Colquitt",US-GA-071,subnational2
"Franklin",US-GA-119,subnational2
"O'Brien",US-IA-141,subnational2
"Lincoln",US-TN-103,subnational2
"Ripley",US-MO-181,subnational2
"Donley",US-TX-129,subnational2
"Dooly",US-GA-093,subnational2
"Clark",US-WI-019,subnational2
"Nowata",US-OK-105,subnational2
"Carlisle",US-KY-039,subnational2
"DeKalb",US-IN-033,subnational2
"Breathitt",US-KY-025,subnational2
"Osborne",US-KS-141,subnational2
"Owen",US-KY-187,subnational2
"Sabine",US-TX-403,subnational2
"Decatur",US-KS-039,subnational2
"Bienville",US-LA-013,subnational2
"Covington",US-MS-031,subnational2
"Clark",US-SD-025,subnational2
"Hettinger",US-ND-041,subnational2
"Washington",US-GA-303,subnational2
"King",US-TX-269,subnational2
"Greene",US-IA-073,subnational2
"Harrison",US-MO-081,subnational2
"Clinch",US-GA-065,subnational2
"Garrard",US-KY-079,subnational2
"Greene",US-GA-133,subnational2
"Covington",US-VA-580,subnational2
"Shelby",US-IL-173,subnational2
"Saline",US-IL-165,subnational2
"Wharton",US-TX-481,subnational2
"Highland",US-OH-071,subnational2
"Greenup",US-KY-089,subnational2
"Harrisonburg",US-VA-660,subnational2
"Sutton",US-TX-435,subnational2
"Preble",US-OH-135,subnational2
"Scott",US-IL-171,subnational2
"Marshall",US-TN-117,subnational2
"Moore",US-TN-127,subnational2
"Wapello",US-IA-179,subnational2
"Madison",US-IN-095,subnational2
"Knox",US-MO-103,subnational2
"Miami",US-IN-103,subnational2
"Kenedy",US-TX-261,subnational2
"Throckmorton",US-TX-447,subnational2
"Davis",US-IA-051,subnational2
"Schleicher",US-TX-413,subnational2
"Greene",US-IL-061,subnational2
"Columbus",US-NC-047,subnational2
"Beckham",US-OK-009,subnational2
"Johnson",US-NE-097,subnational2
"Worth",US-IA-195,subnational2
"Clay",US-WV-015,subnational2
"Elk",US-KS-049,subnational2
"Cameron",US-PA-023,subnational2
"Gosper",US-NE-073,subnational2
"Clarendon",US-SC-027,subnational2
"Collingsworth",US-TX-087,subnational2
"Ellsworth",US-KS-053,subnational2
"Maverick",US-TX-323,subnational2
"Scott",US-AR-127,subnational2
"Hancock",US-TN-067,subnational2
"Minidoka",US-ID-067,subnational2
"Sharp",US-AR-135,subnational2
"Washington",US-AL-129,subnational2
"Rains",US-TX-379,subnational2
"Emporia",US-VA-595,subnational2
"Greensville",US-VA-081,subnational2
"Llano",US-TX-299,subnational2
"Hall",US-TX-191,subnational2
"Stewart",US-GA-259,subnational2
"McIntosh",US-OK-091,subnational2
"Haskell",US-OK-061,subnational2
"St. Landry",US-LA-097,subnational2
"Webster",US-MS-155,subnational2
"Evans",US-GA-109,subnational2
"Florida",US-FL,subnational1
"Lexington",US-VA-678,subnational2
"Martin",US-TX-317,subnational2
"Scotland",US-MO-199,subnational2
"Audubon",US-IA-009,subnational2
"Meriwether",US-GA-199,subnational2
"Marion",US-KY-155,subnational2
"Rusk",US-TX-401,subnational2
"Seminole",US-GA-253,subnational2
"Freestone",US-TX-161,subnational2
"Henry",US-IN-065,subnational2
"Fayette",US-GA-113,subnational2
"Hayes",US-NE-085,subnational2
"Ste. Genevieve",US-MO-186,subnational2
"Bradley",US-AR-011,subnational2
"Galax",US-VA-640,subnational2
"Wells",US-ND-103,subnational2
"Steele",US-ND-091,subnational2
"Young",US-TX-503,subnational2
"Aurora",US-SD-003,subnational2
"Monroe",US-OH-111,subnational2
"Estill",US-KY-065,subnational2
"Houston",US-GA-153,subnational2
"Randolph",US-AL-111,subnational2
"Pike",US-GA-231,subnational2
"Vance",US-NC-181,subnational2
"Potter",US-SD-107,subnational2
"Florence",US-SC-041,subnational2
"Dillon",US-SC-033,subnational2
"Charlton",US-GA-049,subnational2
"Mills",US-IA-129,subnational2
"Russell",US-AL-113,subnational2
"St. Francis",US-AR-123,subnational2
"Dewey",US-SD-041,subnational2
"Auglaize",US-OH-011,subnational2
"Chattahoochee",US-GA-053,subnational2
"Leon",US-TX-289,subnational2
"Trigg",US-KY-221,subnational2
"Goshen",US-WY-015,subnational2
"Menard",US-TX-327,subnational2
"Jones",US-SD-075,subnational2
"Charles Mix",US-SD-023,subnational2
"Jack",US-TX-237,subnational2
"Choctaw",US-OK-023,subnational2
"Floyd",US-IA-067,subnational2
"Haakon",US-SD-055,subnational2
"Randolph",US-IN-135,subnational2
"Cass",US-IN-017,subnational2
"Humboldt",US-IA-091,subnational2
"Simpson",US-KY-213,subnational2
"Turner",US-GA-287,subnational2
"Hutchinson",US-SD-067,subnational2
"Pleasants",US-WV-073,subnational2
"Frio",US-TX-163,subnational2
"Hutchinson",US-TX-233,subnational2
"Monroe",US-IL-133,subnational2
"Clay",US-GA-061,subnational2
"Daviess",US-MO-061,subnational2
"Daviess",US-IN-027,subnational2
"Kay",US-OK-071,subnational2
"Bourbon",US-KY-017,subnational2
"Taylor",US-GA-269,subnational2
"Niobrara",US-WY-027,subnational2
"Carroll",US-KY-041,subnational2
"Henry",US-IA-087,subnational2
"Emanuel",US-GA-107,subnational2
"Maryland",US-MD,subnational1
"Crisp",US-GA-081,subnational2
"Lee",US-TX-287,subnational2
"Williamsburg",US-SC-089,subnational2
"Pierce",US-NE-139,subnational2
"Montana",US-MT,subnational1
"Marshall",US-WV-051,subnational2
"Buena Vista",US-VA-530,subnational2
"Renville",US-ND-075,subnational2
"Amite",US-MS-005,subnational2
"Gonzales",US-TX-177,subnational2
"Pennington",US-MN-113,subnational2
"Lamar",US-GA-171,subnational2
"Harmon",US-OK-057,subnational2
"Greenwood",US-SC-047,subnational2
"Perkins",US-SD-105,subnational2
"Cumberland",US-IL-035,subnational2
"Gray",US-TX-179,subnational2
"White",US-IL-193,subnational2
"Jim Hogg",US-TX-247,subnational2
"Northwestern Hawaiian Islands",US-HI-010,subnational2
"Union",US-IA-175,subnational2
"Greene",US-VA-079,subnational2
"Greene",US-NC-079,subnational2
"Washington",US-KS-201,subnational2
"St. Helena",US-LA-091,subnational2
"Long",US-GA-183,subnational2
"Harrison",US-KY-097,subnational2
"Pike",US-IL-149,subnational2
"McCook",US-SD-087,subnational2
"Shelby",US-OH-149,subnational2
"Hansford",US-TX-195,subnational2
"Marion",US-AL-093,subnational2
"West Carroll",US-LA-123,subnational2
"Garvin",US-OK-049,subnational2
"Pierce",US-GA-229,subnational2
"Hamilton",US-IL-065,subnational2
"Calhoun",US-AR-013,subnational2
"Dallas",US-AR-039,subnational2
"Salem",US-VA-775,subnational2
"Wetzel",US-WV-103,subnational2
"Crawford",US-IN-025,subnational2
"Clinton",US-MO-049,subnational2
"Trousdale",US-TN-169,subnational2
"Wise",US-TX-497,subnational2
"Haskell",US-TX-207,subnational2
"Toombs",US-GA-279,subnational2
"Logan",US-KS-109,subnational2
"Osceola",US-IA-143,subnational2
"Lowndes",US-AL-085,subnational2
"Spalding",US-GA-255,subnational2
"Lee",US-KY-129,subnational2
"Terrell",US-GA-273,subnational2
"Creek",US-OK-037,subnational2
"Fountain",US-IN-045,subnational2
"Tama",US-IA-171,subnational2
"Schuyler",US-IL-169,subnational2
"Monroe",US-GA-207,subnational2
"Howard",US-IN-067,subnational2
"Ward",US-TX-475,subnational2
"Holmes",US-MS-051,subnational2
"Talladega",US-AL-121,subnational2
"Walthall",US-MS-147,subnational2
"Franklin",US-MS-037,subnational2
"Perry",US-IN-123,subnational2
"Orange",US-IN-117,subnational2
"Caldwell",US-KY-033,subnational2
"Colorado",US-CO,subnational1
"Telfair",US-GA-271,subnational2
"Blount",US-AL-009,subnational2
"Pontotoc",US-MS-115,subnational2
"Stephens",US-TX-429,subnational2
"Lamar",US-AL-075,subnational2
"Jefferson Davis",US-MS-065,subnational2
"Grayson",US-KY-085,subnational2
"Washington",US-KY-229,subnational2
"Madison",US-LA-065,subnational2
"Vinton",US-OH-163,subnational2
"Union",US-MS-145,subnational2
"Irion",US-TX-235,subnational2
"New York",US-NY,subnational1
"Audrain",US-MO-007,subnational2
"Lewis",US-WV-041,subnational2
"McCracken",US-KY-145,subnational2
"Latimer",US-OK-077,subnational2
"Etowah",US-AL-055,subnational2
"Lincoln",US-LA-061,subnational2
"Russell",US-KY-207,subnational2
"Wood",US-TX-499,subnational2
"Jasper",US-IL-079,subnational2
"Kemper",US-MS-069,subnational2
"Fayette",US-IN-041,subnational2
"Claiborne",US-LA-027,subnational2
"Muhlenberg",US-KY-177,subnational2
"Toole",US-MT-101,subnational2
"Ohio",US-KY-183,subnational2
"Graves",US-KY-083,subnational2
"Starke",US-IN-149,subnational2
"Bristol Bay Borough",US-AK-060,subnational2
"Warren",US-NC-185,subnational2
"Pawnee",US-OK-117,subnational2
"Allen",US-LA-003,subnational2
"Tipton",US-IN-159,subnational2
"Knox",US-TX-275,subnational2
"Cherokee",US-IA-035,subnational2
"Wichita",US-KS-203,subnational2
"Montague",US-TX-337,subnational2
"Fulton",US-AR-049,subnational2
"Fallon",US-MT-025,subnational2
"Titus",US-TX-449,subnational2
"Campbell",US-SD-021,subnational2
"Eastland",US-TX-133,subnational2
"Mitchell",US-TX-335,subnational2
"Seminole",US-OK-133,subnational2
"Wayne",US-GA-305,subnational2
"Ellis",US-OK-045,subnational2
"Putnam",US-MO-171,subnational2
"Noble",US-OK-103,subnational2
"Franklin",US-IL-055,subnational2
"Hancock",US-GA-141,subnational2
"Pepin",US-WI-091,subnational2
"Taylor",US-IA-173,subnational2
"Perry",US-AL-105,subnational2
"Mingo",US-WV-059,subnational2
"Golden Valley",US-MT-037,subnational2
"Winston",US-MS-159,subnational2
"Alcorn",US-MS-003,subnational2
"Spencer",US-IN-147,subnational2
"Pottawatomie",US-OK-125,subnational2
"Hanson",US-SD-061,subnational2
"Gallatin",US-IL-059,subnational2
"Loving",US-TX-301,subnational2
"Randolph",US-GA-243,subnational2
"Robeson",US-NC-155,subnational2
"Beadle",US-SD-005,subnational2
"Edmonson",US-KY-061,subnational2
"Moniteau",US-MO-135,subnational2
"Marion",US-SC-067,subnational2
"Stanton",US-NE-167,subnational2
"Wayne",US-MS-153,subnational2
"Corson",US-SD-031,subnational2
"Halifax",US-NC-083,subnational2
"Poquoson",US-VA-735,subnational2
"Roberts",US-TX-393,subnational2
"Pulaski",US-GA-235,subnational2
"Ben Hill",US-GA-017,subnational2
"Trimble",US-KY-223,subnational2
"Edmunds",US-SD-045,subnational2
"Perquimans",US-NC-143,subnational2
"Lee",US-AR-077,subnational2
"Wallace",US-KS-199,subnational2
"Wolfe",US-KY-237,subnational2
"Peach",US-GA-225,subnational2
"Attala",US-MS-007,subnational2
"Jefferson",US-MS-063,subnational2
"Ritchie",US-WV-085,subnational2
"Shelby",US-TX-419,subnational2
"Richland",US-LA-083,subnational2
"Noxubee",US-MS-103,subnational2
"Ochiltree",US-TX-357,subnational2
"Bleckley",US-GA-023,subnational2
"Okfuskee",US-OK-107,subnational2
"Owsley",US-KY-189,subnational2
"Berrien",US-GA-019,subnational2
"Walker",US-AL-127,subnational2
"Page",US-IA-145,subnational2
"Taylor",US-WV-091,subnational2
"Pontotoc",US-OK-123,subnational2
"Mitchell",US-GA-205,subnational2
"Haskell",US-KS-081,subnational2
"Leslie",US-KY-131,subnational2
"Bamberg",US-SC-009,subnational2
"Minnesota",US-MN,subnational1
"Treutlen",US-GA-283,subnational2
"Worth",US-MO-227,subnational2
"Edgefield",US-SC-037,subnational2
"Tippah",US-MS-139,subnational2
"Newton",US-MS-101,subnational2
"Macon",US-AL-087,subnational2
"Atkinson",US-GA-003,subnational2
"Wheeler",US-TX-483,subnational2
"Mellette",US-SD-095,subnational2
"Montgomery",US-MS-097,subnational2
"Midway Islands",UM-71,subnational1
"Palmyra Atoll",UM-95,subnational1
"Wake Island",UM-79,subnational1
"Tacuarembó",UY-TA,subnational1
"Flores",UY-FS,subnational1
"Maldonado",UY-MA,subnational1
"Florida",UY-FD,subnational1
"Canelones",UY-CA,subnational1
"Rocha",UY-RO,subnational1
"Artigas",UY-AR,subnational1
"Rivera",UY-RV,subnational1
"Río Negro",UY-RN,subnational1
"Lavalleja",UY-LA,subnational1
"Salto",UY-SA,subnational1
"Paysandú",UY-PA,subnational1
"Treinta y Tres",UY-TT,subnational1
"Cerro Largo",UY-CL,subnational1
"Montevideo",UY-MO,subnational1
"Colonia",UY-CO,subnational1
"Durazno",UY-DU,subnational1
"San José",UY-SJ,subnational1
"Soriano",UY-SO,subnational1
"Samarqand",UZ-SA,subnational1
"Qoraqalpog‘iston Respublikasi",UZ-QR,subnational1
"Buxoro",UZ-BU,subnational1
"Jizzax",UZ-JI,subnational1
"Toshkent City",UZ-TK,subnational1
"Toshkent",UZ-TO,subnational1
"Navoiy",UZ-NW,subnational1
"Qashqadaryo",UZ-QA,subnational1
"Sirdaryo",UZ-SI,subnational1
"Namangan",UZ-NG,subnational1
"Xorazm",UZ-XO,subnational1
"Taféa",VU-TAE,subnational1
"Sanma",VU-SAM,subnational1
"Shéfa",VU-SEE,subnational1
"Malampa",VU-MAP,subnational1
"Vatican City (Holy See), Vatican City (Holy See)",VA-,subnational1
"Delta Amacuro",VE-Y,subnational1
"Táchira",VE-S,subnational1
"Vargas",VE-X,subnational1
"Bolívar",VE-F,subnational1
"Zulia",VE-V,subnational1
"Portuguesa",VE-P,subnational1
"Falcón",VE-I,subnational1
"Barinas",VE-E,subnational1
"Miranda",VE-M,subnational1
"Lara",VE-K,subnational1
"Nueva Esparta",VE-O,subnational1
"Dependencias Federales",VE-W,subnational1
"Mérida",VE-L,subnational1
"Aragua",VE-D,subnational1
"Monagas",VE-N,subnational1
"Amazonas",VE-Z,subnational1
"Yaracuy",VE-U,subnational1
"Anzoátegui",VE-B,subnational1
"Trujillo",VE-T,subnational1
"Carabobo",VE-G,subnational1
"Guárico",VE-J,subnational1
"Apure",VE-C,subnational1
"Cojedes",VE-H,subnational1
"Sucre",VE-R,subnational1
"Distrito Capital",VE-A,subnational1
"Da Nang, thanh pho",VN-60,subnational1
"Ha Noi, thanh pho",VN-64,subnational1
"Thanh Hoa",VN-21,subnational1
"Ninh Binh",VN-18,subnational1
"Thua Thien-Hue",VN-26,subnational1
"Gia Lai",VN-30,subnational1
"Quang Ngai",VN-29,subnational1
"Sai Gon",VN-65,subnational1
"Binh Dinh",VN-31,subnational1
"Lam Dong",VN-35,subnational1
"Quang Nam",VN-27,subnational1
"Can Tho, thanh pho",VN-48,subnational1
"Bac Kan",VN-53,subnational1
"Khanh Hoa",VN-34,subnational1
"Tra Vinh",VN-51,subnational1
"Tien Giang",VN-46,subnational1
"Quang Tri",VN-25,subnational1
"Bac Lieu",VN-55,subnational1
"Binh Thuan",VN-40,subnational1
"Ben Tre",VN-50,subnational1
"Ba Ria-Vung Tau",VN-43,subnational1
"Binh Duong",VN-57,subnational1
"Kien Giang",VN-47,subnational1
"Binh Phuoc",VN-58,subnational1
"Nghe An",VN-22,subnational1
"Ninh Thuan",VN-36,subnational1
"Hai Phong, thanh pho",VN-62,subnational1
"Dong Nai",VN-39,subnational1
"Ha Giang",VN-03,subnational1
"Hai Duong",VN-61,subnational1
"Dak Lak",VN-33,subnational1
"An Giang",VN-44,subnational1
"Kon Tum",VN-28,subnational1
"Thai Binh",VN-20,subnational1
"Dong Thap",VN-45,subnational1
"Dak Nong",VN-72,subnational1
"Quang Ninh",VN-13,subnational1
"Quang Binh",VN-24,subnational1
"Long An",VN-41,subnational1
"Ha Tinh",VN-23,subnational1
"Phu Yen",VN-32,subnational1
"Lao Cai",VN-02,subnational1
"Lai Chau",VN-01,subnational1
"Vinh Phuc",VN-70,subnational1
"Hung Yen",VN-66,subnational1
"Vinh Long",VN-49,subnational1
"Yen Bai",VN-06,subnational1
"Hoa Binh",VN-14,subnational1
"Hau Giang",VN-73,subnational1
"Ca Mau",VN-59,subnational1
"Ha Nam",VN-63,subnational1
"Soc Trang",VN-52,subnational1
"Lang Son",VN-09,subnational1
"Cao Bang",VN-04,subnational1
"Tay Ninh",VN-37,subnational1
"Thai Nguyen",VN-69,subnational1
"Nam Dinh",VN-67,subnational1
"Dien Bien",VN-71,subnational1
"Virgin Islands (British), Virgin Islands (British)",VG-,subnational1
"Saint Thomas",VI-ST,subnational1
"Saint Croix",VI-SC,subnational1
"Saint John",VI-SJ,subnational1
"Western Sahara, Western Sahara",EH-,subnational1
"Al Mahwit",YE-MW,subnational1
"Al Hudaydah",YE-HU,subnational1
"'Adan",YE-AD,subnational1
"Ta'izz",YE-TA,subnational1
"Hadramawt",YE-HD,subnational1
"San'a'",YE-SN,subnational1
"Al Mahrah",YE-MR,subnational1
"Ibb",YE-IB,subnational1
"Northern",ZM-05,subnational1
"Western",ZM-01,subnational1
"Central",ZM-02,subnational1
"Lusaka",ZM-09,subnational1
"Southern",ZM-07,subnational1
"North-Western",ZM-06,subnational1
"Copperbelt",ZM-08,subnational1
"Eastern",ZM-03,subnational1
"Luapula",ZM-04,subnational1
"Matabeleland North",ZW-MN,subnational1
"Manicaland",ZW-MA,subnational1
"Midlands",ZW-MI,subnational1
"Matabeleland South",ZW-MS,subnational1
"Harare",ZW-HA,subnational1
"Bulawayo",ZW-BU,subnational1
"Mashonaland West",ZW-MW,subnational1
"Masvingo",ZW-MV,subnational1
"Mashonaland Central",ZW-MC,subnational1
"Mashonaland East",ZW-ME,subnational1